base_cluster,other_cluster,options,outlier_id,predicted_id,raw_response
"[17, 21]","[7, 3]","['62454', '9795', '69704', '62549', '64781']",64781,1. **Different floorplan:** B,"1. **Different floorplan:** B
2. **Why:** Floorplan B has a unique arrangement where the master room (#FFA500) is positioned in a way that it does not align with the typical central placement seen in the other floorplans. Additionally, the kitchen (#F08080) is located at the far end of the floorplan, which is less common compared to the other floorplans where the kitchen is usually closer to the entrance. This distinct placement makes floorplan B stand out from the others."
"[7, 1]","[17, 21]","['40487', '3536', '53652', '12421', '10825']",40487,1. **Different floorplan:** E,"1. **Different floorplan:** E
2. **Why:** Floorplan E has a unique arrangement where the living room and dining area are directly adjacent without any intervening space, which is not observed in the other floorplans. In contrast, the other floorplans have a more traditional layout with hallways or additional spaces separating the living and dining areas."
"[17, 18]","[7, 22]","['23132', '21408', '6955', '66935', '21543']",23132,1. **Different floorplan:** E,"1. **Different floorplan:** E
2. **Why:** Floorplan E has an additional section extending from the main body of the apartment, which is not present in the other floorplans. This extra section disrupts the uniformity of the spatial layout compared to A, B, C, and D, where all sections appear to be part of a continuous and symmetrical design."
"[17, 18]","[7, 1]","['70105', '21408', '66316', '12376', '21543']",12376,1. **Different floorplan:** A,"1. **Different floorplan:** A
2. **Why:** Floorplan A has a unique layout compared to the others. It features a central hallway with a T-junction, which is not present in the other floorplans. The other floorplans have more symmetrical and repetitive patterns, with either a single entrance leading directly into a larger space or a more linear progression of rooms. Floorplan A's central hallway and T-junction make it stand out as having a different underlying pattern."
"[17, 18]","[7, 20]","['2425', '66316', '21408', '46660', '21543']",2425,1. **Different floorplan:** E,"1. **Different floorplan:** E
2. **Why:** Floorplan E has a unique arrangement where the master room (#FFA500) is positioned in a way that it does not align with the typical central placement seen in the other floorplans. In contrast, the other floorplans have the master room centrally located, which is a common pattern in residential designs. Additionally, the distribution of other rooms like the common room (#FFD700), living room (#EEE8AA), balcony (#6B8E23), bathroom (#ADD8E6), kitchen (#F08080), and storage (#DDA0DD) follows a more uniform pattern across A, B, C, and D, making E stand out due to its deviation from this pattern."
"[7, 1]","[17, 21]","['3536', '16951', '62549', '10825', '12421']",62549,1. **Different floorplan:** D,"1. **Different floorplan:** D
2. **Why:** Floorplan D has a unique arrangement where the master room (#FFA500) is positioned in a way that it does not align with the typical central placement seen in the other floorplans. Additionally, the kitchen (#F08080) is unusually large and occupies a significant portion of the floorplan, which deviates from the more compact and balanced layouts observed in A, B, C, and E."
"[7, 1]","[17, 21]","['62454', '53652', '12421', '17550', '8109']",62454,1. **Different floorplan:** B,"1. **Different floorplan:** B
2. **Why:** Floorplan B has a unique arrangement where the master room (#FFA500) is positioned in a way that it does not align with the typical central placement seen in the other floorplans. Additionally, the kitchen (#F08080) and dining area (#DA70D6) are placed in a manner that differs from the standard layout observed in A, C, D, and E. The presence of a balcony (#6B8E23) in an unusual location also contributes to the distinctiveness of floorplan B."
"[17, 18]","[7, 3]","['52457', '66316', '31693', '6955', '46660']",52457,1. **Different floorplan:** E,"1. **Different floorplan:** E
2. **Why:** Floorplan E has a unique arrangement where the master room (#FFA500) is positioned in a way that it does not align with the typical central placement seen in the other floorplans. In contrast, the other floorplans have the master room centrally located, which suggests a more symmetrical and standard layout. Floorplan E's master room is placed off-center, making it stand out from the others."
"[17, 18]","[7, 3]","['70105', '31693', '52457', '51240', '21543']",52457,1. **Different floorplan:** C,"1. **Different floorplan:** C
2. **Why:** Floorplan C has a distinct layout compared to the others. It features a single large rectangular room with a smaller room attached to one side, which is not present in the other floorplans. The other floorplans have more complex layouts with multiple rooms and corridors, making them more interconnected. Floorplan C's simplicity and lack of additional connected spaces suggest it has a different underlying pattern."
"[7, 1]","[17, 21]","['53652', '3536', '12376', '8109', '62549']",62549,1. **Different floorplan:** B,"1. **Different floorplan:** B
2. **Why:** Floorplan B has a unique arrangement where the living room and common room are directly adjacent without any intervening space, which is not observed in the other floorplans. In contrast, floorplans A, C, D, and E all have a more typical layout with additional spaces between the living room and common room, such as a balcony or storage area."
"[17, 21]","[7, 1]","['78147', '62549', '69704', '12376', '62454']",12376,1. **Different floorplan:** C,"1. **Different floorplan:** C
2. **Why:** Floorplan C has a unique arrangement where the master room (#FFA500) is positioned in the center, surrounded by a common room (#FFD700), a living room (#EEE8AA), and a balcony (#6B8E23). This central placement of the master room is distinct from the other floorplans, which typically have the master room either at one end or centrally located but not surrounded by other rooms in this specific manner."
"[17, 18]","[7, 20]","['66316', '31693', '51240', '2425', '66935']",2425,1. **Different floorplan:** C,"1. **Different floorplan:** C
2. **Why:** Floorplan C has a unique arrangement where the master room (#FFA500) is positioned in a way that it does not align with the typical central placement seen in the other floorplans. In contrast, the other floorplans have the master room centrally located, which suggests a more symmetrical and standard layout. Additionally, the positioning of the common room (#FFD700) and the living room (#EEE8AA) in relation to the entrance and the rest of the rooms also differs from the others, indicating a distinct pattern."
"[17, 21]","[7, 20]","['55305', '62454', '69704', '9795', '78147']",55305,1. **Different floorplan:** E,"1. **Different floorplan:** E
2. **Why:** Floorplan E has a unique arrangement where the living room is positioned at the top right corner, which is not seen in the other floorplans. All other floorplans have the living room either in the center or towards the bottom left, making E stand out with its distinct placement."
"[17, 18]","[7, 3]","['31693', '21408', '66316', '66935', '75828']",75828,1. **Different floorplan:** E,"1. **Different floorplan:** E
2. **Why:** Floorplan E has a unique arrangement where the master room (#FFA500) is positioned in a way that it does not align with the typical central placement seen in the other floorplans. In contrast, the other floorplans have the master room centrally located, which is a common pattern in apartment designs. Additionally, the overall layout of E appears more compact and less symmetrical compared to the others, suggesting a different underlying pattern."
"[17, 21]","[7, 22]","['69704', '31113', '62549', '40487', '78147']",31113,1. **Different floorplan:** B,"1. **Different floorplan:** B
2. **Why:** Floorplan B has a unique arrangement where the master room (#FFA500) is positioned in the center, surrounded by other rooms, which is not typical in the other floorplans. The other floorplans have the master room either at one end or in a corner, with the rest of the rooms distributed around it in a more symmetrical manner."
"[7, 1]","[17, 18]","['70105', '8109', '12376', '12421', '3536']",70105,1. **Different floorplan:** E,"1. **Different floorplan:** E
2. **Why:** Floorplan E has a unique layout compared to the others. It features a large open space that spans across the entire width of the floorplan, which is not present in the other floorplans. This open space is likely designed as a living area or a combined living-dining space, but it lacks the distinct rooms like bathrooms, kitchens, and storage areas that are typically found in the other floorplans. The other floorplans have more defined sections with clear boundaries between different room types, making them easier to identify and compare."
"[17, 21]","[7, 1]","['8109', '40487', '69704', '62549', '62454']",8109,1. **Different floorplan:** C,"1. **Different floorplan:** C
2. **Why:** Floorplan C has a unique arrangement where the master room (#FFA500) is positioned in a way that it does not align with the typical central placement seen in the other floorplans. In contrast, the other floorplans have the master room centrally located, which suggests a more symmetrical and standard layout. Additionally, the positioning of the common room (#FFD700) and the living room (#EEE8AA) in relation to the entrance and the rest of the rooms also differs from the others, indicating a distinct pattern."
"[17, 18]","[7, 3]","['66316', '66935', '6955', '75828', '51240']",75828,1. **Different floorplan:** D,"1. **Different floorplan:** D
2. **Why:** Floorplan D has a unique arrangement where the living room and common room are directly adjacent without any intervening space, unlike the other floorplans which have a clear separation between these two rooms. This direct adjacency in D is not present in A, B, C, or E, making it the one with a different underlying pattern."
"[17, 18]","[7, 22]","['66935', '46660', '70105', '23132', '21543']",23132,1. **Different floorplan:** C,"1. **Different floorplan:** C
2. **Why:** Floorplan C has a distinct layout compared to the others. It features a central hallway with rooms branching off in a more linear fashion, whereas the other floorplans have a more complex and interconnected layout with multiple entrances and exits. This difference in the overall flow and connectivity of spaces makes it stand out from the rest."
"[17, 18]","[7, 3]","['70105', '6955', '66316', '21408', '61767']",61767,1. **Different floorplan:** E,"1. **Different floorplan:** E
2. **Why:** Floorplan E has a unique arrangement where the living room and dining area are directly adjacent without any intervening space, which is not present in the other floorplans. In contrast, floorplans A, B, C, and D all have a common pattern where the living room and dining area are separated by a hallway or another room. This distinct layout makes floorplan E stand out from the others."
"[17, 18]","[7, 1]","['6955', '66935', '3536', '31693', '70105']",3536,1. **Different floorplan:** E,"1. **Different floorplan:** E
2. **Why:** Floorplan E has a unique arrangement where the master room (#FFA500) is positioned in a way that it does not align with the typical central placement seen in the other floorplans. In contrast, the other floorplans have the master room centrally located, which is a common pattern in residential designs. Additionally, the layout of the common rooms and living areas in E differs significantly from the others, suggesting a different underlying pattern."
"[17, 21]","[7, 1]","['9795', '69704', '62549', '40487', '17550']",17550,1. **Different floorplan:** E,"1. **Different floorplan:** E
2. **Why:** Floorplan E has a unique arrangement where the master room (#FFA500) is positioned in the upper right corner, which is not typical in the other floorplans. In contrast, the other floorplans have the master room in more central or lower positions. Additionally, the layout of the common rooms and living rooms in floorplan E is distinct from the others, with the common room (#FFD700) being larger and more centrally located compared to the smaller and more peripheral placement in the other floorplans."
"[17, 18]","[7, 1]","['51240', '70105', '31693', '17550', '46660']",17550,1. **Different floorplan:** C,"1. **Different floorplan:** C
2. **Why:** Floorplan C has a distinct arrangement of rooms compared to the others. It features a central rectangular area with two smaller rectangular sections extending from it, which is not present in the other floorplans. The other floorplans have more symmetrical and interconnected layouts, with rooms arranged around a central core or along a linear path. Floorplan C's layout is more fragmented and less cohesive in terms of room adjacency and flow, making it stand out as having a different underlying pattern."
"[7, 1]","[17, 18]","['3536', '46660', '12376', '10825', '17550']",46660,1. **Different floorplan:** B,"1. **Different floorplan:** B
2. **Why:** Floorplan B has a unique arrangement where the master room (#FFA500) is positioned in the center, surrounded by other rooms, which is not typical in the other floorplans. In contrast, the other floorplans have the master room either at one end or in a corner, with the rest of the rooms distributed around it in a more symmetrical manner. This central placement of the master room in B stands out as the distinguishing feature."
"[17, 18]","[7, 1]","['12376', '6955', '21543', '21408', '46660']",12376,1. **Different floorplan:** B,"1. **Different floorplan:** B
2. **Why:** Floorplan B has a unique arrangement where the master room (#FFA500) is positioned in the center, surrounded by common rooms (#FFD700), living rooms (#EEE8AA), and balconies (#6B8E23). This central placement of the master room is not seen in the other floorplans, which typically have the master room either at one end or centrally located but not surrounded by other rooms in this specific manner."
"[7, 20]","[17, 21]","['54372', '2425', '2277', '55305', '9795']",9795,1. **Different floorplan:** E,"1. **Different floorplan:** E
2. **Why:** Floorplan E has a unique arrangement where the master room (#FFA500) is positioned in a way that it does not align with the typical central placement seen in the other floorplans. In contrast, the other floorplans have the master room centrally located, which is a common pattern in apartment designs. Additionally, the layout of the common rooms and living areas in floorplan E differs from the more uniform distribution in the other floorplans."
"[7, 3]","[17, 21]","['64781', '78147', '75828', '61767', '52457']",78147,1. **Different floorplan:** E,"1. **Different floorplan:** E
2. **Why:** Floorplan E has a distinct layout compared to the others. It features a long, narrow design with a single large common room at one end and smaller rooms aligned along the sides, which is different from the more compact and varied layouts of the other floorplans. The other floorplans have a more balanced distribution of room sizes and types, with multiple entrances and varying room configurations."
"[7, 1]","[17, 5]","['17550', '53652', '12421', '33045', '16951']",33045,1. **Different floorplan:** D,"1. **Different floorplan:** D
2. **Why:** Floorplan D has a unique arrangement where the master room (#FFA500) is positioned in the center, surrounded by a large common room (#FFD700). This central placement of the master room with a large surrounding common area is distinct from the other floorplans, which typically have the master room either at one end or centrally but not surrounded by such a large common space. Additionally, the layout of the other rooms around the master room in D appears more symmetrical compared to the others, suggesting a different underlying pattern."
"[17, 18]","[7, 22]","['21408', '23132', '66935', '46660', '6955']",23132,1. **Different floorplan:** B,"1. **Different floorplan:** B
2. **Why:** Floorplan B has a unique arrangement where the master room (#FFA500) is positioned in a way that it does not align with the typical central placement seen in the other floorplans. In contrast, the other floorplans (A, C, D, and E) have the master room centrally located, which suggests a more symmetrical and standard layout. Floorplan B's master room is placed off-center, making it stand out from the others."
"[17, 18]","[7, 3]","['51240', '21408', '31693', '46660', '64781']",64781,1. **Different floorplan:** E,"1. **Different floorplan:** E
2. **Why:** Floorplan E has a unique arrangement where the living room and dining area are directly adjacent without any intervening space, which is not observed in the other floorplans. In contrast, floorplans A, B, C, and D all have a common pattern where the living room and dining area are separated by a hallway or another room type, such as a kitchen or storage. This distinct layout makes floorplan E stand out from the others."
"[17, 18]","[7, 20]","['2425', '21543', '21408', '70105', '51240']",2425,1. **Different floorplan:** D,"1. **Different floorplan:** D
2. **Why:** Floorplan D has a unique arrangement where the kitchen is located in the center, surrounded by other rooms, which differs from the other floorplans where the kitchen is typically placed along one side or corner. Additionally, the layout of the other rooms around the kitchen in D appears more compact compared to the more spread-out arrangements in A, B, C, and E."
"[7, 1]","[17, 21]","['12376', '10825', '3536', '78147', '16951']",78147,1. **Different floorplan:** C,"1. **Different floorplan:** C
2. **Why:** Floorplan C has a unique arrangement where the master room (#FFA500) is positioned in the center, surrounded by a common room (#FFD700), a living room (#EEE8AA), and a balcony (#6B8E23). This central placement of the master room is distinct from the other floorplans, which typically have the master room either at one end or centrally located but not surrounded by other rooms in this specific manner. Additionally, the spatial distribution of the other rooms around the master room in C is more compact compared to the other floorplans, suggesting a different underlying pattern."
"[7, 22]","[17, 21]","['31113', '23132', '78147', '79411', '40679']",78147,1. **Different floorplan:** D,"1. **Different floorplan:** D
2. **Why:** Floorplan D has a unique arrangement where the kitchen and dining areas are positioned in a way that they do not align with the typical layout seen in the other floorplans. In contrast, the other floorplans (A, B, C, and E) have kitchens and dining areas that are more consistently placed adjacent to each other and follow a similar spatial flow, which suggests a more uniform design. Floorplan D deviates from this pattern by having the kitchen and dining areas separated and not directly connected, making it stand out as having a different underlying pattern."
"[7, 1]","[17, 18]","['17550', '16951', '8109', '51240', '12376']",51240,1. **Different floorplan:** D,"1. **Different floorplan:** D
2. **Why:** Floorplan D has a unique arrangement where the master room (#FFA500) is positioned in a way that it does not align with the typical central placement seen in the other floorplans. In contrast, the other floorplans have the master room centrally located, which suggests a more symmetrical and standard layout. Additionally, the positioning of the common room (#FFD700) and the living room (#EEE8AA) in relation to the entrance and the rest of the rooms also differs from the others, indicating a distinct pattern."
"[7, 1]","[17, 21]","['10825', '8109', '53652', '62549', '12376']",62549,1. **Different floorplan:** D,"1. **Different floorplan:** D
2. **Why:** Floorplan D has a unique arrangement where the master room (#FFA500) is positioned in a way that it does not align with the typical central placement seen in the other floorplans. In contrast, the other floorplans have the master room centrally located, which suggests a more symmetrical and standard layout. Additionally, the positioning of the common room (#FFD700) and the living room (#EEE8AA) in relation to the entrance and the rest of the rooms also differs from the others, indicating a distinct pattern."
"[7, 1]","[17, 21]","['62549', '8109', '12421', '12376', '16951']",62549,1. **Different floorplan:** E,"1. **Different floorplan:** E
2. **Why:** Floorplan E has a unique arrangement where the master room (#FFA500) is positioned in a way that it does not align with the typical central placement seen in the other floorplans. In contrast, the other floorplans have the master room centrally located, which suggests a more symmetrical and standard layout. Additionally, the distribution of other rooms like the common room (#FFD700), living room (#EEE8AA), and kitchen (#F08080) also follows a consistent pattern across A, B, C, and D, but not in E."
"[17, 18]","[7, 20]","['54372', '66935', '51240', '6955', '21543']",54372,1. **Different floorplan:** E,"1. **Different floorplan:** E
2. **Why:** Floorplan E has a unique arrangement where the master room (#FFA500) is positioned in the upper right corner, which is not typical in the other floorplans. In contrast, the other floorplans have the master room in the lower left or central position, maintaining a more consistent layout. Additionally, the distribution of other rooms like the common room, living room, and kitchen also differs significantly from the others, making it stand out as having a different underlying pattern."
"[7, 1]","[17, 18]","['66316', '12376', '17550', '3536', '16951']",66316,1. **Different floorplan:** E,"1. **Different floorplan:** E
2. **Why:** Floorplan E has a unique arrangement where the master room (#FFA500) is positioned in a way that it does not align with the typical central placement seen in the other floorplans. In contrast, the other floorplans have the master room centrally located, which is a common pattern in apartment designs. Additionally, the layout of the common rooms and living areas in E differs significantly from the others, suggesting a different underlying pattern."
"[17, 18]","[7, 1]","['46660', '21543', '21408', '53652', '6955']",53652,1. **Different floorplan:** D,"1. **Different floorplan:** D
2. **Why:** Floorplan D has a unique arrangement where the living room and common room are directly adjacent without any intervening space, unlike the other floorplans which have a clear separation between these two rooms. This direct adjacency in D suggests a different underlying pattern compared to the others."
"[7, 1]","[17, 5]","['10825', '8109', '17550', '12421', '33045']",33045,1. **Different floorplan:** E,"1. **Different floorplan:** E
2. **Why:** Floorplan E has a unique arrangement where the master room (#FFA500) is positioned at the top right corner, which is not typical in the other floorplans. In contrast, the other floorplans have the master room either centrally located or towards the bottom left, maintaining a more consistent pattern. Additionally, the layout of the common rooms and living areas in E differs significantly from the others, making it stand out as having a different underlying pattern."
"[17, 18]","[7, 20]","['55305', '51240', '21543', '21408', '31693']",55305,1. **Different floorplan:** E,"1. **Different floorplan:** E
2. **Why:** Floorplan E has a distinct arrangement of rooms compared to the others. It features a single large common room with a smaller adjacent room, which is not typical in the other floorplans where the common room is often larger and more centrally located. Additionally, the layout of the other rooms around this central area is unique to E, making it stand out from the rest."
"[17, 18]","[7, 20]","['66935', '2277', '70105', '31693', '51240']",2277,1. **Different floorplan:** C,"1. **Different floorplan:** C
2. **Why:** Floorplan C has a distinct layout compared to the others. It features a central hallway with rooms branching off in a more linear fashion, whereas the other floorplans have a more complex and interconnected layout with multiple pathways and rooms. This difference in the overall flow and arrangement of spaces makes it stand out as having a different underlying pattern."
"[17, 18]","[7, 1]","['21408', '66316', '8109', '31693', '66935']",8109,1. **Different floorplan:** C,"1. **Different floorplan:** C
2. **Why:** Floorplan C has a distinct arrangement of rooms compared to the others. In particular, it lacks the symmetrical distribution of rooms around a central axis that is present in the other floorplans. The living room and master room are not aligned in a way that matches the other floorplans, which have a more consistent and symmetrical layout. Additionally, the placement of the balcony and storage areas differs significantly from the others, making C stand out as having a different underlying pattern."
"[17, 18]","[7, 20]","['46660', '2277', '66316', '31693', '6955']",2277,1. **Different floorplan:** B,"1. **Different floorplan:** B
2. **Why:** Floorplan B has a unique arrangement where the master room (#FFA500) is positioned in a way that it does not align with the typical central placement seen in the other floorplans. In contrast, the other floorplans (A, C, D, and E) have the master room centrally located, which suggests a more symmetrical and standard layout. Floorplan B's deviation from this central positioning makes it stand out as having a different underlying pattern."
"[17, 18]","[7, 22]","['31693', '51240', '31113', '66935', '46660']",31113,1. **Different floorplan:** C,"1. **Different floorplan:** C
2. **Why:** Floorplan C has a unique arrangement where the master room (#FFA500) is positioned in the center, surrounded by a common room (#FFD700), a living room (#EEE8AA), and a balcony (#6B8E23). This central placement of the master room is distinct from the other floorplans, which typically have the master room either at one end or centrally located but not surrounded by other rooms in this specific manner."
"[17, 18]","[7, 22]","['21543', '23132', '66316', '21408', '6955']",23132,1. **Different floorplan:** B,"1. **Different floorplan:** B
2. **Why:** Floorplan B has a unique arrangement where the master room (#FFA500) is positioned in a way that it does not align with the typical central placement seen in the other floorplans. In contrast, the other floorplans (A, C, D, and E) have the master room centrally located, which suggests a more symmetrical and standard layout. Floorplan B's deviation from this central positioning makes it stand out as having a different underlying pattern."
"[17, 18]","[7, 1]","['21543', '66935', '12376', '51240', '6955']",12376,1. **Different floorplan:** C,"1. **Different floorplan:** C
2. **Why:** Floorplan C is the only one that does not have a continuous hallway running from the main entrance to the opposite side of the apartment. In contrast, floorplans A, B, D, and E all feature a continuous hallway that extends from the main entrance to the far end of the apartment, which is a consistent pattern in the other four floorplans."
"[7, 20]","[17, 18]","['55305', '54372', '21543', '2425', '2277']",21543,1. **Different floorplan:** D,"1. **Different floorplan:** D
2. **Why:** Floorplan D has a unique arrangement where the main entrance leads directly into a large common room, which is not the case in the other floorplans. In contrast, floorplans A, B, C, and E all have the main entrance leading into a smaller room that appears to be a storage or utility area before opening up to larger spaces like the living room and common room. This distinct pattern makes floorplan D stand out from the others."
"[17, 18]","[7, 22]","['21543', '51240', '23132', '21408', '70105']",23132,1. **Different floorplan:** E,"1. **Different floorplan:** E
2. **Why:** Floorplan E has a unique arrangement where the living room and dining area are adjacent but not directly connected by a common wall, unlike the other floorplans which have a more consistent layout with rooms typically sharing walls in a way that allows for direct access between them. This suggests a different underlying pattern compared to the others."
"[17, 21]","[7, 3]","['78147', '75828', '40487', '62454', '69704']",75828,1. **Different floorplan:** B,"1. **Different floorplan:** B
2. **Why:** Floorplan B has a unique arrangement where the master room (#FFA500) is positioned in the center, surrounded by a common room (#FFD700), a living room (#EEE8AA), and a balcony (#6B8E23). This central placement of the master room is not seen in the other floorplans, which typically have the master room either at one end or centrally but not surrounded by other rooms in this specific configuration."
"[17, 21]","[7, 3]","['52457', '62549', '9795', '62454', '69704']",52457,1. **Different floorplan:** B,"1. **Different floorplan:** B
2. **Why:** Floorplan B has a unique arrangement where the master room (#FFA500) is positioned in a way that it does not align with the typical central placement seen in the other floorplans. In contrast, the other floorplans have the master room centrally located, which suggests a more symmetrical and standard layout. Additionally, the positioning of the common room (#FFD700) and the living room (#EEE8AA) in relation to the entrance and the rest of the rooms also differs from the others, indicating a distinct pattern."
"[17, 18]","[7, 20]","['66316', '2425', '21543', '21408', '66935']",2425,1. **Different floorplan:** B,"1. **Different floorplan:** B
2. **Why:** Floorplan B has a unique arrangement where the master room (#FFA500) is positioned in a way that it does not align with the typical central placement seen in the other floorplans. Additionally, the living room (#EEE8AA) and common room (#FFD700) are placed in a manner that differs from the symmetrical and consistent patterns observed in A, C, D, and E. The presence of the balcony (#6B8E23) and the positioning of the kitchen (#F08080) also contribute to the distinctiveness of floorplan B."
"[17, 18]","[7, 22]","['23132', '70105', '66316', '31693', '21543']",23132,1. **Different floorplan:** E,"1. **Different floorplan:** E
2. **Why:** Floorplan E has a unique arrangement where the living room and dining area are directly connected without any intervening space, which is not present in the other floorplans. In contrast, floorplans A, B, C, and D all have a common pattern where the living room and dining area are separated by a hallway or another room. This distinct layout makes floorplan E stand out from the others."
"[17, 18]","[7, 3]","['51240', '66316', '64781', '31693', '21543']",64781,1. **Different floorplan:** C,"1. **Different floorplan:** C
2. **Why:** Floorplan C has a distinct arrangement of rooms compared to the others. It features a single large room with a smaller room attached at one end, which is not present in the other floorplans. The other floorplans have more symmetrical and interconnected layouts, with multiple rooms of varying sizes and shapes. Floorplan C's unique configuration sets it apart from the rest."
"[17, 21]","[7, 3]","['9795', '78147', '40487', '69704', '61767']",61767,1. **Different floorplan:** E,"1. **Different floorplan:** E
2. **Why:** Floorplan E has a unique arrangement where the master room (#FFA500) is positioned in a way that it does not align with the typical central placement seen in the other floorplans. In contrast, the other floorplans have the master room centrally located, which suggests a more symmetrical and standard layout. Additionally, the positioning of the common room (#FFD700) and the living room (#EEE8AA) in relation to the entrance and the rest of the rooms also differs from the others, indicating a distinct pattern."
"[7, 1]","[17, 5]","['72055', '10825', '12376', '16951', '3536']",72055,1. **Different floorplan:** E,"1. **Different floorplan:** E
2. **Why:** Floorplan E has a unique arrangement where the living room and dining area are directly adjacent without any intervening space, which is not observed in the other floorplans. In contrast, floorplans A, B, C, and D all have a more traditional layout with a corridor separating the living room from the dining area."
"[17, 18]","[7, 3]","['31693', '66316', '51240', '6955', '52457']",52457,1. **Different floorplan:** E,"1. **Different floorplan:** E
2. **Why:** Floorplan E has a completely different layout compared to the others. It features a long, narrow design with a single large room stretching across the entire width of the floorplan, which is not present in the other four floorplans. The other floorplans have more complex layouts with multiple rooms and distinct sections, such as a combination of common areas, bedrooms, and utility spaces. Floorplan E's unique elongated shape sets it apart from the rest."
"[17, 18]","[7, 3]","['64781', '66935', '31693', '70105', '66316']",64781,1. **Different floorplan:** D,"1. **Different floorplan:** D
2. **Why:** Floorplan D has a unique arrangement where the master room (#FFA500) is positioned in a way that it does not align with the typical central placement seen in the other floorplans. In contrast, the other floorplans have the master room centrally located, which suggests a more symmetrical and standard layout. Additionally, the distribution of other rooms like the common room (#FFD700), living room (#EEE8AA), and kitchen (#F08080) also differs from the others, indicating a distinct underlying pattern."
"[17, 18]","[7, 22]","['70105', '6955', '66316', '21408', '31113']",31113,1. **Different floorplan:** E,"1. **Different floorplan:** E
2. **Why:** Floorplan E has a distinct layout compared to the others. It features a single large room with a balcony attached to one side, which is not present in the other floorplans. The remaining floorplans (A, B, C, and D) all have more complex layouts with multiple rooms and different configurations around the main entrance. Floorplan E's simplicity and unique attachment make it stand out from the rest."
"[7, 1]","[17, 5]","['8109', '50221', '3536', '10825', '12421']",50221,1. **Different floorplan:** C,"1. **Different floorplan:** C
2. **Why:** Floorplan C has a unique arrangement where the master room (#FFA500) is positioned in the center, surrounded by a common room (#FFD700), a living room (#EEE8AA), and a balcony (#6B8E23). This central placement of the master room is distinct from the other floorplans, which typically have the master room either at one end or centrally but not surrounded by other rooms in this specific configuration."
"[17, 21]","[7, 1]","['62549', '40487', '12376', '9795', '78147']",12376,1. **Different floorplan:** D,"1. **Different floorplan:** D
2. **Why:** Floorplan D has a unique arrangement where the master room (#FFA500) is positioned in a way that it does not align with the typical central placement seen in the other floorplans. In contrast, the other floorplans have the master room centrally located, which suggests a more symmetrical and standard layout. Additionally, the positioning of the common room (#FFD700) and the living room (#EEE8AA) in relation to the entrance and the rest of the rooms also differs from the others, indicating a distinct pattern."
"[17, 18]","[7, 20]","['21543', '54372', '46660', '66316', '6955']",54372,1. **Different floorplan:** C,"1. **Different floorplan:** C
2. **Why:** Floorplan C has a distinct T-shaped layout with a central core that branches out into two arms, which is different from the other floorplans that have more symmetrical or rectangular layouts. The other floorplans (A, B, D, and E) all appear to follow a similar pattern where the main entrance leads into a central area that expands outward in a more uniform manner. Floorplan C's unique T-shape sets it apart from the others."
"[17, 21]","[7, 22]","['62454', '40487', '9795', '62549', '40679']",40679,1. **Different floorplan:** E,"1. **Different floorplan:** E
2. **Why:** Floorplan E has a unique arrangement where the living room and common room are directly adjacent without any intervening space, which is not observed in the other floorplans. In contrast, floorplans A, B, C, and D all have a more traditional layout with a corridor separating the living room from the common room."
"[7, 1]","[17, 21]","['16951', '69704', '10825', '3536', '8109']",69704,1. **Different floorplan:** C,"1. **Different floorplan:** C
2. **Why:** Floorplan C has a unique arrangement where the master room (#FFA500) is positioned in a way that it does not align with the typical central placement seen in the other floorplans. Additionally, the kitchen (#F08080) is located at an unusual position compared to the standard layout, which suggests a different underlying pattern."
"[17, 18]","[7, 3]","['21408', '6955', '70105', '31693', '52457']",52457,1. **Different floorplan:** C,"1. **Different floorplan:** C
2. **Why:** Floorplan C has a distinct layout compared to the others. It features a central hallway with rooms branching off in a more linear fashion, whereas the other floorplans have a more complex and interconnected layout with multiple pathways and rooms. This difference in the overall flow and arrangement of spaces makes it stand out as having a different underlying pattern."
"[17, 18]","[7, 1]","['66935', '31693', '70105', '51240', '12421']",12421,1. **Different floorplan:** C,"1. **Different floorplan:** C
2. **Why:** Floorplan C has a unique arrangement where the living room and common room are directly adjacent without any intervening space, unlike the other floorplans which have a more segmented layout with clear separation between the living room and common room. This direct adjacency in C suggests a different underlying pattern compared to the others."
"[7, 20]","[17, 5]","['7913', '2425', '55305', '54372', '2277']",7913,1. **Different floorplan:** E,"1. **Different floorplan:** E
2. **Why:** Floorplan E has a unique arrangement where the living room and dining area are directly connected without any intervening space, which is not present in the other floorplans. In contrast, floorplans A, B, C, and D all have a common pattern where the living room and dining area are separated by a hallway or another room. This distinct layout makes floorplan E stand out from the others."
"[7, 1]","[17, 21]","['12421', '8109', '3536', '12376', '62549']",62549,1. **Different floorplan:** E,"1. **Different floorplan:** E
2. **Why:** Floorplan E has a unique arrangement where the master room (#FFA500) is positioned in the upper right corner, which is not typical for the other floorplans. In contrast, the other floorplans have the master room (#FFA500) either centrally located or in a more standard position towards the center or lower part of the floorplan. This distinct placement makes E stand out from the others."
"[17, 18]","[7, 3]","['31693', '75828', '66316', '46660', '21543']",75828,1. **Different floorplan:** B,"1. **Different floorplan:** B
2. **Why:** Floorplan B has a unique arrangement where the master room (#FFA500) is positioned in a way that it does not align with the typical central placement seen in the other floorplans. In contrast, the other floorplans have the master room centrally located, which suggests a more symmetrical and standard layout. Additionally, the positioning of the common room (#FFD700) and the living room (#EEE8AA) in relation to the entrance and the rest of the floor plan in B differs from the consistent patterns observed in A, C, D, and E."
"[17, 21]","[7, 22]","['40487', '31113', '78147', '62454', '69704']",31113,1. **Different floorplan:** E,"1. **Different floorplan:** E
2. **Why:** Floorplan E has a unique arrangement where the living room and common room are placed side by side in a linear fashion, unlike the other floorplans which have a more complex and varied layout with different room types and their relative positions. The other floorplans (A, B, C, and D) show a more diverse distribution of room types and a more intricate spatial relationship between them, making E stand out as having a different underlying pattern."
"[7, 1]","[17, 18]","['3536', '53652', '17550', '31693', '12376']",31693,1. **Different floorplan:** B,"1. **Different floorplan:** B
2. **Why:** Floorplan B has a unique arrangement where the master room (#FFA500) is positioned in a way that it does not align with the typical central placement seen in the other floorplans. Additionally, the living room (#EEE8AA) and common room (#FFD700) are placed in a manner that differs from the symmetrical and consistent patterns observed in A, C, D, and E. The presence of the balcony (#6B8E23) and bathroom (#ADD8E6) also contributes to the distinct layout, making B stand out as having a different underlying pattern compared to the others."
"[7, 1]","[17, 5]","['7913', '8109', '16951', '53652', '12421']",7913,1. **Different floorplan:** E,"1. **Different floorplan:** E
2. **Why:** Floorplan E has a unique arrangement where the master room (#FFA500) is positioned in a way that it does not align with the typical central placement seen in the other floorplans. In contrast, the other floorplans have the master room centrally located, which suggests a more symmetrical and standard layout. Additionally, the positioning of the common room (#FFD700) and the living room (#EEE8AA) in relation to the entrance and the rest of the rooms also differs from the others, indicating a distinct pattern."
"[7, 3]","[17, 5]","['61767', '7913', '64781', '52457', '75828']",7913,1. **Different floorplan:** E,"1. **Different floorplan:** E
2. **Why:** Floorplan E has a unique arrangement where the living room and dining area are adjacent and share a common wall, which is not present in the other floorplans. In contrast, the other floorplans have the living room and dining area separated by a common wall, with the living room typically being larger and positioned further from the entrance compared to the dining area. This distinct configuration makes floorplan E stand out as having a different underlying pattern."
"[7, 1]","[17, 5]","['12421', '16951', '7913', '10825', '53652']",7913,1. **Different floorplan:** E,"1. **Different floorplan:** E
2. **Why:** Floorplan E has a unique arrangement where the master room (#FFA500) is positioned in a way that it does not align with the typical central placement seen in the other floorplans. Additionally, the kitchen (#F08080) is located at an unusual position compared to the standard layout where it would typically be adjacent to the dining area. This deviation from the expected spatial relationships suggests a different underlying pattern."
"[7, 1]","[17, 21]","['3536', '62549', '10825', '12376', '53652']",62549,1. **Different floorplan:** E,"1. **Different floorplan:** E
2. **Why:** Floorplan E has a unique arrangement where the master room (#FFA500) is positioned in a way that it does not align with the typical central placement seen in the other floorplans. In contrast, the other floorplans have the master room centrally located, which is a common pattern in residential designs. Additionally, the distribution of other rooms like the common room (#FFD700), living room (#EEE8AA), and kitchen (#F08080) also differs significantly from the others, suggesting a different underlying pattern."
"[7, 1]","[17, 21]","['12376', '53652', '3536', '78147', '17550']",78147,1. **Different floorplan:** C,"1. **Different floorplan:** C
2. **Why:** Floorplan C has a unique arrangement where the living room and common room are directly adjacent without any intervening space, unlike the other floorplans which have a clear separation between these two rooms. This direct adjacency is not present in A, B, D, or E, making it the one with a different underlying pattern."
"[17, 18]","[7, 22]","['23132', '31693', '70105', '21408', '21543']",23132,1. **Different floorplan:** C,"1. **Different floorplan:** C
2. **Why:** Floorplan C has a unique arrangement where the living room and common room are directly adjacent without any intervening space, unlike the other floorplans which have a clear separation between these two rooms. This direct adjacency is not seen in A, B, D, or E, where there is typically a hallway or another room separating the living room from the common room."
"[17, 18]","[7, 1]","['8109', '21543', '21408', '66316', '51240']",8109,1. **Different floorplan:** B,"1. **Different floorplan:** B
2. **Why:** Floorplan B has a unique arrangement where the master room (#FFA500) is positioned in a way that it does not align with the typical central placement seen in the other floorplans. Additionally, the living room (#EEE8AA) and common room (#FFD700) are placed in a manner that differs from the symmetrical and consistent patterns observed in A, C, D, and E. The presence of a large balcony (#6B8E23) at the bottom right corner also contributes to the distinctiveness of this floorplan compared to the others."
"[17, 18]","[7, 1]","['3536', '66935', '31693', '51240', '21543']",3536,1. **Different floorplan:** E,"1. **Different floorplan:** E
2. **Why:** Floorplan E has a unique arrangement where the master room (#FFA500) is positioned in a way that it does not align with the typical central placement seen in the other floorplans. In contrast, the other floorplans have the master room centrally located, which is a common pattern in residential designs. Additionally, the distribution of other rooms like the common room (#FFD700), living room (#EEE8AA), and kitchen (#F08080) also differs significantly from the others, suggesting a different underlying pattern."
"[17, 18]","[7, 22]","['66935', '70105', '31113', '51240', '21408']",31113,1. **Different floorplan:** E,"1. **Different floorplan:** E
2. **Why:** Floorplan E has a unique arrangement where the master room (#FFA500) is positioned in a way that it does not align with the typical central placement seen in the other floorplans. In contrast, the other floorplans have the master room centrally located, which is a common pattern in apartment designs. Additionally, the distribution of other rooms around the master room in E is less symmetrical compared to the others, suggesting a different underlying pattern."
"[7, 1]","[17, 18]","['53652', '51240', '17550', '16951', '3536']",51240,1. **Different floorplan:** E,"1. **Different floorplan:** E
2. **Why:** Floorplan E has a unique layout compared to the others. It features a large open space that spans across multiple rooms without any clear division into distinct sections like the other floorplans. The other floorplans have more defined areas with walls separating different spaces, making them easier to identify individual rooms such as living rooms, bedrooms, and kitchens. Floorplan E's open layout suggests it might be designed differently, possibly as a studio or a very spacious living area without traditional room divisions."
"[7, 1]","[17, 18]","['17550', '8109', '16951', '10825', '21408']",21408,1. **Different floorplan:** E,"1. **Different floorplan:** E
2. **Why:** Floorplan E has a unique arrangement where the master room (#FFA500) is positioned in the upper right corner, which is not typical in the other floorplans. In contrast, the other floorplans have the master room in the lower left or central position, maintaining a more consistent layout. Additionally, the overall shape and distribution of rooms in floorplan E differ significantly from the others, making it stand out as having a different underlying pattern."
"[17, 21]","[7, 1]","['78147', '40487', '69704', '10825', '62549']",10825,1. **Different floorplan:** C,"1. **Different floorplan:** C
2. **Why:** Floorplan C has a unique arrangement where the master room (#FFA500) is positioned in the center, surrounded by a common room (#FFD700), a living room (#EEE8AA), and a balcony (#6B8E23). This central placement of the master room is distinct from the other floorplans, which typically place the master room either at one end or in a corner. Additionally, the spatial distribution of the other rooms around the master room in C is more symmetrical compared to the others, suggesting a different underlying pattern."
"[7, 1]","[17, 18]","['8109', '53652', '10825', '6955', '17550']",6955,1. **Different floorplan:** D,"1. **Different floorplan:** D
2. **Why:** Floorplan D has a unique arrangement where the master room (#FFA500) is positioned in a way that it does not align with the typical central placement seen in the other floorplans. In contrast, the other floorplans (A, B, C, and E) have the master room centrally located, which suggests a more symmetrical and standard layout. Floorplan D's master room is placed off-center, making it stand out from the others."
"[17, 21]","[7, 20]","['62549', '62454', '55305', '9795', '78147']",55305,1. **Different floorplan:** C,"1. **Different floorplan:** C
2. **Why:** Floorplan C has a unique arrangement where the master room (#FFA500) is positioned in the center, surrounded by a common room (#FFD700), a living room (#EEE8AA), and a balcony (#6B8E23). This central placement of the master room with surrounding rooms is distinct from the other floorplans, which typically have the master room either at one end or centrally but not surrounded by other rooms in this specific configuration."
"[7, 3]","[17, 18]","['52457', '66316', '61767', '64781', '75828']",66316,1. **Different floorplan:** E,"1. **Different floorplan:** E
2. **Why:** Floorplan E has a unique arrangement where the master room (#FFA500) is positioned in the upper right corner, which is not typical in the other floorplans. In contrast, the other floorplans have the master room in the lower left or central position. Additionally, the layout of the common rooms and living areas in floorplan E differs significantly from the others, making it stand out as having a different underlying pattern."
"[7, 1]","[17, 21]","['53652', '17550', '62454', '3536', '16951']",62454,1. **Different floorplan:** C,"1. **Different floorplan:** C
2. **Why:** Floorplan C has a unique arrangement where the master room (#FFA500) is positioned in the center, surrounded by a common room (#FFD700) and a balcony (#6B8E23). This central placement of the master room with surrounding spaces is distinct from the other floorplans, which typically have the master room either at one end or centrally but not surrounded by other rooms in this specific manner."
"[17, 18]","[7, 1]","['70105', '6955', '66316', '3536', '66935']",3536,1. **Different floorplan:** A,"1. **Different floorplan:** A
2. **Why:** Floorplan A has a unique layout compared to the others. It features a central common room with a staircase leading up to a second level, which is not present in the other floorplans. The other floorplans have more uniform layouts without such a distinct central feature."
"[7, 1]","[17, 18]","['16951', '53652', '17550', '66935', '8109']",66935,1. **Different floorplan:** D,"1. **Different floorplan:** D
2. **Why:** Floorplan D has a unique arrangement where the kitchen is positioned in a way that it does not align with the typical layout seen in the other floorplans. In contrast, the other floorplans have kitchens that are consistently placed either adjacent to the living room or the dining area, maintaining a standard spatial relationship. Floorplan D deviates from this by having the kitchen separated from the main living areas, which suggests a different underlying pattern."
"[7, 1]","[17, 5]","['8109', '72055', '10825', '16951', '3536']",72055,1. **Different floorplan:** E,"1. **Different floorplan:** E
2. **Why:** Floorplan E has a unique layout compared to the others. It features a large open space that spans across the entire width of the floorplan, which is not present in the other floorplans. This open space is likely designed as a living area or a combined living-dining space, which is distinct from the more compartmentalized designs of the other floorplans. Additionally, the placement of the main entrance at the far end of this open space further emphasizes its difference in layout."
"[17, 21]","[7, 20]","['62454', '54372', '62549', '69704', '78147']",54372,1. **Different floorplan:** D,"1. **Different floorplan:** D
2. **Why:** Floorplan D has a unique arrangement where the master room (#FFA500) is positioned in a way that it does not align with the typical central placement seen in the other floorplans. In contrast, the other floorplans have the master room centrally located, which suggests a more symmetrical and standard layout. Additionally, the positioning of the common room (#FFD700) and the living room (#EEE8AA) in relation to the entrance and the rest of the rooms also differs from the others, indicating a distinct pattern."
"[17, 21]","[7, 20]","['9795', '62454', '69704', '2277', '62549']",2277,1. **Different floorplan:** D,"1. **Different floorplan:** D
2. **Why:** Floorplan D has a unique arrangement where the master room (#FFA500) is located in the upper right corner, which is not typical in the other floorplans. In contrast, the other floorplans have the master room positioned more centrally or towards the lower part of the floorplan. This distinct placement makes D stand out from the others."
"[17, 21]","[7, 3]","['9795', '78147', '62549', '61767', '62454']",61767,1. **Different floorplan:** D,"1. **Different floorplan:** D
2. **Why:** Floorplan D has a unique arrangement where the master room (#FFA500) is positioned in a way that it does not align with the typical central placement seen in the other floorplans. In contrast, the other floorplans have the master room centrally located, which suggests a more symmetrical and standard layout. Additionally, the positioning of the common room (#FFD700) and the living room (#EEE8AA) in relation to the entrance and the rest of the rooms also differs from the others, indicating a distinct pattern."
"[17, 18]","[7, 20]","['55305', '31693', '70105', '66935', '66316']",55305,1. **Different floorplan:** C,"1. **Different floorplan:** C
2. **Why:** Floorplan C has a distinct arrangement of rooms compared to the others. It features a central hallway with a U-shaped configuration, which is not present in the other floorplans. The other floorplans have more symmetrical layouts with a single entrance leading into a larger open space, followed by smaller rooms branching off. Floorplan C's central hallway and U-shape make it unique among the group."
"[17, 18]","[7, 22]","['31693', '70105', '66935', '21543', '31113']",31113,1. **Different floorplan:** E,"1. **Different floorplan:** E
2. **Why:** Floorplan E has a distinct layout compared to the others. It features a single large room with no internal divisions, which is unlike the other floorplans that have multiple rooms separated by walls. The other floorplans (A, B, C, and D) all show a more complex arrangement with various rooms and corridors, making them more similar in their underlying patterns."
"[17, 21]","[7, 20]","['40487', '54372', '62549', '62454', '69704']",54372,1. **Different floorplan:** E,"1. **Different floorplan:** E
2. **Why:** Floorplan E has a unique arrangement where the master room (#FFA500) is positioned in a way that it does not align with the typical central placement seen in the other floorplans. In contrast, the other floorplans have the master room centrally located, which is a common pattern in residential designs. Additionally, the overall layout of E appears more elongated and less symmetrical compared to the others, suggesting a different underlying pattern."
"[17, 21]","[7, 22]","['62454', '31113', '40487', '9795', '69704']",31113,1. **Different floorplan:** D,"1. **Different floorplan:** D
2. **Why:** Floorplan D has a unique arrangement where the master room (#FFA500) is positioned in a way that it does not align with the typical central placement seen in the other floorplans. In contrast, the other floorplans have the master room centrally located, which is a common pattern in residential designs. Additionally, the distribution of other rooms like the common room (#FFD700), living room (#EEE8AA), balcony (#6B8E23), bathroom (#ADD8E6), kitchen (#F08080), and storage (#DDA0DD) follows a consistent pattern across A, B, C, and E, but not in D."
"[7, 20]","[17, 5]","['55305', '2277', '54372', '2425', '33045']",33045,1. **Different floorplan:** E,"1. **Different floorplan:** E
2. **Why:** Floorplan E has a completely different layout compared to the others. It features a single large room with no internal divisions, whereas all the other floorplans have multiple rooms separated by walls. This makes it distinct from the rest in terms of spatial organization."
"[17, 18]","[7, 22]","['6955', '21408', '31693', '79411', '51240']",79411,1. **Different floorplan:** D,"1. **Different floorplan:** D
2. **Why:** Floorplan D has a unique arrangement where the living room and common room are directly adjacent without any intervening space, unlike the other floorplans which have a clear separation between these two rooms. This direct adjacency in D suggests a different underlying pattern compared to the others."
"[17, 21]","[7, 20]","['2277', '40487', '9795', '62454', '62549']",2277,1. **Different floorplan:** A,"1. **Different floorplan:** A
2. **Why:** Floorplan A has a unique arrangement of rooms compared to the others. It features a central common room with multiple smaller rooms branching off from it, which is not present in the other floorplans. The other floorplans have more uniform layouts with fewer variations in room types and sizes."
"[17, 18]","[7, 20]","['46660', '66316', '6955', '31693', '55305']",55305,1. **Different floorplan:** E,"1. **Different floorplan:** E
2. **Why:** Floorplan E has a unique arrangement where the living room and dining area are directly adjacent without any intervening space, which is not present in the other floorplans. In contrast, floorplans A, B, C, and D all have a common pattern where the living room and dining area are separated by a hallway or another room, creating a more traditional flow from the entrance into the living and dining areas."
"[7, 1]","[17, 5]","['33045', '12376', '53652', '16951', '17550']",33045,1. **Different floorplan:** C,"1. **Different floorplan:** C
2. **Why:** Floorplan C has a unique arrangement where the master room (#FFA500) is positioned in the top left corner, which is not typical for the other floorplans. In contrast, the other floorplans have the master room either centrally located or in a more standard position relative to the entrance. Additionally, the layout of the common rooms and living areas in C differs significantly from the others, making it stand out as having a different underlying pattern."
"[17, 21]","[7, 20]","['62549', '2425', '9795', '40487', '62454']",2425,1. **Different floorplan:** C,"1. **Different floorplan:** C
2. **Why:** Floorplan C has a distinct arrangement of rooms compared to the others. It features a single large room with a smaller room attached to it, which is not present in the other floorplans. The other floorplans have more varied and complex layouts with multiple interconnected rooms of varying sizes."
"[17, 21]","[7, 3]","['62549', '75828', '69704', '78147', '9795']",75828,1. **Different floorplan:** B,"1. **Different floorplan:** B
2. **Why:** Floorplan B has a unique arrangement where the master room (#FFA500) is positioned in the center, surrounded by other rooms, which is not typical compared to the other floorplans. In contrast, the other floorplans have the master room either at one end or centrally located but with a more symmetrical distribution of other room types around it."
"[7, 1]","[17, 5]","['33045', '12421', '12376', '53652', '16951']",33045,1. **Different floorplan:** D,"1. **Different floorplan:** D
2. **Why:** Floorplan D has a unique arrangement where the master room (#FFA500) is positioned in a way that it does not align with the typical central placement seen in the other floorplans. In contrast, the other floorplans have the master room centrally located, which suggests a more symmetrical and standard layout. Additionally, the distribution of other rooms around the master room in D appears less uniform compared to the others, indicating a different underlying pattern."
"[7, 22]","[17, 18]","['31693', '40679', '31113', '79411', '23132']",31693,1. **Different floorplan:** D,"1. **Different floorplan:** D
2. **Why:** Floorplan D has a unique arrangement where the living room and kitchen are directly adjacent without any intervening space, unlike the other floorplans which typically have a corridor or another room separating them. This direct adjacency is not seen in A, B, C, or E, making it distinct from the others."
"[17, 21]","[7, 1]","['40487', '9795', '17550', '62549', '78147']",17550,1. **Different floorplan:** B,"1. **Different floorplan:** B
2. **Why:** Floorplan B has a unique arrangement where the master room (#FFA500) is positioned in the center, surrounded by a common room (#FFD700), a living room (#EEE8AA), and a balcony (#6B8E23). This central placement of the master room is not seen in the other floorplans, which typically have the master room either at one end or centrally located but not surrounded by these specific room types in this manner."
"[7, 1]","[17, 18]","['12421', '70105', '17550', '3536', '12376']",70105,1. **Different floorplan:** B,"1. **Different floorplan:** B
2. **Why:** Floorplan B has an additional section extending from the main entrance that is not present in the other floorplans. This extra section disrupts the uniformity of the spatial layout compared to A, C, D, and E, which maintain a consistent pattern of rooms and corridors."
"[17, 18]","[7, 1]","['21408', '66316', '46660', '8109', '21543']",8109,1. **Different floorplan:** D,"1. **Different floorplan:** D
2. **Why:** Floorplan D has a unique arrangement where the living room and kitchen are directly adjacent without any intervening space, unlike the other floorplans which typically have a corridor or another room separating them. This direct adjacency is not seen in A, B, C, or E, making it stand out as having a different underlying pattern."
"[17, 21]","[7, 20]","['9795', '55305', '40487', '62454', '62549']",55305,1. **Different floorplan:** E,"1. **Different floorplan:** E
2. **Why:** Floorplan E has a unique arrangement where the master room (#FFA500) is positioned in a way that it does not align with the typical central placement seen in the other floorplans. In contrast, the other floorplans have the master room centrally located, which is a common pattern in apartment designs. Additionally, the layout of the common rooms and living areas in E differs significantly from the others, suggesting a different underlying pattern."
"[7, 1]","[17, 21]","['8109', '12376', '62454', '12421', '16951']",62454,1. **Different floorplan:** C,"1. **Different floorplan:** C
2. **Why:** Floorplan C has a unique arrangement where the master room (#FFA500) is positioned in the center, surrounded by a common room (#FFD700), a living room (#EEE8AA), and a balcony (#6B8E23). This central placement of the master room is distinct from the other floorplans, which typically have the master room either at one end or centrally located but not surrounded by other rooms in this specific manner. Additionally, the spatial relationships between the rooms around the master room in C do not match those in A, B, D, or E."
"[17, 18]","[7, 1]","['66935', '31693', '3536', '21408', '21543']",3536,1. **Different floorplan:** E,"1. **Different floorplan:** E
2. **Why:** Floorplan E has an additional section extending from the main entrance that is not present in the other floorplans. This extra section disrupts the uniformity of the spatial layout compared to A, B, C, and D, which all have a more consistent and compact arrangement of rooms around the central core."
"[7, 1]","[17, 18]","['53652', '12421', '12376', '3536', '70105']",70105,1. **Different floorplan:** E,"1. **Different floorplan:** E
2. **Why:** Floorplan E has a unique arrangement where the living room and dining area are directly adjacent without any intervening space, which is not observed in the other floorplans. In contrast, floorplans A, B, C, and D all have a more traditional layout with a corridor separating the living room from the dining area. This distinct feature makes floorplan E stand out as having a different underlying pattern compared to the others."
"[17, 18]","[7, 3]","['21408', '66935', '51240', '61767', '21543']",61767,1. **Different floorplan:** E,"1. **Different floorplan:** E
2. **Why:** Floorplan E has a unique arrangement where the master room (#FFA500) is positioned in a way that it does not align with the typical central placement seen in the other floorplans. In contrast, the other floorplans have the master room centrally located, which is a common pattern in residential designs. Additionally, the distribution of other rooms like the common room, living room, and kitchen also differs significantly from the others, making E stand out as having a different underlying pattern."
"[7, 1]","[17, 21]","['17550', '53652', '8109', '12421', '78147']",78147,1. **Different floorplan:** D,"1. **Different floorplan:** D
2. **Why:** Floorplan D has a unique arrangement where the master room (#FFA500) is positioned in the center, surrounded by a common room (#FFD700), a living room (#EEE8AA), and a balcony (#6B8E23). This central placement of the master room is distinct from the other floorplans, which typically have the master room either at one end or centrally located but not surrounded by other rooms in this specific manner."
"[17, 18]","[7, 20]","['21543', '55305', '46660', '51240', '66316']",55305,1. **Different floorplan:** A,"1. **Different floorplan:** A
2. **Why:** Floorplan A has an additional room (a small yellow room) that is not present in any of the other floorplans. This extra room disrupts the uniformity of the spatial layout compared to B, C, D, and E, which all have consistent room arrangements without this additional room."
"[17, 18]","[7, 22]","['6955', '70105', '66935', '21543', '79411']",79411,1. **Different floorplan:** E,"1. **Different floorplan:** E
2. **Why:** Floorplan E has a unique arrangement where the living room and dining area are directly adjacent without any intervening space, which is not observed in the other floorplans. In contrast, the other floorplans have a more traditional layout with hallways separating the living and dining areas."
"[17, 18]","[7, 3]","['46660', '52457', '21543', '31693', '70105']",52457,1. **Different floorplan:** B,"1. **Different floorplan:** B
2. **Why:** Floorplan B has a distinct rectangular shape with a single large central room and two smaller rooms on either side, which differ significantly from the more complex and varied layouts of the other floorplans (A, C, D, and E). The other floorplans have more intricate designs with multiple interconnected spaces, suggesting a different underlying pattern compared to the simpler, more symmetrical design of B."
"[17, 21]","[7, 3]","['62454', '52457', '78147', '40487', '9795']",52457,1. **Different floorplan:** B,"1. **Different floorplan:** B
2. **Why:** Floorplan B has a unique arrangement where the common room and the master room are directly adjacent without any intervening space, which is not observed in the other floorplans. In contrast, all other floorplans have a more typical layout with additional spaces between the common room and the master room."
"[17, 18]","[7, 1]","['31693', '21408', '70105', '8109', '51240']",8109,1. **Different floorplan:** C,"1. **Different floorplan:** C
2. **Why:** Floorplan C has a distinct layout compared to the others. It features a central hallway with rooms branching off in a more linear fashion, whereas the other floorplans have a more complex and interconnected layout with multiple pathways and rooms. This difference in the overall flow and connectivity of spaces makes it stand out as having a different underlying pattern."
"[17, 21]","[7, 20]","['62454', '62549', '55305', '78147', '40487']",55305,1. **Different floorplan:** C,"1. **Different floorplan:** C
2. **Why:** Floorplan C has a unique arrangement where the master room (#FFA500) is positioned in a way that it does not align with the typical central placement seen in the other floorplans. Additionally, the kitchen (#F08080) and dining area (#DA70D6) are placed in a manner that differs from the standard layout observed in A, B, D, and E, where these rooms are typically adjacent to the living room (#EEE8AA). The presence of a balcony (#6B8E23) in an unusual location also contributes to the distinctiveness of floorplan C."
"[17, 21]","[7, 1]","['40487', '12421', '69704', '9795', '62549']",12421,1. **Different floorplan:** E,"1. **Different floorplan:** E
2. **Why:** Floorplan E has a unique arrangement where the master room (#FFA500) is positioned in the upper right corner, which is not typical in the other floorplans. In contrast, the other floorplans have the master room in more central or lower positions, often adjacent to the living room or kitchen. This distinct placement makes E stand out from the others."
"[7, 1]","[17, 21]","['40487', '12376', '8109', '53652', '17550']",40487,1. **Different floorplan:** D,"1. **Different floorplan:** D
2. **Why:** Floorplan D has a unique arrangement where the master room (#FFA500) is positioned in a way that it does not align with the typical central placement seen in the other floorplans. In contrast, the other floorplans have the master room centrally located, which suggests a more symmetrical and standard layout. Additionally, the positioning of the common room (#FFD700) and the living room (#EEE8AA) in relation to the entrance and the rest of the rooms also differs from the others, indicating a distinct pattern."
"[17, 18]","[7, 1]","['51240', '31693', '21408', '3536', '66935']",3536,1. **Different floorplan:** D,"1. **Different floorplan:** D
2. **Why:** Floorplan D has a unique arrangement where the living room and dining area are directly connected without any intervening space, unlike the other floorplans which have a corridor or another room separating them. This direct connection in D makes it stand out from the others, suggesting a different underlying pattern."
"[17, 21]","[7, 20]","['69704', '62549', '9795', '2425', '62454']",2425,1. **Different floorplan:** E,"1. **Different floorplan:** E
2. **Why:** Floorplan E has a unique arrangement where the master room (#FFA500) is positioned in a way that it does not align with the typical central placement seen in the other floorplans. In contrast, the other floorplans have the master room centrally located, which is a common pattern in residential designs. Additionally, the layout of the common rooms and living areas in E differs from the more uniform distribution in A, B, C, and D."
"[7, 1]","[17, 21]","['3536', '53652', '69704', '16951', '12376']",69704,1. **Different floorplan:** B,"1. **Different floorplan:** B
2. **Why:** Floorplan B has a unique arrangement where the master room (#FFA500) is positioned in a way that it does not align with the typical central placement seen in the other floorplans. Additionally, the living room (#EEE8AA) and common room (#FFD700) are placed in a manner that differs from the symmetrical and consistent patterns observed in A, C, D, and E. The presence of the balcony (#6B8E23) and bathroom (#ADD8E6) also contributes to a distinct layout compared to the others."
"[7, 1]","[17, 18]","['31693', '8109', '17550', '10825', '3536']",31693,1. **Different floorplan:** E,"1. **Different floorplan:** E
2. **Why:** Floorplan E has a unique arrangement where the living room and dining area are directly adjacent without any intervening space, which is not observed in the other floorplans. In contrast, floorplans A, B, C, and D all have a common pattern where the living room and dining area are separated by a hallway or another room type, such as a kitchen or storage. This distinct layout makes floorplan E stand out from the others."
"[17, 5]","[7, 22]","['7913', '23132', '72055', '33045', '50221']",23132,1. **Different floorplan:** E,"1. **Different floorplan:** E
2. **Why:** Floorplan E has a unique arrangement where the living room and dining area are directly adjacent without any intervening space, which is not observed in the other floorplans. In contrast, floorplans A, B, C, and D all have a more traditional layout with a corridor separating the living room from the dining area."
"[17, 21]","[7, 3]","['69704', '9795', '40487', '62549', '64781']",64781,1. **Different floorplan:** C,"1. **Different floorplan:** C
2. **Why:** Floorplan C has a unique arrangement where the master room (#FFA500) is positioned in the center, surrounded by a common room (#FFD700) and a balcony (#6B8E23). This central placement of the master room is distinct from the other floorplans, which typically have the master room either at one end or centrally located but not surrounded by a common room and a balcony in this specific configuration."
"[17, 21]","[7, 3]","['69704', '62454', '9795', '52457', '40487']",52457,1. **Different floorplan:** D,"1. **Different floorplan:** D
2. **Why:** Floorplan D has a unique arrangement where the living room is positioned at the top right corner, unlike the other floorplans which have the living room in the center or left side. Additionally, the kitchen in D is located at the bottom right, whereas it is typically found adjacent to the living room in the other floorplans. This distinct placement of the living room and kitchen sets D apart from the others."
"[7, 1]","[17, 21]","['53652', '10825', '40487', '8109', '12421']",40487,1. **Different floorplan:** E,"1. **Different floorplan:** E
2. **Why:** Floorplan E has a unique arrangement where the master room (#FFA500) is positioned in a way that it does not align with the typical central placement seen in the other floorplans. In contrast, the other floorplans have the master room centrally located, which suggests a more symmetrical and standard layout. Additionally, the positioning of the common room (#FFD700) and the living room (#EEE8AA) in relation to the entrance and the rest of the rooms also differs from the others, indicating a distinct pattern."
"[17, 18]","[7, 1]","['31693', '51240', '21543', '66316', '16951']",16951,1. **Different floorplan:** E,"1. **Different floorplan:** E
2. **Why:** Floorplan E has a unique arrangement where the living room and dining area are directly adjacent without any intervening space, which is not observed in the other floorplans. In contrast, floorplans A, B, C, and D all have a common pattern where the living room and dining area are separated by a hallway or another room type, such as a common room or storage. This distinct layout makes floorplan E stand out from the others."
"[17, 21]","[7, 22]","['78147', '9795', '40487', '31113', '69704']",31113,1. **Different floorplan:** D,"1. **Different floorplan:** D
2. **Why:** Floorplan D has a unique arrangement where the master room (#FFA500) is positioned in a way that it does not align with the typical central placement seen in the other floorplans. In contrast, the other floorplans have the master room centrally located, which suggests a more symmetrical and standard layout. Additionally, the positioning of the common room (#FFD700) and the living room (#EEE8AA) in relation to the entrance and the rest of the rooms also differs from the others, indicating a distinct pattern."
"[17, 18]","[7, 1]","['12376', '46660', '66316', '51240', '31693']",12376,1. **Different floorplan:** D,"1. **Different floorplan:** D
2. **Why:** Floorplan D has a unique arrangement where the master room (#FFA500) is positioned in a way that it does not align with the typical central placement seen in the other floorplans. In contrast, the other floorplans have the master room centrally located, which suggests a more symmetrical and standard layout. Additionally, the positioning of the common room (#FFD700) and the living room (#EEE8AA) in relation to the entrance and the rest of the rooms also differs from the others, indicating a distinct pattern."
"[17, 18]","[7, 20]","['66316', '6955', '55305', '21408', '46660']",55305,1. **Different floorplan:** C,"1. **Different floorplan:** C
2. **Why:** Floorplan C has a unique arrangement where the master room (#FFA500) is positioned in the center, surrounded by a common room (#FFD700), a living room (#EEE8AA), a balcony (#6B8E23), and a bathroom (#ADD8E6). This central placement of the master room is distinct from the other floorplans, which typically have the master room either at one end or centrally but not surrounded by other rooms in this specific manner."
"[17, 21]","[7, 3]","['62454', '75828', '69704', '9795', '40487']",75828,1. **Different floorplan:** B,"1. **Different floorplan:** B
2. **Why:** Floorplan B has a unique arrangement where the master room (#FFA500) is positioned in the center, surrounded by other rooms, which is not typical in the other floorplans. In contrast, the other floorplans have the master room either at one end or in a corner, with the rest of the rooms distributed around it in a more symmetrical manner. This central placement of the master room in B stands out as the distinguishing feature."
"[7, 1]","[17, 18]","['12376', '17550', '53652', '12421', '21408']",21408,1. **Different floorplan:** E,"1. **Different floorplan:** E
2. **Why:** Floorplan E has a unique arrangement where the master room (#FFA500) is positioned in the upper right corner, which is not typical for the other floorplans. In contrast, the other floorplans have the master room in the lower left or central position, maintaining a more consistent layout. Additionally, the spatial distribution of the common rooms and living rooms also differs significantly from the others, making E stand out with a distinct underlying pattern."
"[7, 1]","[17, 21]","['8109', '3536', '62454', '17550', '12376']",62454,1. **Different floorplan:** C,"1. **Different floorplan:** C
2. **Why:** Floorplan C has a unique arrangement where the master room (#FFA500) is positioned at the top right corner, which is not seen in the other floorplans. All other floorplans have the master room either in the center or towards the bottom left, making C stand out with its distinct placement."
"[7, 1]","[17, 5]","['17550', '12421', '53652', '33045', '12376']",33045,1. **Different floorplan:** D,"1. **Different floorplan:** D
2. **Why:** Floorplan D has a unique arrangement where the master room (#FFA500) is positioned in the center, surrounded by a large common room (#FFD700). This central placement of the master room with a large surrounding common area is distinct from the other floorplans, which typically have the master room either at one end or centrally but not surrounded by such a large common area. Additionally, the layout of the other rooms (kitchen, dining, living room, and balcony) around the master room in D is more symmetrical compared to the others, making it stand out as having a different underlying pattern."
"[17, 5]","[7, 20]","['7913', '33045', '2277', '72055', '50221']",2277,1. **Different floorplan:** E,"1. **Different floorplan:** E
2. **Why:** Floorplan E has a unique arrangement where the living room and dining area are directly adjacent without any intervening space, which is not observed in the other floorplans. In contrast, the other floorplans have a more traditional layout with hallways or additional spaces separating the living and dining areas."
"[17, 18]","[7, 3]","['66935', '31693', '46660', '75828', '21543']",75828,1. **Different floorplan:** D,"1. **Different floorplan:** D
2. **Why:** Floorplan D has a unique arrangement where the living room and common room are directly adjacent without any intervening space, unlike the other floorplans which have a clear separation between these two rooms. This direct adjacency in D is not present in A, B, C, or E, making it the one with a different underlying pattern."
"[17, 18]","[7, 20]","['31693', '70105', '21408', '2425', '46660']",2425,1. **Different floorplan:** B,"1. **Different floorplan:** B
2. **Why:** Floorplan B has a unique arrangement of rooms compared to the others. It features a central hallway with a staircase leading up, which is not present in the other floorplans. Additionally, the distribution of room types and their relative sizes differs significantly from the others, making it stand out as having a different underlying pattern."
"[17, 21]","[7, 1]","['78147', '9795', '62454', '62549', '12421']",12421,1. **Different floorplan:** B,"1. **Different floorplan:** B
2. **Why:** Floorplan B has a unique arrangement where the master room (#FFA500) is positioned in a way that it does not align with the typical central placement seen in the other floorplans. In contrast, the other floorplans have the master room centrally located, which suggests a more symmetrical and standard layout. Additionally, the positioning of the common room (#FFD700) and the living room (#EEE8AA) in relation to the entrance and the rest of the rooms also differs from the others, indicating a distinct pattern."
"[7, 1]","[17, 18]","['53652', '21408', '3536', '8109', '12421']",21408,1. **Different floorplan:** C,"1. **Different floorplan:** C
2. **Why:** Floorplan C has a unique arrangement where the master room (#FFA500) is positioned in the center, surrounded by a common room (#FFD700) and a balcony (#6B8E23). This central placement of the master room with surrounding spaces is distinct from the other floorplans, which typically have the master room either at one end or centrally but not surrounded by other rooms in this specific manner."
"[7, 1]","[17, 5]","['16951', '12421', '7913', '12376', '53652']",7913,1. **Different floorplan:** E,"1. **Different floorplan:** E
2. **Why:** Floorplan E has a unique arrangement where the master room (#FFA500) is positioned in the center, surrounded by other rooms, which is not typical in the other floorplans. In contrast, the other floorplans have the master room either at one end or in a corner, with the rest of the rooms distributed around it in a more conventional manner."
"[17, 18]","[7, 1]","['3536', '21543', '51240', '66316', '70105']",3536,1. **Different floorplan:** E,"1. **Different floorplan:** E
2. **Why:** Floorplan E has a unique arrangement where the living room and dining area are adjacent but not directly connected by a common wall, unlike the other floorplans which have a more consistent layout with rooms typically sharing walls. This suggests a different underlying pattern in how the spaces are organized compared to A, B, C, and D."
"[17, 18]","[7, 3]","['46660', '61767', '66935', '6955', '21543']",61767,1. **Different floorplan:** B,"1. **Different floorplan:** B
2. **Why:** Floorplan B has a unique arrangement where the master room (#FFA500) is positioned in a way that it does not align with the typical central placement seen in the other floorplans. In contrast, the other floorplans (A, C, D, and E) have the master room centrally located, which suggests a more symmetrical and standard layout. Floorplan B's deviation from this central positioning makes it stand out as having a different underlying pattern."
"[17, 18]","[7, 20]","['6955', '21543', '70105', '66935', '2425']",2425,1. **Different floorplan:** C,"1. **Different floorplan:** C
2. **Why:** Floorplan C has a distinct layout compared to the others. It features a central hallway with rooms branching off in a more linear fashion, whereas the other floorplans have a more complex and interconnected layout with multiple pathways and rooms. This difference in the spatial arrangement makes it stand out from the rest."
"[7, 1]","[17, 18]","['16951', '31693', '17550', '12376', '12421']",31693,1. **Different floorplan:** E,"1. **Different floorplan:** E
2. **Why:** Floorplan E has a unique arrangement where the master room (#FFA500) is positioned in a way that it does not align with the typical central placement seen in the other floorplans. In contrast, the other floorplans have the master room centrally located, which suggests a more symmetrical and standard layout. Additionally, the positioning of the common room (#FFD700) and the living room (#EEE8AA) in relation to the entrance and the rest of the rooms also differs from the others, indicating a distinct pattern."
"[7, 1]","[17, 21]","['12376', '10825', '62549', '12421', '17550']",62549,1. **Different floorplan:** D,"1. **Different floorplan:** D
2. **Why:** Floorplan D has a unique arrangement where the master room (#FFA500) is positioned in the center, surrounded by a common room (#FFD700), a living room (#EEE8AA), and a balcony (#6B8E23). This central placement of the master room is distinct from the other floorplans, which typically have the master room either at one end or centrally located but not surrounded by other rooms in this specific manner."
"[7, 22]","[17, 21]","['79411', '23132', '31113', '40679', '69704']",69704,1. **Different floorplan:** D,"1. **Different floorplan:** D
2. **Why:** Floorplan D has a unique arrangement where the master room (#FFA500) is positioned in a way that it does not align with the typical central placement seen in the other floorplans. Additionally, the kitchen (#F08080) is unusually large and occupies a significant portion of the floorplan, which deviates from the more compact and balanced layouts of the other floorplans."
"[17, 5]","[7, 20]","['50221', '33045', '72055', '7913', '2425']",2425,1. **Different floorplan:** E,"1. **Different floorplan:** E
2. **Why:** Floorplan E has a unique arrangement where the living room is positioned at the top right corner, unlike the other floorplans which have the living room in the center or bottom left. Additionally, the kitchen in E is located at the bottom right, whereas it is typically found in the center or left side in the other floorplans. This distinct placement of the living room and kitchen sets E apart from the others."
"[17, 21]","[7, 22]","['62549', '9795', '69704', '31113', '40487']",31113,1. **Different floorplan:** D,"1. **Different floorplan:** D
2. **Why:** Floorplan D has a unique arrangement where the master room (#FFA500) is positioned in a way that it does not align with the typical central placement seen in the other floorplans. In contrast, the other floorplans have the master room centrally located, which suggests a more symmetrical and standard layout. Additionally, the distribution of other rooms like the common room (#FFD700), living room (#EEE8AA), and kitchen (#F08080) also differs from the others, indicating a distinct underlying pattern."
"[7, 1]","[17, 5]","['53652', '10825', '16951', '17550', '33045']",33045,1. **Different floorplan:** E,"1. **Different floorplan:** E
2. **Why:** Floorplan E has a distinct arrangement of rooms compared to the others. It features a large central area with a single entrance leading directly into it, which is not typical in the other floorplans where the entrance leads into smaller spaces before opening up to larger areas. Additionally, the layout of the rooms around this central area is more symmetrical and uniform, differing from the more varied and interconnected layouts in A, B, C, and D."
"[17, 21]","[7, 1]","['69704', '12376', '40487', '62549', '62454']",12376,1. **Different floorplan:** C,"1. **Different floorplan:** C
2. **Why:** Floorplan C has a unique arrangement where the master room (#FFA500) is positioned in the center, surrounded by a common room (#FFD700), a living room (#EEE8AA), and a balcony (#6B8E23). This central placement of the master room is distinct from the other floorplans, which typically have the master room either at one end or centrally but not surrounded by other rooms in this specific manner. Additionally, the spatial distribution of the other rooms around the master room in C is more compact compared to the other floorplans, suggesting a different underlying pattern."
"[17, 21]","[7, 1]","['40487', '10825', '9795', '69704', '62549']",10825,1. **Different floorplan:** B,"1. **Different floorplan:** B
2. **Why:** Floorplan B has a unique arrangement where the master room (#FFA500) is positioned in the center, surrounded by a common room (#FFD700), a living room (#EEE8AA), and a balcony (#6B8E23). This central placement of the master room is not seen in the other floorplans, which typically have the master room either at one end or centrally but not surrounded by other rooms in this specific configuration."
"[7, 20]","[17, 21]","['2277', '62454', '2425', '55305', '54372']",62454,1. **Different floorplan:** C,"1. **Different floorplan:** C
2. **Why:** Floorplan C has a distinct layout compared to the others. It features a central hallway with a single entrance leading directly into it, which is not present in the other floorplans. The other floorplans have more complex layouts with multiple entrances and varying room arrangements around the central core."
"[17, 18]","[7, 1]","['21408', '70105', '51240', '31693', '3536']",3536,1. **Different floorplan:** E,"1. **Different floorplan:** E
2. **Why:** Floorplan E has a unique layout compared to the others. It features a single large open space with no distinct rooms separated by walls, unlike the other floorplans which have clearly defined rooms such as living rooms, bedrooms, and kitchens. This suggests a different underlying pattern where the space is more open and possibly designed for a specific purpose like a studio apartment or a large living area without traditional room divisions."
"[17, 21]","[7, 22]","['62454', '62549', '23132', '9795', '69704']",23132,1. **Different floorplan:** C,"1. **Different floorplan:** C
2. **Why:** Floorplan C has a unique arrangement where the master room (#FFA500) is positioned in the center, surrounded by a common room (#FFD700), a living room (#EEE8AA), and a balcony (#6B8E23). This central placement of the master room is distinct from the other floorplans, which typically have the master room either at one end or centrally located but not surrounded by other rooms in this specific manner. Additionally, the spatial distribution of the other rooms around the master room in C is more compact compared to the more spread-out layouts in A, B, D, and E."
"[17, 18]","[7, 20]","['70105', '2425', '46660', '31693', '6955']",2425,1. **Different floorplan:** A,"1. **Different floorplan:** A
2. **Why:** Floorplan A has a unique arrangement of rooms compared to the others. It features a central common room with a staircase leading up to a second level, which is not present in the other floorplans. The other floorplans have more uniform layouts with no distinct central common room or staircase feature."
"[17, 21]","[7, 1]","['62549', '40487', '10825', '9795', '62454']",10825,1. **Different floorplan:** C,"1. **Different floorplan:** C
2. **Why:** Floorplan C has a unique arrangement where the master room (#FFA500) is positioned in the center, surrounded by a common room (#FFD700), a living room (#EEE8AA), and a balcony (#6B8E23). This central placement of the master room is distinct from the other floorplans, which typically have the master room either at one end or centrally located but not surrounded by other rooms in this specific manner. Additionally, the spatial distribution of the other rooms around the master room in C is more compact compared to the other floorplans, suggesting a different underlying pattern."
"[17, 18]","[7, 3]","['66935', '61767', '6955', '21408', '70105']",61767,1. **Different floorplan:** E,"1. **Different floorplan:** E
2. **Why:** Floorplan E has a unique arrangement where the living room and dining area are adjacent but not directly connected by a common wall, unlike the other floorplans which have a more consistent layout with rooms typically sharing walls in a linear or T-shaped configuration. This distinct separation makes it stand out from the others."
"[7, 3]","[17, 18]","['21408', '64781', '61767', '75828', '52457']",21408,1. **Different floorplan:** E,"1. **Different floorplan:** E
2. **Why:** Floorplan E has a distinct layout compared to the others. It features a long, narrow design with a single large common room at one end and smaller rooms aligned along the sides, which is different from the more compact and varied layouts of the other floorplans. The other floorplans have a more balanced distribution of room sizes and types, with multiple entrances and varying room arrangements."
"[7, 1]","[17, 5]","['53652', '12421', '7913', '10825', '12376']",7913,1. **Different floorplan:** C,"1. **Different floorplan:** C
2. **Why:** Floorplan C has a distinct arrangement of rooms compared to the others. It features a single large common room with a smaller adjacent room, which is not typical in the other floorplans where the rooms are more evenly distributed and interconnected in a way that suggests a more complex layout. The other floorplans (A, B, D, and E) have a more consistent pattern of rooms, with multiple smaller rooms connected in a way that suggests a more intricate design, possibly indicating a different underlying pattern."
"[17, 21]","[7, 22]","['23132', '62454', '69704', '9795', '40487']",23132,1. **Different floorplan:** E,"1. **Different floorplan:** E
2. **Why:** Floorplan E has a unique arrangement where the master room (#FFA500) is positioned in the upper right corner, which is not typical in the other floorplans. In contrast, the other floorplans have the master room in more central positions, either directly above or adjacent to the living room (#EEE8AA). This distinct placement makes E stand out from the others."
"[17, 18]","[7, 3]","['21408', '52457', '66935', '46660', '31693']",52457,1. **Different floorplan:** B,"1. **Different floorplan:** B
2. **Why:** Floorplan B has a distinct rectangular shape with a single large central room, which is different from the more complex and varied layouts of the other floorplans (A, C, D, and E). The other floorplans have multiple smaller rooms and varying shapes, making them more intricate in their design compared to the simplicity of floorplan B."
"[7, 1]","[17, 21]","['53652', '10825', '17550', '12421', '62454']",62454,1. **Different floorplan:** B,"1. **Different floorplan:** B
2. **Why:** Floorplan B has a unique arrangement where the master room (#FFA500) is positioned in a way that it does not align with the typical central placement seen in the other floorplans. Additionally, the kitchen (#F08080) is located at an unusual position compared to the standard layout where it would typically be adjacent to the dining area. This deviation from the expected spatial relationships suggests a different underlying pattern."
"[17, 21]","[7, 1]","['12376', '40487', '69704', '78147', '62454']",12376,1. **Different floorplan:** A,"1. **Different floorplan:** A
2. **Why:** Floorplan A has a unique arrangement where the master room (#FFA500) is positioned at the top right corner, which is not seen in the other floorplans. All other floorplans have the master room either in the center or towards the bottom left, making A distinct from the rest."
"[17, 21]","[7, 20]","['69704', '40487', '62454', '2277', '78147']",2277,1. **Different floorplan:** D,"1. **Different floorplan:** D
2. **Why:** Floorplan D has a unique arrangement where the master room (#FFA500) is positioned in a way that it does not align with the typical central placement seen in the other floorplans. Additionally, the kitchen (#F08080) and dining area (#DA70D6) are placed in a manner that disrupts the symmetry observed in the other floorplans. The presence of a large balcony (#6B8E23) at the front also stands out, which is less common compared to the other floorplans."
"[7, 1]","[17, 5]","['12376', '8109', '17550', '53652', '72055']",72055,1. **Different floorplan:** D,"1. **Different floorplan:** D
2. **Why:** Floorplan D has a unique arrangement where the master room (#FFA500) is positioned in a way that it does not align with the typical central placement seen in the other floorplans. In contrast, the other floorplans (A, B, C, and E) have the master room centrally located, which suggests a more symmetrical and standard layout. Floorplan D's master room is placed off-center, making it stand out from the others."
"[7, 1]","[17, 18]","['3536', '8109', '53652', '46660', '16951']",46660,1. **Different floorplan:** E,"1. **Different floorplan:** E
2. **Why:** Floorplan E has a unique arrangement where the master room (#FFA500) is positioned in a way that it does not align with the typical central placement seen in the other floorplans. In contrast, the other floorplans have the master room centrally located, which is a common pattern in residential designs. Additionally, the distribution of other rooms like the common room (#FFD700), living room (#EEE8AA), and kitchen (#F08080) also differs significantly from the others, suggesting a different underlying pattern."
"[7, 1]","[17, 18]","['53652', '3536', '17550', '66935', '8109']",66935,1. **Different floorplan:** B,"1. **Different floorplan:** B
2. **Why:** Floorplan B has a distinct layout compared to the others. It features a large central open space with a smaller room attached to one side, which is not present in the other floorplans. The other floorplans have more symmetrical and interconnected layouts with multiple rooms of similar size and shape, whereas B stands out due to its unique central open area design."
"[7, 1]","[17, 5]","['3536', '53652', '12376', '12421', '50221']",50221,1. **Different floorplan:** B,"1. **Different floorplan:** B
2. **Why:** Floorplan B has a unique arrangement where the master room (#FFA500) is positioned in the upper left corner, which is not typical for the other floorplans. In contrast, the other floorplans have the master room in more central or lower positions, suggesting a different underlying pattern."
"[7, 1]","[17, 5]","['12376', '10825', '53652', '50221', '12421']",50221,1. **Different floorplan:** E,"1. **Different floorplan:** E
2. **Why:** Floorplan E has a unique arrangement where the master room (#FFA500) is positioned in a way that it does not align with the typical central placement seen in the other floorplans. In contrast, the other floorplans have the master room centrally located, which is a common pattern in residential designs. Additionally, the layout of the common rooms and living areas in E differs significantly from the others, suggesting a different underlying pattern."
"[17, 18]","[7, 3]","['6955', '51240', '75828', '21543', '66316']",75828,1. **Different floorplan:** C,"1. **Different floorplan:** C
2. **Why:** Floorplan C has a unique arrangement where the master room (#FFA500) is positioned in a way that it does not align with the typical central placement seen in the other floorplans. In contrast, the other floorplans have the master room centrally located, which suggests a more symmetrical and standard layout. Additionally, the positioning of the common room (#FFD700) and the living room (#EEE8AA) in relation to the entrance and the rest of the rooms also differs from the others, indicating a distinct pattern."
"[7, 1]","[17, 21]","['8109', '10825', '16951', '9795', '12376']",9795,1. **Different floorplan:** D,"1. **Different floorplan:** D
2. **Why:** Floorplan D has a unique arrangement where the master room (#FFA500) is positioned in a way that it does not align with the typical central placement seen in the other floorplans. In contrast, the other floorplans have the master room centrally located, which suggests a more symmetrical and standard layout. Additionally, the positioning of the common room (#FFD700) and the living room (#EEE8AA) in relation to the entrance and the rest of the rooms also differs from the others, indicating a distinct pattern."
"[7, 22]","[17, 18]","['79411', '40679', '31113', '21543', '23132']",21543,1. **Different floorplan:** D,"1. **Different floorplan:** D
2. **Why:** Floorplan D has a unique arrangement where the master room (#FFA500) is positioned in the center, surrounded by a common room (#FFD700), a living room (#EEE8AA), and a balcony (#6B8E23). This central placement of the master room is distinct from the other floorplans, which typically have the master room either at one end or centrally located but not surrounded by other rooms in this specific manner."
"[7, 1]","[17, 5]","['3536', '53652', '7913', '10825', '17550']",7913,1. **Different floorplan:** C,"1. **Different floorplan:** C
2. **Why:** Floorplan C has a distinct layout compared to the others. It features a single large room with a smaller room attached to it, which is not present in the other floorplans. The other floorplans have more complex layouts with multiple rooms of varying sizes and shapes, making them more interconnected. Floorplan C stands out due to its simplicity and lack of additional rooms branching off from the main area."
"[7, 1]","[17, 5]","['12376', '12421', '10825', '53652', '33045']",33045,1. **Different floorplan:** E,"1. **Different floorplan:** E
2. **Why:** Floorplan E has a distinct arrangement of rooms compared to the others. It features a large central area with a single entrance leading directly into it, which is not typical in the other floorplans where the entrance leads into smaller, more compartmentalized spaces. Additionally, the layout of the rooms around this central area is unique, with no other floorplan having a similar configuration of rooms surrounding a central open space."
"[7, 1]","[17, 18]","['21408', '8109', '10825', '16951', '53652']",21408,1. **Different floorplan:** E,"1. **Different floorplan:** E
2. **Why:** Floorplan E has a unique arrangement where the master room (#FFA500) is positioned in a way that it does not align with the typical central placement seen in the other floorplans. In contrast, the other floorplans have the master room centrally located, which suggests a more symmetrical and standard layout. Additionally, the positioning of the common room (#FFD700) and the living room (#EEE8AA) in relation to the entrance and the rest of the rooms also differs from the others, indicating a distinct pattern."
"[17, 18]","[7, 22]","['31113', '46660', '66935', '6955', '31693']",31113,1. **Different floorplan:** D,"1. **Different floorplan:** D
2. **Why:** Floorplan D has a unique arrangement where the master room (#FFA500) is positioned in a way that it does not align with the typical central placement seen in the other floorplans. In contrast, the other floorplans have the master room centrally located, which is a common pattern in apartment designs. Additionally, the distribution of other rooms like the common room (#FFD700), living room (#EEE8AA), balcony (#6B8E23), bathroom (#ADD8E6), kitchen (#F08080), storage (#DDA0DD), and dining (#DA70D6) follows a consistent pattern across A, B, C, and E, but not in D."
"[17, 21]","[7, 22]","['62454', '9795', '69704', '40487', '40679']",40679,1. **Different floorplan:** E,"1. **Different floorplan:** E
2. **Why:** Floorplan E has a unique arrangement where the master room (#FFA500) is positioned in a way that it does not align with the typical central placement seen in the other floorplans. Additionally, the kitchen (#F08080) is located at the far end of the floorplan, which is less common compared to the other floorplans where the kitchen is usually closer to the entrance. This distinct positioning makes E stand out from the others."
"[17, 18]","[7, 1]","['6955', '46660', '8109', '31693', '70105']",8109,1. **Different floorplan:** E,"1. **Different floorplan:** E
2. **Why:** Floorplan E has a unique arrangement where the master room (#FFA500) is located in an unusual position compared to the other floorplans. In contrast, the other floorplans have the master room positioned more centrally or towards one side, but not in the corner as seen in E. This distinct placement makes E stand out from the others."
"[7, 1]","[17, 5]","['53652', '72055', '3536', '10825', '16951']",72055,1. **Different floorplan:** B,"1. **Different floorplan:** B
2. **Why:** Floorplan B has a distinct pattern where the main entrance leads directly into a large common room, which is not the case in the other floorplans. In contrast, floorplans A, C, D, and E have entrances that lead into smaller rooms before opening up to larger spaces, such as living rooms or dining areas. This unique layout in B sets it apart from the others."
"[7, 1]","[17, 18]","['3536', '17550', '70105', '53652', '10825']",70105,1. **Different floorplan:** C,"1. **Different floorplan:** C
2. **Why:** Floorplan C has a unique arrangement of rooms compared to the others. It features a central hallway with a T-shape configuration, which is distinct from the more linear or grid-like patterns in floors A, B, D, and E. The other floorplans have a more consistent layout with either a single entrance leading into a series of connected rooms or a more symmetrical design around a central axis. Floor C's central hallway and T-shape make it stand out as having a different underlying pattern."
"[17, 18]","[7, 22]","['40679', '51240', '70105', '46660', '6955']",40679,1. **Different floorplan:** C,"1. **Different floorplan:** C
2. **Why:** Floorplan C has a distinct T-shaped layout with a central core that branches out into two arms, which is different from the more rectangular and symmetrical layouts of the other floorplans (A, B, D, and E). The other floorplans have a more uniform and consistent arrangement of rooms around a central area, whereas C's layout is more complex and asymmetrical."
"[17, 18]","[7, 1]","['46660', '66316', '10825', '66935', '21408']",10825,1. **Different floorplan:** C,"1. **Different floorplan:** C
2. **Why:** Floorplan C has a unique arrangement where the master room (#FFA500) is positioned in the center, surrounded by a common room (#FFD700), a living room (#EEE8AA), and a balcony (#6B8E23). This central placement of the master room is distinct from the other floorplans, which typically have the master room either at one end or centrally located but not surrounded by other rooms in this specific manner."
"[17, 21]","[7, 1]","['12376', '78147', '69704', '9795', '40487']",12376,1. **Different floorplan:** E,"1. **Different floorplan:** E
2. **Why:** Floorplan E has a unique arrangement where the master room (#FFA500) is positioned in a way that it does not align with the typical central placement seen in the other floorplans. In contrast, the other floorplans have the master room centrally located, which is a common pattern in residential designs. Additionally, the layout of the common rooms and living areas in floorplan E appears more compact and less symmetrical compared to the others, suggesting a different underlying design philosophy."
"[17, 18]","[7, 20]","['66316', '55305', '21408', '70105', '31693']",55305,1. **Different floorplan:** D,"1. **Different floorplan:** D
2. **Why:** Floorplan D has a unique arrangement where the master room (#FFA500) is positioned in a way that it does not align with the typical central placement seen in the other floorplans. Additionally, the kitchen (#F08080) is located in an unusual position compared to the others, which suggests a different underlying pattern."
"[17, 18]","[7, 22]","['70105', '21543', '23132', '31693', '51240']",23132,1. **Different floorplan:** C,"1. **Different floorplan:** C
2. **Why:** Floorplan C has a distinct layout compared to the others. It features a single large rectangular section with a smaller rectangular section attached to one side, which is not present in the other floorplans. The other floorplans have more complex arrangements with multiple connected sections, making them more uniform in their overall design."
"[17, 21]","[7, 20]","['62549', '2425', '62454', '40487', '78147']",2425,1. **Different floorplan:** C,"1. **Different floorplan:** C
2. **Why:** Floorplan C has a unique arrangement where the master room (#FFA500) is positioned in the center, surrounded by a common room (#FFD700), a living room (#EEE8AA), and a balcony (#6B8E23). This central placement of the master room is distinct from the other floorplans, which typically have the master room either at one end or centrally located but not surrounded by other rooms in this specific manner. Additionally, the kitchen (#F08080) and dining (#DA70D6) areas are placed in a way that is not mirrored in the other floorplans, suggesting a different underlying pattern."
"[17, 18]","[7, 22]","['70105', '51240', '31693', '40679', '46660']",40679,1. **Different floorplan:** A,"1. **Different floorplan:** A
2. **Why:** Floorplan A has a unique layout compared to the others. It features a central hallway with a T-shaped configuration, which is distinct from the more rectangular and symmetrical layouts of the other floorplans. The presence of a large common room at the center and the positioning of the main entrance in the middle of this room further differentiate it from the other plans, where the main entrance is typically located at one end of the building."
"[7, 1]","[17, 18]","['17550', '12421', '16951', '51240', '3536']",51240,1. **Different floorplan:** E,"1. **Different floorplan:** E
2. **Why:** Floorplan E has a unique layout compared to the others. It features a large open space that spans across the entire width of the floorplan, which is not present in the other floorplans. This open space is likely designed as a living area or a combined living-dining space, but it lacks the distinct rooms like bathrooms, kitchens, and storage areas that are typically found in the other floorplans. The other floorplans have more defined sections with clear boundaries between different room types, making them easier to identify and compare."
"[7, 1]","[17, 5]","['3536', '16951', '33045', '17550', '12421']",33045,1. **Different floorplan:** B,"1. **Different floorplan:** B
2. **Why:** Floorplan B has a unique arrangement where the master room (#FFA500) is positioned in the center, surrounded by a common room (#FFD700), a living room (#EEE8AA), and a balcony (#6B8E23). This central placement of the master room is not seen in the other floorplans, which typically have the master room either at one end or in a corner. Additionally, the presence of a separate dining area (#DA70D6) in B, which is not present in the other floorplans, further distinguishes it."
"[17, 18]","[7, 20]","['70105', '2277', '21408', '6955', '21543']",2277,1. **Different floorplan:** B,"1. **Different floorplan:** B
2. **Why:** Floorplan B has a unique arrangement where the master room (#FFA500) is positioned in a way that it does not align with the typical central placement seen in the other floorplans. Additionally, the kitchen (#F08080) and dining area (#DA70D6) are placed in a manner that differs from the others, creating a distinct pattern."
"[17, 21]","[7, 22]","['9795', '40487', '62549', '78147', '79411']",79411,1. **Different floorplan:** E,"1. **Different floorplan:** E
2. **Why:** Floorplan E has a unique arrangement where the living room and dining area are positioned in a way that they do not align with the typical layout seen in the other four floorplans. In contrast, the other four floorplans have a more consistent layout where the living room and dining area are adjacent and follow a similar pattern. Floorplan E's layout appears to be more scattered and less uniform compared to the others."
"[7, 1]","[17, 18]","['51240', '53652', '3536', '12421', '16951']",51240,1. **Different floorplan:** C,"1. **Different floorplan:** C
2. **Why:** Floorplan C has a distinct arrangement of rooms compared to the others. It features a large central room with a smaller room attached to it, which is not present in the other floorplans. The other floorplans have more symmetrical and interconnected layouts, with multiple rooms of similar size and shape. Floorplan C's unique central room and attached smaller room set it apart from the rest."
"[17, 18]","[7, 3]","['51240', '75828', '31693', '66316', '46660']",75828,1. **Different floorplan:** B,"1. **Different floorplan:** B
2. **Why:** Floorplan B has a unique arrangement where the master room (#FFA500) is positioned in a way that it does not align with the typical central placement seen in the other floorplans. In contrast, the other floorplans have the master room centrally located, which suggests a more symmetrical and standard layout. Additionally, the positioning of the common room (#FFD700) and the living room (#EEE8AA) in relation to the entrance and the rest of the floor plan differs from the others, indicating a distinct pattern."
"[17, 21]","[7, 3]","['69704', '62549', '40487', '75828', '78147']",75828,1. **Different floorplan:** D,"1. **Different floorplan:** D
2. **Why:** Floorplan D has a unique arrangement where the master room (#FFA500) is positioned in the center, surrounded by other rooms, which is not typical in the other floorplans. In contrast, the other floorplans have the master room either at one end or in a corner, with the rest of the rooms distributed around it in a more symmetrical manner. This central placement of the master room in D stands out as the distinguishing feature."
"[7, 1]","[17, 5]","['3536', '53652', '12376', '72055', '17550']",72055,1. **Different floorplan:** B,"1. **Different floorplan:** B
2. **Why:** Floorplan B has a unique arrangement where the master room (#FFA500) is positioned in a way that it does not align with the typical central placement seen in the other floorplans. Additionally, the living room (#EEE8AA) and common room (#FFD700) are placed in a manner that differs from the symmetrical and consistent patterns observed in A, C, D, and E. The presence of the balcony (#6B8E23) and bathroom (#ADD8E6) also contributes to the distinct layout, making B stand out as having a different underlying pattern compared to the others."
"[17, 18]","[7, 22]","['31693', '21408', '51240', '21543', '23132']",23132,1. **Different floorplan:** E,"1. **Different floorplan:** E
2. **Why:** Floorplan E has a unique configuration where the living room and kitchen are directly adjacent without any intervening space, which is not present in the other floorplans. In contrast, floorplans A, B, C, and D all have a common pattern where the living room and kitchen are separated by at least one other room type, typically a storage or dining area. This distinct arrangement makes floorplan E stand out from the others."
"[17, 21]","[7, 1]","['12421', '69704', '40487', '78147', '9795']",12421,1. **Different floorplan:** A,"1. **Different floorplan:** A
2. **Why:** Floorplan A has a unique arrangement where the common room (yellow) is directly adjacent to the master room (orange) without any intervening space, which is not observed in the other floorplans. In contrast, all other floorplans have a clear separation between the common room and the master room by at least one other room type, such as a living room or a balcony. This distinct adjacency in A sets it apart from the others."
"[17, 21]","[7, 1]","['9795', '12376', '69704', '62549', '62454']",12376,1. **Different floorplan:** E,"1. **Different floorplan:** E
2. **Why:** Floorplan E has a unique arrangement where the master room (#FFA500) is positioned in the upper right corner, which is not typical in the other floorplans. In contrast, the other floorplans have the master room in the lower left or central position, maintaining a more consistent layout. Additionally, the placement of the common room (#FFD700) and the living room (#EEE8AA) also differs significantly from the others, making E stand out with a different underlying pattern."
"[17, 18]","[7, 1]","['46660', '21543', '6955', '66316', '16951']",16951,1. **Different floorplan:** E,"1. **Different floorplan:** E
2. **Why:** Floorplan E has a distinct arrangement of rooms compared to the others. It features a single large room with a smaller room attached to it, which is not present in the other floorplans. The other floorplans have more complex layouts with multiple interconnected rooms, making them more similar to each other."
"[17, 18]","[7, 20]","['6955', '46660', '66935', '54372', '66316']",54372,1. **Different floorplan:** D,"1. **Different floorplan:** D
2. **Why:** Floorplan D has a unique arrangement where the master room (#FFA500) is positioned in a way that it does not align with the common room (#FFD700) in the same vertical line as seen in the other floorplans. This suggests a different underlying pattern compared to A, B, C, and E, which all have the master room directly above the common room."
"[17, 21]","[7, 1]","['40487', '3536', '62454', '78147', '62549']",3536,1. **Different floorplan:** B,"1. **Different floorplan:** B
2. **Why:** Floorplan B has a unique arrangement where the living room (yellow) is directly connected to the master room (orange) without any intervening space, which is not seen in the other floorplans. In contrast, all other floorplans have a clear separation between the living room and the master room by at least one other room type, such as a common room or a balcony. This direct connection makes floorplan B stand out from the others."
"[7, 20]","[17, 18]","['54372', '70105', '2425', '2277', '55305']",70105,1. **Different floorplan:** B,"1. **Different floorplan:** B
2. **Why:** Floorplan B has a unique arrangement where the master room (#FFA500) is positioned in a way that it does not align with the typical central placement seen in the other floorplans. Additionally, the living room (#EEE8AA) and common room (#FFD700) are placed in a manner that differs from the symmetrical and consistent patterns observed in A, C, D, and E. The presence of a balcony (#6B8E23) at the bottom right corner also stands out as an unusual feature compared to the other floorplans."
"[7, 1]","[17, 21]","['10825', '69704', '12421', '12376', '3536']",69704,1. **Different floorplan:** E,"1. **Different floorplan:** E
2. **Why:** Floorplan E has a distinct layout compared to the others. It features a large open space that spans across the entire width of the floorplan, which is not present in the other floorplans. This open space is likely designed as a living area or a combined living-dining space, whereas the other floorplans have more compartmentalized spaces with clear boundaries between rooms. Additionally, the presence of a single large balcony in E also sets it apart from the others, which typically have multiple smaller balconies or no balcony at all."
"[17, 18]","[7, 20]","['21543', '70105', '31693', '21408', '55305']",55305,1. **Different floorplan:** E,"1. **Different floorplan:** E
2. **Why:** Floorplan E has a distinct arrangement of rooms compared to the others. It features a central rectangular area with smaller rooms branching off in a more linear fashion, which differs from the more complex and varied layouts of the other floorplans. The other floorplans have more intricate patterns with multiple interconnected spaces, whereas E has a simpler, more straightforward design."
"[17, 18]","[7, 1]","['66935', '16951', '6955', '46660', '31693']",16951,1. **Different floorplan:** B,"1. **Different floorplan:** B
2. **Why:** Floorplan B has a unique arrangement where the master room (#FFA500) is positioned in the center, surrounded by other rooms, which is not typical in the other floorplans. The other floorplans have the master room either in a corner or along one side, making B stand out with its central placement."
"[7, 1]","[17, 21]","['12376', '3536', '17550', '78147', '10825']",78147,1. **Different floorplan:** B,"1. **Different floorplan:** B
2. **Why:** Floorplan B has a unique configuration where the master room (#FFA500) is positioned in a way that it does not align with the typical layout seen in the other floorplans. In contrast, the other floorplans (A, C, D, and E) have the master room (#FFA500) consistently placed in a similar position relative to the common room (#FFD700), living room (#EEE8AA), and other rooms. Floorplan B deviates from this pattern by having the master room in a different location, which suggests a different underlying floorplan pattern."
"[17, 18]","[7, 1]","['51240', '66316', '31693', '21543', '8109']",8109,1. **Different floorplan:** E,"1. **Different floorplan:** E
2. **Why:** Floorplan E has a unique arrangement where the living room and dining area are directly adjacent without any intervening space, which is not observed in the other floorplans. In contrast, floorplans A, B, C, and D all have a common pattern where the living room and dining area are separated by a hallway or another room, creating a more traditional flow from the entrance into the living and dining areas."
"[7, 1]","[17, 21]","['12421', '9795', '53652', '8109', '10825']",9795,1. **Different floorplan:** E,"1. **Different floorplan:** E
2. **Why:** Floorplan E has a unique arrangement where the master room (#FFA500) is positioned in a way that it does not align with the typical central placement seen in the other floorplans. In contrast, the other floorplans have the master room centrally located, which is a common pattern in residential designs. Additionally, the distribution of other rooms around the master room in E is less symmetrical compared to the others, suggesting a different underlying pattern."
"[7, 1]","[17, 5]","['12376', '17550', '3536', '10825', '7913']",7913,1. **Different floorplan:** C,"1. **Different floorplan:** C
2. **Why:** Floorplan C has a unique arrangement where the master room (#FFA500) is positioned in the center, surrounded by a large common room (#FFD700) and a smaller balcony (#6B8E23). This central placement of the master room with a surrounding common area and balcony is distinct from the other floorplans, which typically have the master room either at one end or centrally located but not surrounded by such a configuration. Additionally, the layout of the other rooms (living room, dining, kitchen, and storage) in relation to the master room in C differs significantly from the more linear or symmetrical arrangements seen in A, B, D, and E."
"[7, 1]","[17, 18]","['51240', '8109', '17550', '12376', '3536']",51240,1. **Different floorplan:** E,"1. **Different floorplan:** E
2. **Why:** Floorplan E has a unique arrangement where the living room and dining area are directly adjacent without any intervening space, which is not observed in the other floorplans. In contrast, floorplans A, B, C, and D all have a common pattern where the living room and dining area are separated by a hallway or another room type, such as a kitchen or storage. This distinct layout makes floorplan E stand out from the others."
"[17, 21]","[7, 1]","['40487', '69704', '9795', '62549', '8109']",8109,1. **Different floorplan:** E,"1. **Different floorplan:** E
2. **Why:** Floorplan E has a unique arrangement where the master room (#FFA500) is positioned in a way that it does not align with the typical central placement seen in the other floorplans. In contrast, the other floorplans have the master room centrally located, which suggests a more symmetrical and standard layout. Additionally, the positioning of the common room (#FFD700) and the living room (#EEE8AA) in relation to the entrance and the rest of the rooms also differs from the others, indicating a distinct pattern."
"[7, 1]","[17, 18]","['21543', '8109', '17550', '16951', '53652']",21543,1. **Different floorplan:** A,"1. **Different floorplan:** A
2. **Why:** Floorplan A has a unique arrangement of rooms compared to the others. It features a central common room with multiple smaller rooms branching off from it, which is not present in the other floorplans. The other floorplans have more uniform layouts with fewer variations in room types and sizes."
"[17, 18]","[7, 22]","['21543', '23132', '6955', '66316', '51240']",23132,1. **Different floorplan:** B,"1. **Different floorplan:** B
2. **Why:** Floorplan B has a distinct pattern where the main entrance leads directly into a large open space that appears to be a living room, which then branches out into smaller rooms. In contrast, the other floorplans (A, C, D, and E) all have a more symmetrical and structured layout with clear pathways leading from the entrance to various rooms, including a master room, common room, and storage areas. Floorplan B's layout is less symmetrical and more open, making it stand out as having a different underlying pattern compared to the others."
"[7, 1]","[17, 18]","['53652', '3536', '66935', '12376', '10825']",66935,1. **Different floorplan:** E,"1. **Different floorplan:** E
2. **Why:** Floorplan E has a unique arrangement where the living room and dining area are directly adjacent without any intervening space, which is not observed in the other floorplans. In contrast, floorplans A, B, C, and D all have a more traditional layout with a corridor separating the living room from the dining area. This distinct feature makes floorplan E stand out as having a different underlying pattern compared to the others."
"[17, 21]","[7, 1]","['62549', '9795', '40487', '78147', '16951']",16951,1. **Different floorplan:** B,"1. **Different floorplan:** B
2. **Why:** Floorplan B has a unique arrangement where the master room (#FFA500) is positioned in a way that it does not align with the typical central placement seen in the other floorplans. Additionally, the kitchen (#F08080) is located at the far end of the floorplan, which is less common compared to the other floorplans where the kitchen is usually closer to the entrance. This distinct placement makes floorplan B stand out from the others."
"[7, 1]","[17, 21]","['78147', '10825', '12376', '16951', '8109']",78147,1. **Different floorplan:** B,"1. **Different floorplan:** B
2. **Why:** Floorplan B has a unique arrangement where the master room (#FFA500) is positioned in the center, surrounded by a common room (#FFD700), a living room (#EEE8AA), and a balcony (#6B8E23). This central placement of the master room is not seen in the other floorplans, which typically have the master room either at one end or centrally but not surrounded by other rooms in this specific configuration."
"[17, 18]","[7, 20]","['66935', '46660', '70105', '55305', '21408']",55305,1. **Different floorplan:** C,"1. **Different floorplan:** C
2. **Why:** Floorplan C has a unique layout compared to the others. It features a central hallway with rooms branching off in a more linear fashion, whereas the other floorplans have a more complex and interconnected layout with multiple pathways and rooms. This central hallway structure sets it apart from the rest."
"[7, 1]","[17, 21]","['3536', '16951', '8109', '17550', '9795']",9795,1. **Different floorplan:** E,"1. **Different floorplan:** E
2. **Why:** Floorplan E has a unique arrangement where the master room (#FFA500) is positioned in a way that it does not align with the typical central placement seen in the other floorplans. In contrast, the other floorplans have the master room centrally located, which is a common pattern in residential designs. Additionally, the layout of the common rooms and living areas in E differs significantly from the others, suggesting a different underlying pattern."
"[7, 1]","[17, 21]","['40487', '8109', '16951', '17550', '12376']",40487,1. **Different floorplan:** B,"1. **Different floorplan:** B
2. **Why:** Floorplan B has a unique arrangement where the master room (#FFA500) is positioned in a way that it does not align with the typical central placement seen in the other floorplans. In contrast, the other floorplans have the master room centrally located, which suggests a more symmetrical and standard layout. Additionally, the positioning of the common room (#FFD700) and the living room (#EEE8AA) in relation to the entrance and the rest of the rooms also differs from the others, indicating a distinct pattern."
"[17, 18]","[7, 20]","['31693', '2425', '6955', '46660', '51240']",2425,1. **Different floorplan:** B,"1. **Different floorplan:** B
2. **Why:** Floorplan B has a unique arrangement where the master room (#FFA500) is positioned in a way that it does not align with the typical central placement seen in the other floorplans. In contrast, the other floorplans have the master room centrally located, which suggests a more symmetrical and standard layout. Additionally, the positioning of the common room (#FFD700) and the living room (#EEE8AA) in relation to the entrance and the rest of the floor plan in B differs from the others, indicating a different underlying pattern."
"[17, 18]","[7, 3]","['6955', '70105', '21408', '52457', '66935']",52457,1. **Different floorplan:** D,"1. **Different floorplan:** D
2. **Why:** Floorplan D has a distinct layout compared to the others. It features a long, narrow design with a single large room stretching across the width of the floorplan, which is not present in the other floorplans. The other floorplans have more varied and complex layouts with multiple rooms of varying sizes and shapes, making them more symmetrical and interconnected. Floorplan D stands out due to its elongated and singular room configuration, which is unique among the group."
"[17, 21]","[7, 1]","['62549', '69704', '78147', '8109', '9795']",8109,1. **Different floorplan:** D,"1. **Different floorplan:** D
2. **Why:** Floorplan D has a unique arrangement where the master room (#FFA500) is positioned in a way that it does not align with the typical central placement seen in the other floorplans. In contrast, the other floorplans have the master room centrally located, which suggests a more symmetrical and standard layout. Additionally, the positioning of the common room (#FFD700) and the living room (#EEE8AA) in relation to the entrance and the rest of the rooms also differs from the others, indicating a distinct pattern."
"[7, 22]","[17, 18]","['6955', '23132', '31113', '79411', '40679']",6955,1. **Different floorplan:** D,"1. **Different floorplan:** D
2. **Why:** Floorplan D has a unique arrangement where the kitchen and dining areas are directly adjacent without any intervening space, which is not present in the other floorplans. In contrast, the other floorplans have more distinct and varied layouts with clear separations between different room types."
"[17, 21]","[7, 22]","['9795', '40487', '23132', '62549', '69704']",23132,1. **Different floorplan:** C,"1. **Different floorplan:** C
2. **Why:** Floorplan C has a unique arrangement where the master room (#FFA500) is positioned in the center, surrounded by a common room (#FFD700), a living room (#EEE8AA), and a balcony (#6B8E23). This central placement of the master room is distinct from the other floorplans, which typically have the master room either at one end or centrally located but not surrounded by other rooms in this specific manner. Additionally, the spatial distribution of the other rooms around the master room in C is more compact compared to the other floorplans, suggesting a different underlying pattern."
"[17, 18]","[7, 1]","['6955', '21543', '10825', '51240', '46660']",10825,1. **Different floorplan:** C,"1. **Different floorplan:** C
2. **Why:** Floorplan C has a distinct arrangement of rooms compared to the others. It features a central rectangular area with a smaller room attached to one side, which is not present in the other floorplans. The rest of the floorplans have a more symmetrical and interconnected layout, with multiple rooms branching off from a central area, whereas C has a unique configuration that sets it apart."
"[7, 1]","[17, 18]","['17550', '53652', '21408', '16951', '12376']",21408,1. **Different floorplan:** C,"1. **Different floorplan:** C
2. **Why:** Floorplan C has a unique arrangement where the master room (#FFA500) is positioned in the center, surrounded by a common room (#FFD700), a living room (#EEE8AA), and a balcony (#6B8E23). This central placement of the master room is distinct from the other floorplans, which typically place the master room either at one end or in a corner. Additionally, the kitchen (#F08080) and dining (#DA70D6) areas are located in separate sections, with the kitchen being closer to the entrance and the dining area further inside, which is not mirrored in the other floorplans."
"[7, 1]","[17, 21]","['17550', '3536', '8109', '62454', '12421']",62454,1. **Different floorplan:** E,"1. **Different floorplan:** E
2. **Why:** Floorplan E has a unique arrangement where the master room (#FFA500) is positioned in a way that it does not align with the typical central placement seen in the other floorplans. Additionally, the kitchen (#F08080) is located at the far end of the floorplan, which is less common compared to the other floorplans where the kitchen is usually closer to the entrance. This distinct positioning makes E stand out from the others."
"[17, 18]","[7, 22]","['31693', '23132', '66935', '51240', '6955']",23132,1. **Different floorplan:** E,"1. **Different floorplan:** E
2. **Why:** Floorplan E has an additional room (pink-colored room) that is not present in any of the other floorplans. This extra room disrupts the uniformity of the underlying pattern shared by A, B, C, and D, which all have a consistent layout without this additional room."
"[7, 1]","[17, 18]","['3536', '21543', '12421', '12376', '53652']",21543,1. **Different floorplan:** E,"1. **Different floorplan:** E
2. **Why:** Floorplan E has a unique arrangement where the living room and dining area are directly adjacent without any intervening space, which is not observed in the other floorplans. In contrast, floorplans A, B, C, and D all have a more traditional layout with a corridor separating the living room from the dining area."
"[17, 18]","[7, 3]","['51240', '64781', '66316', '66935', '31693']",64781,1. **Different floorplan:** E,"1. **Different floorplan:** E
2. **Why:** Floorplan E has a unique arrangement where the master room (#FFA500) is positioned in a way that it does not align with the typical central placement seen in the other floorplans. In contrast, the other floorplans have the master room centrally located, which is a common pattern in apartment designs. Additionally, the layout of the common rooms and living areas in floorplan E differs from the others, suggesting a different underlying pattern."
"[7, 1]","[17, 21]","['8109', '78147', '17550', '12376', '12421']",78147,1. **Different floorplan:** E,"1. **Different floorplan:** E
2. **Why:** Floorplan E has a unique arrangement where the master room (#FFA500) is positioned in a way that it does not align with the typical central placement seen in the other floorplans. In contrast, the other floorplans have the master room centrally located, which suggests a more symmetrical and standard layout. Floorplan E's master room is placed off-center, making it stand out from the others."
"[17, 21]","[7, 1]","['9795', '17550', '62454', '62549', '40487']",17550,1. **Different floorplan:** C,"1. **Different floorplan:** C
2. **Why:** Floorplan C has a unique arrangement where the master room (#FFA500) is positioned in the center, surrounded by a common room (#FFD700) and a balcony (#6B8E23). This central placement of the master room is distinct from the other floorplans, which typically place the master room either at one end or in a corner. Additionally, the layout of the common room and balcony around the master room in C creates a more symmetrical and centered design compared to the others, which have more varied and asymmetrical arrangements."
"[17, 18]","[7, 3]","['31693', '51240', '66316', '70105', '64781']",64781,1. **Different floorplan:** D,"1. **Different floorplan:** D
2. **Why:** Floorplan D has a unique arrangement where the kitchen is located in the top right corner, which is not typical compared to the other floorplans. In contrast, the other floorplans have the kitchen positioned more centrally or towards the bottom left, making D stand out with its distinct placement."
"[17, 18]","[7, 1]","['12376', '51240', '31693', '66935', '21543']",12376,1. **Different floorplan:** E,"1. **Different floorplan:** E
2. **Why:** Floorplan E has a unique arrangement where the master room (#FFA500) is positioned in the upper right corner, which is not typical in the other floorplans. In contrast, the other floorplans have the master room in more central positions, either directly above or adjacent to the living room (#EEE8AA). This distinct placement makes E stand out from the others."
"[7, 1]","[17, 21]","['16951', '12421', '40487', '3536', '53652']",40487,1. **Different floorplan:** E,"1. **Different floorplan:** E
2. **Why:** Floorplan E has a unique arrangement where the living room and dining area are directly adjacent without any intervening space, which is not observed in the other floorplans. In contrast, the other floorplans have a more traditional layout with hallways or additional spaces separating the living and dining areas."
"[17, 21]","[7, 20]","['62454', '9795', '2277', '78147', '69704']",2277,1. **Different floorplan:** C,"1. **Different floorplan:** C
2. **Why:** Floorplan C has a unique configuration where the master room (#FFA500) is positioned in the center and extends into the living room (#EEE8AA), which is not typical in the other floorplans. In contrast, the other floorplans have the master room (#FFA500) either adjacent to or directly connected to the living room (#EEE8AA) without such an extended central placement. This distinctive feature makes C stand out from the others."
"[7, 1]","[17, 5]","['7913', '12421', '12376', '16951', '3536']",7913,1. **Different floorplan:** E,"1. **Different floorplan:** E
2. **Why:** Floorplan E has a unique arrangement where the living room and dining area are directly adjacent without any intervening space, which is not observed in the other floorplans. In contrast, floorplans A, B, C, and D all have a more traditional layout with a corridor separating the living room from the dining area."
"[17, 18]","[7, 22]","['70105', '21408', '66316', '31693', '23132']",23132,1. **Different floorplan:** A,"1. **Different floorplan:** A
2. **Why:** Floorplan A has a unique layout compared to the others. It features an irregular shape with multiple protrusions and recesses, which deviates from the more uniform and symmetrical designs of the other floorplans (B, C, D, and E). The presence of a large common room and a smaller master room in a non-standard configuration makes it stand out. In contrast, the other floorplans have simpler, more consistent layouts with fewer variations in room sizes and shapes."
"[7, 1]","[17, 5]","['8109', '10825', '3536', '16951', '50221']",50221,1. **Different floorplan:** C,"1. **Different floorplan:** C
2. **Why:** Floorplan C has a unique arrangement where the master room (#FFA500) is positioned in the center, surrounded by a common room (#FFD700), a living room (#EEE8AA), and a balcony (#6B8E23). This central placement of the master room is distinct from the other floorplans, which typically have the master room either at one end or centrally located but not surrounded by other rooms in this specific manner. Additionally, the spatial distribution of the other rooms around the master room in C is more compact compared to the other floorplans, suggesting a different underlying pattern."
"[7, 1]","[17, 21]","['62454', '10825', '17550', '3536', '53652']",62454,1. **Different floorplan:** E,"1. **Different floorplan:** E
2. **Why:** Floorplan E has a unique arrangement where the master room (#FFA500) is positioned in a way that it does not align with the typical central placement seen in the other floorplans. In contrast, the other floorplans have the master room centrally located, which is a common pattern in residential designs. Additionally, the layout of the common rooms and living areas in E differs significantly from the others, suggesting a different underlying pattern."
"[7, 1]","[17, 21]","['12421', '78147', '12376', '16951', '53652']",78147,1. **Different floorplan:** E,"1. **Different floorplan:** E
2. **Why:** Floorplan E has a unique arrangement where the master room (#FFA500) is positioned in a way that it does not align with the typical central placement seen in the other floorplans. Additionally, the kitchen (#F08080) is located at the far end of the floorplan, which is less common compared to the other floorplans where the kitchen is usually closer to the entrance. This distinct positioning makes E stand out from the others."
"[17, 18]","[7, 20]","['46660', '31693', '70105', '2277', '21543']",2277,1. **Different floorplan:** C,"1. **Different floorplan:** C
2. **Why:** Floorplan C has a distinct layout compared to the others. It features a central hallway with rooms branching off in a more linear fashion, whereas the other floorplans have a more complex and interconnected layout with multiple pathways and rooms. This difference in the overall flow and connectivity of spaces makes it stand out as having a different underlying pattern."
"[17, 18]","[7, 3]","['66316', '66935', '31693', '70105', '61767']",61767,1. **Different floorplan:** D,"1. **Different floorplan:** D
2. **Why:** Floorplan D has a unique arrangement where the master room (#FFA500) is positioned in a way that it does not align with the typical central placement seen in the other floorplans. Additionally, the kitchen (#F08080) is located in an unusual position compared to the others, which suggests a different underlying pattern."
"[7, 1]","[17, 5]","['3536', '53652', '33045', '12421', '17550']",33045,1. **Different floorplan:** B,"1. **Different floorplan:** B
2. **Why:** Floorplan B has a unique arrangement where the master room (#FFA500) is positioned in a way that it does not align with the typical central placement seen in the other floorplans. Additionally, the living room (#EEE8AA) and common room (#FFD700) are placed in a manner that differs from the symmetrical and consistent patterns observed in A, C, D, and E. The presence of the balcony (#6B8E23) and bathroom (#ADD8E6) also contributes to the distinct layout, making B stand out as having a different underlying pattern compared to the others."
"[17, 21]","[7, 1]","['17550', '69704', '62454', '62549', '78147']",17550,1. **Different floorplan:** D,"1. **Different floorplan:** D
2. **Why:** Floorplan D has a unique arrangement where the master room (#FFA500) is positioned in a way that it does not align with the typical central placement seen in the other floorplans. In contrast, the other floorplans have the master room centrally located, which suggests a more symmetrical and standard layout. Additionally, the positioning of the common room (#FFD700) and the living room (#EEE8AA) in relation to the entrance and the rest of the rooms also differs from the others, indicating a distinct pattern."
"[7, 1]","[17, 18]","['6955', '10825', '12376', '8109', '12421']",6955,1. **Different floorplan:** E,"1. **Different floorplan:** E
2. **Why:** Floorplan E has a unique arrangement where the master room (#FFA500) is positioned in a way that it does not align with the typical central placement seen in the other floorplans. In contrast, the other floorplans have the master room centrally located, which is a common pattern in apartment designs. Additionally, the layout of the common rooms and living areas in E differs significantly from the others, suggesting a different underlying pattern."
"[17, 18]","[7, 20]","['6955', '21543', '2277', '51240', '66935']",2277,1. **Different floorplan:** C,"1. **Different floorplan:** C
2. **Why:** Floorplan C has a distinct arrangement of rooms compared to the others. It features a central hallway with a master room directly connected to it, which is not present in the other floorplans. The other floorplans have more symmetrical layouts with multiple rooms branching off from a central area, whereas C has a unique central hallway configuration."
"[17, 18]","[7, 22]","['21408', '46660', '51240', '6955', '31113']",31113,1. **Different floorplan:** E,"1. **Different floorplan:** E
2. **Why:** Floorplan E has a distinct layout compared to the others. It features a single large room with a balcony attached to one side, which is not present in the other floorplans. The remaining floorplans (A, B, C, and D) all have a more complex arrangement with multiple rooms and a consistent pattern of common areas, bathrooms, and kitchens. Floorplan E's simplicity and unique addition of a balcony set it apart from the rest."
"[7, 1]","[17, 5]","['53652', '3536', '12376', '12421', '7913']",7913,1. **Different floorplan:** B,"1. **Different floorplan:** B
2. **Why:** Floorplan B has a distinct layout compared to the others. It features a large central open space with a smaller room attached to one side, which is not present in the other floorplans. The other floorplans have more symmetrical and interconnected layouts, with multiple rooms of similar size and arrangement around a central core. Floorplan B's unique central open space and attached smaller room set it apart from the rest."
"[17, 18]","[7, 20]","['46660', '21408', '66935', '6955', '55305']",55305,1. **Different floorplan:** E,"1. **Different floorplan:** E
2. **Why:** Floorplan E has a distinct arrangement of rooms compared to the others. It features a central open space with multiple smaller rooms branching off, which is not present in the other floorplans. The other floorplans have more symmetrical layouts with larger, contiguous spaces."
"[17, 21]","[7, 1]","['62549', '40487', '17550', '69704', '62454']",17550,1. **Different floorplan:** C,"1. **Different floorplan:** C
2. **Why:** Floorplan C has a unique arrangement where the master room (#FFA500) is positioned in the center, surrounded by a common room (#FFD700), a living room (#EEE8AA), and a balcony (#6B8E23). This central placement of the master room is distinct from the other floorplans, which typically place the master room either at one end or in a corner. Additionally, the spatial distribution of the other rooms around the master room in C is more symmetrical compared to the other floorplans, which have more varied and less symmetrical layouts."
"[17, 18]","[7, 1]","['46660', '6955', '16951', '21408', '31693']",16951,1. **Different floorplan:** C,"1. **Different floorplan:** C
2. **Why:** Floorplan C has a distinct arrangement of rooms compared to the others. It features a single large room with a smaller room attached to it, which is not present in the other floorplans. The other floorplans have more complex layouts with multiple interconnected rooms, making them more uniform in their design."
"[17, 18]","[7, 3]","['31693', '70105', '64781', '21408', '21543']",64781,1. **Different floorplan:** B,"1. **Different floorplan:** B
2. **Why:** Floorplan B has a unique arrangement of rooms compared to the others. It features a central hallway with a staircase leading up to an upper level, which is not present in the other floorplans. The other floorplans have more symmetrical layouts with no visible staircases or upper levels."
"[17, 21]","[7, 20]","['9795', '54372', '69704', '40487', '62454']",54372,1. **Different floorplan:** D,"1. **Different floorplan:** D
2. **Why:** Floorplan D has a unique arrangement where the master room (#FFA500) is positioned in a way that it does not align with the typical central placement seen in the other floorplans. In contrast, the other floorplans have the master room centrally located, which suggests a more symmetrical and standard layout. Additionally, the positioning of the common room (#FFD700) and the living room (#EEE8AA) in relation to the entrance and the rest of the rooms also differs from the others, indicating a distinct pattern."
"[7, 1]","[17, 18]","['51240', '17550', '10825', '12421', '3536']",51240,1. **Different floorplan:** E,"1. **Different floorplan:** E
2. **Why:** Floorplan E has a unique arrangement where the living room and dining area are directly adjacent without any intervening space, which is not observed in the other floorplans. In contrast, floorplans A, B, C, and D all have a more traditional layout with a corridor separating the living room from the dining area."
"[7, 1]","[17, 5]","['12376', '3536', '53652', '8109', '7913']",7913,1. **Different floorplan:** E,"1. **Different floorplan:** E
2. **Why:** Floorplan E has a distinct arrangement where the common room and living room are directly adjacent without any intervening space, which is not observed in the other floorplans. In contrast, floorplans A, B, C, and D all have a more traditional layout with a corridor separating the common room from the living room."
"[17, 18]","[7, 3]","['21408', '6955', '75828', '70105', '46660']",75828,1. **Different floorplan:** C,"1. **Different floorplan:** C
2. **Why:** Floorplan C has a distinct layout compared to the others. It features a central hallway with rooms branching off in a more linear fashion, whereas the other floorplans have a more complex and interconnected layout with multiple pathways and rooms. This difference in the spatial arrangement makes it stand out from the rest."
"[17, 21]","[7, 3]","['52457', '40487', '69704', '62549', '62454']",52457,1. **Different floorplan:** A,"1. **Different floorplan:** A
2. **Why:** Floorplan A has a unique arrangement where the common room (yellow) is directly adjacent to the master room (orange) without any intervening space, which is not observed in the other floorplans. In contrast, all other floorplans have a clear separation between the common room and the master room by at least one other room type, such as a living room or a balcony. This distinct adjacency makes floorplan A stand out from the others."
"[7, 1]","[17, 18]","['12421', '51240', '53652', '8109', '16951']",51240,1. **Different floorplan:** C,"1. **Different floorplan:** C
2. **Why:** Floorplan C has a unique arrangement where the master room (#FFA500) is positioned in a way that it does not align with the typical central placement seen in the other floorplans. Additionally, the kitchen (#F08080) is located at an unusual position compared to the standard layout, which suggests a different underlying pattern."
"[17, 21]","[7, 22]","['79411', '40487', '69704', '62454', '9795']",79411,1. **Different floorplan:** B,"1. **Different floorplan:** B
2. **Why:** Floorplan B has a unique arrangement where the master room (#FFA500) is positioned in a way that it does not align with the typical central placement seen in the other floorplans. Additionally, the living room (#EEE8AA) and common room (#FFD700) are placed in a manner that differs from the symmetrical and consistent patterns observed in A, C, D, and E. The presence of the balcony (#6B8E23) and the positioning of the dining area (#DA70D6) also contribute to the distinctiveness of floorplan B."
"[17, 21]","[7, 22]","['78147', '69704', '79411', '62549', '62454']",79411,1. **Different floorplan:** C,"1. **Different floorplan:** C
2. **Why:** Floorplan C has a unique arrangement where the living room and common room are adjacent but not directly connected by a door, unlike the other floorplans which have direct connections between these rooms. This suggests a different underlying pattern compared to A, B, D, and E, where the living room and common room are typically connected by a door."
"[17, 21]","[7, 3]","['78147', '62454', '62549', '40487', '52457']",52457,1. **Different floorplan:** E,"1. **Different floorplan:** E
2. **Why:** Floorplan E has a completely different layout compared to the others. It features a single large open space with no distinct rooms, unlike the other floorplans which have clearly defined rooms such as living rooms, bedrooms, kitchens, and bathrooms. The other floorplans maintain a consistent pattern of having multiple rooms separated by walls, whereas E lacks this division."
"[17, 18]","[7, 1]","['70105', '46660', '6955', '66316', '8109']",8109,1. **Different floorplan:** E,"1. **Different floorplan:** E
2. **Why:** Floorplan E has a distinct arrangement of rooms compared to the others. It features a central hallway with a staircase leading up, which is not present in the other floorplans. Additionally, the distribution of room types and their relative sizes differs significantly from the others, making it stand out as having a different underlying pattern."
"[17, 21]","[7, 22]","['40487', '62549', '62454', '9795', '23132']",23132,1. **Different floorplan:** E,"1. **Different floorplan:** E
2. **Why:** Floorplan E has a unique arrangement where the living room is positioned at the top right corner, which is not seen in the other floorplans. All other floorplans have the living room either in the center or towards the bottom left, with the master room typically adjacent to it. Floorplan E's layout deviates from this standard pattern by placing the living room in an unusual position, making it stand out as having a different underlying pattern."
"[17, 18]","[7, 20]","['2277', '66935', '70105', '6955', '21408']",2277,1. **Different floorplan:** C,"1. **Different floorplan:** C
2. **Why:** Floorplan C has a distinct layout compared to the others. It features a central hallway with rooms branching off in a more linear fashion, whereas the other floorplans have a more complex and interconnected layout with multiple pathways and rooms. This difference in the overall flow and arrangement of spaces makes it stand out as having a different underlying pattern."
"[7, 1]","[17, 5]","['12421', '7913', '17550', '8109', '16951']",7913,1. **Different floorplan:** E,"1. **Different floorplan:** E
2. **Why:** Floorplan E has a unique arrangement where the master room (#FFA500) is positioned in a way that it does not align with the typical central placement seen in the other floorplans. In contrast, the other floorplans have the master room centrally located, which is a common pattern in residential designs. Additionally, the distribution of other rooms such as the common room (#FFD700), living room (#EEE8AA), and kitchen (#F08080) also differs significantly from the others, suggesting a different underlying pattern."
"[17, 21]","[7, 20]","['2277', '69704', '62454', '40487', '62549']",2277,1. **Different floorplan:** A,"1. **Different floorplan:** A
2. **Why:** Floorplan A has a unique arrangement of rooms compared to the others. It features a central common room with multiple smaller rooms branching off from it, which is not present in the other floorplans. The other floorplans have more uniform layouts with fewer variations in room types and sizes."
"[17, 18]","[7, 20]","['54372', '6955', '21543', '66316', '21408']",54372,1. **Different floorplan:** B,"1. **Different floorplan:** B
2. **Why:** Floorplan B has a unique arrangement where the master room (#FFA500) is positioned in the center, surrounded by common rooms (#FFD700), living rooms (#EEE8AA), and balconies (#6B8E23). This central placement of the master room is not seen in the other floorplans, which typically have the master room either at one end or centrally but not surrounded by other rooms in this specific configuration."
"[17, 18]","[7, 1]","['21408', '31693', '16951', '66316', '21543']",16951,1. **Different floorplan:** E,"1. **Different floorplan:** E
2. **Why:** Floorplan E has a unique arrangement where the living room and dining area are directly adjacent without any intervening space, which is not observed in the other floorplans. In contrast, floorplans A, B, C, and D all have a common pattern where the living room and dining area are separated by a hallway or another room type, such as a common room or storage. This distinct layout makes floorplan E stand out from the others."
"[17, 18]","[7, 3]","['51240', '46660', '6955', '21543', '64781']",64781,1. **Different floorplan:** E,"1. **Different floorplan:** E
2. **Why:** Floorplan E has a unique arrangement where the living room and dining area are directly adjacent without any intervening space, which is not observed in the other floorplans. In contrast, floorplans A, B, C, and D all have a common pattern where the living room and dining area are separated by a hallway or another room type, such as a kitchen or storage. This distinct layout makes floorplan E stand out from the others."
"[7, 1]","[17, 18]","['53652', '16951', '10825', '17550', '51240']",51240,1. **Different floorplan:** E,"1. **Different floorplan:** E
2. **Why:** Floorplan E has a unique arrangement where the master room (#FFA500) is positioned in a way that it does not align with the typical central placement seen in the other floorplans. In contrast, the other floorplans have the master room centrally located, which suggests a more symmetrical and standard layout. Additionally, the positioning of the common room (#FFD700) and the living room (#EEE8AA) in relation to the entrance and the rest of the rooms also differs from the others, indicating a distinct pattern."
"[7, 1]","[17, 18]","['16951', '10825', '21408', '3536', '53652']",21408,1. **Different floorplan:** E,"1. **Different floorplan:** E
2. **Why:** Floorplan E has a unique arrangement where the master room (#FFA500) is positioned in a way that it does not align with the typical central placement seen in the other floorplans. In contrast, the other floorplans have the master room centrally located, which is a common pattern in residential designs. Additionally, the layout of the common rooms and living areas in E differs significantly from the others, suggesting a different underlying pattern."
"[17, 18]","[7, 22]","['31693', '31113', '66316', '6955', '21408']",31113,1. **Different floorplan:** B,"1. **Different floorplan:** B
2. **Why:** Floorplan B has a unique arrangement where the master room (#FFA500) is positioned in a way that it does not align with the typical central placement seen in the other floorplans. In contrast, the other floorplans have the master room centrally located, which suggests a more symmetrical and standard layout. Additionally, the positioning of the common room (#FFD700) and the living room (#EEE8AA) in relation to the entrance and the rest of the floor plan in B differs from the consistent patterns observed in A, C, D, and E."
"[17, 18]","[7, 22]","['46660', '40679', '21543', '31693', '51240']",40679,1. **Different floorplan:** B,"1. **Different floorplan:** B
2. **Why:** Floorplan B has a unique arrangement where the master room (#FFA500) is positioned in a way that it does not align with the typical central placement seen in the other floorplans. Additionally, the living room (#EEE8AA) and common room (#FFD700) are placed in a manner that differs from the symmetrical and consistent patterns observed in A, C, D, and E. The presence of the balcony (#6B8E23) and the positioning of the kitchen (#F08080) also contribute to the distinctiveness of floorplan B."
"[17, 18]","[7, 1]","['21408', '46660', '16951', '66935', '70105']",16951,1. **Different floorplan:** E,"1. **Different floorplan:** E
2. **Why:** Floorplan E has a unique arrangement where the living room and dining area are adjacent but not directly connected by a common wall, unlike the other floorplans which have a more consistent layout with rooms typically sharing walls in a linear or grid-like fashion. This distinct configuration sets it apart from the others."
"[7, 1]","[17, 21]","['10825', '62454', '16951', '8109', '3536']",62454,1. **Different floorplan:** E,"1. **Different floorplan:** E
2. **Why:** Floorplan E has a unique layout compared to the others. It features a large open space that spans across multiple rooms without any clear division into distinct sections like the other floorplans. The other floorplans (A, B, C, and D) all have more defined areas with clear boundaries between rooms, such as a kitchen, dining area, living room, and bedrooms. Floorplan E's open layout suggests it might be designed differently, possibly as a studio or a very spacious apartment with minimal partitions."
"[17, 18]","[7, 22]","['21543', '40679', '6955', '51240', '46660']",40679,1. **Different floorplan:** A,"1. **Different floorplan:** A
2. **Why:** Floorplan A has a unique configuration where the common room (yellow) is directly connected to the master room (orange) without any intermediate spaces, unlike the other floorplans which have additional rooms or hallways between the common room and the master room. This direct connection in A sets it apart from the others."
"[7, 1]","[17, 21]","['53652', '16951', '62454', '3536', '12376']",62454,1. **Different floorplan:** C,"1. **Different floorplan:** C
2. **Why:** Floorplan C has a unique arrangement where the master room (#FFA500) is positioned in a way that it does not align with the typical central placement seen in the other floorplans. Additionally, the kitchen (#F08080) and dining area (#DA70D6) are placed in a manner that differs from the standard layout observed in A, B, D, and E, where these rooms are more consistently located towards the center or one side of the floorplan."
"[7, 1]","[17, 18]","['53652', '10825', '70105', '16951', '12421']",70105,1. **Different floorplan:** C,"1. **Different floorplan:** C
2. **Why:** Floorplan C has a distinct layout compared to the others. It features a central hallway with rooms branching off in a more linear fashion, whereas the other floorplans have a more complex and interconnected layout with multiple pathways and rooms. This difference in the overall flow and arrangement of spaces makes it stand out as having a different underlying pattern."
"[7, 1]","[17, 18]","['53652', '8109', '66316', '16951', '10825']",66316,1. **Different floorplan:** C,"1. **Different floorplan:** C
2. **Why:** Floorplan C has a unique arrangement where the master room (#FFA500) is positioned in the center, surrounded by common rooms (#FFD700), which is not seen in the other floorplans. The other floorplans have the master room either at one end or in a corner, with the rest of the rooms distributed around it in a more symmetrical manner."
"[7, 1]","[17, 5]","['17550', '16951', '12376', '53652', '50221']",50221,1. **Different floorplan:** E,"1. **Different floorplan:** E
2. **Why:** Floorplan E has a unique arrangement where the master room (#FFA500) is positioned in a way that it does not align with the typical central placement seen in the other floorplans. In contrast, the other floorplans have the master room centrally located, which is a common pattern in apartment designs. Additionally, the layout of the common rooms and living areas in floorplan E differs significantly from the others, suggesting a different underlying pattern."
"[7, 1]","[17, 5]","['8109', '17550', '12421', '53652', '7913']",7913,1. **Different floorplan:** E,"1. **Different floorplan:** E
2. **Why:** Floorplan E has a unique arrangement where the master room (#FFA500) is positioned in a way that it does not align with the typical central placement seen in the other floorplans. In contrast, the other floorplans have the master room centrally located, which is a common pattern in residential designs. Additionally, the layout of the common rooms and living areas in E differs significantly from the others, suggesting a different underlying pattern."
"[7, 1]","[17, 21]","['10825', '12421', '12376', '40487', '3536']",40487,1. **Different floorplan:** E,"1. **Different floorplan:** E
2. **Why:** Floorplan E has a unique arrangement where the living room and dining area are directly adjacent without any intervening space, which is not observed in the other floorplans. In contrast, floorplans A, B, C, and D all have a common pattern where the living room and dining area are separated by a hallway or another room type, such as a kitchen or storage. This distinct layout makes floorplan E stand out from the others."
"[7, 1]","[17, 18]","['12376', '8109', '10825', '21543', '53652']",21543,1. **Different floorplan:** C,"1. **Different floorplan:** C
2. **Why:** Floorplan C has a unique arrangement where the master room (#FFA500) is positioned in a way that it does not align with the typical central placement seen in the other floorplans. Additionally, the kitchen (#F08080) is located at an unusual position compared to the standard layout, which suggests a different underlying pattern."
"[7, 1]","[17, 21]","['17550', '12376', '3536', '69704', '16951']",69704,1. **Different floorplan:** C,"1. **Different floorplan:** C
2. **Why:** Floorplan C has a unique arrangement where the master room (#FFA500) is positioned in the center, surrounded by a large common room (#FFD700) and a smaller balcony (#6B8E23). This central placement of the master room with a surrounding common area and balcony is distinct from the other floorplans, which typically have the master room either at one end or centrally but not surrounded by such a configuration. The other floorplans (A, B, D, and E) maintain a more consistent pattern with the master room being either at one end or centrally located without the surrounding common room and balcony setup seen in C."
"[17, 18]","[7, 1]","['70105', '17550', '6955', '21543', '51240']",17550,1. **Different floorplan:** E,"1. **Different floorplan:** E
2. **Why:** Floorplan E has a unique arrangement where the living room and dining area are directly adjacent without any intervening space, which is not present in the other floorplans. In contrast, floorplans A, B, C, and D all have a more traditional layout with a corridor separating the living room from the dining area."
"[7, 1]","[17, 18]","['53652', '16951', '31693', '10825', '17550']",31693,1. **Different floorplan:** C,"1. **Different floorplan:** C
2. **Why:** Floorplan C has a unique arrangement where the master room (#FFA500) is positioned in the center, surrounded by other rooms, which is not typical in the other floorplans. In contrast, the other floorplans have the master room either at one end or in a corner, with the rest of the rooms distributed around it in a more symmetrical manner. This central placement of the master room in C stands out as the distinguishing feature."
"[7, 1]","[17, 18]","['8109', '6955', '12376', '17550', '53652']",6955,1. **Different floorplan:** B,"1. **Different floorplan:** B
2. **Why:** Floorplan B has an additional section extending from the main entrance that is not present in the other floorplans. This extra section disrupts the uniformity of the spatial layout compared to A, C, D, and E, which maintain a consistent pattern without such an extension."
"[7, 1]","[17, 5]","['16951', '3536', '8109', '50221', '12376']",50221,1. **Different floorplan:** D,"1. **Different floorplan:** D
2. **Why:** Floorplan D has a unique arrangement where the master room (#FFA500) is positioned in a way that it does not align with the typical central placement seen in the other floorplans. In contrast, the other floorplans have the master room centrally located, which suggests a more symmetrical and standard layout. Floorplan D's master room is placed off-center, making it stand out from the others."
"[7, 1]","[17, 21]","['69704', '3536', '16951', '10825', '12376']",69704,1. **Different floorplan:** B,"1. **Different floorplan:** B
2. **Why:** Floorplan B has a unique arrangement where the master room (#FFA500) is positioned in a way that it does not align with the typical central placement seen in the other floorplans. Additionally, the living room (#EEE8AA) and common room (#FFD700) are placed in a manner that differs from the symmetrical and consistent patterns observed in A, C, D, and E. The presence of a balcony (#6B8E23) at the end of the living room area also contributes to this distinctiveness."
"[7, 1]","[17, 21]","['40487', '8109', '3536', '16951', '53652']",40487,1. **Different floorplan:** E,"1. **Different floorplan:** E
2. **Why:** Floorplan E has a unique arrangement where the master room (#FFA500) is positioned in a way that it does not align with the typical central placement seen in the other floorplans. In contrast, the other floorplans have the master room centrally located, which is a common pattern in residential designs. Additionally, the distribution of other rooms like the common room (#FFD700), living room (#EEE8AA), and kitchen (#F08080) also differs significantly from the others, suggesting a different underlying pattern."
"[7, 1]","[17, 5]","['8109', '53652', '12421', '33045', '12376']",33045,1. **Different floorplan:** D,"1. **Different floorplan:** D
2. **Why:** Floorplan D has a unique arrangement where the master room (#FFA500) is positioned in the center, surrounded by a large common room (#FFD700). This central placement of the master room with a large surrounding common area is distinct from the other floorplans, which typically have the master room either at one end or centrally but not surrounded by such a large common space. The other floorplans (A, B, C, and E) maintain a more consistent pattern with the master room being either at one end or centrally located without the large surrounding common room."
"[7, 1]","[17, 18]","['3536', '53652', '12421', '21408', '17550']",21408,1. **Different floorplan:** B,"1. **Different floorplan:** B
2. **Why:** Floorplan B has a unique arrangement where the master room (#FFA500) is positioned in a way that it does not align with the typical central placement seen in the other floorplans. Additionally, the kitchen (#F08080) and dining area (#DA70D6) are placed in a manner that differs from the others, creating a distinct pattern."
"[7, 1]","[17, 18]","['3536', '10825', '8109', '12421', '66935']",66935,1. **Different floorplan:** B,"1. **Different floorplan:** B
2. **Why:** Floorplan B has a unique arrangement where the master room (#FFA500) is positioned in the center, surrounded by a common room (#FFD700), a living room (#EEE8AA), and a balcony (#6B8E23). This central placement of the master room is distinct from the other floorplans, which typically have the master room either at one end or centrally located but not surrounded by other rooms in this specific manner."
"[7, 1]","[17, 21]","['53652', '62454', '12376', '3536', '8109']",62454,1. **Different floorplan:** C,"1. **Different floorplan:** C
2. **Why:** Floorplan C has a unique arrangement where the master room (#FFA500) is positioned in the center, surrounded by a common room (#FFD700), a living room (#EEE8AA), and a balcony (#6B8E23). This central placement of the master room is distinct from the other floorplans, which typically have the master room either at one end or centrally located but not surrounded by other rooms in this specific manner. Additionally, the spatial distribution of the other rooms around the master room in C is more compact compared to the more spread-out layouts in A, B, D, and E."
"[17, 21]","[7, 1]","['62454', '9795', '12376', '78147', '69704']",12376,1. **Different floorplan:** B,"1. **Different floorplan:** B
2. **Why:** Floorplan B has a unique arrangement where the master room (#FFA500) is positioned in a way that it does not align with the typical central placement seen in the other floorplans. Additionally, the kitchen (#F08080) is located at the far end of the floorplan, which is less common compared to the other floorplans where the kitchen is usually closer to the entrance. This distinct placement makes floorplan B stand out from the others."
"[17, 18]","[7, 20]","['46660', '66935', '51240', '21408', '2277']",2277,1. **Different floorplan:** E,"1. **Different floorplan:** E
2. **Why:** Floorplan E has a unique arrangement where the living room and dining area are directly adjacent without any intervening space, which is not present in the other floorplans. In contrast, floorplans A, B, C, and D all have a common pattern where the living room and dining area are separated by a hallway or another room, creating a more traditional flow from the entrance into the living and dining areas."
"[17, 18]","[7, 3]","['52457', '66935', '46660', '51240', '66316']",52457,1. **Different floorplan:** D,"1. **Different floorplan:** D
2. **Why:** Floorplan D has a unique arrangement where the master room (#FFA500) is positioned in a way that it does not align with the typical central placement seen in the other floorplans. In contrast, the other floorplans have the master room centrally located, which suggests a more symmetrical and standard layout. Floorplan D's master room is placed off-center, making it stand out from the others."
"[7, 1]","[17, 21]","['16951', '12421', '8109', '10825', '9795']",9795,1. **Different floorplan:** D,"1. **Different floorplan:** D
2. **Why:** Floorplan D has a unique arrangement where the master room (#FFA500) is positioned in a way that it does not align with the typical central placement seen in the other floorplans. In contrast, the other floorplans have the master room centrally located, which suggests a more symmetrical and standard layout. Additionally, the positioning of the common room (#FFD700) and the living room (#EEE8AA) in relation to the entrance and the rest of the rooms also differs from the others, indicating a distinct pattern."
"[17, 18]","[7, 22]","['21408', '79411', '31693', '6955', '21543']",79411,1. **Different floorplan:** B,"1. **Different floorplan:** B
2. **Why:** Floorplan B is the only one that does not have a continuous hallway running from the main entrance to the far end of the apartment. All other floorplans (A, C, D, and E) have a continuous hallway, which is a consistent feature in the other four plans. Floorplan B breaks this pattern by having a more complex layout with multiple turns and dead ends, making it distinct from the others."
"[7, 1]","[17, 21]","['78147', '12421', '53652', '3536', '10825']",78147,1. **Different floorplan:** E,"1. **Different floorplan:** E
2. **Why:** Floorplan E has a unique arrangement where the living room and dining area are directly adjacent without any intervening space, which is not observed in the other floorplans. In contrast, the other floorplans have a more traditional layout with hallways or additional spaces separating the living and dining areas."
"[17, 18]","[7, 20]","['70105', '6955', '66935', '54372', '21543']",54372,1. **Different floorplan:** A,"1. **Different floorplan:** A
2. **Why:** Floorplan A has a unique arrangement where the common room (yellow) is directly connected to the master room (orange) without any intermediary space, which is not present in the other floorplans. In contrast, floorplans B, C, D, and E all have a common room (yellow) that is separated from the master room (orange) by at least one other room type, such as a living room (beige), balcony (green), or storage (purple). This distinct pattern makes floorplan A stand out."
"[7, 1]","[17, 5]","['12376', '16951', '3536', '12421', '33045']",33045,1. **Different floorplan:** C,"1. **Different floorplan:** C
2. **Why:** Floorplan C has a unique arrangement where the master room (#FFA500) is positioned in the center, surrounded by a common room (#FFD700) and a balcony (#6B8E23). This central placement of the master room with surrounding spaces is distinct from the other floorplans, which typically have the master room either at one end or centrally but not surrounded by other rooms in this specific manner."
"[17, 21]","[7, 1]","['10825', '62549', '69704', '40487', '62454']",10825,1. **Different floorplan:** C,"1. **Different floorplan:** C
2. **Why:** Floorplan C has a unique arrangement where the master room (#FFA500) is positioned in the center, surrounded by a common room (#FFD700), a living room (#EEE8AA), a balcony (#6B8E23), a bathroom (#ADD8E6), a kitchen (#F08080), and a dining room (#DA70D6). This central placement of the master room is not mirrored in any of the other floorplans, which typically have the master room either at one end or centrally located but with a different spatial arrangement around it."
"[7, 1]","[17, 18]","['66935', '8109', '12421', '16951', '53652']",66935,1. **Different floorplan:** E,"1. **Different floorplan:** E
2. **Why:** Floorplan E has a unique arrangement where the living room and dining area are directly adjacent without any intervening space, which is not observed in the other floorplans. In contrast, the other floorplans have a more traditional layout with hallways or additional spaces separating the living and dining areas."
"[17, 18]","[7, 3]","['70105', '52457', '21543', '6955', '66935']",52457,1. **Different floorplan:** B,"1. **Different floorplan:** B
2. **Why:** Floorplan B has a distinct rectangular shape with a single large room that spans almost the entire width of the floorplan, which is not present in the other floorplans. The other floorplans have more varied and complex layouts with multiple rooms and different shapes, making them more consistent with each other in terms of overall design."
"[17, 5]","[7, 1]","['33045', '72055', '7913', '50221', '12421']",12421,1. **Different floorplan:** D,"1. **Different floorplan:** D
2. **Why:** Floorplan D has a unique arrangement where the living room and kitchen are directly adjacent without any intervening space, which is not observed in the other floorplans. In contrast, floorplans A, B, C, and E all have a more typical layout with additional spaces between the living room and kitchen, such as a common room or a balcony."
"[17, 18]","[7, 1]","['66316', '46660', '21408', '8109', '70105']",8109,1. **Different floorplan:** E,"1. **Different floorplan:** E
2. **Why:** Floorplan E has a unique arrangement where the living room and dining area are adjacent but not directly connected by a common wall, unlike the other floorplans which have a more consistent layout with rooms typically sharing walls. This suggests a different underlying pattern compared to A, B, C, and D."
"[7, 1]","[17, 18]","['10825', '70105', '53652', '16951', '17550']",70105,1. **Different floorplan:** B,"1. **Different floorplan:** B
2. **Why:** Floorplan B has a unique arrangement of rooms compared to the others. It features a central hallway with a staircase leading up, which is not present in the other floorplans. Additionally, the distribution of room types and their relative sizes differs significantly from the others, making it stand out as having a different underlying pattern."
"[17, 21]","[7, 22]","['69704', '23132', '78147', '40487', '62454']",23132,1. **Different floorplan:** B,"1. **Different floorplan:** B
2. **Why:** Floorplan B has a unique arrangement where the master room (#FFA500) is positioned in a way that it does not align with the typical central placement seen in the other floorplans. Additionally, the living room (#EEE8AA) and common room (#FFD700) are placed in a manner that differs from the symmetrical and consistent patterns observed in A, C, D, and E. The presence of a balcony (#6B8E23) at the front and a kitchen (#F08080) at the back also contributes to the distinctiveness of floorplan B compared to the others."
"[17, 21]","[7, 22]","['9795', '40487', '78147', '40679', '69704']",40679,1. **Different floorplan:** D,"1. **Different floorplan:** D
2. **Why:** Floorplan D has a unique arrangement where the master room (#FFA500) is positioned in a way that it does not align with the typical central placement seen in the other floorplans. In contrast, the other floorplans have the master room centrally located, which is a common pattern in residential designs. Additionally, the distribution of other rooms like the common room (#FFD700), living room (#EEE8AA), balcony (#6B8E23), bathroom (#ADD8E6), kitchen (#F08080), storage (#DDA0DD), and dining (#DA70D6) follows a consistent pattern across A, B, C, and E, but not in D."
"[17, 21]","[7, 1]","['40487', '53652', '69704', '62549', '9795']",53652,1. **Different floorplan:** B,"1. **Different floorplan:** B
2. **Why:** Floorplan B has a unique arrangement where the master room (#FFA500) is positioned in a way that it does not align with the typical central placement seen in the other floorplans. Additionally, the living room (#EEE8AA) and common room (#FFD700) are placed in a manner that differs from the symmetrical and consistent patterns observed in A, C, D, and E. The presence of a balcony (#6B8E23) at the front and a kitchen (#F08080) at the back also contributes to the distinct layout of B compared to the others."
"[17, 21]","[7, 20]","['78147', '69704', '62454', '55305', '62549']",55305,1. **Different floorplan:** D,"1. **Different floorplan:** D
2. **Why:** Floorplan D has a unique arrangement where the master room (#FFA500) is positioned in a way that it does not align with the typical central placement seen in the other floorplans. Additionally, the kitchen (#F08080) is located at an unusual position compared to the standard layout, which suggests a different underlying pattern."
"[7, 1]","[17, 5]","['7913', '16951', '12421', '17550', '12376']",7913,1. **Different floorplan:** C,"1. **Different floorplan:** C
2. **Why:** Floorplan C has a unique arrangement of rooms compared to the others. In particular, the master room (#FFA500) is positioned in a way that it does not align with the typical central placement seen in the other floorplans. Additionally, the living room (#EEE8AA) and the common room (#FFD700) are placed in a manner that differs from the symmetrical and consistent patterns observed in A, B, D, and E. The presence of the balcony (#6B8E23) and the kitchen (#F08080) also contributes to the distinct layout of C."
"[17, 21]","[7, 1]","['9795', '53652', '78147', '62454', '62549']",53652,1. **Different floorplan:** B,"1. **Different floorplan:** B
2. **Why:** Floorplan B has a unique arrangement where the master room (#FFA500) is positioned in the upper left corner, which is not typical for the other floorplans. In contrast, the other floorplans have the master room in the lower right corner, maintaining a consistent pattern across A, C, D, and E."
"[17, 18]","[7, 20]","['70105', '46660', '21543', '55305', '21408']",55305,1. **Different floorplan:** D,"1. **Different floorplan:** D
2. **Why:** Floorplan D has a unique arrangement where the living room and dining area are directly adjacent without any intervening space, unlike the other floorplans which typically have a corridor or another room between them. This direct adjacency is not seen in A, B, C, or E, making it stand out as having a different underlying pattern."
"[17, 21]","[7, 1]","['69704', '3536', '78147', '9795', '62454']",3536,1. **Different floorplan:** B,"1. **Different floorplan:** B
2. **Why:** Floorplan B has a unique arrangement where the master room (#FFA500) is positioned in a way that it does not align with the typical central placement seen in the other floorplans. Additionally, the living room (#EEE8AA) and common room (#FFD700) are placed in a manner that differs from the symmetrical and consistent patterns observed in A, C, D, and E. The presence of a balcony (#6B8E23) at the front and a kitchen (#F08080) at the back also contributes to the distinctiveness of this floorplan compared to the others."
"[17, 5]","[7, 22]","['33045', '7913', '72055', '31113', '50221']",31113,1. **Different floorplan:** E,"1. **Different floorplan:** E
2. **Why:** Floorplan E has a unique arrangement where the living room and dining area are placed side by side in a linear fashion, which is distinct from the other floorplans. In contrast, floorplans A, B, C, and D all have the living room and dining area positioned in a more traditional L-shaped configuration, with the living room typically being larger and the dining area smaller, often adjacent but not directly side by side. This linear layout in E sets it apart from the others."
"[7, 1]","[17, 18]","['31693', '8109', '12421', '53652', '17550']",31693,1. **Different floorplan:** A,"1. **Different floorplan:** A
2. **Why:** Floorplan A has a unique arrangement where the master room (#FFA500) is positioned in the top right corner, which is not typical compared to the other floorplans. In contrast, the other floorplans have the master room (#FFA500) either centrally located or in a more standard position towards the center or bottom of the layout. This distinct placement makes floorplan A stand out from the others."
"[17, 18]","[7, 22]","['66316', '21408', '70105', '79411', '46660']",79411,1. **Different floorplan:** C,"1. **Different floorplan:** C
2. **Why:** Floorplan C has a unique arrangement of rooms compared to the others. It features a central hallway with a staircase leading up, which is not present in the other floorplans. Additionally, the distribution of room types and their relative sizes differs significantly from the rest, making it stand out as having a different underlying pattern."
"[17, 18]","[7, 3]","['46660', '70105', '66316', '51240', '64781']",64781,1. **Different floorplan:** E,"1. **Different floorplan:** E
2. **Why:** Floorplan E has a unique arrangement where the living room and dining area are directly adjacent without any intervening space, which is not observed in the other floorplans. In contrast, floorplans A, B, C, and D all have a common pattern where the living room and dining area are separated by a hallway or another room type, such as a kitchen or storage. This distinct layout makes floorplan E stand out from the others."
"[17, 18]","[7, 1]","['21408', '31693', '53652', '51240', '66316']",53652,1. **Different floorplan:** C,"1. **Different floorplan:** C
2. **Why:** Floorplan C has a unique arrangement where the master room (#FFA500) is positioned in a way that it does not align with the typical central placement seen in the other floorplans. In contrast, the other floorplans have the master room centrally located, which suggests a more symmetrical and standard layout. Additionally, the positioning of the common room (#FFD700) and the living room (#EEE8AA) in relation to the entrance and the rest of the rooms also differs from the others, indicating a distinct pattern."
"[7, 1]","[17, 18]","['21408', '3536', '53652', '12421', '16951']",21408,1. **Different floorplan:** C,"1. **Different floorplan:** C
2. **Why:** Floorplan C has a unique arrangement where the master room (#FFA500) is positioned in the center, surrounded by a common room (#FFD700), a living room (#EEE8AA), and a balcony (#6B8E23). This central placement of the master room is distinct from the other floorplans, which typically have the master room either at one end or centrally located but not surrounded by other rooms in this specific manner. Additionally, the spatial distribution of the other rooms around the master room in C is more compact compared to the other floorplans, suggesting a different underlying pattern."
"[17, 21]","[7, 20]","['62549', '62454', '69704', '55305', '40487']",55305,1. **Different floorplan:** C,"1. **Different floorplan:** C
2. **Why:** Floorplan C has a unique arrangement where the master room (#FFA500) is positioned in a way that it does not align with the typical central placement seen in the other floorplans. Additionally, the kitchen (#F08080) is located at the far end of the floorplan, which is less common compared to the other floorplans where the kitchen is usually closer to the entrance. This distinct placement makes C stand out from the others."
"[17, 18]","[7, 3]","['66316', '61767', '31693', '6955', '66935']",61767,1. **Different floorplan:** B,"1. **Different floorplan:** B
2. **Why:** Floorplan B has a unique arrangement where the master room (#FFA500) is positioned in a way that it does not align with the typical central placement seen in the other floorplans. In contrast, the other floorplans (A, C, D, and E) have the master room centrally located, which suggests a more symmetrical and standard layout. Floorplan B's master room is off-center, making it stand out from the others."
"[7, 1]","[17, 21]","['10825', '12421', '78147', '8109', '16951']",78147,1. **Different floorplan:** E,"1. **Different floorplan:** E
2. **Why:** Floorplan E has a unique arrangement where the master room (#FFA500) is positioned in the top right corner, which is not seen in the other floorplans. All other floorplans have the master room in the bottom left corner. This distinct placement makes it the one with a different underlying pattern."
"[17, 5]","[7, 3]","['61767', '33045', '72055', '7913', '50221']",61767,1. **Different floorplan:** E,"1. **Different floorplan:** E
2. **Why:** Floorplan E has a unique arrangement where the master room (#FFA500) is positioned in the upper right corner, which is not typical for the other floorplans. In contrast, the other floorplans have the master room in the lower left or central position, with the common room (#FFD700) usually occupying a larger area in the middle or lower part of the floorplan. Additionally, the layout of the living room (#EEE8AA), balcony (#6B8E23), and other rooms in floorplan E does not follow the consistent pattern seen in A, B, C, and D."
"[17, 21]","[7, 3]","['61767', '62454', '62549', '69704', '40487']",61767,1. **Different floorplan:** D,"1. **Different floorplan:** D
2. **Why:** Floorplan D has a unique arrangement where the master room (#FFA500) is positioned in a way that it does not align with the typical central placement seen in the other floorplans. In contrast, the other floorplans have the master room centrally located, which suggests a more symmetrical and standard layout. Floorplan D's master room is placed off-center, making it stand out from the others."
"[17, 18]","[7, 22]","['21543', '31693', '46660', '66935', '40679']",40679,1. **Different floorplan:** E,"1. **Different floorplan:** E
2. **Why:** Floorplan E has a distinct layout compared to the others. It features a single large room with a balcony attached to one side, which is not present in the other floorplans. The remaining floorplans (A, B, C, and D) all have a more complex arrangement with multiple rooms and a consistent pattern of common areas, bathrooms, and kitchens. Floorplan E's simplicity and unique addition of a large room make it stand out from the rest."
"[17, 18]","[7, 1]","['46660', '21408', '66935', '10825', '6955']",10825,1. **Different floorplan:** D,"1. **Different floorplan:** D
2. **Why:** Floorplan D has a unique arrangement where the master room (#FFA500) is positioned in a way that it does not align with the typical central placement seen in the other floorplans. In contrast, the other floorplans (A, B, C, and E) have the master room centrally located, which suggests a more symmetrical and standard layout. Floorplan D's master room is placed off-center, making it stand out from the others."
"[17, 21]","[7, 3]","['61767', '62454', '9795', '62549', '69704']",61767,1. **Different floorplan:** E,"1. **Different floorplan:** E
2. **Why:** Floorplan E has a unique arrangement where the master room (#FFA500) is positioned in the center, surrounded by a common room (#FFD700), a living room (#EEE8AA), and a balcony (#6B8E23). This central placement of the master room is distinct from the other floorplans, which typically have the master room either at one end or centrally located but not surrounded by other rooms in this specific manner."
"[17, 18]","[7, 1]","['10825', '70105', '66316', '51240', '6955']",10825,1. **Different floorplan:** E,"1. **Different floorplan:** E
2. **Why:** Floorplan E has a unique arrangement where the master room (#FFA500) is positioned in the top right corner, which is not typical for the other floorplans. In contrast, the other floorplans have the master room (#FFA500) either in the center or towards the bottom left, maintaining a more consistent pattern. Additionally, the layout of the common rooms and living rooms in floorplan E differs significantly from the others, making it stand out as having a different underlying pattern."
"[17, 21]","[7, 20]","['9795', '62454', '54372', '62549', '40487']",54372,1. **Different floorplan:** E,"1. **Different floorplan:** E
2. **Why:** Floorplan E has a unique arrangement where the master room (#FFA500) is positioned in a way that it does not align with the typical central placement seen in the other floorplans. In contrast, the other floorplans have the master room centrally located, which is a common pattern in residential designs. Additionally, the layout of the common rooms and living areas in floorplan E appears more compact and less symmetrical compared to the others, suggesting a different underlying design philosophy."
"[17, 21]","[7, 22]","['69704', '9795', '79411', '78147', '62454']",79411,1. **Different floorplan:** C,"1. **Different floorplan:** C
2. **Why:** Floorplan C has a unique arrangement where the common room and living room are adjacent but not directly connected by a door, unlike the other floorplans which have direct connections between these rooms. Additionally, the kitchen in C is positioned differently compared to the others, which typically have kitchens connected to the dining area or living room."
"[17, 18]","[7, 20]","['21543', '2277', '66316', '51240', '31693']",2277,1. **Different floorplan:** C,"1. **Different floorplan:** C
2. **Why:** Floorplan C has a distinct layout compared to the others. It features a central rectangular section with two smaller sections branching off to the left and right, which is not present in the other floorplans. The other floorplans have more symmetrical and interconnected layouts, with multiple rooms connected in a linear or T-shaped configuration. Floorplan C's layout is more isolated and less interconnected, making it stand out as having a different underlying pattern."
"[17, 21]","[7, 3]","['75828', '9795', '62549', '78147', '40487']",75828,1. **Different floorplan:** B,"1. **Different floorplan:** B
2. **Why:** Floorplan B has a unique arrangement where the master room (#FFA500) is positioned in a way that it does not align with the typical central placement seen in the other floorplans. Additionally, the kitchen (#F08080) is placed adjacent to the master room, which is less common compared to the other floorplans where the kitchen is typically located further away from the master room. This distinct placement makes floorplan B stand out as having a different underlying pattern."
"[17, 21]","[7, 1]","['8109', '69704', '62549', '78147', '62454']",8109,1. **Different floorplan:** A,"1. **Different floorplan:** A
2. **Why:** Floorplan A has a unique arrangement where the master room (#FFA500) is positioned in the top left corner, which is not typical for the other floorplans. In contrast, the other floorplans have the master room (#FFA500) either centrally located or in a more standard position towards the center or bottom right. This distinct placement makes floorplan A stand out from the others."
"[17, 21]","[7, 3]","['40487', '78147', '62549', '62454', '61767']",61767,1. **Different floorplan:** E,"1. **Different floorplan:** E
2. **Why:** Floorplan E has a unique arrangement where the living room and common room are directly adjacent without any intervening space, which differs from the other floorplans where there is typically a hallway or another room separating these two spaces. Additionally, the kitchen in E is positioned differently compared to the others, which further suggests a distinct pattern."
"[7, 1]","[17, 21]","['69704', '10825', '3536', '16951', '12421']",69704,1. **Different floorplan:** B,"1. **Different floorplan:** B
2. **Why:** Floorplan B has a unique arrangement where the master room (#FFA500) is positioned in a way that it does not align with the typical central placement seen in the other floorplans. Additionally, the kitchen (#F08080) is located at an unusual position compared to the standard layout where it would typically be adjacent to the dining area. This deviation from the expected spatial relationships suggests a different underlying pattern."
"[17, 18]","[7, 20]","['66935', '21408', '55305', '31693', '66316']",55305,1. **Different floorplan:** C,"1. **Different floorplan:** C
2. **Why:** Floorplan C has a unique arrangement where the master room (#FFA500) is positioned in the center, surrounded by a common room (#FFD700), a living room (#EEE8AA), and a balcony (#6B8E23). This central placement of the master room is distinct from the other floorplans, which typically have the master room either at one end or centrally located but not surrounded by other rooms in this specific manner. Additionally, the spatial distribution of the other rooms around the master room in C is more compact compared to the more spread-out layouts in A, B, D, and E."
"[17, 18]","[7, 20]","['51240', '21543', '31693', '6955', '2277']",2277,1. **Different floorplan:** C,"1. **Different floorplan:** C
2. **Why:** Floorplan C has a distinct arrangement of rooms compared to the others. It features a single large central room with smaller rooms branching off from it, which is not present in the other floorplans. The other floorplans have more complex layouts with multiple interconnected rooms, making them more similar to each other."
"[7, 20]","[17, 21]","['2425', '78147', '54372', '55305', '2277']",78147,1. **Different floorplan:** E,"1. **Different floorplan:** E
2. **Why:** Floorplan E has a unique arrangement where the living room is positioned at the top right corner, unlike the other floorplans which have the living room in the center or bottom left. Additionally, the kitchen in E is located at the bottom right, whereas it is typically found in the center or left side in the other floorplans. This distinct placement of key rooms suggests a different underlying pattern compared to the others."
"[17, 18]","[7, 3]","['21543', '51240', '61767', '6955', '66316']",61767,1. **Different floorplan:** C,"1. **Different floorplan:** C
2. **Why:** Floorplan C has a distinct layout compared to the others. It features a single large rectangular room with a smaller room attached to one side, which is not present in the other floorplans. The other floorplans have more complex layouts with multiple rooms and corridors, making them more symmetrical and interconnected. Floorplan C stands out due to its simplicity and lack of additional connected spaces."
"[7, 1]","[17, 18]","['12421', '12376', '8109', '16951', '46660']",46660,1. **Different floorplan:** E,"1. **Different floorplan:** E
2. **Why:** Floorplan E has a unique arrangement where the master room (#FFA500) is positioned in the upper right corner, which is not typical in the other floorplans. In contrast, the other floorplans have the master room in more central positions, often near the entrance or in a more balanced distribution. This distinct placement makes E stand out from the others."
"[17, 21]","[7, 1]","['62454', '78147', '9795', '62549', '3536']",3536,1. **Different floorplan:** E,"1. **Different floorplan:** E
2. **Why:** Floorplan E has a unique arrangement where the living room and dining area are directly adjacent without any intervening space, which is not observed in the other floorplans. In contrast, floorplans A, B, C, and D all have a common pattern where the living room and dining area are separated by a hallway or another room type, such as a kitchen or storage. This distinct layout makes floorplan E stand out from the others."
"[17, 21]","[7, 20]","['9795', '78147', '2425', '62454', '40487']",2425,1. **Different floorplan:** C,"1. **Different floorplan:** C
2. **Why:** Floorplan C has a unique arrangement where the master room (#FFA500) is positioned in the center, surrounded by a common room (#FFD700), a living room (#EEE8AA), and a balcony (#6B8E23). This central placement of the master room is distinct from the other floorplans, which typically have the master room either at one end or centrally but not surrounded by other rooms in this specific configuration."
"[7, 1]","[17, 5]","['12376', '12421', '17550', '10825', '7913']",7913,1. **Different floorplan:** E,"1. **Different floorplan:** E
2. **Why:** Floorplan E has a distinct arrangement of rooms compared to the others. It lacks the typical symmetry and consistent room distribution seen in A, B, C, and D. Specifically, the placement of the master room and the common room does not align with the patterns observed in the other floorplans, making it stand out as having a different underlying pattern."
"[17, 18]","[7, 22]","['66935', '31693', '40679', '51240', '66316']",40679,1. **Different floorplan:** C,"1. **Different floorplan:** C
2. **Why:** Floorplan C has a unique arrangement where the living room and common room are directly adjacent without any intervening space, unlike the other floorplans which have a clear separation between these two rooms. This direct adjacency is not present in A, B, D, or E, making it the one with a different underlying pattern."
"[17, 21]","[7, 22]","['78147', '62454', '40487', '62549', '31113']",31113,1. **Different floorplan:** E,"1. **Different floorplan:** E
2. **Why:** Floorplan E has a unique arrangement where the common room and the master room are directly adjacent without any intervening space, which is not observed in the other floorplans. In contrast, floorplans A, B, C, and D all have a more traditional layout with a corridor separating the common room from the master room."
"[17, 18]","[7, 3]","['6955', '75828', '21408', '51240', '66935']",75828,1. **Different floorplan:** B,"1. **Different floorplan:** B
2. **Why:** Floorplan B has a unique arrangement where the master room (#FFA500) is positioned in a way that it does not align with the typical central placement seen in the other floorplans. In contrast, the other floorplans have the master room centrally located, which suggests a more symmetrical and standard layout. Additionally, the positioning of the common room (#FFD700) and the living room (#EEE8AA) in relation to the entrance and the rest of the floor plan in B differs from the others, indicating a different underlying pattern."
"[17, 21]","[7, 22]","['69704', '31113', '78147', '62454', '62549']",31113,1. **Different floorplan:** B,"1. **Different floorplan:** B
2. **Why:** Floorplan B has a unique arrangement where the master room (#FFA500) is positioned in the center, surrounded by other rooms, which is not typical in the other floorplans. The other floorplans have the master room either at one end or in a corner, with the rest of the rooms distributed around it in a more symmetrical manner."
"[17, 18]","[7, 22]","['31693', '66935', '79411', '21543', '21408']",79411,1. **Different floorplan:** C,"1. **Different floorplan:** C
2. **Why:** Floorplan C has a distinct layout compared to the others. It features a central hallway with rooms branching off in a linear fashion, which is different from the more complex and interconnected layouts seen in A, B, D, and E. The other floorplans have more intricate patterns with multiple intersections and varying room sizes, making them more complex than C."
"[7, 1]","[17, 21]","['62549', '16951', '10825', '3536', '8109']",62549,1. **Different floorplan:** C,"1. **Different floorplan:** C
2. **Why:** Floorplan C has a unique arrangement where the master room (#FFA500) is positioned in a way that it does not align with the typical central placement seen in the other floorplans. Additionally, the kitchen (#F08080) is located at an unusual position compared to the standard layout, which suggests a different underlying pattern."
"[7, 1]","[17, 21]","['12376', '3536', '78147', '16951', '8109']",78147,1. **Different floorplan:** B,"1. **Different floorplan:** B
2. **Why:** Floorplan B has a unique configuration where the master room (#FFA500) is positioned in a way that it does not align with the typical layout seen in the other floorplans. In contrast, the other floorplans (A, C, D, and E) have the master room (#FFA500) consistently placed in a similar position relative to the common room (#FFD700), living room (#EEE8AA), and kitchen (#F08080). Floorplan B deviates from this pattern by placing the master room in an isolated section, which is not observed in the other floorplans."
"[7, 1]","[17, 21]","['10825', '40487', '53652', '12376', '16951']",40487,1. **Different floorplan:** C,"1. **Different floorplan:** C
2. **Why:** Floorplan C has a unique arrangement where the master room (#FFA500) is positioned in the center, surrounded by a common room (#FFD700), a living room (#EEE8AA), and a balcony (#6B8E23). This central placement of the master room is distinct from the other floorplans, which typically place the master room either at one end or in a corner. Additionally, the kitchen (#F08080) and dining (#DA70D6) areas are located in different positions compared to the other floorplans, further indicating a different underlying pattern."
"[17, 18]","[7, 1]","['66935', '53652', '46660', '66316', '31693']",53652,1. **Different floorplan:** B,"1. **Different floorplan:** B
2. **Why:** Floorplan B has a unique arrangement where the master room (#FFA500) is positioned in a way that it does not align with the typical central placement seen in the other floorplans. Additionally, the living room (#EEE8AA) and common room (#FFD700) are placed in a manner that differs from the symmetrical and consistent patterns observed in A, C, D, and E. The presence of a balcony (#6B8E23) in an unusual location further distinguishes it from the others."
"[7, 1]","[17, 18]","['21543', '3536', '53652', '12376', '8109']",21543,1. **Different floorplan:** A,"1. **Different floorplan:** A
2. **Why:** Floorplan A has a more complex and irregular layout compared to the others. It features multiple interconnected rooms with varying shapes and sizes, which deviates from the simpler, more uniform patterns observed in floorplans B, C, D, and E. These latter floorplans have more straightforward, rectangular or square-like structures with fewer internal divisions."
"[17, 18]","[7, 20]","['46660', '66935', '2277', '6955', '51240']",2277,1. **Different floorplan:** C,"1. **Different floorplan:** C
2. **Why:** Floorplan C has a unique arrangement where the master room (#FFA500) is positioned in the center, surrounded by a common room (#FFD700), a living room (#EEE8AA), and a balcony (#6B8E23). This central placement of the master room with surrounding rooms is distinct from the other floorplans, which typically have the master room either at one end or centrally but not surrounded by other rooms in this specific manner."
"[17, 21]","[7, 22]","['9795', '69704', '62549', '78147', '40679']",40679,1. **Different floorplan:** E,"1. **Different floorplan:** E
2. **Why:** Floorplan E has a unique arrangement where the master room (#FFA500) is positioned in a way that it does not align with the typical central placement seen in the other floorplans. In contrast, the other floorplans have the master room centrally located, which is a common pattern in residential designs. Additionally, the layout of the common rooms and living areas in E appears more compact and less symmetrical compared to the others, suggesting a different underlying design philosophy."
"[7, 20]","[17, 5]","['2425', '50221', '2277', '54372', '55305']",50221,1. **Different floorplan:** B,"1. **Different floorplan:** B
2. **Why:** Floorplan B has a unique arrangement where the master room (#FFA500) is positioned in a way that it does not align with the typical central placement seen in the other floorplans. In contrast, the other floorplans have the master room centrally located, which suggests a more symmetrical and standard layout. Additionally, the positioning of the common room (#FFD700) and the living room (#EEE8AA) in relation to the entrance and the rest of the floor plan in B differs from the others, indicating a different underlying pattern."
"[17, 18]","[7, 22]","['46660', '21408', '31693', '31113', '6955']",31113,1. **Different floorplan:** D,"1. **Different floorplan:** D
2. **Why:** Floorplan D has a distinct pattern where the main entrance leads directly into a large open space that appears to be a living room, which then branches out into smaller rooms. In contrast, the other floorplans (A, B, C, and E) all have a more complex layout with multiple interconnected spaces leading from the main entrance, suggesting a different underlying pattern."
"[17, 18]","[7, 22]","['40679', '66316', '21543', '21408', '6955']",40679,1. **Different floorplan:** A,"1. **Different floorplan:** A
2. **Why:** Floorplan A has a unique arrangement where the common room (yellow) is directly connected to the master room (orange) without any intermediate spaces, unlike the other floorplans which have additional rooms or hallways between the common room and the master room. This direct connection in A sets it apart from the others."
"[7, 1]","[17, 18]","['70105', '10825', '8109', '12376', '17550']",70105,1. **Different floorplan:** A,"1. **Different floorplan:** A
2. **Why:** Floorplan A has a unique layout compared to the others. It features an irregular shape with multiple protrusions and recesses, which deviates from the more uniform and symmetrical designs of the other floorplans (B, C, D, and E). The other floorplans have a consistent rectangular or near-rectangular shape with fewer variations in room sizes and shapes."
"[7, 3]","[17, 18]","['75828', '61767', '6955', '52457', '64781']",6955,1. **Different floorplan:** A,"1. **Different floorplan:** A
2. **Why:** Floorplan A has a unique arrangement of rooms compared to the others. It features a central common room with a staircase leading down to what appears to be a basement area, which is not present in the other floorplans. The other floorplans have more uniform layouts with no such distinct feature."
"[7, 1]","[17, 18]","['46660', '17550', '12376', '53652', '16951']",46660,1. **Different floorplan:** A,"1. **Different floorplan:** A
2. **Why:** Floorplan A has a unique arrangement where the master room (#FFA500) is positioned in the top left corner, which is not typical for the other floorplans. In contrast, the other floorplans have the master room in the center or near the center, with the common room (#FFD700) occupying a significant portion of the space. Additionally, the layout of the living room (#EEE8AA), balcony (#6B8E23), and other rooms in floorplan A does not follow the same consistent pattern as the other floorplans."
"[17, 21]","[7, 22]","['69704', '62549', '79411', '40487', '78147']",79411,1. **Different floorplan:** C,"1. **Different floorplan:** C
2. **Why:** Floorplan C has a unique arrangement where the living room and common room are adjacent but not directly connected by a door, unlike the other floorplans which have direct connections between these rooms. This suggests a different underlying pattern compared to A, B, D, and E, where the living room and common room are typically connected by a door."
"[7, 1]","[17, 5]","['72055', '12376', '3536', '12421', '16951']",72055,1. **Different floorplan:** C,"1. **Different floorplan:** C
2. **Why:** Floorplan C has a unique arrangement where the master room (#FFA500) is positioned in the center, surrounded by a common room (#FFD700) and a balcony (#6B8E23). This central placement of the master room with surrounding spaces is distinct from the other floorplans, which typically have the master room either at one end or centrally but not surrounded by other rooms in this specific manner."
"[17, 21]","[7, 22]","['62454', '69704', '40487', '62549', '31113']",31113,1. **Different floorplan:** E,"1. **Different floorplan:** E
2. **Why:** Floorplan E has a unique arrangement where the common room and the master room are directly adjacent without any intervening space, which is not observed in the other floorplans. In contrast, floorplans A, B, C, and D all have a more traditional layout with a corridor separating the common room from the master room."
"[7, 20]","[17, 18]","['55305', '21408', '2425', '2277', '54372']",21408,1. **Different floorplan:** C,"1. **Different floorplan:** C
2. **Why:** Floorplan C has a distinct layout compared to the others. It features a single large central room with a smaller room attached to it, which is not present in the other floorplans. The other floorplans have more complex layouts with multiple interconnected rooms, making them more uniform in their design."
"[17, 18]","[7, 22]","['23132', '70105', '6955', '66316', '66935']",23132,1. **Different floorplan:** B,"1. **Different floorplan:** B
2. **Why:** Floorplan B has a unique arrangement where the living room and dining area are directly connected without any intervening space, which is not present in the other floorplans. In contrast, floorplans A, C, D, and E all have a more traditional layout with a corridor separating the living room from the dining area."
"[17, 21]","[7, 3]","['78147', '62549', '40487', '69704', '61767']",61767,1. **Different floorplan:** D,"1. **Different floorplan:** D
2. **Why:** Floorplan D has a unique arrangement where the master room (#FFA500) is positioned in a way that it does not align with the typical central placement seen in the other floorplans. In contrast, the other floorplans have the master room centrally located, which is a common pattern in residential designs. Additionally, the layout of the common rooms and living areas in D differs significantly from the others, suggesting a different underlying pattern."
"[17, 21]","[7, 1]","['62549', '40487', '10825', '78147', '62454']",10825,1. **Different floorplan:** C,"1. **Different floorplan:** C
2. **Why:** Floorplan C has a unique arrangement where the master room (#FFA500) is positioned in the center, surrounded by a common room (#FFD700), a living room (#EEE8AA), and a balcony (#6B8E23). This central placement of the master room is distinct from the other floorplans, which typically place the master room either at one end or in a corner. Additionally, the kitchen (#F08080) and dining (#DA70D6) areas are located in different positions compared to the other floorplans, further indicating a different underlying pattern."
"[7, 3]","[17, 5]","['72055', '64781', '52457', '61767', '75828']",72055,1. **Different floorplan:** E,"1. **Different floorplan:** E
2. **Why:** Floorplan E has a unique arrangement where the master room (#FFA500) is positioned in the center, surrounded by a common room (#FFD700), a living room (#EEE8AA), and a balcony (#6B8E23). This central placement of the master room is distinct from the other floorplans, which typically have the master room either at one end or centrally located but not surrounded by other rooms in this specific manner."
"[17, 18]","[7, 22]","['31693', '31113', '21408', '6955', '51240']",31113,1. **Different floorplan:** B,"1. **Different floorplan:** B
2. **Why:** Floorplan B has a unique arrangement where the master room (#FFA500) is positioned in a way that it does not align with the typical central placement seen in the other floorplans. Additionally, the living room (#EEE8AA) and common room (#FFD700) are placed in a manner that differs from the symmetrical and consistent patterns observed in A, C, D, and E. The presence of the balcony (#6B8E23) and the positioning of the dining area (#DA70D6) also contribute to the distinctiveness of floorplan B."
"[17, 18]","[7, 1]","['3536', '21408', '6955', '46660', '70105']",3536,1. **Different floorplan:** E,"1. **Different floorplan:** E
2. **Why:** Floorplan E has a unique arrangement where the living room and dining area are adjacent but not directly connected by a common wall, unlike the other floorplans which have a more consistent layout with rooms typically sharing walls in a way that allows for a continuous flow from one room to another. This distinct pattern sets it apart from the others."
"[17, 21]","[7, 1]","['62549', '12421', '40487', '62454', '78147']",12421,1. **Different floorplan:** C,"1. **Different floorplan:** C
2. **Why:** Floorplan C has a unique arrangement where the master room (#FFA500) is positioned in a way that it does not align with the typical central placement seen in the other floorplans. In contrast, the other floorplans have the master room centrally located, which suggests a more symmetrical and standard layout. Additionally, the positioning of the common room (#FFD700) and the living room (#EEE8AA) in relation to the entrance and the rest of the rooms also differs from the others, indicating a distinct pattern."
"[17, 21]","[7, 3]","['62454', '40487', '64781', '9795', '69704']",64781,1. **Different floorplan:** D,"1. **Different floorplan:** D
2. **Why:** Floorplan D has a unique arrangement where the master room (#FFA500) is positioned in a way that it does not align with the typical central placement seen in the other floorplans. In contrast, the other floorplans have the master room centrally located, which suggests a more symmetrical and standard layout. Additionally, the positioning of the common room (#FFD700) and the living room (#EEE8AA) in relation to the entrance and the rest of the rooms also differs from the others, indicating a distinct pattern."
"[17, 18]","[7, 20]","['31693', '66935', '21408', '54372', '6955']",54372,1. **Different floorplan:** E,"1. **Different floorplan:** E
2. **Why:** Floorplan E has a unique arrangement where the master room is positioned in a way that it does not align with the typical central placement seen in the other floorplans. In contrast, the other floorplans have the master room centrally located, which is a common pattern in apartment designs. Additionally, the overall layout of E appears more compact and symmetrical compared to the others, suggesting a different underlying design philosophy."
"[17, 21]","[7, 22]","['40487', '40679', '78147', '9795', '62454']",40679,1. **Different floorplan:** D,"1. **Different floorplan:** D
2. **Why:** Floorplan D has a unique arrangement where the master room (#FFA500) is located in an unusual position compared to the other floorplans. In contrast, the other floorplans have the master room positioned more centrally or towards one side, but not in the bottom right corner as seen in D. This distinct placement makes it stand out from the others, suggesting a different underlying pattern."
"[17, 18]","[7, 20]","['70105', '31693', '51240', '2425', '6955']",2425,1. **Different floorplan:** D,"1. **Different floorplan:** D
2. **Why:** Floorplan D has a unique arrangement where the main entrance leads directly into a small room with a single door leading to another small room, which is not typical in the other floorplans. In contrast, the other floorplans have more complex layouts with multiple rooms branching off from the main entrance, suggesting a different underlying pattern."
"[7, 1]","[17, 18]","['12421', '12376', '8109', '53652', '66935']",66935,1. **Different floorplan:** D,"1. **Different floorplan:** D
2. **Why:** Floorplan D has a unique arrangement where the master room (#FFA500) is positioned in a way that it does not align with the typical central placement seen in the other floorplans. In contrast, the other floorplans have the master room centrally located, which suggests a more symmetrical and standard layout. Additionally, the distribution of other rooms around the master room in D appears less uniform compared to the others, indicating a different underlying pattern."
"[17, 21]","[7, 20]","['62454', '54372', '69704', '9795', '78147']",54372,1. **Different floorplan:** B,"1. **Different floorplan:** B
2. **Why:** Floorplan B has a unique arrangement where the master room (#FFA500) is positioned in the center, surrounded by a common room (#FFD700), a living room (#EEE8AA), and a balcony (#6B8E23). This central placement of the master room is not seen in the other floorplans, which typically have the master room either at one end or centrally located but not surrounded by other rooms in this specific manner."
"[17, 18]","[7, 20]","['66316', '6955', '55305', '46660', '70105']",55305,1. **Different floorplan:** E,"1. **Different floorplan:** E
2. **Why:** Floorplan E has a unique arrangement where the living room and dining area are adjacent but not directly connected by a common wall, unlike the other floorplans which have a more consistent layout with rooms typically sharing walls in a linear or T-shaped configuration. This distinct layout makes it stand out from the others."
"[7, 1]","[17, 5]","['72055', '16951', '8109', '12421', '10825']",72055,1. **Different floorplan:** E,"1. **Different floorplan:** E
2. **Why:** Floorplan E has a unique arrangement where the master room (#FFA500) is positioned in a way that it does not align with the typical central placement seen in the other floorplans. In contrast, the other floorplans have the master room centrally located, which suggests a more symmetrical and standard layout. Additionally, the positioning of the common room (#FFD700) and the living room (#EEE8AA) in relation to the entrance and the rest of the rooms also differs from the others, indicating a distinct pattern."
"[7, 1]","[17, 5]","['12376', '72055', '10825', '12421', '17550']",72055,1. **Different floorplan:** D,"1. **Different floorplan:** D
2. **Why:** Floorplan D has a unique arrangement where the master room (#FFA500) is positioned in a way that it does not align with the typical central placement seen in the other floorplans. In contrast, the other floorplans have the master room centrally located, which suggests a more symmetrical and standard layout. Additionally, the positioning of the common room (#FFD700) and the living room (#EEE8AA) in relation to the entrance and the rest of the rooms also differs from the others, indicating a distinct pattern."
"[17, 21]","[7, 1]","['3536', '62549', '62454', '9795', '69704']",3536,1. **Different floorplan:** D,"1. **Different floorplan:** D
2. **Why:** Floorplan D has a unique arrangement where the master room (#FFA500) is positioned in an unusual location compared to the other floorplans. In contrast, the other floorplans have the master room in a more standard position near the center or one side of the apartment, which is not the case in D. This suggests that D has a different underlying pattern."
"[7, 1]","[17, 5]","['16951', '72055', '12421', '17550', '10825']",72055,1. **Different floorplan:** E,"1. **Different floorplan:** E
2. **Why:** Floorplan E has a unique arrangement where the master room (#FFA500) is positioned in a way that it does not align with the typical central placement seen in the other floorplans. In contrast, the other floorplans have the master room centrally located, which suggests a more symmetrical and standard layout. Additionally, the positioning of the common room (#FFD700) and the living room (#EEE8AA) in relation to the entrance and the rest of the rooms also differs from the others, indicating a distinct pattern."
"[17, 21]","[7, 3]","['40487', '9795', '62454', '62549', '52457']",52457,1. **Different floorplan:** E,"1. **Different floorplan:** E
2. **Why:** Floorplan E has a completely different layout compared to the others. It features a single large open space with no internal divisions, which is distinct from the other floorplans that have multiple rooms separated by walls. The other floorplans (A, B, C, and D) all show a more traditional apartment layout with distinct rooms such as living rooms, bedrooms, kitchens, and bathrooms. Floorplan E's design suggests it might be a studio apartment or a very open concept home, which sets it apart from the rest."
"[17, 18]","[7, 1]","['51240', '8109', '31693', '46660', '66316']",8109,1. **Different floorplan:** C,"1. **Different floorplan:** C
2. **Why:** Floorplan C has a unique arrangement where the master room (#FFA500) is positioned in the center, surrounded by common rooms (#FFD700), which is not seen in the other floorplans. The other floorplans have the master room either at one end or in a corner, with the common rooms distributed around it in a more symmetrical manner."
"[7, 1]","[17, 5]","['10825', '33045', '16951', '17550', '12421']",33045,1. **Different floorplan:** B,"1. **Different floorplan:** B
2. **Why:** Floorplan B has a unique arrangement where the master room (#FFA500) is positioned in the center, surrounded by a common room (#FFD700), a living room (#EEE8AA), and a balcony (#6B8E23). This central placement of the master room is distinct from the other floorplans, which typically have the master room either at one end or centrally located but not surrounded by other rooms in this specific manner."
"[7, 1]","[17, 21]","['12376', '8109', '17550', '62454', '53652']",62454,1. **Different floorplan:** E,"1. **Different floorplan:** E
2. **Why:** Floorplan E has a unique arrangement where the master room (#FFA500) is positioned in the upper right corner, which is not typical in the other floorplans. In contrast, the other floorplans have the master room in the lower left or central position, maintaining a more consistent layout. Additionally, the placement of the common room (#FFD700) and the living room (#EEE8AA) also differs significantly from the others, making it stand out as having a different underlying pattern."
"[7, 20]","[17, 18]","['2277', '66316', '2425', '54372', '55305']",66316,1. **Different floorplan:** C,"1. **Different floorplan:** C
2. **Why:** Floorplan C has a distinct layout compared to the others. It features a central hallway with a T-shape configuration, which is not present in the other floorplans. The other floorplans have more symmetrical or rectangular layouts with a single entrance leading into a larger open space, followed by smaller rooms branching off. Floorplan C's central hallway and T-shape make it unique among the group."
"[7, 1]","[17, 21]","['12421', '8109', '53652', '17550', '62549']",62549,1. **Different floorplan:** E,"1. **Different floorplan:** E
2. **Why:** Floorplan E has a unique arrangement where the master room (#FFA500) is positioned in the upper right corner, which is not typical in the other floorplans. In contrast, the other floorplans have the master room in the lower left or central position, maintaining a more consistent layout. Additionally, the distribution of other rooms like the common room (#FFD700), living room (#EEE8AA), and kitchen (#F08080) also differs significantly from the others, making it stand out as having a different underlying pattern."
"[17, 18]","[7, 22]","['21543', '23132', '31693', '46660', '66316']",23132,1. **Different floorplan:** A,"1. **Different floorplan:** A
2. **Why:** Floorplan A has a unique arrangement where the common room (yellow) is directly connected to the master room (orange) without any intermediary space, which is not present in the other floorplans. In contrast, floorplans B, C, D, and E all have a common room (yellow) that is separated from the master room (orange) by at least one other room type, such as a living room (beige), balcony (green), or storage (purple). This distinct pattern makes floorplan A stand out from the others."
"[17, 18]","[7, 22]","['51240', '6955', '23132', '31693', '66316']",23132,1. **Different floorplan:** C,"1. **Different floorplan:** C
2. **Why:** Floorplan C has a unique arrangement where the master room (#FFA500) is positioned in a way that it does not align with the typical central placement seen in the other floorplans. In contrast, the other floorplans have the master room centrally located, which suggests a more symmetrical and standard layout. Floorplan C's master room is placed off-center, making it stand out from the others."
"[17, 18]","[7, 20]","['21408', '66316', '6955', '2277', '70105']",2277,1. **Different floorplan:** E,"1. **Different floorplan:** E
2. **Why:** Floorplan E has a unique configuration where the main entrance leads directly into a small room with no visible connection to the rest of the floorplan. In contrast, floorplans A, B, C, and D all have a more interconnected layout, with the main entrance leading into larger spaces that connect to other rooms in a way that suggests a more typical apartment design. Floorplan E's layout appears to be more isolated compared to the others."
"[17, 18]","[7, 22]","['70105', '31113', '31693', '46660', '66935']",31113,1. **Different floorplan:** A,"1. **Different floorplan:** A
2. **Why:** Floorplan A has a unique arrangement of rooms compared to the others. It features a central hallway with a staircase leading up to an upper level, which is not present in the other floorplans. The other floorplans have more uniform layouts without such a distinct staircase feature."
"[17, 21]","[7, 22]","['69704', '40679', '78147', '40487', '62549']",40679,1. **Different floorplan:** B,"1. **Different floorplan:** B
2. **Why:** Floorplan B has a unique arrangement where the master room (#FFA500) is positioned in the center, surrounded by a common room (#FFD700), a living room (#EEE8AA), and a balcony (#6B8E23). This central placement of the master room is not seen in the other floorplans, which typically have the master room either at one end or centrally but not surrounded by other rooms in this specific configuration."
"[7, 1]","[17, 21]","['62549', '3536', '12421', '8109', '53652']",62549,1. **Different floorplan:** E,"1. **Different floorplan:** E
2. **Why:** Floorplan E has a unique arrangement where the living room and dining area are directly adjacent without any intervening space, which is not observed in the other floorplans. In contrast, the other floorplans have a more traditional layout with hallways or additional spaces separating the living and dining areas."
"[17, 21]","[7, 1]","['16951', '78147', '62549', '69704', '62454']",16951,1. **Different floorplan:** D,"1. **Different floorplan:** D
2. **Why:** Floorplan D has a unique arrangement where the master room (#FFA500) is positioned in a way that it does not align with the typical central placement seen in the other floorplans. In contrast, the other floorplans have the master room centrally located, which suggests a more symmetrical and standard layout. Additionally, the positioning of the common room (#FFD700) and the living room (#EEE8AA) in relation to the entrance and the rest of the rooms also differs from the others, indicating a distinct pattern."
"[7, 1]","[17, 18]","['12376', '8109', '66316', '10825', '16951']",66316,1. **Different floorplan:** C,"1. **Different floorplan:** C
2. **Why:** Floorplan C has a distinct arrangement of rooms compared to the others. It features a central rectangular area surrounded by smaller rooms, which is not present in the other floorplans. The other floorplans have more symmetrical and uniform layouts with consistent room sizes and arrangements around a central core."
"[7, 1]","[17, 18]","['10825', '16951', '17550', '12421', '66316']",66316,1. **Different floorplan:** D,"1. **Different floorplan:** D
2. **Why:** Floorplan D has a unique arrangement where the master room (#FFA500) is positioned in the center, surrounded by a common room (#FFD700), a living room (#EEE8AA), and a balcony (#6B8E23). This central placement of the master room is distinct from the other floorplans, which typically have the master room either at one end or centrally located but not surrounded by other rooms in this specific manner."
"[17, 21]","[7, 20]","['69704', '62549', '9795', '55305', '40487']",55305,1. **Different floorplan:** E,"1. **Different floorplan:** E
2. **Why:** Floorplan E has a unique arrangement where the master room (#FFA500) is positioned in a way that it does not align with the typical central placement seen in the other floorplans. In contrast, the other floorplans have the master room centrally located, which is a common pattern in residential designs. Additionally, the layout of the common rooms and living areas in floorplan E appears more compact and less symmetrical compared to the others, suggesting a different underlying design philosophy."
"[17, 21]","[7, 22]","['62549', '78147', '9795', '69704', '79411']",79411,1. **Different floorplan:** E,"1. **Different floorplan:** E
2. **Why:** Floorplan E has a unique arrangement where the living room and dining area are positioned in a way that they do not align with the typical layout seen in the other four floorplans. In contrast, the other four floorplans have a more consistent pattern where the living room and dining area are adjacent and follow a similar spatial relationship. Floorplan E breaks this pattern by having the dining area separated from the living room, which is not observed in the others."
"[17, 21]","[7, 20]","['78147', '40487', '62549', '54372', '69704']",54372,1. **Different floorplan:** E,"1. **Different floorplan:** E
2. **Why:** Floorplan E has a unique arrangement where the living room and common room are directly adjacent without any intervening space, which is not observed in the other floorplans. In contrast, floorplans A, B, C, and D all have a more traditional layout with a corridor separating the living room from the common room."
"[17, 18]","[7, 1]","['6955', '70105', '21543', '66316', '53652']",53652,1. **Different floorplan:** E,"1. **Different floorplan:** E
2. **Why:** Floorplan E has a unique arrangement where the living room and dining area are directly adjacent without any intervening space, which is not observed in the other floorplans. In contrast, the other floorplans have a more traditional layout with hallways separating the living and dining areas."
"[7, 1]","[17, 18]","['6955', '53652', '16951', '10825', '12376']",6955,1. **Different floorplan:** A,"1. **Different floorplan:** A
2. **Why:** Floorplan A has a unique arrangement where the master room (#FFA500) is positioned in the top left corner, which is not typical for the other floorplans. In contrast, the other floorplans have the master room (#FFA500) centrally located or in a more standard position within the layout. This distinct placement makes floorplan A stand out from the others."
"[7, 1]","[17, 5]","['12421', '50221', '53652', '10825', '8109']",50221,1. **Different floorplan:** C,"1. **Different floorplan:** C
2. **Why:** Floorplan C has a unique arrangement where the master room (#FFA500) is positioned in a way that it does not align with the typical central placement seen in the other floorplans. Additionally, the kitchen (#F08080) and dining area (#DA70D6) are placed in a manner that differs from the standard layout observed in A, B, D, and E. The presence of a balcony (#6B8E23) in an unusual location also contributes to the distinctiveness of floorplan C."
"[7, 1]","[17, 21]","['8109', '9795', '17550', '16951', '53652']",9795,1. **Different floorplan:** E,"1. **Different floorplan:** E
2. **Why:** Floorplan E has a unique arrangement where the master room (#FFA500) is positioned in a way that it does not align with the typical central placement seen in the other floorplans. In contrast, the other floorplans have the master room centrally located, which is a common pattern in residential designs. Additionally, the layout of the common rooms and living areas in E differs significantly from the others, suggesting a different underlying pattern."
"[17, 21]","[7, 22]","['40487', '9795', '69704', '79411', '78147']",79411,1. **Different floorplan:** D,"1. **Different floorplan:** D
2. **Why:** Floorplan D has a unique arrangement where the living room and dining area are directly adjacent without any intervening space, unlike the other floorplans which typically have a corridor or another room separating them. This direct adjacency is not seen in A, B, C, or E, making it distinct from the others."
"[17, 21]","[7, 1]","['9795', '40487', '78147', '17550', '69704']",17550,1. **Different floorplan:** B,"1. **Different floorplan:** B
2. **Why:** Floorplan B has a unique arrangement where the master room (#FFA500) is positioned in the upper left corner, which is not typical for the other floorplans. In contrast, all other floorplans have the master room (#FFA500) either in the center or towards the right side, with the rest of the rooms arranged around it in a more standard layout. This distinct placement makes floorplan B stand out from the others."
"[7, 1]","[17, 21]","['12376', '53652', '62549', '12421', '3536']",62549,1. **Different floorplan:** E,"1. **Different floorplan:** E
2. **Why:** Floorplan E has a unique arrangement where the living room and dining area are directly adjacent without any intervening space, which is not observed in the other floorplans. In contrast, floorplans A, B, C, and D all have a more traditional layout with a corridor separating the living room from the dining area."
"[17, 18]","[7, 22]","['21408', '31113', '70105', '51240', '66316']",31113,1. **Different floorplan:** C,"1. **Different floorplan:** C
2. **Why:** Floorplan C has a unique arrangement where the living room and common room are directly adjacent without any intervening space, unlike the other floorplans which have a more complex layout with additional rooms and corridors between the main areas. This direct adjacency in C suggests a different underlying pattern compared to the others."
"[7, 1]","[17, 21]","['78147', '53652', '12421', '17550', '10825']",78147,1. **Different floorplan:** E,"1. **Different floorplan:** E
2. **Why:** Floorplan E has a unique arrangement where the master room (#FFA500) is positioned in a way that it does not align with the typical central placement seen in the other floorplans. In contrast, the other floorplans have the master room centrally located, which is a common pattern in apartment designs. Additionally, the layout of the common rooms and living areas in E differs significantly from the others, suggesting a different underlying pattern."
"[7, 1]","[17, 18]","['12421', '3536', '10825', '12376', '31693']",31693,1. **Different floorplan:** E,"1. **Different floorplan:** E
2. **Why:** Floorplan E has a distinct arrangement of rooms compared to the others. It features a central rectangular area with smaller rooms branching off in a more linear fashion, which differs from the more complex and varied layouts of the other floorplans. The other floorplans have more intricate patterns with multiple interconnected spaces, whereas E has a simpler, more straightforward design."
"[17, 18]","[7, 1]","['21543', '12376', '66935', '6955', '21408']",12376,1. **Different floorplan:** B,"1. **Different floorplan:** B
2. **Why:** Floorplan B is the only one that does not have a continuous hallway running from the main entrance to the far end of the apartment. All other floorplans (A, C, D, and E) have a consistent hallway pattern that extends from the entrance to the opposite side of the apartment. Floorplan B breaks this pattern by having a more compact arrangement with no clear continuous hallway."
"[17, 18]","[7, 22]","['66935', '21543', '66316', '79411', '21408']",79411,1. **Different floorplan:** D,"1. **Different floorplan:** D
2. **Why:** Floorplan D has a unique arrangement where the living room and dining area are directly adjacent without any intervening space, unlike the other floorplans which typically have a corridor or another room separating them. This direct adjacency is not seen in A, B, C, or E, making it stand out with a different underlying pattern."
"[17, 18]","[7, 22]","['21543', '51240', '23132', '70105', '66316']",23132,1. **Different floorplan:** C,"1. **Different floorplan:** C
2. **Why:** Floorplan C has a distinct layout compared to the others. It features a single large room with a smaller room attached to one side, which is not present in the other floorplans. The other floorplans have more complex layouts with multiple interconnected rooms, making them more similar to each other."
"[7, 1]","[17, 5]","['10825', '12421', '53652', '3536', '50221']",50221,1. **Different floorplan:** E,"1. **Different floorplan:** E
2. **Why:** Floorplan E has a unique arrangement where the master room (#FFA500) is positioned in a way that it does not align with the typical central placement seen in the other floorplans. In contrast, the other floorplans have the master room centrally located, which is a common pattern in residential designs. Additionally, the layout of the common rooms and living areas in E is more compact and less symmetrical compared to the others, suggesting a different underlying design philosophy."
"[17, 18]","[7, 1]","['66316', '12421', '31693', '21408', '66935']",12421,1. **Different floorplan:** E,"1. **Different floorplan:** E
2. **Why:** Floorplan E has a unique arrangement where the master room (#FFA500) is positioned in a way that it does not align with the typical central placement seen in the other floorplans. In contrast, the other floorplans have the master room centrally located, which suggests a more symmetrical and standard layout. Floorplan E's master room is placed off-center, making it stand out from the others."
"[17, 18]","[7, 20]","['6955', '66935', '2425', '70105', '51240']",2425,1. **Different floorplan:** D,"1. **Different floorplan:** D
2. **Why:** Floorplan D has a unique arrangement where the master room (#FFA500) is positioned in a way that it does not align with the common room (#FFD700) in the same manner as the other floorplans. In contrast, the other floorplans have the master room adjacent to the common room in a consistent pattern. Additionally, the layout of the kitchen (#F08080) and the dining area (#DA70D6) in floorplan D differs significantly from the others, suggesting a different underlying pattern."
"[7, 1]","[17, 21]","['16951', '62549', '12376', '53652', '3536']",62549,1. **Different floorplan:** E,"1. **Different floorplan:** E
2. **Why:** Floorplan E has a unique layout compared to the others. It features a large open space that spans across multiple rooms without any clear division into distinct sections like the other floorplans. The other floorplans have more defined areas with walls separating different spaces, making them easier to identify individual rooms such as living rooms, kitchens, and bathrooms. Floorplan E's open layout suggests it might be designed differently, possibly as a studio or a very spacious living area without traditional room divisions."
"[7, 1]","[17, 18]","['10825', '8109', '53652', '16951', '46660']",46660,1. **Different floorplan:** E,"1. **Different floorplan:** E
2. **Why:** Floorplan E has a unique arrangement where the master room (#FFA500) is positioned in the center, surrounded by other rooms, which is not typical in the other floorplans. In contrast, the other floorplans have the master room either at one end or in a corner, with the rest of the rooms distributed around it in a more conventional manner."
"[7, 1]","[17, 5]","['10825', '50221', '12421', '3536', '17550']",50221,1. **Different floorplan:** D,"1. **Different floorplan:** D
2. **Why:** Floorplan D has a unique arrangement where the living room and dining area are directly connected without any intervening space, unlike the other floorplans which have a corridor or another room separating them. This direct connection makes it distinct from the others in terms of spatial layout."
"[17, 18]","[7, 22]","['21408', '79411', '6955', '31693', '46660']",79411,1. **Different floorplan:** B,"1. **Different floorplan:** B
2. **Why:** Floorplan B has a distinct pattern compared to the others. It features a central hallway with a T-shaped layout, which is not present in the other floorplans. The other floorplans have more symmetrical or grid-like patterns, with rooms arranged around a central core or along a single axis. Floorplan B's unique T-shape makes it stand out from the rest."
"[17, 18]","[7, 1]","['31693', '70105', '66935', '12376', '66316']",12376,1. **Different floorplan:** B,"1. **Different floorplan:** B
2. **Why:** Floorplan B has a unique arrangement of rooms compared to the others. It features a central hallway with a staircase leading up, which is not present in the other floorplans. Additionally, the distribution of room types and their relative sizes differs significantly from the uniformity seen in A, C, D, and E."
"[17, 5]","[7, 22]","['79411', '33045', '7913', '50221', '72055']",79411,1. **Different floorplan:** D,"1. **Different floorplan:** D
2. **Why:** Floorplan D has a unique arrangement where the living room and kitchen are directly adjacent without any intervening space, which is not seen in the other floorplans. In contrast, floorplans A, B, C, and E all have a more typical layout with a corridor separating the living room from the kitchen."
"[7, 1]","[17, 5]","['53652', '12376', '12421', '33045', '3536']",33045,1. **Different floorplan:** E,"1. **Different floorplan:** E
2. **Why:** Floorplan E has a unique arrangement where the living room and dining area are directly adjacent without any intervening space, which is not observed in the other floorplans. In contrast, the other floorplans have a more traditional layout with hallways or additional spaces separating the living and dining areas."
"[7, 1]","[17, 5]","['17550', '7913', '16951', '53652', '10825']",7913,1. **Different floorplan:** D,"1. **Different floorplan:** D
2. **Why:** Floorplan D has a unique arrangement where the master room (#FFA500) is positioned in a way that it does not align with the typical central placement seen in the other floorplans. In contrast, the other floorplans have the master room centrally located, which suggests a more symmetrical and standard layout. Additionally, the positioning of the common room (#FFD700) and the living room (#EEE8AA) in relation to the entrance and the rest of the rooms also differs from the others, indicating a distinct pattern."
"[7, 1]","[17, 21]","['8109', '17550', '3536', '12421', '62549']",62549,1. **Different floorplan:** C,"1. **Different floorplan:** C
2. **Why:** Floorplan C has a unique arrangement where the master room (#FFA500) is positioned in the center, surrounded by a large common room (#FFD700) and a smaller balcony (#6B8E23). This central placement of the master room with a surrounding common area and balcony is distinct from the other floorplans, which typically have the master room either at one end or centrally located but not surrounded by such a configuration. Additionally, the layout of the other rooms (living room, dining, kitchen, and storage) in relation to the master room in C differs significantly from the more linear or symmetrical arrangements seen in A, B, D, and E."
"[17, 18]","[7, 22]","['66935', '23132', '21408', '21543', '51240']",23132,1. **Different floorplan:** E,"1. **Different floorplan:** E
2. **Why:** Floorplan E has a unique arrangement where the living room and dining area are directly adjacent without any intervening space, which is not present in the other floorplans. In contrast, floorplans A, B, C, and D all have a common pattern where the living room and dining area are separated by a hallway or another room. This distinct layout makes floorplan E stand out from the others."
"[7, 1]","[17, 18]","['16951', '17550', '3536', '12421', '46660']",46660,1. **Different floorplan:** C,"1. **Different floorplan:** C
2. **Why:** Floorplan C has a unique arrangement where the living room and common room are directly adjacent without any intervening space, unlike the other floorplans which have a more segmented layout with clear separation between rooms. This direct adjacency in C suggests a different underlying pattern compared to the others."
"[17, 21]","[7, 3]","['78147', '61767', '40487', '62549', '9795']",61767,1. **Different floorplan:** E,"1. **Different floorplan:** E
2. **Why:** Floorplan E has a unique arrangement where the master room (#FFA500) is positioned in a way that it does not align with the typical central placement seen in the other floorplans. In contrast, the other floorplans have the master room centrally located, which suggests a more symmetrical and standard layout. Additionally, the positioning of the common room (#FFD700) and the living room (#EEE8AA) in relation to the entrance and the rest of the rooms also differs from the others, indicating a distinct pattern."
"[7, 1]","[17, 18]","['17550', '8109', '66316', '3536', '16951']",66316,1. **Different floorplan:** C,"1. **Different floorplan:** C
2. **Why:** Floorplan C has a unique arrangement where the master room (#FFA500) is positioned in the center, surrounded by a common room (#FFD700) and a balcony (#6B8E23). This central placement of the master room with additional rooms around it is distinct from the other floorplans, which typically have the master room in a corner or along one side. Additionally, the layout of the common room and balcony in relation to the master room in floorplan C is not mirrored in the other floorplans, suggesting a different underlying pattern."
"[7, 20]","[17, 5]","['2277', '55305', '2425', '72055', '54372']",72055,1. **Different floorplan:** C,"1. **Different floorplan:** C
2. **Why:** Floorplan C has a distinct layout compared to the others. It lacks the central common room and the symmetrical arrangement of rooms around it. Instead, it features a more linear progression from the entrance towards the back of the apartment, with a smaller kitchen and a single bathroom. The other floorplans (A, B, D, and E) all have a similar pattern with a central common room, a living room, a dining area, a kitchen, a master room, and a bathroom, arranged in a symmetrical manner around this central space."
"[17, 18]","[7, 20]","['55305', '46660', '51240', '66316', '31693']",55305,1. **Different floorplan:** B,"1. **Different floorplan:** B
2. **Why:** Floorplan B has a unique arrangement where the master room (#FFA500) is positioned in a way that it does not align with the typical central placement seen in the other floorplans. Additionally, the living room (#EEE8AA) and common room (#FFD700) are placed in a manner that differs from the symmetrical and consistent patterns observed in A, C, D, and E. The presence of a large balcony (#6B8E23) at the bottom right corner also stands out as an unusual feature compared to the other floorplans."
"[7, 1]","[17, 18]","['21543', '17550', '12421', '8109', '53652']",21543,1. **Different floorplan:** A,"1. **Different floorplan:** A
2. **Why:** Floorplan A has a unique arrangement of rooms compared to the others. It features a central common room with multiple smaller rooms branching off from it, which is not present in the other floorplans. The other floorplans have more symmetrical layouts with larger, contiguous spaces that are more uniform in their design."
"[17, 18]","[7, 22]","['70105', '31693', '46660', '21543', '31113']",31113,1. **Different floorplan:** E,"1. **Different floorplan:** E
2. **Why:** Floorplan E has a distinct layout compared to the others. It features a single large room with no internal divisions, which is unlike the other floorplans that have multiple rooms separated by walls. The other floorplans (A, B, C, and D) all show a more complex arrangement with various rooms and corridors, making them more similar in their underlying patterns."
"[7, 1]","[17, 5]","['3536', '12421', '7913', '12376', '17550']",7913,1. **Different floorplan:** B,"1. **Different floorplan:** B
2. **Why:** Floorplan B has a unique arrangement where the master room (#FFA500) is positioned in the center, surrounded by a common room (#FFD700), a living room (#EEE8AA), and a balcony (#6B8E23). This central placement of the master room is distinct from the other floorplans, which typically have the master room either at one end or centrally located but not surrounded by other rooms in this specific manner."
"[17, 18]","[7, 3]","['66935', '70105', '6955', '75828', '21543']",75828,1. **Different floorplan:** E,"1. **Different floorplan:** E
2. **Why:** Floorplan E has a unique arrangement where the master room (#FFA500) is positioned in a way that it does not align with the typical central placement seen in the other floorplans. In contrast, the other floorplans have the master room centrally located, which is a common pattern in apartment designs. Additionally, the distribution of other room types around the master room in E is less symmetrical compared to the others, suggesting a different underlying pattern."
"[7, 1]","[17, 18]","['31693', '17550', '16951', '53652', '12376']",31693,1. **Different floorplan:** D,"1. **Different floorplan:** D
2. **Why:** Floorplan D has a unique arrangement where the master room (#FFA500) is positioned in a way that it does not align with the typical central placement seen in the other floorplans. In contrast, the other floorplans have the master room centrally located, which suggests a more symmetrical and standard layout. Additionally, the positioning of the common room (#FFD700) and the living room (#EEE8AA) in relation to the entrance and the rest of the rooms also differs from the others, indicating a distinct pattern."
"[17, 18]","[7, 1]","['21543', '66316', '3536', '70105', '31693']",3536,1. **Different floorplan:** D,"1. **Different floorplan:** D
2. **Why:** Floorplan D has a unique arrangement where the master room is positioned in a way that it does not align with the typical central placement seen in the other floorplans. Additionally, the kitchen and dining areas are placed in a manner that differs from the others, creating a distinct pattern."
"[7, 1]","[17, 5]","['53652', '17550', '72055', '8109', '10825']",72055,1. **Different floorplan:** C,"1. **Different floorplan:** C
2. **Why:** Floorplan C has a unique arrangement where the master room (#FFA500) is positioned in the center, surrounded by a common room (#FFD700), a living room (#EEE8AA), and a balcony (#6B8E23). This central placement of the master room is distinct from the other floorplans, which typically place the master room either at one end or in a corner. Additionally, the kitchen (#F08080) and dining (#DA70D6) areas are located in different positions compared to the other floorplans, further indicating a different underlying pattern."
"[7, 1]","[17, 18]","['17550', '21543', '53652', '16951', '12376']",21543,1. **Different floorplan:** B,"1. **Different floorplan:** B
2. **Why:** Floorplan B has a unique arrangement of rooms compared to the others. It features a central hallway with a staircase leading up, which is not present in the other floorplans. Additionally, the distribution of room types and their relative sizes differs significantly from the rest, making it stand out as having a different underlying pattern."
"[17, 18]","[7, 3]","['51240', '31693', '6955', '70105', '61767']",61767,1. **Different floorplan:** D,"1. **Different floorplan:** D
2. **Why:** Floorplan D has a unique arrangement where the living room and dining area are directly connected without any intervening space, unlike the other floorplans which have a corridor or another room separating them. This direct connection makes it distinct from the others in terms of spatial layout."
"[7, 1]","[17, 18]","['10825', '17550', '21408', '16951', '12376']",21408,1. **Different floorplan:** C,"1. **Different floorplan:** C
2. **Why:** Floorplan C has a unique arrangement where the master room (#FFA500) is positioned in the center, surrounded by a common room (#FFD700), a living room (#EEE8AA), and a balcony (#6B8E23). This central placement of the master room is distinct from the other floorplans, which typically place the master room either at one end or in a corner. Additionally, the kitchen (#F08080) and dining (#DA70D6) areas are located in different positions compared to the other floorplans, further indicating a different underlying pattern."
"[17, 18]","[7, 3]","['70105', '6955', '46660', '64781', '66935']",64781,1. **Different floorplan:** A,"1. **Different floorplan:** A
2. **Why:** Floorplan A has a unique arrangement where the common room (yellow) is directly connected to the master room (orange) without any intermediate spaces, which is not seen in the other floorplans. In contrast, floorplans B, C, D, and E all have the common room separated from the master room by at least one other room type, such as a living room or a balcony. This distinct pattern makes floorplan A stand out."
"[17, 21]","[7, 1]","['8109', '9795', '40487', '62549', '78147']",8109,1. **Different floorplan:** C,"1. **Different floorplan:** C
2. **Why:** Floorplan C has a unique arrangement where the master room (#FFA500) is positioned in the center, surrounded by a common room (#FFD700), a living room (#EEE8AA), and a balcony (#6B8E23). This central placement of the master room is distinct from the other floorplans, which typically place the master room either at one end or in a corner. Additionally, the spatial distribution of the other rooms around the master room in C is more symmetrical compared to the other floorplans, which have more varied layouts."
"[7, 1]","[17, 21]","['12421', '8109', '40487', '53652', '16951']",40487,1. **Different floorplan:** D,"1. **Different floorplan:** D
2. **Why:** Floorplan D has a unique arrangement of rooms compared to the others. Specifically, the kitchen in D is located at the bottom left corner, which is not the case in the other floorplans where the kitchen is typically positioned more centrally or towards the back. Additionally, the living room in D is larger and occupies a significant portion of the space, whereas in the other floorplans, the living room is smaller and positioned differently. These differences suggest that D has a distinct underlying pattern."
"[7, 1]","[17, 21]","['3536', '62549', '12421', '10825', '8109']",62549,1. **Different floorplan:** D,"1. **Different floorplan:** D
2. **Why:** Floorplan D has a unique arrangement where the master room (#FFA500) is positioned in the center, surrounded by a common room (#FFD700), a living room (#EEE8AA), and a balcony (#6B8E23). This central placement of the master room is distinct from the other floorplans, which typically have the master room either at one end or centrally located but not surrounded by other rooms in this specific manner."
"[7, 1]","[17, 5]","['12376', '3536', '8109', '12421', '7913']",7913,1. **Different floorplan:** E,"1. **Different floorplan:** E
2. **Why:** Floorplan E has a unique arrangement where the master room (#FFA500) is positioned in a way that it does not align with the typical central placement seen in the other floorplans. In contrast, the other floorplans have the master room centrally located, which is a common pattern in residential designs. Additionally, the spatial distribution of rooms around the master room in E is less symmetrical compared to the others, suggesting a different underlying pattern."
"[17, 18]","[7, 22]","['79411', '6955', '21408', '66316', '46660']",79411,1. **Different floorplan:** B,"1. **Different floorplan:** B
2. **Why:** Floorplan B has a unique arrangement where the master room (#FFA500) is positioned in the center, surrounded by common rooms (#FFD700), living rooms (#EEE8AA), and balconies (#6B8E23). This central placement of the master room is not seen in the other floorplans, which typically have the master room either at one end or in a corner. Additionally, the layout of the common rooms and living rooms around the master room in B creates a distinct pattern compared to the more linear or scattered arrangements in A, C, D, and E."
"[17, 18]","[7, 1]","['31693', '53652', '70105', '51240', '66316']",53652,1. **Different floorplan:** C,"1. **Different floorplan:** C
2. **Why:** Floorplan C has a unique arrangement of rooms compared to the others. It features a central hallway with a T-shaped layout, which is distinct from the more symmetrical and grid-like patterns in A, B, D, and E. The other floorplans have a more uniform distribution of rooms around a central core, whereas C has a more complex and less symmetrical design."
"[7, 1]","[17, 18]","['17550', '10825', '16951', '21408', '12421']",21408,1. **Different floorplan:** B,"1. **Different floorplan:** B
2. **Why:** Floorplan B has a unique arrangement where the master room (#FFA500) is positioned in a way that it does not align with the typical central placement seen in the other floorplans. Additionally, the kitchen (#F08080) is located at an unusual position compared to the standard layout, which suggests a different underlying pattern."
"[7, 1]","[17, 5]","['17550', '3536', '53652', '72055', '8109']",72055,1. **Different floorplan:** D,"1. **Different floorplan:** D
2. **Why:** Floorplan D has a unique arrangement where the living room and kitchen are directly adjacent without any intervening space, unlike the other floorplans which typically have a corridor or another room separating them. This direct adjacency is not seen in A, B, C, or E, making it stand out with a different underlying pattern."
"[7, 1]","[17, 21]","['16951', '8109', '40487', '53652', '10825']",40487,1. **Different floorplan:** C,"1. **Different floorplan:** C
2. **Why:** Floorplan C has a unique arrangement where the master room (#FFA500) is positioned in the center, surrounded by a common room (#FFD700), a living room (#EEE8AA), and a balcony (#6B8E23). This central placement of the master room is distinct from the other floorplans, which typically place the master room either at one end or in a corner. Additionally, the kitchen (#F08080) and dining (#DA70D6) areas are located in different positions compared to the other floorplans, further indicating a different underlying pattern."
"[17, 18]","[7, 3]","['21408', '52457', '66316', '31693', '6955']",52457,1. **Different floorplan:** B,"1. **Different floorplan:** B
2. **Why:** Floorplan B has a distinct rectangular shape with a single large room extending from the main entrance, which is not present in the other floorplans. The other floorplans have more complex layouts with multiple rooms and varying shapes, making them more intricate and less uniform compared to B."
"[17, 21]","[7, 1]","['40487', '9795', '53652', '78147', '62454']",53652,1. **Different floorplan:** C,"1. **Different floorplan:** C
2. **Why:** Floorplan C has a unique arrangement where the master room (#FFA500) is positioned in the center, surrounded by a common room (#FFD700), a living room (#EEE8AA), and a balcony (#6B8E23). This central placement of the master room is distinct from the other floorplans, which typically have the master room either at one end or centrally located but not surrounded by other rooms in this specific manner. Additionally, the spatial distribution of the other rooms around the master room in C is more compact compared to the other floorplans, suggesting a different underlying pattern."
"[17, 21]","[7, 22]","['31113', '62549', '9795', '78147', '62454']",31113,1. **Different floorplan:** B,"1. **Different floorplan:** B
2. **Why:** Floorplan B has a unique arrangement where the master room (#FFA500) is positioned in a way that it does not align with the typical central placement seen in the other floorplans. Additionally, the living room (#EEE8AA) and common room (#FFD700) are placed in a manner that differs from the symmetrical and consistent patterns observed in A, C, D, and E. The presence of the balcony (#6B8E23) and the positioning of the dining area (#DA70D6) also contribute to the distinctiveness of floorplan B compared to the others."
"[17, 18]","[7, 1]","['66316', '6955', '8109', '66935', '21408']",8109,1. **Different floorplan:** C,"1. **Different floorplan:** C
2. **Why:** Floorplan C has a distinct arrangement of rooms compared to the others. It features a single large central room with smaller rooms branching off from it, which is not seen in the other floorplans. The other floorplans have more symmetrical layouts with multiple interconnected rooms of similar size and shape."
"[17, 18]","[7, 22]","['21543', '40679', '21408', '51240', '66316']",40679,1. **Different floorplan:** A,"1. **Different floorplan:** A
2. **Why:** Floorplan A has a unique configuration where the common room and the master room are directly adjacent without any intervening space, which is not observed in the other floorplans. In contrast, floorplans B, C, D, and E all have a more standard layout with additional spaces between the common room and the master room, such as a living room or a balcony. This distinct arrangement makes floorplan A stand out from the others."
"[7, 1]","[17, 21]","['10825', '9795', '3536', '53652', '17550']",9795,1. **Different floorplan:** C,"1. **Different floorplan:** C
2. **Why:** Floorplan C has a unique arrangement where the master room (#FFA500) is positioned in the center, surrounded by a common room (#FFD700), a living room (#EEE8AA), and a balcony (#6B8E23). This central placement of the master room is distinct from the other floorplans, which typically place the master room either at one end or in a corner. Additionally, the spatial distribution of the rooms around the master room in C is more symmetrical compared to the others, making it stand out as having a different underlying pattern."
"[17, 21]","[7, 22]","['78147', '23132', '62549', '40487', '9795']",23132,1. **Different floorplan:** E,"1. **Different floorplan:** E
2. **Why:** Floorplan E has a unique arrangement where the master room (#FFA500) is positioned in a way that it does not align with the typical central placement seen in the other floorplans. In contrast, the other floorplans have the master room centrally located, which is a common pattern in residential designs. Additionally, the layout of the common rooms and living areas in E differs significantly from the others, suggesting a different underlying pattern."
"[17, 18]","[7, 1]","['70105', '51240', '3536', '21408', '6955']",3536,1. **Different floorplan:** E,"1. **Different floorplan:** E
2. **Why:** Floorplan E has a unique arrangement where the master room (#FFA500) is positioned in a way that it does not align with the typical central placement seen in the other floorplans. In contrast, the other floorplans have the master room centrally located, which is a common pattern in apartment designs. Additionally, the overall layout of E appears more compact and less symmetrical compared to the others, suggesting a different underlying pattern."
"[7, 1]","[17, 18]","['21408', '17550', '3536', '12376', '12421']",21408,1. **Different floorplan:** C,"1. **Different floorplan:** C
2. **Why:** Floorplan C has a unique arrangement where the master room (#FFA500) is positioned in the center, surrounded by a common room (#FFD700), a living room (#EEE8AA), and a balcony (#6B8E23). This central placement of the master room is distinct from the other floorplans, which typically have the master room either at one end or centrally but not surrounded by other rooms in this specific configuration."
"[17, 21]","[7, 3]","['9795', '75828', '78147', '40487', '69704']",75828,1. **Different floorplan:** D,"1. **Different floorplan:** D
2. **Why:** Floorplan D has a unique arrangement where the master room (#FFA500) is positioned in a way that it does not align with the typical central placement seen in the other floorplans. In contrast, the other floorplans have the master room centrally located, which suggests a more symmetrical and standard layout. Additionally, the positioning of the common room (#FFD700) and the living room (#EEE8AA) in relation to the entrance and the rest of the rooms also differs from the others, indicating a distinct pattern."
"[17, 18]","[7, 22]","['46660', '23132', '21543', '51240', '66316']",23132,1. **Different floorplan:** D,"1. **Different floorplan:** D
2. **Why:** Floorplan D has a unique arrangement where the master room (#FFA500) is positioned in a way that it does not align with the typical central placement seen in the other floorplans. In contrast, the other floorplans have the master room centrally located, which suggests a more symmetrical and standard layout. Floorplan D's master room is placed off-center, making it stand out from the others."
"[17, 18]","[7, 1]","['21543', '10825', '66935', '51240', '66316']",10825,1. **Different floorplan:** B,"1. **Different floorplan:** B
2. **Why:** Floorplan B has a distinct layout compared to the others. It features a long corridor leading directly into a large living room, which is not present in the other floorplans. The other floorplans have more complex layouts with multiple rooms branching off from a central area, whereas B has a more linear arrangement."
"[17, 21]","[7, 1]","['9795', '62549', '69704', '12421', '62454']",12421,1. **Different floorplan:** B,"1. **Different floorplan:** B
2. **Why:** Floorplan B has a unique arrangement where the master room (#FFA500) is positioned in the upper right corner, which is not typical compared to the other floorplans. In contrast, the other floorplans have the master room in more central or lower positions, suggesting a different underlying pattern."
"[17, 18]","[7, 3]","['70105', '75828', '46660', '21408', '51240']",75828,1. **Different floorplan:** E,"1. **Different floorplan:** E
2. **Why:** Floorplan E has a unique arrangement where the living room and dining area are directly adjacent without any intervening space, which is not present in the other floorplans. In contrast, the other floorplans have a more traditional layout with hallways separating the living and dining areas."
"[7, 1]","[17, 21]","['3536', '10825', '62454', '12421', '16951']",62454,1. **Different floorplan:** B,"1. **Different floorplan:** B
2. **Why:** Floorplan B has a unique arrangement where the master room (#FFA500) is positioned in a way that it does not align with the typical central placement seen in the other floorplans. Additionally, the kitchen (#F08080) and dining area (#DA70D6) are placed in a manner that differs from the standard layout observed in A, C, D, and E. The presence of a balcony (#6B8E23) in an unusual location also contributes to the distinctiveness of floorplan B."
"[17, 21]","[7, 3]","['78147', '64781', '69704', '40487', '62454']",64781,1. **Different floorplan:** C,"1. **Different floorplan:** C
2. **Why:** Floorplan C has a unique arrangement where the master room (#FFA500) is positioned in the center, surrounded by a common room (#FFD700), a living room (#EEE8AA), and a balcony (#6B8E23). This central placement of the master room is distinct from the other floorplans, which typically place the master room either at one end or in a corner. Additionally, the spatial distribution of the other rooms around the master room in C is more symmetrical compared to the other floorplans, which have more varied layouts."
"[7, 20]","[17, 18]","['2425', '55305', '2277', '6955', '54372']",6955,1. **Different floorplan:** D,"1. **Different floorplan:** D
2. **Why:** Floorplan D has a unique arrangement where the kitchen is positioned at the bottom right corner, unlike the other floorplans which have the kitchen in the bottom left or center-right positions. Additionally, the living room in D is larger and more centrally located compared to the other floorplans, which typically place it towards the center-left. This distinct placement of the kitchen and the size and location of the living room make D stand out from the others."
"[17, 21]","[7, 3]","['9795', '62549', '62454', '78147', '64781']",64781,1. **Different floorplan:** E,"1. **Different floorplan:** E
2. **Why:** Floorplan E has a unique arrangement where the master room (#FFA500) is positioned in a way that it does not align with the typical central placement seen in the other floorplans. In contrast, the other floorplans have the master room centrally located, which is a common pattern in residential designs. Additionally, the layout of the common rooms and living areas in E differs from the more uniform distribution in A, B, C, and D."
"[17, 18]","[7, 22]","['66316', '51240', '66935', '31113', '31693']",31113,1. **Different floorplan:** D,"1. **Different floorplan:** D
2. **Why:** Floorplan D has a unique arrangement where the living room and common room are directly adjacent without any intervening space, unlike the other floorplans which have a clear separation between these two rooms. This direct adjacency in D suggests a different underlying pattern compared to the others."
"[17, 21]","[7, 20]","['69704', '40487', '55305', '78147', '62549']",55305,1. **Different floorplan:** B,"1. **Different floorplan:** B
2. **Why:** Floorplan B has a unique arrangement where the master room (#FFA500) is positioned in a way that it does not align with the typical central placement seen in the other floorplans. Additionally, the kitchen (#F08080) and dining area (#DA70D6) are placed in a manner that differs from the others, creating a distinct pattern."
"[17, 21]","[7, 20]","['9795', '40487', '69704', '78147', '54372']",54372,1. **Different floorplan:** E,"1. **Different floorplan:** E
2. **Why:** Floorplan E has a unique arrangement where the master room (#FFA500) is positioned in a way that it does not align with the typical central placement seen in the other floorplans. In contrast, the other floorplans have the master room centrally located, which suggests a more symmetrical and standard layout. Additionally, the positioning of the common room (#FFD700) and the living room (#EEE8AA) in relation to the entrance and the rest of the rooms also differs from the others, indicating a distinct pattern."
"[7, 1]","[17, 18]","['12376', '51240', '12421', '10825', '53652']",51240,1. **Different floorplan:** E,"1. **Different floorplan:** E
2. **Why:** Floorplan E has a unique arrangement where the master room (#FFA500) is positioned in a way that it does not align with the typical central placement seen in the other floorplans. In contrast, the other floorplans have the master room centrally located, which is a common pattern in residential designs. Additionally, the distribution of other rooms like the common room (#FFD700), living room (#EEE8AA), and kitchen (#F08080) also differs significantly from the others, suggesting a different underlying pattern."
"[17, 18]","[7, 20]","['6955', '66935', '21543', '66316', '2425']",2425,1. **Different floorplan:** E,"1. **Different floorplan:** E
2. **Why:** Floorplan E has a unique arrangement where the living room and dining area are directly adjacent without any intervening space, which is not present in the other floorplans. In contrast, floorplans A, B, C, and D all have a common pattern where the living room and dining area are separated by a hallway or another room. This distinct layout makes floorplan E stand out from the others."
"[7, 1]","[17, 21]","['12421', '3536', '16951', '69704', '8109']",69704,1. **Different floorplan:** E,"1. **Different floorplan:** E
2. **Why:** Floorplan E has a unique arrangement where the master room (#FFA500) is positioned in a way that it does not align with the typical central placement seen in the other floorplans. In contrast, the other floorplans have the master room centrally located, which is a common pattern in residential designs. Additionally, the layout of the common rooms and living areas in E differs significantly from the others, suggesting a different underlying pattern."
"[7, 1]","[17, 18]","['21543', '16951', '12421', '3536', '53652']",21543,1. **Different floorplan:** A,"1. **Different floorplan:** A
2. **Why:** Floorplan A has a unique arrangement of rooms compared to the others. It features a central common room with multiple smaller rooms branching off from it, which is not present in the other floorplans. The other floorplans have more uniform layouts with fewer variations in room types and sizes."
"[17, 18]","[7, 22]","['66935', '51240', '23132', '21543', '66316']",23132,1. **Different floorplan:** C,"1. **Different floorplan:** C
2. **Why:** Floorplan C has a unique arrangement where the master room (#FFA500) is positioned in a way that it does not align with the typical central placement seen in the other floorplans. In contrast, the other floorplans have the master room centrally located, which suggests a more symmetrical and standard layout. Additionally, the positioning of the common room (#FFD700) and the living room (#EEE8AA) in relation to the entrance and the rest of the rooms also differs from the others, indicating a distinct pattern."
"[17, 18]","[7, 22]","['40679', '21408', '31693', '66935', '6955']",40679,1. **Different floorplan:** E,"1. **Different floorplan:** E
2. **Why:** Floorplan E has a unique arrangement where the master room (#FFA500) is positioned in a way that it does not align with the typical central placement seen in the other floorplans. In contrast, the other floorplans have the master room centrally located, which suggests a more symmetrical and standard layout. Floorplan E's master room is placed off-center, making it stand out from the others."
"[7, 22]","[17, 21]","['23132', '9795', '40679', '31113', '79411']",9795,1. **Different floorplan:** E,"1. **Different floorplan:** E
2. **Why:** Floorplan E has a unique arrangement where the living room and dining area are positioned in a way that they do not align with the typical layout seen in the other four floorplans. In contrast, the other four floorplans have a more consistent pattern where the living room and dining area are adjacent and follow a similar spatial relationship. Floorplan E breaks this pattern by having the dining area separated from the living room, which is not observed in the others."
"[7, 1]","[17, 21]","['10825', '62454', '17550', '8109', '12376']",62454,1. **Different floorplan:** B,"1. **Different floorplan:** B
2. **Why:** Floorplan B has a unique arrangement where the master room (#FFA500) is positioned in a way that it does not align with the typical central placement seen in the other floorplans. In contrast, the other floorplans have the master room centrally located, which suggests a more symmetrical and standard layout. Additionally, the positioning of the common room (#FFD700) and the living room (#EEE8AA) in relation to the entrance and the rest of the rooms also differs from the others, indicating a distinct pattern."
"[17, 18]","[7, 3]","['51240', '66316', '6955', '46660', '64781']",64781,1. **Different floorplan:** E,"1. **Different floorplan:** E
2. **Why:** Floorplan E has a unique arrangement where the living room and dining area are directly adjacent without any intervening space, which is not observed in the other floorplans. In contrast, floorplans A, B, C, and D all have a common pattern where the living room and dining area are separated by a hallway or another room type, such as a kitchen or storage. This distinct layout makes floorplan E stand out from the others."
"[17, 18]","[7, 1]","['6955', '46660', '66935', '10825', '70105']",10825,1. **Different floorplan:** E,"1. **Different floorplan:** E
2. **Why:** Floorplan E has a unique arrangement where the living room and dining area are adjacent but not directly connected by a common wall, unlike the other floorplans which have a more consistent layout with rooms typically sharing walls in a way that allows for direct access between them. This suggests a different underlying pattern compared to A, B, C, and D."
"[7, 22]","[17, 18]","['23132', '31113', '66935', '40679', '79411']",66935,1. **Different floorplan:** E,"1. **Different floorplan:** E
2. **Why:** Floorplan E has a unique arrangement where the living room and dining area are combined into one large space, which is not present in the other floorplans. In contrast, the other floorplans have distinct separate living rooms and dining areas. Additionally, the overall layout of E appears more compact and integrated compared to the others, suggesting a different underlying pattern."
"[7, 1]","[17, 21]","['3536', '53652', '16951', '62549', '17550']",62549,1. **Different floorplan:** B,"1. **Different floorplan:** B
2. **Why:** Floorplan B has a unique arrangement where the master room (#FFA500) is positioned in a way that it does not align with the typical central placement seen in the other floorplans. Additionally, the living room (#EEE8AA) and common room (#FFD700) are placed in a manner that differs from the symmetrical and consistent patterns observed in A, C, D, and E. The presence of a balcony (#6B8E23) at the bottom right corner also stands out as an unusual feature compared to the other floorplans."
"[17, 21]","[7, 3]","['62454', '78147', '69704', '9795', '52457']",52457,1. **Different floorplan:** E,"1. **Different floorplan:** E
2. **Why:** Floorplan E has a unique arrangement where the common room and living room are directly adjacent without any intervening space, which is not observed in the other floorplans. In contrast, floorplans A, B, C, and D all have a more traditional layout with a corridor separating the common room from the living room."
"[7, 1]","[17, 5]","['17550', '10825', '8109', '12376', '72055']",72055,1. **Different floorplan:** E,"1. **Different floorplan:** E
2. **Why:** Floorplan E has a unique arrangement where the master room (#FFA500) is positioned in a way that it does not align with the typical central placement seen in the other floorplans. In contrast, the other floorplans have the master room centrally located, which is a common pattern in residential designs. Additionally, the layout of the common rooms and living areas in E appears more compact and less symmetrical compared to the others, suggesting a different underlying design philosophy."
"[7, 1]","[17, 21]","['12376', '62454', '17550', '16951', '10825']",62454,1. **Different floorplan:** E,"1. **Different floorplan:** E
2. **Why:** Floorplan E has a unique arrangement where the master room (#FFA500) is positioned at the top right corner, which is not seen in the other floorplans. All other floorplans have the master room either in the center or towards the bottom left, making E stand out with its distinct placement."
"[7, 1]","[17, 5]","['53652', '12376', '12421', '3536', '72055']",72055,1. **Different floorplan:** E,"1. **Different floorplan:** E
2. **Why:** Floorplan E has a unique arrangement where the living room and dining area are directly adjacent without any intervening space, which is not observed in the other floorplans. In contrast, floorplans A, B, C, and D all have a more traditional layout with a corridor separating the living room from the dining area."
"[7, 1]","[17, 5]","['50221', '8109', '3536', '53652', '17550']",50221,1. **Different floorplan:** C,"1. **Different floorplan:** C
2. **Why:** Floorplan C has a unique arrangement where the master room (#FFA500) is positioned in the center, surrounded by a common room (#FFD700), a living room (#EEE8AA), and a balcony (#6B8E23). This central placement of the master room is distinct from the other floorplans, which typically place the master room either at one end or in a corner. Additionally, the spatial distribution of the other rooms around the master room in C is more symmetrical compared to the other floorplans, which have more varied and less symmetrical arrangements."
"[7, 1]","[17, 5]","['3536', '12376', '72055', '53652', '8109']",72055,1. **Different floorplan:** C,"1. **Different floorplan:** C
2. **Why:** Floorplan C has a distinct arrangement of rooms compared to the others. It features a central hallway with a staircase leading up, which is not present in the other floorplans. Additionally, the distribution of room types and their sizes differs significantly from the more uniform layouts of A, B, D, and E."
"[17, 18]","[7, 1]","['21408', '12421', '21543', '31693', '46660']",12421,1. **Different floorplan:** E,"1. **Different floorplan:** E
2. **Why:** Floorplan E has a unique arrangement where the master room (#FFA500) is positioned in a way that it does not align with the typical central placement seen in the other floorplans. In contrast, the other floorplans have the master room centrally located, which is a common pattern in apartment designs. Additionally, the layout of the common rooms and living areas in E differs significantly from the others, suggesting a different underlying pattern."
"[17, 18]","[7, 20]","['46660', '31693', '66935', '6955', '55305']",55305,1. **Different floorplan:** E,"1. **Different floorplan:** E
2. **Why:** Floorplan E has a unique arrangement where the living room and dining area are directly adjacent without any intervening space, which is not present in the other floorplans. In contrast, floorplans A, B, C, and D all have a common pattern where the living room and dining area are separated by a hallway or another room, creating a more traditional flow from the entrance into the living and dining areas."
"[7, 1]","[17, 21]","['8109', '17550', '3536', '69704', '12376']",69704,1. **Different floorplan:** C,"1. **Different floorplan:** C
2. **Why:** Floorplan C has a unique arrangement where the master room (#FFA500) is positioned in the center, surrounded by a common room (#FFD700), a living room (#EEE8AA), and a balcony (#6B8E23). This central placement of the master room is distinct from the other floorplans, which typically place the master room either at one end or in a corner. Additionally, the layout of the other rooms around the master room in C is more symmetrical compared to the others, making it stand out as having a different underlying pattern."
"[17, 18]","[7, 20]","['70105', '46660', '51240', '54372', '21543']",54372,1. **Different floorplan:** A,"1. **Different floorplan:** A
2. **Why:** Floorplan A has a unique layout compared to the others. It features a central hallway with a T-shaped configuration, which is distinct from the more symmetrical and rectangular layouts of the other floorplans (B, C, D, and E). The presence of a large common room at the top left corner and a smaller master room at the bottom right corner in A, along with the central hallway, sets it apart from the more uniform designs of B, C, D, and E."
"[17, 21]","[7, 20]","['69704', '62549', '9795', '78147', '2425']",2425,1. **Different floorplan:** E,"1. **Different floorplan:** E
2. **Why:** Floorplan E has a unique arrangement where the living room is positioned at the top right corner, unlike the other floorplans which have the living room in the center or bottom left. Additionally, the kitchen in E is located at the bottom right, whereas it is typically found in the center or left side in the other floorplans. This distinct placement of the living room and kitchen sets E apart from the others."
"[7, 1]","[17, 18]","['66316', '17550', '12421', '16951', '8109']",66316,1. **Different floorplan:** E,"1. **Different floorplan:** E
2. **Why:** Floorplan E has a unique arrangement where the master room (#FFA500) is positioned in a way that it does not align with the typical central placement seen in the other floorplans. In contrast, the other floorplans have the master room centrally located, which suggests a more symmetrical and standard layout. Additionally, the positioning of the common room (#FFD700) and the living room (#EEE8AA) in relation to the entrance and the rest of the rooms also differs from the others, indicating a distinct pattern."
"[17, 5]","[7, 1]","['16951', '7913', '50221', '72055', '33045']",16951,1. **Different floorplan:** E,"1. **Different floorplan:** E
2. **Why:** Floorplan E has a unique arrangement where the master room (#FFA500) is positioned at the top right corner, which is not typical in the other floorplans. In contrast, the other floorplans have the master room either centrally located or towards the bottom left, maintaining a more consistent pattern."
"[7, 1]","[17, 21]","['12421', '16951', '17550', '62454', '53652']",62454,1. **Different floorplan:** E,"1. **Different floorplan:** E
2. **Why:** Floorplan E has a unique arrangement where the master room (#FFA500) is positioned in a way that it does not align with the typical central placement seen in the other floorplans. Additionally, the kitchen (#F08080) is located at an unusual position compared to the standard layout where it would typically be adjacent to the dining area. This deviation from the expected spatial relationships suggests a different underlying pattern."
"[7, 3]","[17, 18]","['51240', '52457', '75828', '61767', '64781']",51240,1. **Different floorplan:** B,"1. **Different floorplan:** B
2. **Why:** Floorplan B is the only one that does not have a continuous hallway running from the main entrance to the far end of the floorplan. All other floorplans (A, C, D, and E) have a clear and consistent hallway pattern that extends from the main entrance to the opposite side of the floorplan. Floorplan B breaks this pattern by having a more compact arrangement with no visible hallway extending to the far end."
"[17, 21]","[7, 20]","['62454', '69704', '2425', '78147', '40487']",2425,1. **Different floorplan:** B,"1. **Different floorplan:** B
2. **Why:** Floorplan B has a unique arrangement where the master room (#FFA500) is positioned in a way that it does not align with the typical central placement seen in the other floorplans. Additionally, the kitchen (#F08080) is located at an unusual position compared to the standard layout where it would typically be adjacent to the dining area. This deviation from the expected spatial relationships suggests a different underlying pattern."
"[17, 21]","[7, 1]","['62549', '78147', '9795', '62454', '8109']",8109,1. **Different floorplan:** C,"1. **Different floorplan:** C
2. **Why:** Floorplan C has a unique arrangement where the master room (#FFA500) is positioned in a way that it does not align with the typical central placement seen in the other floorplans. In contrast, the other floorplans have the master room centrally located, which suggests a more symmetrical and standard layout. Additionally, the positioning of the common room (#FFD700) and the living room (#EEE8AA) in relation to the entrance and the rest of the rooms also differs from the others, indicating a distinct pattern."
"[7, 1]","[17, 5]","['53652', '7913', '12376', '8109', '12421']",7913,1. **Different floorplan:** E,"1. **Different floorplan:** E
2. **Why:** Floorplan E has a unique arrangement where the master room (#FFA500) is positioned in a way that it does not align with the typical central placement seen in the other floorplans. In contrast, the other floorplans have the master room centrally located, which is a common pattern in residential designs. Additionally, the layout of the common rooms and living areas in E differs significantly from the others, suggesting a different underlying pattern."
"[17, 21]","[7, 1]","['8109', '69704', '9795', '62549', '62454']",8109,1. **Different floorplan:** E,"1. **Different floorplan:** E
2. **Why:** Floorplan E has a unique arrangement where the master room (#FFA500) is positioned in the center, surrounded by a common room (#FFD700), a living room (#EEE8AA), and a balcony (#6B8E23). This central placement of the master room is distinct from the other floorplans, which typically place the master room either at one end or in a corner. Additionally, the kitchen (#F08080) and dining (#DA70D6) areas are located in a way that they do not form a continuous path around the perimeter, unlike the other floorplans where these rooms are usually adjacent to the living area."
"[7, 1]","[17, 18]","['10825', '12421', '12376', '51240', '8109']",51240,1. **Different floorplan:** D,"1. **Different floorplan:** D
2. **Why:** Floorplan D has a unique arrangement where the master room (#FFA500) is positioned in a way that it does not align with the typical central placement seen in the other floorplans. In contrast, the other floorplans have the master room centrally located, which suggests a more symmetrical and standard layout. Additionally, the positioning of the common room (#FFD700) and the living room (#EEE8AA) in relation to the entrance and the rest of the rooms also differs from the others, indicating a distinct pattern."
"[17, 18]","[7, 20]","['70105', '21543', '66316', '2277', '66935']",2277,1. **Different floorplan:** A,"1. **Different floorplan:** A
2. **Why:** Floorplan A has a unique layout compared to the others. It features a central hallway with a T-junction, which is not present in the other floorplans. The other floorplans have more symmetrical and repetitive patterns, with either a single entrance leading directly into a larger space or a more linear progression of rooms. Floorplan A's central hallway and T-junction make it distinct from the rest."
"[17, 18]","[7, 1]","['51240', '31693', '21543', '53652', '46660']",53652,1. **Different floorplan:** D,"1. **Different floorplan:** D
2. **Why:** Floorplan D has a unique arrangement where the master room is positioned in a way that it does not align with the typical central placement seen in the other floorplans. In contrast, the other floorplans have the master room centrally located, which is a common pattern in residential designs. Additionally, the layout of the common rooms and living areas in D differs significantly from the others, suggesting a different underlying pattern."
"[7, 1]","[17, 18]","['3536', '10825', '16951', '66316', '12421']",66316,1. **Different floorplan:** B,"1. **Different floorplan:** B
2. **Why:** Floorplan B has a unique arrangement where the master room (#FFA500) is positioned in the center, surrounded by other rooms, which is not typical in the other floorplans. The other floorplans have the master room either at one end or in a corner, with the rest of the rooms distributed around it in a more symmetrical manner."
"[17, 21]","[7, 3]","['69704', '61767', '9795', '40487', '62549']",61767,1. **Different floorplan:** E,"1. **Different floorplan:** E
2. **Why:** Floorplan E has a unique arrangement where the master room (#FFA500) is positioned in the upper right corner, which is not typical for the other floorplans. In contrast, the other floorplans have the master room in the lower left or central position, maintaining a more consistent layout. Additionally, the spatial distribution of the common rooms and living rooms also differs significantly from the others, making it stand out as having a different underlying pattern."
"[7, 1]","[17, 21]","['10825', '17550', '12421', '78147', '3536']",78147,1. **Different floorplan:** E,"1. **Different floorplan:** E
2. **Why:** Floorplan E has a unique arrangement where the living room and dining area are directly adjacent without any intervening space, which is not observed in the other floorplans. In contrast, floorplans A, B, C, and D all have a more traditional layout with a corridor separating the living room from the dining area."
"[7, 1]","[17, 18]","['16951', '17550', '12421', '66316', '3536']",66316,1. **Different floorplan:** E,"1. **Different floorplan:** E
2. **Why:** Floorplan E has a unique arrangement where the living room and dining area are directly adjacent without any intervening space, which is not observed in the other floorplans. In contrast, floorplans A, B, C, and D all have a common pattern where the living room and dining area are separated by a hallway or another room type, such as a kitchen or storage. This distinct layout makes floorplan E stand out from the others."
"[17, 18]","[7, 20]","['66316', '54372', '21408', '51240', '46660']",54372,1. **Different floorplan:** D,"1. **Different floorplan:** D
2. **Why:** Floorplan D has a unique arrangement where the master room (#FFA500) is positioned in a way that it does not align with the typical central placement seen in the other floorplans. In contrast, the other floorplans have the master room centrally located, which suggests a more symmetrical and standard layout. Additionally, the positioning of the common room (#FFD700) and the living room (#EEE8AA) in relation to the entrance and the rest of the rooms also differs from the others, indicating a distinct pattern."
"[17, 18]","[7, 3]","['61767', '51240', '66935', '31693', '66316']",61767,1. **Different floorplan:** A,"1. **Different floorplan:** A
2. **Why:** Floorplan A has a unique arrangement where the master room (#FFA500) is positioned in the top left corner, which is not typical for the other floorplans. In contrast, the other floorplans have the master room (#FFA500) either centrally located or in a more standard position towards the center or bottom right. This distinct placement makes floorplan A stand out from the others."
"[17, 18]","[7, 1]","['10825', '31693', '70105', '21543', '21408']",10825,1. **Different floorplan:** C,"1. **Different floorplan:** C
2. **Why:** Floorplan C has a unique arrangement of rooms compared to the others. It features a central hallway with a T-shape configuration, which is distinct from the more symmetrical and grid-like patterns in A, B, D, and E. The other floorplans have a more uniform distribution of rooms around a central core, whereas C has a more complex and less symmetrical layout."
"[17, 18]","[7, 3]","['21408', '66935', '52457', '6955', '51240']",52457,1. **Different floorplan:** C,"1. **Different floorplan:** C
2. **Why:** Floorplan C has a completely different layout compared to the others. It features a single large rectangular room with no internal divisions, whereas all the other floorplans (A, B, D, and E) have multiple rooms separated by walls, creating a more complex and segmented layout. The presence of a single large room in C sets it apart from the rest, which all have distinct smaller rooms and corridors."
"[7, 1]","[17, 18]","['53652', '16951', '31693', '12421', '3536']",31693,1. **Different floorplan:** E,"1. **Different floorplan:** E
2. **Why:** Floorplan E has a unique arrangement where the living room and dining area are directly adjacent without any intervening space, which is not observed in the other floorplans. In contrast, floorplans A, B, C, and D all have a more traditional layout with a corridor separating the living room from the dining area."
"[17, 18]","[7, 3]","['51240', '66316', '6955', '52457', '66935']",52457,1. **Different floorplan:** D,"1. **Different floorplan:** D
2. **Why:** Floorplan D has a unique arrangement where the living room and dining area are directly adjacent without any intervening space, unlike the other floorplans which typically have a corridor or another room separating them. This direct adjacency is not seen in A, B, C, or E, making it distinct from the others."
"[17, 21]","[7, 1]","['62549', '12421', '69704', '78147', '62454']",12421,1. **Different floorplan:** C,"1. **Different floorplan:** C
2. **Why:** Floorplan C has a unique arrangement where the master room (#FFA500) is positioned in the center, surrounded by a common room (#FFD700), a living room (#EEE8AA), and a balcony (#6B8E23). This central placement of the master room is distinct from the other floorplans, which typically have the master room either at one end or centrally located but not surrounded by other rooms in this specific manner. Additionally, the spatial distribution of the other rooms around the master room in C is more compact compared to the other floorplans, suggesting a different underlying pattern."
"[7, 1]","[17, 18]","['16951', '53652', '8109', '6955', '12376']",6955,1. **Different floorplan:** D,"1. **Different floorplan:** D
2. **Why:** Floorplan D has a unique arrangement where the kitchen is positioned at the bottom right corner, which is not seen in the other floorplans. All other floorplans have the kitchen located either at the top left or bottom left corner. This distinct placement makes it stand out from the others."
"[7, 1]","[17, 18]","['53652', '3536', '17550', '66316', '12376']",66316,1. **Different floorplan:** B,"1. **Different floorplan:** B
2. **Why:** Floorplan B has a distinct layout compared to the others. It features a large central open space with a smaller room attached to one side, which is not present in the other floorplans. The other floorplans have more symmetrical and interconnected layouts with multiple rooms of similar size and arrangement around a central core."
"[17, 18]","[7, 20]","['21408', '31693', '2425', '6955', '46660']",2425,1. **Different floorplan:** C,"1. **Different floorplan:** C
2. **Why:** Floorplan C has a distinct layout compared to the others. It features a single large central room with a smaller room attached to it, which is not present in the other floorplans. The other floorplans have more complex layouts with multiple interconnected rooms, making them more similar to each other."
"[17, 18]","[7, 20]","['51240', '66935', '31693', '21543', '2425']",2425,1. **Different floorplan:** E,"1. **Different floorplan:** E
2. **Why:** Floorplan E has a unique arrangement where the living room and dining area are directly adjacent without any intervening space, which is not present in the other floorplans. In contrast, floorplans A, B, C, and D all have a common pattern where the living room and dining area are separated by a hallway or another room type."
"[7, 1]","[17, 21]","['12421', '8109', '3536', '9795', '16951']",9795,1. **Different floorplan:** E,"1. **Different floorplan:** E
2. **Why:** Floorplan E has a unique arrangement where the master room (#FFA500) is positioned in a way that it does not align with the typical central placement seen in the other floorplans. In contrast, the other floorplans have the master room centrally located, which is a common pattern in apartment designs. Additionally, the layout of the common rooms and living areas in E differs significantly from the others, suggesting a different underlying pattern."
"[17, 21]","[7, 22]","['78147', '40679', '69704', '62454', '40487']",40679,1. **Different floorplan:** B,"1. **Different floorplan:** B
2. **Why:** Floorplan B has a unique arrangement where the master room (#FFA500) is positioned in a way that it does not align with the typical central placement seen in the other floorplans. Additionally, the living room (#EEE8AA) and common room (#FFD700) are placed in a manner that differs from the symmetrical and consistent patterns observed in A, C, D, and E. The presence of a balcony (#6B8E23) at the bottom right corner also stands out as an unusual feature compared to the other floorplans."
"[7, 1]","[17, 5]","['53652', '10825', '33045', '16951', '3536']",33045,1. **Different floorplan:** E,"1. **Different floorplan:** E
2. **Why:** Floorplan E has a unique arrangement where the living room and dining area are directly adjacent without any intervening space, which is not observed in the other floorplans. In contrast, the other floorplans have a more traditional layout with hallways or additional spaces separating the living and dining areas."
"[7, 22]","[17, 5]","['23132', '40679', '79411', '31113', '50221']",50221,1. **Different floorplan:** C,"1. **Different floorplan:** C
2. **Why:** Floorplan C has a distinct arrangement of rooms compared to the others. It features a central hallway with a U-shaped configuration, which is not present in the other floorplans. The other floorplans have more linear or rectangular layouts with a consistent pattern of rooms around a central area. Floorplan C's unique U-shape makes it stand out from the rest."
"[7, 1]","[17, 18]","['17550', '31693', '3536', '12421', '16951']",31693,1. **Different floorplan:** D,"1. **Different floorplan:** D
2. **Why:** Floorplan D has a unique arrangement where the master room (#FFA500) is positioned in a way that it does not align with the typical central placement seen in the other floorplans. In contrast, the other floorplans have the master room centrally located, which suggests a more symmetrical and standard layout. Additionally, the positioning of the common room (#FFD700) and the living room (#EEE8AA) in relation to the entrance and the rest of the rooms also differs from the others, indicating a distinct pattern."
"[17, 21]","[7, 1]","['62454', '53652', '40487', '78147', '69704']",53652,1. **Different floorplan:** B,"1. **Different floorplan:** B
2. **Why:** Floorplan B has a unique arrangement where the master room (#FFA500) is positioned in a way that it does not align with the typical central placement seen in the other floorplans. Additionally, the living room (#EEE8AA) and common room (#FFD700) are placed in a manner that differs from the symmetrical and consistent patterns observed in A, C, D, and E. The presence of a balcony (#6B8E23) at the bottom right corner also stands out as an unusual feature compared to the other floorplans."
"[17, 18]","[7, 22]","['40679', '46660', '21408', '70105', '66935']",40679,1. **Different floorplan:** D,"1. **Different floorplan:** D
2. **Why:** Floorplan D has a unique arrangement where the kitchen is located in the center, surrounded by other rooms, which differs from the other floorplans where the kitchen is typically placed along one side or corner. Additionally, the layout of the other rooms around the kitchen in D appears more compact and symmetrical compared to the more varied and spread-out arrangements in A, B, C, and E."
"[17, 18]","[7, 20]","['6955', '66316', '2425', '21408', '21543']",2425,1. **Different floorplan:** C,"1. **Different floorplan:** C
2. **Why:** Floorplan C has a distinct layout compared to the others. It lacks the symmetrical arrangement of rooms around a central axis seen in A, B, D, and E. Instead, it features a more linear progression of spaces, with the living room and kitchen directly connected without any additional common areas or bathrooms in between. This unique configuration sets it apart from the other floorplans, which all have a more balanced and symmetrical design."
"[17, 21]","[7, 1]","['10825', '62549', '62454', '78147', '9795']",10825,1. **Different floorplan:** E,"1. **Different floorplan:** E
2. **Why:** Floorplan E has a unique arrangement where the master room (#FFA500) is positioned in a way that it does not align with the typical central placement seen in the other floorplans. In contrast, the other floorplans have the master room centrally located, which suggests a more symmetrical and standard layout. Floorplan E's master room is placed towards one side, making it stand out from the others."
"[17, 5]","[7, 22]","['33045', '50221', '40679', '72055', '7913']",40679,1. **Different floorplan:** C,"1. **Different floorplan:** C
2. **Why:** Floorplan C has a unique arrangement where the master room (#FFA500) is positioned in the center, surrounded by a common room (#FFD700), a living room (#EEE8AA), and a balcony (#6B8E23). This central placement of the master room is distinct from the other floorplans, which typically place the master room either at one end or in a corner. Additionally, the spatial distribution of the rooms around the master room in C is more compact compared to the other floorplans, suggesting a different underlying pattern."
"[17, 21]","[7, 20]","['55305', '78147', '9795', '62454', '40487']",55305,1. **Different floorplan:** E,"1. **Different floorplan:** E
2. **Why:** Floorplan E has a unique arrangement where the master room (#FFA500) is positioned in a way that it does not align with the typical central placement seen in the other floorplans. In contrast, the other floorplans have the master room centrally located, which is a common pattern in residential designs. Additionally, the layout of the common rooms and living areas in E differs significantly from the others, suggesting a different underlying pattern."
"[17, 18]","[7, 22]","['21543', '31693', '46660', '79411', '21408']",79411,1. **Different floorplan:** D,"1. **Different floorplan:** D
2. **Why:** Floorplan D has a distinct arrangement of rooms compared to the others. It features a single large open space with a smaller room attached to it, which is not present in the other floorplans. The other floorplans have more varied and complex layouts with multiple connected rooms of varying sizes."
"[7, 1]","[17, 18]","['53652', '17550', '3536', '21408', '10825']",21408,1. **Different floorplan:** C,"1. **Different floorplan:** C
2. **Why:** Floorplan C has a distinct arrangement of rooms compared to the others. It features a large central open space that appears to be a living area, with smaller rooms branching off from it in a linear fashion. This layout is different from the other floorplans, which generally have more varied and interconnected room arrangements. The other floorplans (A, B, D, and E) show more complex and diverse spatial layouts with multiple entrances and varying room sizes and shapes, making them less uniform than C."
"[17, 18]","[7, 1]","['31693', '21543', '46660', '3536', '66935']",3536,1. **Different floorplan:** B,"1. **Different floorplan:** B
2. **Why:** Floorplan B has an additional section extending from the main entrance that is not present in the other floorplans. This extra section disrupts the uniformity of the underlying pattern shared by A, C, D, and E. The other floorplans maintain a consistent layout with no such extension."
"[7, 3]","[17, 18]","['75828', '61767', '46660', '52457', '64781']",46660,1. **Different floorplan:** A,"1. **Different floorplan:** A
2. **Why:** Floorplan A has a unique arrangement where the common room (yellow) is located in the top left corner, which is not typical for the other floorplans. The other floorplans have the common room positioned more centrally or towards the bottom right, making A stand out with its distinct placement."
"[17, 18]","[7, 3]","['21408', '52457', '66935', '66316', '70105']",52457,1. **Different floorplan:** B,"1. **Different floorplan:** B
2. **Why:** Floorplan B has a distinct layout compared to the others. It features a long, narrow rectangular shape with a single large room dominating the space, which is not typical in the other floorplans. The other floorplans have more varied and complex layouts with multiple smaller rooms and different configurations around the main entrance."
"[17, 18]","[7, 20]","['21408', '55305', '51240', '31693', '6955']",55305,1. **Different floorplan:** B,"1. **Different floorplan:** B
2. **Why:** Floorplan B has a unique arrangement where the master room (#FFA500) is positioned in a way that it does not align with the typical central placement seen in the other floorplans. In contrast, the other floorplans have the master room centrally located, which suggests a more symmetrical and standard layout. Additionally, the positioning of the common room (#FFD700) and the living room (#EEE8AA) in relation to the entrance and the rest of the floor plan differs from the others, indicating a distinct pattern."
"[7, 1]","[17, 18]","['53652', '3536', '66316', '12421', '12376']",66316,1. **Different floorplan:** B,"1. **Different floorplan:** B
2. **Why:** Floorplan B has a distinct layout compared to the others. It features a large central open space that appears to be a living area, which is not present in the other floorplans. The rest of the floorplans have more compartmentalized spaces with clear delineations between rooms like bedrooms, bathrooms, and kitchens. Floorplan B's central open space suggests a different design philosophy, possibly aiming for an open-concept living area rather than individual rooms."
"[17, 18]","[7, 1]","['70105', '21408', '8109', '66935', '6955']",8109,1. **Different floorplan:** E,"1. **Different floorplan:** E
2. **Why:** Floorplan E has a unique arrangement where the master room (#FFA500) is positioned in a way that it does not align with the typical central placement seen in the other floorplans. In contrast, the other floorplans have the master room centrally located, which is a common pattern in apartment designs. Additionally, the overall layout of E appears more compact and less symmetrical compared to the others, suggesting a different underlying pattern."
"[7, 1]","[17, 18]","['6955', '53652', '3536', '10825', '16951']",6955,1. **Different floorplan:** C,"1. **Different floorplan:** C
2. **Why:** Floorplan C has a distinct arrangement of rooms compared to the others. It features a large central living area with a smaller adjacent room, which is not typical in the other floorplans. The other floorplans have more symmetrical and interconnected layouts, with multiple rooms of similar size and shape. Floorplan C's layout is more linear and less interconnected, making it stand out as having a different underlying pattern."
"[7, 1]","[17, 21]","['12376', '78147', '3536', '12421', '17550']",78147,1. **Different floorplan:** C,"1. **Different floorplan:** C
2. **Why:** Floorplan C has a unique arrangement where the living room and common room are directly adjacent without any intervening space, unlike the other floorplans which have a clear separation between these two rooms. This direct adjacency is not present in A, B, D, or E, making it the one with a different underlying pattern."
"[17, 21]","[7, 22]","['23132', '78147', '69704', '9795', '62454']",23132,1. **Different floorplan:** E,"1. **Different floorplan:** E
2. **Why:** Floorplan E has a unique arrangement where the master room (#FFA500) is positioned in a way that it does not align with the typical central placement seen in the other floorplans. In contrast, the other floorplans have the master room centrally located, which is a common pattern in residential designs. Additionally, the layout of the common rooms and living areas in E differs significantly from the others, suggesting a different underlying pattern."
"[17, 18]","[7, 20]","['31693', '66316', '70105', '2425', '51240']",2425,1. **Different floorplan:** C,"1. **Different floorplan:** C
2. **Why:** Floorplan C has a unique layout compared to the others. It features a central hallway with a T-shaped configuration, which is distinct from the more rectangular and symmetrical designs of A, B, D, and E. The other floorplans have a more uniform and consistent arrangement of rooms around a central core, whereas C has a more complex and less symmetrical design."
"[7, 1]","[17, 18]","['21543', '12421', '10825', '53652', '12376']",21543,1. **Different floorplan:** A,"1. **Different floorplan:** A
2. **Why:** Floorplan A has a unique arrangement of rooms compared to the others. It features a central common room with multiple smaller rooms branching off from it, which is not present in the other floorplans. The other floorplans have more uniform layouts with fewer variations in room types and sizes."
"[7, 1]","[17, 5]","['12421', '17550', '16951', '72055', '12376']",72055,1. **Different floorplan:** D,"1. **Different floorplan:** D
2. **Why:** Floorplan D has a unique arrangement where the kitchen is positioned at the far end of the apartment, separated by a long corridor from the main entrance. In contrast, all other floorplans (A, B, C, and E) have the kitchen closer to the main entrance, either directly adjacent or connected by a shorter corridor. This distinct placement makes D stand out as having a different underlying pattern compared to the others."
"[17, 18]","[7, 1]","['31693', '6955', '46660', '66316', '8109']",8109,1. **Different floorplan:** B,"1. **Different floorplan:** B
2. **Why:** Floorplan B has an additional section extending from the main body of the apartment, which is not present in the other floorplans. This extra section disrupts the uniformity of the spatial layout compared to A, C, D, and E, where all sections appear to be part of a continuous and symmetrical design."
"[17, 18]","[7, 22]","['6955', '46660', '70105', '40679', '21408']",40679,1. **Different floorplan:** C,"1. **Different floorplan:** C
2. **Why:** Floorplan C has a distinct layout compared to the others. It features a central hallway with rooms branching off in a more linear fashion, whereas the other floorplans have a more complex and interconnected layout with multiple pathways and rooms. This difference in the overall flow and connectivity of spaces makes it stand out as having a different underlying pattern."
"[7, 1]","[17, 18]","['53652', '66316', '8109', '12376', '10825']",66316,1. **Different floorplan:** A,"1. **Different floorplan:** A
2. **Why:** Floorplan A has a unique arrangement where the common room (yellow) is directly adjacent to the main entrance, which is not the case in the other floorplans. In contrast, floorplans B, C, D, and E have the main entrance leading into a hallway or another room before reaching the common room. This distinctive feature makes floorplan A stand out from the others."
"[7, 1]","[17, 18]","['12421', '8109', '12376', '10825', '66316']",66316,1. **Different floorplan:** D,"1. **Different floorplan:** D
2. **Why:** Floorplan D has a unique arrangement where the master room (#FFA500) is positioned in a way that it does not align with the typical central placement seen in the other floorplans. In contrast, the other floorplans (A, B, C, and E) have the master room centrally located, which suggests a more symmetrical and standard layout. Floorplan D's master room is off-center, making it stand out from the others."
"[7, 1]","[17, 18]","['17550', '70105', '8109', '3536', '12421']",70105,1. **Different floorplan:** E,"1. **Different floorplan:** E
2. **Why:** Floorplan E has a unique arrangement where the master room (#FFA500) is positioned in a way that it does not align with the typical central placement seen in the other floorplans. In contrast, the other floorplans have the master room centrally located, which is a common pattern in residential designs. Additionally, the layout of the common rooms and living areas in E is more compact and less symmetrical compared to the others, suggesting a different underlying design philosophy."
"[17, 18]","[7, 22]","['66316', '21543', '70105', '31113', '21408']",31113,1. **Different floorplan:** C,"1. **Different floorplan:** C
2. **Why:** Floorplan C has a distinct layout compared to the others. It features a central hallway with rooms branching off in a more linear fashion, whereas the other floorplans have a more complex and interconnected layout with multiple pathways and rooms. This difference in the spatial arrangement makes it stand out from the rest."
"[17, 18]","[7, 20]","['6955', '54372', '31693', '66316', '21408']",54372,1. **Different floorplan:** C,"1. **Different floorplan:** C
2. **Why:** Floorplan C has a distinct arrangement of rooms compared to the others. It lacks the central corridor that is present in A, B, D, and E. Instead, it features a more compact layout with rooms directly connected without a central passage. This unique configuration sets it apart from the other floorplans, which all have a similar layout with a central corridor leading to various rooms."
"[7, 1]","[17, 5]","['10825', '17550', '53652', '12421', '7913']",7913,1. **Different floorplan:** E,"1. **Different floorplan:** E
2. **Why:** Floorplan E has a unique arrangement where the master room (#FFA500) is positioned in the upper right corner, which is not typical in the other floorplans. In contrast, the other floorplans have the master room in more central positions, often adjacent to the living room or kitchen. This distinct placement makes E stand out from the others."
"[17, 18]","[7, 1]","['21408', '16951', '51240', '70105', '21543']",16951,1. **Different floorplan:** D,"1. **Different floorplan:** D
2. **Why:** Floorplan D has a unique arrangement where the master room (#FFA500) is located in an unusual position compared to the other floorplans. In contrast, the other floorplans have the master room positioned more centrally or towards one side, but not in the way it is placed in D. This suggests that D has a different underlying pattern from the others."
"[7, 1]","[17, 21]","['3536', '62454', '16951', '8109', '12421']",62454,1. **Different floorplan:** E,"1. **Different floorplan:** E
2. **Why:** Floorplan E has a unique arrangement where the master room (#FFA500) is positioned in a way that it does not align with the typical central placement seen in the other floorplans. In contrast, the other floorplans have the master room centrally located, which is a common pattern in residential designs. Additionally, the spatial distribution of the common rooms and living areas in E differs significantly from the others, suggesting a different underlying pattern."
"[17, 18]","[7, 20]","['54372', '21408', '6955', '21543', '70105']",54372,1. **Different floorplan:** E,"1. **Different floorplan:** E
2. **Why:** Floorplan E has a unique arrangement where the living room and dining area are swapped in position compared to the other floorplans. In all other floorplans (A, B, C, and D), the living room is consistently located to the left of the dining area when viewed from the main entrance. Floorplan E breaks this pattern by placing the dining area to the left of the living room, which is not seen in the other floorplans. This distinct spatial configuration makes it the one with a different underlying pattern."
"[7, 1]","[17, 18]","['31693', '10825', '53652', '12376', '3536']",31693,1. **Different floorplan:** B,"1. **Different floorplan:** B
2. **Why:** Floorplan B has a unique arrangement where the master room (#FFA500) is positioned in a way that it does not align with the typical central placement seen in the other floorplans. Additionally, the living room (#EEE8AA) and common room (#FFD700) are placed in a manner that differs from the symmetrical and consistent patterns observed in A, C, D, and E. The presence of a balcony (#6B8E23) at the bottom right corner also stands out as an unusual feature compared to the other floorplans."
"[17, 5]","[7, 20]","['33045', '72055', '55305', '7913', '50221']",55305,1. **Different floorplan:** E,"1. **Different floorplan:** E
2. **Why:** Floorplan E has a unique arrangement where the living room and dining area are directly adjacent without any intervening space, which is not observed in the other floorplans. In contrast, floorplans A, B, C, and D all have a more traditional layout with a corridor separating the living room from the dining area."
"[7, 1]","[17, 5]","['12376', '53652', '16951', '10825', '72055']",72055,1. **Different floorplan:** E,"1. **Different floorplan:** E
2. **Why:** Floorplan E has a unique arrangement where the master room (#FFA500) is positioned in a way that it does not align with the typical central placement seen in the other floorplans. In contrast, the other floorplans have the master room centrally located, which suggests a more symmetrical and standard layout. Floorplan E's master room is placed off-center, making it stand out from the others."
"[7, 22]","[17, 18]","['31113', '23132', '79411', '40679', '21408']",21408,1. **Different floorplan:** C,"1. **Different floorplan:** C
2. **Why:** Floorplan C has a distinct layout compared to the others. It features a central hallway with rooms branching off in a linear fashion, which is different from the more complex and varied layouts seen in A, B, D, and E. The other floorplans have more intricate patterns with multiple entrances, varying room sizes, and different configurations of common areas and private spaces."
"[17, 18]","[7, 1]","['51240', '66935', '66316', '12376', '6955']",12376,1. **Different floorplan:** D,"1. **Different floorplan:** D
2. **Why:** Floorplan D has a unique arrangement where the living room and kitchen are directly adjacent without any intervening space, unlike the other floorplans which have a clear separation between these two rooms. This direct adjacency in D is not present in A, B, C, or E, making it the one with a different underlying pattern."
"[7, 1]","[17, 21]","['10825', '40487', '17550', '12421', '12376']",40487,1. **Different floorplan:** D,"1. **Different floorplan:** D
2. **Why:** Floorplan D has a unique arrangement where the master room (#FFA500) is positioned in a way that it does not align with the typical central placement seen in the other floorplans. In contrast, the other floorplans have the master room centrally located, which suggests a more symmetrical and standard layout. Additionally, the positioning of the common room (#FFD700) and the living room (#EEE8AA) in relation to the entrance and the rest of the rooms also differs from the others, indicating a distinct pattern."
"[7, 1]","[17, 18]","['17550', '53652', '10825', '12421', '70105']",70105,1. **Different floorplan:** E,"1. **Different floorplan:** E
2. **Why:** Floorplan E has a unique arrangement where the living room and dining area are adjacent but not directly connected by a common wall, unlike the other floorplans which have a more consistent layout with rooms typically sharing walls in a linear or grid-like fashion. This distinct configuration sets it apart from the others."
"[17, 18]","[7, 20]","['31693', '21543', '55305', '66935', '70105']",55305,1. **Different floorplan:** E,"1. **Different floorplan:** E
2. **Why:** Floorplan E has a unique arrangement where the living room and dining area are directly adjacent without any intervening space, which is not observed in the other floorplans. In contrast, floorplans A, B, C, and D all have a more traditional layout with a corridor separating the living room from the dining area."
"[7, 1]","[17, 5]","['7913', '3536', '8109', '10825', '16951']",7913,1. **Different floorplan:** D,"1. **Different floorplan:** D
2. **Why:** Floorplan D has a unique arrangement where the master room (#FFA500) is positioned in a way that it does not align with the typical central placement seen in the other floorplans. Additionally, the kitchen (#F08080) is unusually placed towards the back, which deviates from the more standard positioning observed in A, B, C, and E. The other floorplans maintain a consistent pattern with the master room centrally located and the kitchen positioned near the front or side."
"[7, 22]","[17, 18]","['31113', '40679', '23132', '79411', '51240']",51240,1. **Different floorplan:** D,"1. **Different floorplan:** D
2. **Why:** Floorplan D has a unique arrangement where the kitchen is positioned in a way that it does not align with the typical layout seen in the other floorplans. In contrast, the other floorplans (A, B, C, and E) have kitchens that are consistently placed in a similar position relative to the main entrance and other rooms, suggesting a more uniform design. Floorplan D's kitchen is located at the far end of the apartment, which deviates from the standard placement observed in the others."
"[17, 21]","[7, 1]","['62549', '40487', '78147', '9795', '12421']",12421,1. **Different floorplan:** D,"1. **Different floorplan:** D
2. **Why:** Floorplan D has a unique arrangement where the master room (#FFA500) is located in the upper right corner, which is not typical in the other floorplans. In contrast, the other floorplans have the master room positioned more centrally or towards the lower part of the floorplan. This distinct placement makes it stand out from the others."
"[17, 18]","[7, 22]","['31113', '66316', '31693', '70105', '21408']",31113,1. **Different floorplan:** D,"1. **Different floorplan:** D
2. **Why:** Floorplan D has a unique arrangement of rooms compared to the others. It features a central hallway with a T-junction, which is not present in the other floorplans. The other floorplans have more symmetrical layouts with fewer distinct pathways."
"[7, 3]","[17, 21]","['64781', '62454', '61767', '75828', '52457']",62454,1. **Different floorplan:** E,"1. **Different floorplan:** E
2. **Why:** Floorplan E has a completely different layout compared to the others. It features a single large open space with no distinct rooms, unlike the other floorplans which have clearly defined rooms such as living rooms, bedrooms, kitchens, and bathrooms. The other floorplans maintain a consistent pattern of having multiple rooms separated by walls, whereas E lacks this division."
"[17, 18]","[7, 1]","['51240', '6955', '46660', '8109', '70105']",8109,1. **Different floorplan:** E,"1. **Different floorplan:** E
2. **Why:** Floorplan E has a unique arrangement where the living room and dining area are adjacent but not directly connected by a common wall, unlike the other floorplans which have a more consistent layout with rooms typically sharing walls in a way that allows for direct access between them. This suggests a different underlying pattern compared to the others."
"[17, 21]","[7, 22]","['62549', '9795', '23132', '78147', '69704']",23132,1. **Different floorplan:** B,"1. **Different floorplan:** B
2. **Why:** Floorplan B has a unique arrangement where the master room (#FFA500) is positioned in a way that it does not align with the typical central placement seen in the other floorplans. Additionally, the kitchen (#F08080) is placed unusually close to the entrance, which deviates from the standard layout observed in A, C, D, and E."
"[17, 5]","[7, 1]","['33045', '10825', '7913', '50221', '72055']",10825,1. **Different floorplan:** C,"1. **Different floorplan:** C
2. **Why:** Floorplan C has a distinct arrangement of rooms compared to the others. It features a single large common room with a smaller adjacent room, which is not typical in the other floorplans where the rooms are more evenly distributed and interconnected in a way that suggests a more complex layout. The other floorplans (A, B, D, and E) have a more consistent pattern of rooms, with multiple smaller rooms connected in a linear or grid-like fashion, which is not present in C."
"[17, 18]","[7, 22]","['31693', '21543', '79411', '66935', '70105']",79411,1. **Different floorplan:** C,"1. **Different floorplan:** C
2. **Why:** Floorplan C has a distinct layout compared to the others. It features a central hallway with rooms branching off in a linear fashion, which is different from the more complex and interconnected layouts seen in A, B, D, and E. The other floorplans have more intricate patterns with multiple intersections and varying room sizes, making them more complex than C."
"[17, 18]","[7, 1]","['21408', '66316', '53652', '46660', '51240']",53652,1. **Different floorplan:** C,"1. **Different floorplan:** C
2. **Why:** Floorplan C has a unique arrangement where the master room (#FFA500) is positioned in a way that it does not align with the typical central placement seen in the other floorplans. In contrast, the other floorplans have the master room centrally located, which suggests a more symmetrical and standard layout. Additionally, the positioning of the common room (#FFD700) and the living room (#EEE8AA) in relation to the entrance and the rest of the rooms also differs from the others, indicating a distinct pattern."
"[7, 1]","[17, 21]","['16951', '8109', '3536', '62454', '12376']",62454,1. **Different floorplan:** C,"1. **Different floorplan:** C
2. **Why:** Floorplan C has a unique arrangement where the master room (#FFA500) is positioned in the center, surrounded by a common room (#FFD700), a living room (#EEE8AA), and a balcony (#6B8E23). This central placement of the master room is distinct from the other floorplans, which typically have the master room either at one end or centrally but not surrounded by other rooms in this specific configuration."
"[7, 1]","[17, 18]","['12376', '51240', '3536', '16951', '12421']",51240,1. **Different floorplan:** C,"1. **Different floorplan:** C
2. **Why:** Floorplan C has a unique arrangement where the master room (#FFA500) is positioned in the center, surrounded by a common room (#FFD700), a living room (#EEE8AA), and a balcony (#6B8E23). This central placement of the master room with surrounding rooms is distinct from the other floorplans, which typically have the master room either at one end or centrally but not surrounded by other rooms in this manner."
"[7, 1]","[17, 21]","['3536', '10825', '12421', '62549', '17550']",62549,1. **Different floorplan:** B,"1. **Different floorplan:** B
2. **Why:** Floorplan B has a unique arrangement where the master room (#FFA500) is positioned in the center, surrounded by a common room (#FFD700), a living room (#EEE8AA), and a balcony (#6B8E23). This central placement of the master room is distinct from the other floorplans, which typically have the master room either at one end or centrally located but not surrounded by other rooms in this specific manner. Additionally, the presence of a separate dining area (#DA70D6) in B further distinguishes it from the others, which do not have such a clear separation."
"[7, 1]","[17, 18]","['3536', '10825', '8109', '31693', '16951']",31693,1. **Different floorplan:** B,"1. **Different floorplan:** B
2. **Why:** Floorplan B has a unique arrangement where the master room (#FFA500) is positioned in the upper left corner, which is not typical for the other floorplans. In contrast, the other floorplans have the master room in the lower right corner, maintaining a consistent pattern across A, C, D, and E."
"[17, 18]","[7, 3]","['70105', '66935', '61767', '6955', '31693']",61767,1. **Different floorplan:** E,"1. **Different floorplan:** E
2. **Why:** Floorplan E has a distinct arrangement where the living room and dining area are directly adjacent without any intervening space, which is not observed in the other floorplans. In contrast, floorplans A, B, C, and D all have a common pattern where the living room and dining area are separated by a hallway or another room type, such as a kitchen or storage. This unique configuration makes floorplan E stand out from the others."
"[17, 18]","[7, 3]","['46660', '21543', '75828', '66316', '66935']",75828,1. **Different floorplan:** C,"1. **Different floorplan:** C
2. **Why:** Floorplan C has a distinct layout compared to the others. It features a single large room with a smaller room attached to it, which is not present in the other floorplans. The other floorplans have more complex layouts with multiple rooms of varying sizes and shapes, making them more similar to each other."
"[7, 1]","[17, 21]","['8109', '9795', '10825', '12421', '3536']",9795,1. **Different floorplan:** E,"1. **Different floorplan:** E
2. **Why:** Floorplan E has a unique arrangement where the living room and dining area are positioned in a way that they do not align with the typical layout seen in the other four floorplans. In contrast, the other four floorplans have a more consistent pattern where the living room and dining area are adjacent and follow a similar spatial relationship. Floorplan E breaks this pattern by having the dining area directly connected to the living room without an intervening space, which is less common compared to the other layouts."
"[7, 1]","[17, 5]","['50221', '8109', '16951', '12376', '17550']",50221,1. **Different floorplan:** A,"1. **Different floorplan:** A
2. **Why:** Floorplan A has a unique arrangement where the master room (#FFA500) is located in the top left corner, which is not typical compared to the other floorplans. In contrast, the other floorplans have the master room positioned more centrally or towards the right side, with the rest of the rooms arranged around it in a more standard layout. This distinct placement of the master room makes floorplan A stand out from the others."
"[17, 21]","[7, 20]","['9795', '78147', '69704', '2425', '40487']",2425,1. **Different floorplan:** E,"1. **Different floorplan:** E
2. **Why:** Floorplan E has a unique arrangement where the master room (#FFA500) is positioned in a way that it does not align with the typical central placement seen in the other floorplans. In contrast, the other floorplans have the master room centrally located, which suggests a more symmetrical and standard layout. Additionally, the positioning of the common room (#FFD700) and the living room (#EEE8AA) in relation to the entrance and the rest of the rooms also differs from the others, indicating a distinct pattern."
"[17, 21]","[7, 20]","['40487', '78147', '54372', '9795', '62549']",54372,1. **Different floorplan:** D,"1. **Different floorplan:** D
2. **Why:** Floorplan D has a unique arrangement where the master room (#FFA500) is positioned in a way that it does not align with the typical central placement seen in the other floorplans. In contrast, the other floorplans have the master room centrally located, which suggests a more symmetrical and standard layout. Additionally, the distribution of other rooms like the common room (#FFD700), living room (#EEE8AA), and kitchen (#F08080) also differs from the others, indicating a distinct pattern."
"[7, 1]","[17, 5]","['17550', '16951', '50221', '3536', '10825']",50221,1. **Different floorplan:** C,"1. **Different floorplan:** C
2. **Why:** Floorplan C has a unique arrangement where the master room (#FFA500) is positioned in a way that it does not align with the typical central placement seen in the other floorplans. Additionally, the kitchen (#F08080) is located at an unusual position compared to the standard layout, which suggests a different underlying pattern."
"[17, 18]","[7, 1]","['31693', '21543', '51240', '46660', '10825']",10825,1. **Different floorplan:** E,"1. **Different floorplan:** E
2. **Why:** Floorplan E has a unique arrangement where the living room and dining area are stacked vertically, with the living room above the dining area. This vertical stacking is not present in any of the other floorplans, which all have the living room and dining area side by side or in a more horizontal configuration."
"[7, 1]","[17, 21]","['78147', '8109', '12421', '17550', '10825']",78147,1. **Different floorplan:** E,"1. **Different floorplan:** E
2. **Why:** Floorplan E has a unique arrangement where the master room (#FFA500) is positioned in a way that it does not align with the typical central placement seen in the other floorplans. In contrast, the other floorplans have the master room centrally located, which suggests a more symmetrical and standard layout. Additionally, the positioning of the common room (#FFD700) and the living room (#EEE8AA) in relation to the entrance and the rest of the rooms also differs from the others, indicating a distinct pattern."
"[17, 18]","[7, 20]","['31693', '21408', '46660', '66316', '2277']",2277,1. **Different floorplan:** E,"1. **Different floorplan:** E
2. **Why:** Floorplan E has a unique arrangement where the living room and dining area are directly connected without any intervening space, which is not present in the other floorplans. In contrast, floorplans A, B, C, and D all have a common pattern where the living room and dining area are separated by a hallway or another room. This distinct layout makes floorplan E stand out from the others."
"[17, 18]","[7, 1]","['70105', '66316', '31693', '12421', '6955']",12421,1. **Different floorplan:** E,"1. **Different floorplan:** E
2. **Why:** Floorplan E has a unique arrangement where the master room (#FFA500) is positioned in a way that it does not align with the typical central placement seen in the other floorplans. In contrast, the other floorplans have the master room centrally located, which is a common pattern in residential designs. Additionally, the overall layout of E appears more compact and less symmetrical compared to the others, suggesting a different underlying pattern."
"[7, 1]","[17, 18]","['12376', '51240', '3536', '12421', '53652']",51240,1. **Different floorplan:** E,"1. **Different floorplan:** E
2. **Why:** Floorplan E has a unique arrangement where the master room (#FFA500) is positioned in a way that it does not align with the typical central placement seen in the other floorplans. In contrast, the other floorplans have the master room centrally located, which is a common pattern in residential designs. Additionally, the layout of the common rooms and living areas in E is more scattered compared to the more organized and symmetrical patterns in A, B, C, and D."
"[17, 18]","[7, 1]","['66316', '12421', '21408', '70105', '51240']",12421,1. **Different floorplan:** D,"1. **Different floorplan:** D
2. **Why:** Floorplan D has a unique arrangement where the kitchen is located in the top right corner, which is not present in the other floorplans. All other floorplans have the kitchen positioned either in the bottom left or the bottom right corner, with the rest of the rooms arranged similarly. This distinct placement makes it the one with a different underlying pattern."
"[7, 20]","[17, 18]","['54372', '2277', '55305', '2425', '46660']",46660,1. **Different floorplan:** D,"1. **Different floorplan:** D
2. **Why:** Floorplan D has a unique arrangement where the living room and dining area are directly adjacent without any intervening space, unlike the other floorplans which typically have a corridor or another room between them. This direct adjacency is not seen in A, B, C, or E, making it distinct from the others."
"[7, 1]","[17, 21]","['8109', '3536', '10825', '12376', '9795']",9795,1. **Different floorplan:** E,"1. **Different floorplan:** E
2. **Why:** Floorplan E has a unique arrangement where the master room (#FFA500) is positioned in a way that it does not align with the typical central placement seen in the other floorplans. In contrast, the other floorplans have the master room centrally located, which suggests a more symmetrical and standard layout. Additionally, the positioning of the common room (#FFD700) and the living room (#EEE8AA) in relation to the entrance and the rest of the rooms also differs from the others, indicating a distinct pattern."
"[17, 18]","[7, 20]","['66935', '2425', '31693', '51240', '70105']",2425,1. **Different floorplan:** E,"1. **Different floorplan:** E
2. **Why:** Floorplan E has a unique configuration where the living room and dining area are directly adjacent without any intervening space, which is not present in the other floorplans. In contrast, floorplans A, B, C, and D all have a common pattern where the living room and dining area are separated by a hallway or another room type. This distinct arrangement makes floorplan E stand out from the others."
"[17, 18]","[7, 1]","['8109', '21408', '21543', '51240', '66935']",8109,1. **Different floorplan:** C,"1. **Different floorplan:** C
2. **Why:** Floorplan C has a unique arrangement where the master room (#FFA500) is positioned in the center, surrounded by a common room (#FFD700), a living room (#EEE8AA), a balcony (#6B8E23), a bathroom (#ADD8E6), a kitchen (#F08080), and a dining room (#DA70D6). This central placement of the master room is not mirrored in any of the other floorplans, which typically have the master room either at one end or centrally located but with a different spatial relationship to the other rooms."
"[17, 18]","[7, 20]","['21408', '6955', '31693', '21543', '55305']",55305,1. **Different floorplan:** E,"1. **Different floorplan:** E
2. **Why:** Floorplan E has a distinct arrangement of rooms compared to the others. It lacks the central hallway that is present in A, B, C, and D. Instead, it features a more compact layout with rooms directly connected without a central passage. This unique configuration sets it apart from the other floorplans, which all have a similar layout with a central hallway leading to various rooms."
"[7, 1]","[17, 18]","['3536', '53652', '8109', '6955', '16951']",6955,1. **Different floorplan:** B,"1. **Different floorplan:** B
2. **Why:** Floorplan B has a unique arrangement where the master room (#FFA500) is positioned in a way that it does not align with the typical central placement seen in the other floorplans. Additionally, the living room (#EEE8AA) and common room (#FFD700) are placed in a manner that differs from the symmetrical and consistent patterns observed in A, C, D, and E. The presence of the balcony (#6B8E23) and bathroom (#ADD8E6) also contributes to the distinct layout compared to the others."
"[17, 21]","[7, 20]","['69704', '55305', '62549', '78147', '9795']",55305,1. **Different floorplan:** B,"1. **Different floorplan:** B
2. **Why:** Floorplan B has a unique arrangement where the master room (#FFA500) is positioned in a way that it does not align with the typical central placement seen in the other floorplans. Additionally, the kitchen (#F08080) is located at an unusual position compared to the others, which suggests a different underlying pattern."
"[17, 18]","[7, 22]","['31693', '40679', '70105', '66316', '66935']",40679,1. **Different floorplan:** C,"1. **Different floorplan:** C
2. **Why:** Floorplan C has a distinct layout compared to the others. It features a central hallway with rooms branching off in a more linear fashion, whereas the other floorplans have a more complex and interconnected layout with multiple pathways and rooms. This difference in the overall flow and connectivity of spaces makes it stand out as having a different underlying pattern."
"[17, 18]","[7, 22]","['6955', '66316', '21543', '46660', '79411']",79411,1. **Different floorplan:** E,"1. **Different floorplan:** E
2. **Why:** Floorplan E has a distinct layout compared to the others. It features a single large open space with a balcony extending from one side, which is not present in the other floorplans. The remaining floorplans (A, B, C, and D) all have a more traditional layout with multiple rooms and a clear separation between different areas, such as a kitchen, dining area, and living room. Floorplan E's unique open layout sets it apart from the rest."
"[7, 1]","[17, 21]","['12376', '78147', '12421', '17550', '10825']",78147,1. **Different floorplan:** C,"1. **Different floorplan:** C
2. **Why:** Floorplan C has a unique arrangement where the master room (#FFA500) is positioned in the center, surrounded by a common room (#FFD700), a living room (#EEE8AA), and a balcony (#6B8E23). This central placement of the master room is distinct from the other floorplans, which typically have the master room either at one end or centrally located but not surrounded by other rooms in this specific manner. Additionally, the spatial distribution of the other rooms around the master room in C is more compact compared to the other floorplans, suggesting a different underlying pattern."
"[17, 21]","[7, 3]","['62549', '75828', '78147', '69704', '62454']",75828,1. **Different floorplan:** B,"1. **Different floorplan:** B
2. **Why:** Floorplan B has a unique arrangement where the master room (#FFA500) is positioned in the center, surrounded by a common room (#FFD700), a living room (#EEE8AA), and a balcony (#6B8E23). This central placement of the master room is distinct from the other floorplans, which typically place the master room either at one end or in a corner. Additionally, the kitchen (#F08080) and dining (#DA70D6) areas are located in different positions compared to the other floorplans, making B stand out with its different underlying pattern."
"[7, 1]","[17, 5]","['7913', '16951', '17550', '10825', '12376']",7913,1. **Different floorplan:** D,"1. **Different floorplan:** D
2. **Why:** Floorplan D has a unique arrangement where the master room (#FFA500) is positioned in a way that it does not align with the typical central placement seen in the other floorplans. In contrast, the other floorplans have the master room centrally located, which suggests a more symmetrical and standard layout. Additionally, the positioning of the common room (#FFD700) and the living room (#EEE8AA) in relation to the entrance and the rest of the rooms also differs from the others, indicating a distinct pattern."
"[17, 21]","[7, 20]","['62454', '2425', '9795', '69704', '78147']",2425,1. **Different floorplan:** C,"1. **Different floorplan:** C
2. **Why:** Floorplan C has a unique arrangement where the master room (#FFA500) is positioned in the center, surrounded by a common room (#FFD700), a living room (#EEE8AA), and a balcony (#6B8E23). This central placement of the master room is distinct from the other floorplans, which typically have the master room either at one end or centrally but not surrounded by other rooms in this specific configuration."
"[17, 18]","[7, 20]","['51240', '66935', '55305', '46660', '6955']",55305,1. **Different floorplan:** C,"1. **Different floorplan:** C
2. **Why:** Floorplan C has a unique arrangement where the master room (#FFA500) is positioned in the center, surrounded by a common room (#FFD700), a living room (#EEE8AA), and a balcony (#6B8E23). This central placement of the master room is distinct from the other floorplans, which typically have the master room either at one end or centrally but not surrounded by other rooms in this specific manner. Additionally, the spatial distribution of the other rooms around the master room in C is more compact compared to the other floorplans, suggesting a different underlying pattern."
"[7, 3]","[17, 21]","['40487', '52457', '64781', '61767', '75828']",40487,1. **Different floorplan:** E,"1. **Different floorplan:** E
2. **Why:** Floorplan E has a unique arrangement where the master room (#FFA500) is positioned in the upper right corner, which is not typical in the other floorplans. In contrast, the other floorplans have the master room (#FFA500) either centrally located or in a more standard position towards the center or left side. This distinct placement makes E stand out from the others."
"[17, 18]","[7, 3]","['66316', '51240', '64781', '21408', '31693']",64781,1. **Different floorplan:** C,"1. **Different floorplan:** C
2. **Why:** Floorplan C has a unique arrangement where the master room (#FFA500) is positioned in a way that it does not align with the typical central placement seen in the other floorplans. In contrast, the other floorplans have the master room centrally located, which suggests a more symmetrical and standard layout. Additionally, the positioning of the common room (#FFD700) and the living room (#EEE8AA) in relation to the entrance and the rest of the rooms also differs from the others, indicating a distinct pattern."
"[7, 1]","[17, 5]","['12421', '10825', '16951', '72055', '53652']",72055,1. **Different floorplan:** E,"1. **Different floorplan:** E
2. **Why:** Floorplan E has a unique arrangement where the master room (#FFA500) is positioned in a way that it does not align with the typical central placement seen in the other floorplans. In contrast, the other floorplans have the master room centrally located, which is a common pattern in residential designs. Additionally, the distribution of other rooms like the common room (#FFD700), living room (#EEE8AA), and kitchen (#F08080) also differs significantly from the others, suggesting a different underlying pattern."
"[7, 1]","[17, 18]","['12376', '16951', '51240', '3536', '8109']",51240,1. **Different floorplan:** C,"1. **Different floorplan:** C
2. **Why:** Floorplan C has a unique arrangement where the master room (#FFA500) is positioned in a way that it does not align with the typical central placement seen in the other floorplans. Additionally, the kitchen (#F08080) is located at the far end of the floorplan, which is less common compared to the other floorplans where the kitchen is usually closer to the entrance. This distinct positioning makes C stand out from the others."
"[17, 18]","[7, 20]","['46660', '54372', '31693', '66935', '70105']",54372,1. **Different floorplan:** E,"1. **Different floorplan:** E
2. **Why:** Floorplan E has a unique arrangement where the living room and dining area are combined into one large space, which is not present in the other floorplans. In contrast, the other floorplans have distinct separate living rooms and dining areas. Additionally, the overall layout of E appears more compact and integrated compared to the others, suggesting a different underlying pattern."
"[17, 21]","[7, 1]","['8109', '40487', '69704', '9795', '62454']",8109,1. **Different floorplan:** E,"1. **Different floorplan:** E
2. **Why:** Floorplan E has a unique arrangement where the master room (#FFA500) is positioned in a way that it does not align with the typical central placement seen in the other floorplans. In contrast, the other floorplans have the master room centrally located, which suggests a more symmetrical and standard layout. Floorplan E's master room is placed off-center, making it stand out from the others."
"[17, 18]","[7, 3]","['21543', '46660', '66935', '66316', '64781']",64781,1. **Different floorplan:** E,"1. **Different floorplan:** E
2. **Why:** Floorplan E has a unique arrangement where the living room and dining area are directly adjacent without any intervening space, which is not observed in the other floorplans. In contrast, floorplans A, B, C, and D all have a common pattern where the living room and dining area are separated by a hallway or another room type, such as a common room or storage. This distinct layout makes floorplan E stand out from the others."
"[17, 21]","[7, 3]","['9795', '40487', '61767', '78147', '62454']",61767,1. **Different floorplan:** C,"1. **Different floorplan:** C
2. **Why:** Floorplan C has a unique arrangement where the master room (#FFA500) is positioned in a way that it does not align with the typical central placement seen in the other floorplans. In contrast, the other floorplans have the master room centrally located, which suggests a more symmetrical and standard layout. Additionally, the positioning of the common room (#FFD700) and the living room (#EEE8AA) in relation to the entrance and the rest of the rooms also differs from the others, indicating a distinct pattern."
"[7, 1]","[17, 18]","['6955', '8109', '53652', '3536', '12376']",6955,1. **Different floorplan:** A,"1. **Different floorplan:** A
2. **Why:** Floorplan A has a unique arrangement where the common room (yellow) is directly adjacent to the master room (orange) without any intervening space, which is not observed in the other floorplans. In contrast, all other floorplans have a clear separation between the common room and the master room by at least one other room type, such as a living room or a balcony. This distinct adjacency makes floorplan A stand out from the others."
"[7, 22]","[17, 18]","['70105', '31113', '40679', '79411', '23132']",70105,1. **Different floorplan:** A,"1. **Different floorplan:** A
2. **Why:** Floorplan A has a unique configuration where the common room (yellow) is directly connected to the master room (orange) without any intermediate spaces, which is not seen in the other floorplans. In contrast, floorplans B, C, D, and E all have a more typical layout with additional rooms like the living room (beige), balcony (green), bathroom (light blue), and kitchen (red) before reaching the master room. This direct connection in A suggests a different underlying pattern compared to the others."
"[17, 21]","[7, 1]","['78147', '9795', '62454', '62549', '16951']",16951,1. **Different floorplan:** E,"1. **Different floorplan:** E
2. **Why:** Floorplan E has a unique arrangement where the master room (#FFA500) is positioned in the center, surrounded by a common room (#FFD700), a living room (#EEE8AA), and a balcony (#6B8E23). This central placement of the master room is distinct from the other floorplans, which typically have the master room either at one end or centrally located but not surrounded by other rooms in this specific manner."
"[17, 21]","[7, 20]","['62549', '69704', '40487', '54372', '9795']",54372,1. **Different floorplan:** A,"1. **Different floorplan:** A
2. **Why:** Floorplan A has a unique arrangement where the common room (yellow) is directly connected to the master room (orange) without any intermediary space, which is not present in the other floorplans. In contrast, all other floorplans have a clear separation between the common room and the master room with additional spaces like the living room (light yellow), balcony (green), and storage (purple). This direct connection in A suggests a different underlying pattern compared to the others."
"[17, 18]","[7, 3]","['61767', '66316', '31693', '51240', '46660']",61767,1. **Different floorplan:** A,"1. **Different floorplan:** A
2. **Why:** Floorplan A has a unique arrangement where the master room (#FFA500) is located in the top left corner, which is not typical for the other floorplans. In contrast, the other floorplans have the master room positioned more centrally or towards the bottom right, maintaining a consistent pattern across B, C, D, and E."
"[17, 21]","[7, 1]","['40487', '62454', '3536', '69704', '9795']",3536,1. **Different floorplan:** C,"1. **Different floorplan:** C
2. **Why:** Floorplan C has a unique arrangement where the living room and common room are directly adjacent without any intervening space, unlike the other floorplans which typically have a corridor or another room separating them. This direct adjacency is not seen in A, B, D, or E, making it stand out with a different underlying pattern."
"[17, 18]","[7, 20]","['2425', '46660', '70105', '6955', '66316']",2425,1. **Different floorplan:** C,"1. **Different floorplan:** C
2. **Why:** Floorplan C has a unique arrangement where the living room (light yellow) is positioned in the center, surrounded by other rooms, unlike the other floorplans which have the living room either at one end or in a corner. Additionally, the master room (orange) and common room (yellow) are placed in a way that they do not form a continuous path from the entrance, unlike the other floorplans where the entrance leads directly into a continuous sequence of connected rooms."
"[17, 21]","[7, 3]","['52457', '40487', '62549', '69704', '9795']",52457,1. **Different floorplan:** B,"1. **Different floorplan:** B
2. **Why:** Floorplan B has a unique arrangement where the master room (#FFA500) is positioned in a way that it does not align with the typical central placement seen in the other floorplans. Additionally, the living room (#EEE8AA) and common room (#FFD700) are placed in a manner that differs from the symmetrical and consistent patterns observed in A, C, D, and E. The presence of the balcony (#6B8E23) and the positioning of the dining area (#DA70D6) also contribute to the distinctiveness of floorplan B compared to the others."
"[17, 18]","[7, 20]","['55305', '6955', '66935', '31693', '51240']",55305,1. **Different floorplan:** B,"1. **Different floorplan:** B
2. **Why:** Floorplan B has a unique arrangement where the master room (#FFA500) is positioned in a way that it does not align with the typical central placement seen in the other floorplans. Additionally, the living room (#EEE8AA) and common room (#FFD700) are placed in a manner that differs from the symmetrical and consistent patterns observed in A, C, D, and E. The presence of a balcony (#6B8E23) at the bottom right corner also stands out as it is not a common feature in the other floorplans."
"[17, 21]","[7, 1]","['62454', '62549', '9795', '12421', '40487']",12421,1. **Different floorplan:** C,"1. **Different floorplan:** C
2. **Why:** Floorplan C has a unique arrangement where the master room (#FFA500) is positioned in a way that it does not align with the typical central placement seen in the other floorplans. In contrast, the other floorplans have the master room centrally located, which suggests a more symmetrical and standard layout. Additionally, the positioning of the common room (#FFD700) and the living room (#EEE8AA) in relation to the entrance and the rest of the rooms also differs from the others, indicating a distinct pattern."
"[17, 21]","[7, 3]","['69704', '62549', '78147', '61767', '9795']",61767,1. **Different floorplan:** D,"1. **Different floorplan:** D
2. **Why:** Floorplan D has a unique arrangement where the master room (#FFA500) is positioned in a way that it does not align with the typical central placement seen in the other floorplans. In contrast, the other floorplans have the master room centrally located, which is a common pattern in residential designs. Additionally, the spatial distribution of rooms around the master room in D is distinct from the others, making it stand out as having a different underlying pattern."
"[7, 1]","[17, 5]","['8109', '17550', '16951', '50221', '3536']",50221,1. **Different floorplan:** E,"1. **Different floorplan:** E
2. **Why:** Floorplan E has a unique layout compared to the others. It features a large open space that spans across multiple rooms without any clear division into distinct sections like the other floorplans. The other floorplans (A, B, C, and D) all have more defined areas with clear boundaries between rooms, such as a kitchen, dining area, living room, and bedrooms. Floorplan E's open layout suggests it might be designed differently, possibly as a studio or a very spacious apartment with minimal partitions."
"[17, 21]","[7, 1]","['40487', '8109', '78147', '62549', '62454']",8109,1. **Different floorplan:** D,"1. **Different floorplan:** D
2. **Why:** Floorplan D has a unique arrangement where the master room (#FFA500) is positioned in a way that it does not align with the typical central placement seen in the other floorplans. In contrast, the other floorplans have the master room centrally located, which suggests a more symmetrical and standard layout. Additionally, the positioning of the common room (#FFD700) and the living room (#EEE8AA) in relation to the entrance and the rest of the rooms also differs from the others, indicating a distinct pattern."
"[7, 1]","[17, 18]","['70105', '8109', '10825', '12421', '16951']",70105,1. **Different floorplan:** A,"1. **Different floorplan:** A
2. **Why:** Floorplan A has a unique arrangement where the common room (yellow) is directly adjacent to the main entrance, which is not the case in the other floorplans. In contrast, floorplans B, C, D, and E have the main entrance leading into a hallway or another room before reaching the common room. This distinctive feature makes floorplan A stand out from the others."
"[7, 1]","[17, 18]","['46660', '17550', '3536', '53652', '10825']",46660,1. **Different floorplan:** C,"1. **Different floorplan:** C
2. **Why:** Floorplan C has a unique arrangement where the living room and common room are directly adjacent without any intervening space, unlike the other floorplans which have additional rooms or hallways separating them. This direct adjacency in C is not present in A, B, D, or E, making it stand out with a different underlying pattern."
"[17, 18]","[7, 20]","['31693', '46660', '21543', '21408', '2277']",2277,1. **Different floorplan:** E,"1. **Different floorplan:** E
2. **Why:** Floorplan E has a unique arrangement where the living room and dining area are swapped compared to the other floorplans. In all other floorplans (A, B, C, and D), the living room is adjacent to the dining area, but in E, the dining area is positioned further away from the living room, which is not consistent with the other floorplans. This suggests a different underlying pattern for floorplan E."
"[17, 21]","[7, 3]","['78147', '75828', '62454', '9795', '69704']",75828,1. **Different floorplan:** D,"1. **Different floorplan:** D
2. **Why:** Floorplan D has a unique arrangement where the master room (#FFA500) is positioned in a way that it does not align with the typical central placement seen in the other floorplans. In contrast, the other floorplans have the master room centrally located, which suggests a more symmetrical and standard layout. Additionally, the positioning of the common room (#FFD700) and the living room (#EEE8AA) in relation to the entrance and the rest of the rooms also differs from the others, indicating a distinct pattern."
"[17, 21]","[7, 1]","['78147', '40487', '9795', '62454', '10825']",10825,1. **Different floorplan:** E,"1. **Different floorplan:** E
2. **Why:** Floorplan E has a unique arrangement where the master room (#FFA500) is positioned in a way that it does not align with the typical central placement seen in the other floorplans. In contrast, the other floorplans have the master room centrally located, which is a common pattern in residential designs. Additionally, the layout of the common rooms and living areas in E differs significantly from the others, suggesting a different underlying pattern."
"[17, 21]","[7, 3]","['52457', '78147', '69704', '62549', '62454']",52457,1. **Different floorplan:** A,"1. **Different floorplan:** A
2. **Why:** Floorplan A has a unique arrangement where the common room (yellow) is directly adjacent to the master room (orange) without any intervening space, which is not observed in the other floorplans. In contrast, all other floorplans have a clear separation between the common room and the master room by at least one other room type, such as a living room or a balcony. This distinct adjacency makes floorplan A stand out from the others."
"[7, 1]","[17, 5]","['12376', '53652', '8109', '16951', '33045']",33045,1. **Different floorplan:** E,"1. **Different floorplan:** E
2. **Why:** Floorplan E has a unique arrangement where the living room and dining area are directly adjacent without any intervening space, which is not observed in the other floorplans. In contrast, floorplans A, B, C, and D all have a common pattern where the living room and dining area are separated by a hallway or another room type, such as a kitchen or storage. This distinct layout makes floorplan E stand out from the others."
"[7, 1]","[17, 21]","['12376', '40487', '16951', '8109', '12421']",40487,1. **Different floorplan:** E,"1. **Different floorplan:** E
2. **Why:** Floorplan E has a unique arrangement where the master room (#FFA500) is positioned in a way that it does not align with the typical central placement seen in the other floorplans. In contrast, the other floorplans have the master room centrally located, which suggests a more symmetrical and standard layout. Additionally, the positioning of the common room (#FFD700) and the living room (#EEE8AA) in relation to the entrance and the rest of the rooms also differs from the others, indicating a distinct pattern."
"[7, 1]","[17, 5]","['12376', '16951', '10825', '53652', '33045']",33045,1. **Different floorplan:** E,"1. **Different floorplan:** E
2. **Why:** Floorplan E has a distinct arrangement where the master room (#FFA500) is positioned at the top right corner, which is not typical in the other floorplans. In contrast, the other floorplans have the master room either centrally located or towards the bottom left, maintaining a more consistent pattern. Additionally, the layout of the common rooms and living areas in E differs significantly from the others, making it stand out as having a different underlying pattern."
"[7, 1]","[17, 18]","['3536', '12376', '16951', '10825', '21408']",21408,1. **Different floorplan:** E,"1. **Different floorplan:** E
2. **Why:** Floorplan E has a unique arrangement where the master room (#FFA500) is positioned in a way that it does not align with the typical central placement seen in the other floorplans. In contrast, the other floorplans have the master room centrally located, which is a common pattern in residential designs. Additionally, the layout of the common rooms and living areas in E is more compact and less symmetrical compared to the others, suggesting a different underlying design philosophy."
"[17, 21]","[7, 3]","['9795', '62454', '64781', '40487', '78147']",64781,1. **Different floorplan:** C,"1. **Different floorplan:** C
2. **Why:** Floorplan C has a unique arrangement where the master room (#FFA500) is positioned in the center, surrounded by a common room (#FFD700), a living room (#EEE8AA), and a balcony (#6B8E23). This central placement of the master room is distinct from the other floorplans, which typically have the master room either at one end or centrally but not surrounded by other rooms in this specific configuration."
"[7, 1]","[17, 21]","['17550', '10825', '16951', '69704', '12421']",69704,1. **Different floorplan:** B,"1. **Different floorplan:** B
2. **Why:** Floorplan B has a unique arrangement where the master room (#FFA500) is positioned in a way that it does not align with the typical central placement seen in the other floorplans. Additionally, the kitchen (#F08080) is located at an unusual position compared to the standard layout, which suggests a different underlying pattern."
"[7, 1]","[17, 18]","['16951', '51240', '12421', '17550', '12376']",51240,1. **Different floorplan:** C,"1. **Different floorplan:** C
2. **Why:** Floorplan C has a unique arrangement where the master room (#FFA500) is positioned in the center, surrounded by a common room (#FFD700), a living room (#EEE8AA), and a balcony (#6B8E23). This central placement of the master room is distinct from the other floorplans, which typically place the master room either at one end or in a corner. Additionally, the spatial distribution of the other rooms around the master room in C is more compact compared to the other floorplans, suggesting a different underlying pattern."
"[17, 18]","[7, 1]","['70105', '17550', '6955', '21408', '66935']",17550,1. **Different floorplan:** A,"1. **Different floorplan:** A
2. **Why:** Floorplan A has a unique layout compared to the others. It features an L-shaped configuration with a central common room and a master room, which is not present in the other floorplans. The other floorplans (B, C, D, and E) all have a more symmetrical T-shape with a central living room and a master room, making them more uniform in their design."
"[17, 18]","[7, 1]","['21408', '46660', '70105', '66316', '12421']",12421,1. **Different floorplan:** C,"1. **Different floorplan:** C
2. **Why:** Floorplan C has a unique arrangement where the living room and common room are directly adjacent without any intervening space, unlike the other floorplans which have a more segmented layout with clear separation between the living room and common room. This direct adjacency in C suggests a different underlying pattern compared to the others."
"[7, 1]","[17, 21]","['9795', '8109', '3536', '10825', '53652']",9795,1. **Different floorplan:** C,"1. **Different floorplan:** C
2. **Why:** Floorplan C has a unique arrangement where the living room and common room are directly adjacent without any intervening space, unlike the other floorplans which have a clear separation between these two rooms. This direct adjacency is not present in A, B, D, or E, making it the one with a different underlying pattern."
"[17, 18]","[7, 20]","['66935', '21543', '66316', '54372', '70105']",54372,1. **Different floorplan:** E,"1. **Different floorplan:** E
2. **Why:** Floorplan E has a unique arrangement where the living room and dining area are directly adjacent without any intervening space, which is not observed in the other floorplans. In contrast, floorplans A, B, C, and D all have a common pattern where the living room and dining area are separated by a hallway or another room. This distinct layout makes floorplan E stand out from the others."
"[17, 18]","[7, 1]","['10825', '66935', '21543', '70105', '51240']",10825,1. **Different floorplan:** D,"1. **Different floorplan:** D
2. **Why:** Floorplan D has a unique arrangement where the master room (#FFA500) is positioned in a way that it does not align with the typical central placement seen in the other floorplans. In contrast, the other floorplans have the master room centrally located, which is a common pattern in residential designs. Additionally, the distribution of other rooms like the common room (#FFD700), living room (#EEE8AA), balcony (#6B8E23), bathroom (#ADD8E6), kitchen (#F08080), storage (#DDA0DD), and dining (#DA70D6) follows a consistent pattern across A, B, C, and E, but not in D."
"[7, 1]","[17, 5]","['12376', '3536', '10825', '53652', '33045']",33045,1. **Different floorplan:** E,"1. **Different floorplan:** E
2. **Why:** Floorplan E has a distinct layout compared to the others. It features a single large room with no internal divisions, which is unlike the other floorplans that have multiple rooms separated by walls. The other floorplans (A, B, C, and D) all show a more complex arrangement with various rooms and corridors, making them more similar in their underlying patterns."
"[17, 21]","[7, 1]","['69704', '40487', '62549', '53652', '78147']",53652,1. **Different floorplan:** D,"1. **Different floorplan:** D
2. **Why:** Floorplan D has a unique arrangement where the master room (#FFA500) is positioned in a way that it does not align with the typical central placement seen in the other floorplans. In contrast, the other floorplans have the master room centrally located, which suggests a more symmetrical and standard layout. Additionally, the positioning of the common room (#FFD700) and the living room (#EEE8AA) in relation to the entrance and the rest of the rooms also differs from the others, indicating a distinct pattern."
"[17, 18]","[7, 3]","['46660', '70105', '66316', '21543', '52457']",52457,1. **Different floorplan:** E,"1. **Different floorplan:** E
2. **Why:** Floorplan E has a completely different layout compared to the others. It features a single large room with no internal divisions, which is distinct from the other floorplans that all have multiple rooms separated by walls. The other floorplans (A, B, C, and D) all show a more complex arrangement of rooms, including common areas like living rooms and dining areas, as well as private spaces like master rooms and bathrooms. Floorplan E's simplicity suggests it might be a different type of space, such as a studio apartment or a very open concept home, rather than a traditional multi-room apartment."
"[17, 21]","[7, 20]","['9795', '78147', '2277', '62454', '40487']",2277,1. **Different floorplan:** C,"1. **Different floorplan:** C
2. **Why:** Floorplan C has a unique arrangement where the master room (#FFA500) is positioned in the center, surrounded by a common room (#FFD700), a living room (#EEE8AA), and a balcony (#6B8E23). This central placement of the master room is distinct from the other floorplans, which typically place the master room either at one end or in a corner. Additionally, the spatial distribution of the rooms around the master room in C is more symmetrical compared to the others, making it stand out as having a different underlying pattern."
"[17, 18]","[7, 1]","['21543', '66935', '8109', '21408', '6955']",8109,1. **Different floorplan:** C,"1. **Different floorplan:** C
2. **Why:** Floorplan C has a distinct layout compared to the others. It features a single large rectangular room with a smaller room attached to one side, which is not present in the other floorplans. The other floorplans all have more complex layouts with multiple rooms and corridors, making them more similar to each other."
"[7, 1]","[17, 18]","['8109', '16951', '3536', '66316', '10825']",66316,1. **Different floorplan:** C,"1. **Different floorplan:** C
2. **Why:** Floorplan C has a unique arrangement where the master room (#FFA500) is positioned in the center, surrounded by a common room (#FFD700), a living room (#EEE8AA), and a balcony (#6B8E23). This central placement of the master room is distinct from the other floorplans, which typically place the master room either at one end or in a corner. Additionally, the spatial distribution of the rooms around the master room in C is more symmetrical compared to the other floorplans, which have more varied layouts."
"[17, 18]","[7, 20]","['66316', '6955', '70105', '31693', '2277']",2277,1. **Different floorplan:** C,"1. **Different floorplan:** C
2. **Why:** Floorplan C has a distinct layout compared to the others. It features a central hallway with rooms branching off in a more linear fashion, whereas the other floorplans have a more complex and interconnected layout with multiple pathways and rooms. This difference in the overall flow and arrangement of spaces makes it stand out from the rest."
"[7, 1]","[17, 18]","['8109', '3536', '12421', '17550', '51240']",51240,1. **Different floorplan:** E,"1. **Different floorplan:** E
2. **Why:** Floorplan E has a unique arrangement where the living room and common room are directly adjacent without any intervening space, which is not observed in the other floorplans. In contrast, floorplans A, B, C, and D all have a more traditional layout with a corridor separating the living room from the common room."
"[17, 5]","[7, 3]","['75828', '33045', '7913', '72055', '50221']",75828,1. **Different floorplan:** E,"1. **Different floorplan:** E
2. **Why:** Floorplan E has a unique arrangement where the living room and dining area are stacked vertically, with the living room above the dining area. This vertical stacking is not present in any of the other floorplans, which all have the living room and dining area side by side or in a more horizontal configuration."
"[17, 18]","[7, 22]","['79411', '66316', '46660', '21543', '21408']",79411,1. **Different floorplan:** E,"1. **Different floorplan:** E
2. **Why:** Floorplan E has a unique arrangement where the living room and dining area are directly adjacent without any intervening space, which is not present in the other floorplans. In contrast, floorplans A, B, C, and D all have a common pattern where the living room and dining area are separated by a hallway or another room type. This distinct layout makes floorplan E stand out from the others."
"[17, 21]","[7, 3]","['69704', '52457', '78147', '9795', '40487']",52457,1. **Different floorplan:** E,"1. **Different floorplan:** E
2. **Why:** Floorplan E has a unique arrangement where the master room (#FFA500) is positioned in the upper right corner, which is not typical in the other floorplans. In contrast, the other floorplans have the master room in more central or lower positions. Additionally, the layout of the common rooms and living areas in E differs significantly from the others, making it stand out as having a different underlying pattern."
"[17, 18]","[7, 22]","['66316', '79411', '70105', '51240', '21543']",79411,1. **Different floorplan:** C,"1. **Different floorplan:** C
2. **Why:** Floorplan C has a unique arrangement of rooms compared to the others. It features a central hallway with a staircase leading up, which is not present in the other floorplans. Additionally, the distribution of room types and their relative sizes differs significantly from the rest, making it stand out as having a different underlying pattern."
"[17, 18]","[7, 1]","['66316', '8109', '6955', '31693', '21408']",8109,1. **Different floorplan:** B,"1. **Different floorplan:** B
2. **Why:** Floorplan B has a unique arrangement where the master room (#FFA500) is positioned in a way that it does not align with the common room (#FFD700) in the same vertical line as seen in the other floorplans. This suggests a different underlying pattern compared to A, C, D, and E, which maintain a consistent alignment of the master room and common room along the same vertical axis."
"[17, 21]","[7, 22]","['62549', '62454', '23132', '78147', '69704']",23132,1. **Different floorplan:** E,"1. **Different floorplan:** E
2. **Why:** Floorplan E has a unique arrangement where the living room and common room are directly adjacent without any intervening space, which is not observed in the other floorplans. In contrast, floorplans A, B, C, and D all have a more traditional layout with a corridor separating the living room from the common room."
"[17, 18]","[7, 3]","['66935', '21408', '61767', '51240', '70105']",61767,1. **Different floorplan:** E,"1. **Different floorplan:** E
2. **Why:** Floorplan E has a unique arrangement where the living room and dining area are adjacent but not directly connected by a common wall, unlike the other floorplans which have a more consistent layout with rooms typically sharing walls in a linear or grid-like fashion. This distinct configuration sets it apart from the others."
"[7, 22]","[17, 18]","['40679', '23132', '79411', '46660', '31113']",46660,1. **Different floorplan:** C,"1. **Different floorplan:** C
2. **Why:** Floorplan C has a distinct layout compared to the others. It features a central hallway with rooms branching off in a linear fashion, which is different from the more complex and varied layouts seen in A, B, D, and E. The other floorplans have more intricate designs with multiple entrances, varying room sizes, and different configurations of common areas and private spaces."
"[7, 1]","[17, 18]","['12421', '8109', '51240', '53652', '17550']",51240,1. **Different floorplan:** A,"1. **Different floorplan:** A
2. **Why:** Floorplan A has a unique arrangement where the common room (yellow) is directly adjacent to the main entrance, which is not the case in the other floorplans. In contrast, the other floorplans have the main entrance leading into a hallway or another room before reaching the common area. This distinctive feature makes floorplan A stand out from the others."
"[7, 1]","[17, 5]","['50221', '3536', '12421', '16951', '17550']",50221,1. **Different floorplan:** E,"1. **Different floorplan:** E
2. **Why:** Floorplan E has a unique arrangement where the master room (#FFA500) is positioned in a way that it does not align with the typical central placement seen in the other floorplans. In contrast, the other floorplans have the master room centrally located, which is a common pattern in apartment designs. Additionally, the layout of the common rooms and living areas in E differs significantly from the others, suggesting a different underlying pattern."
"[7, 1]","[17, 5]","['12421', '50221', '8109', '53652', '17550']",50221,1. **Different floorplan:** D,"1. **Different floorplan:** D
2. **Why:** Floorplan D has a unique arrangement where the master room (#FFA500) is positioned in a way that it does not align with the typical central placement seen in the other floorplans. In contrast, the other floorplans have the master room centrally located, which suggests a more symmetrical and standard layout. Additionally, the positioning of the common room (#FFD700) and the living room (#EEE8AA) in relation to the entrance and the rest of the rooms also differs from the others, indicating a distinct pattern."
"[17, 18]","[7, 3]","['64781', '21543', '46660', '66935', '51240']",64781,1. **Different floorplan:** C,"1. **Different floorplan:** C
2. **Why:** Floorplan C has a distinct arrangement of rooms compared to the others. It features a large central area that appears to be a common room, with smaller rooms branching off in a more linear fashion. In contrast, the other floorplans (A, B, D, and E) have a more symmetrical and interconnected layout, with multiple rooms of similar size and shape distributed around a central core. This difference in the spatial distribution and room sizes makes C stand out as having a different underlying pattern."
"[17, 18]","[7, 1]","['66935', '70105', '51240', '46660', '3536']",3536,1. **Different floorplan:** E,"1. **Different floorplan:** E
2. **Why:** Floorplan E has a unique layout compared to the others. It features a single large open space with no internal divisions, which is distinct from the other floorplans that have more defined rooms and corridors. The other floorplans (A, B, C, and D) all show a more segmented design with multiple rooms and hallways, making them consistent in their underlying pattern. Floorplan E stands out due to its lack of internal partitions and the presence of a single large area."
"[7, 1]","[17, 5]","['12376', '10825', '12421', '8109', '33045']",33045,1. **Different floorplan:** E,"1. **Different floorplan:** E
2. **Why:** Floorplan E has a distinct arrangement where the common room and master room are placed in a way that they do not share a direct connection with the living room, unlike the other floorplans which have a more interconnected layout. This unique configuration sets it apart from the others."
"[17, 18]","[7, 3]","['75828', '46660', '6955', '31693', '66935']",75828,1. **Different floorplan:** C,"1. **Different floorplan:** C
2. **Why:** Floorplan C has a unique arrangement where the master room (#FFA500) is positioned in the top right corner, which is not seen in the other floorplans. All other floorplans have the master room in the bottom left corner. This distinct placement makes it the one with a different underlying pattern."
"[7, 1]","[17, 21]","['16951', '53652', '12421', '10825', '9795']",9795,1. **Different floorplan:** D,"1. **Different floorplan:** D
2. **Why:** Floorplan D has a unique arrangement where the master room (#FFA500) is positioned in a way that it does not align with the typical central placement seen in the other floorplans. In contrast, the other floorplans have the master room centrally located, which suggests a more symmetrical and standard layout. Additionally, the positioning of the common room (#FFD700) and the living room (#EEE8AA) in relation to the entrance and the rest of the rooms also differs from the others, indicating a distinct pattern."
"[17, 18]","[7, 1]","['21543', '70105', '46660', '53652', '51240']",53652,1. **Different floorplan:** D,"1. **Different floorplan:** D
2. **Why:** Floorplan D has a unique arrangement where the living room and common room are directly adjacent without any intervening space, unlike the other floorplans which typically have a corridor or another room separating them. This direct adjacency is not seen in A, B, C, or E, making it stand out as having a different underlying pattern."
"[7, 3]","[17, 21]","['52457', '62549', '75828', '61767', '64781']",62549,1. **Different floorplan:** D,"1. **Different floorplan:** D
2. **Why:** Floorplan D has a unique arrangement where the master room (#FFA500) is positioned in a way that it does not align with the typical central placement seen in the other floorplans. In contrast, the other floorplans have the master room centrally located, which suggests a more symmetrical and standard layout. Additionally, the positioning of the common room (#FFD700) and the living room (#EEE8AA) in relation to the entrance and the rest of the rooms also differs from the others, indicating a distinct pattern."
"[7, 1]","[17, 5]","['53652', '12376', '16951', '50221', '10825']",50221,1. **Different floorplan:** D,"1. **Different floorplan:** D
2. **Why:** Floorplan D has a unique arrangement where the master room (#FFA500) is positioned in a way that it does not align with the typical central placement seen in the other floorplans. In contrast, the other floorplans have the master room centrally located, which suggests a more symmetrical and standard layout. Additionally, the positioning of the common room (#FFD700) and the living room (#EEE8AA) in relation to the entrance and the rest of the rooms also differs from the others, indicating a distinct pattern."
"[7, 3]","[17, 5]","['61767', '64781', '50221', '52457', '75828']",50221,1. **Different floorplan:** E,"1. **Different floorplan:** E
2. **Why:** Floorplan E has a unique arrangement where the living room and dining area are directly adjacent without any intervening space, which is not observed in the other floorplans. In contrast, floorplans A, B, C, and D all have a common pattern where the living room and dining area are separated by a hallway or another room, creating a more traditional flow from the entrance into the living and dining areas."
"[7, 1]","[17, 18]","['12421', '53652', '6955', '16951', '17550']",6955,1. **Different floorplan:** B,"1. **Different floorplan:** B
2. **Why:** Floorplan B has a unique arrangement where the master room (#FFA500) is positioned in a way that it does not align with the typical central placement seen in the other floorplans. Additionally, the kitchen (#F08080) is located at an unusual position compared to the standard layout, which suggests a different underlying pattern."
"[7, 1]","[17, 18]","['8109', '21408', '17550', '53652', '10825']",21408,1. **Different floorplan:** D,"1. **Different floorplan:** D
2. **Why:** Floorplan D has a unique arrangement where the master room (#FFA500) is positioned in a way that it does not align with the typical central placement seen in the other floorplans. In contrast, the other floorplans have the master room centrally located, which suggests a more symmetrical and standard layout. Additionally, the positioning of the common room (#FFD700) and the living room (#EEE8AA) in relation to the entrance and the rest of the rooms also differs from the others, indicating a distinct pattern."
"[7, 1]","[17, 5]","['3536', '10825', '12376', '16951', '50221']",50221,1. **Different floorplan:** B,"1. **Different floorplan:** B
2. **Why:** Floorplan B has a unique arrangement where the master room (#FFA500) is positioned in the upper left corner, which is not typical compared to the other floorplans. In contrast, the other floorplans have the master room either centrally located or in a more standard position relative to the entrance. Additionally, the distribution of other rooms like the common room (#FFD700), living room (#EEE8AA), and kitchen (#F08080) differs significantly from the others, suggesting a different underlying pattern."
"[17, 21]","[7, 1]","['62454', '69704', '10825', '62549', '9795']",10825,1. **Different floorplan:** C,"1. **Different floorplan:** C
2. **Why:** Floorplan C has a unique arrangement where the master room (#FFA500) is positioned in the center, surrounded by a common room (#FFD700), a living room (#EEE8AA), and a balcony (#6B8E23). This central placement of the master room is distinct from the other floorplans, which typically have the master room either at one end or centrally but not surrounded by other rooms in this specific configuration."
"[17, 18]","[7, 22]","['70105', '6955', '66935', '46660', '79411']",79411,1. **Different floorplan:** E,"1. **Different floorplan:** E
2. **Why:** Floorplan E has a distinct layout compared to the others. It features a single large open space with a balcony extending from one side, which is not present in the other floorplans. The remaining floorplans (A, B, C, and D) all have a more traditional layout with multiple rooms and a clear separation between spaces, such as a kitchen, dining area, and living room. Floorplan E's unique open layout sets it apart from the rest."
"[17, 21]","[7, 22]","['9795', '79411', '62549', '69704', '62454']",79411,1. **Different floorplan:** B,"1. **Different floorplan:** B
2. **Why:** Floorplan B has a unique arrangement where the master room (#FFA500) is positioned in a way that it does not align with the typical central placement seen in the other floorplans. Additionally, the living room (#EEE8AA) and common room (#FFD700) are placed in a manner that differs from the symmetrical and consistent patterns observed in A, C, D, and E. The presence of a balcony (#6B8E23) at the front and a kitchen (#F08080) at the back also contributes to the distinctiveness of this floorplan compared to the others."
"[7, 1]","[17, 21]","['12421', '10825', '17550', '62549', '53652']",62549,1. **Different floorplan:** B,"1. **Different floorplan:** B
2. **Why:** Floorplan B has a unique arrangement where the master room (#FFA500) is positioned in the center, surrounded by a common room (#FFD700), a living room (#EEE8AA), and a balcony (#6B8E23). This central placement of the master room is not seen in the other floorplans, which typically have the master room either at one end or centrally but not surrounded by other rooms in this specific configuration."
"[17, 18]","[7, 3]","['70105', '66316', '75828', '66935', '21543']",75828,1. **Different floorplan:** E,"1. **Different floorplan:** E
2. **Why:** Floorplan E has a unique arrangement where the master room (#FFA500) is positioned in a way that it does not align with the typical central placement seen in the other floorplans. In contrast, the other floorplans have the master room centrally located, which is a common pattern in apartment designs. Additionally, the distribution of other rooms like the common room (#FFD700), living room (#EEE8AA), and kitchen (#F08080) also follows a more uniform pattern across the other floorplans, making E stand out due to its deviation from this pattern."
"[17, 21]","[7, 3]","['62549', '9795', '62454', '40487', '75828']",75828,1. **Different floorplan:** E,"1. **Different floorplan:** E
2. **Why:** Floorplan E has a distinct arrangement of rooms compared to the others. It features a central open space with a dining area and a kitchen directly connected, which is not present in the other floorplans. The other floorplans have more varied and complex layouts with multiple interconnected rooms, making them more uniform in their design."
"[7, 1]","[17, 18]","['21408', '16951', '3536', '10825', '12421']",21408,1. **Different floorplan:** E,"1. **Different floorplan:** E
2. **Why:** Floorplan E has a unique arrangement where the master room (#FFA500) is positioned in a way that it does not align with the typical central placement seen in the other floorplans. In contrast, the other floorplans have the master room centrally located, which is a common pattern in apartment designs. Additionally, the layout of the common rooms and living areas in E differs significantly from the others, suggesting a different underlying pattern."
"[17, 18]","[7, 1]","['51240', '66935', '46660', '12376', '70105']",12376,1. **Different floorplan:** E,"1. **Different floorplan:** E
2. **Why:** Floorplan E has a unique arrangement where the living room and dining area are directly adjacent without any intervening space, which is not observed in the other floorplans. In contrast, floorplans A, B, C, and D all have a common pattern where the living room and dining area are separated by a hallway or another room, creating a more traditional flow from the entrance into the living and dining areas."
"[7, 1]","[17, 18]","['3536', '6955', '12376', '17550', '8109']",6955,1. **Different floorplan:** B,"1. **Different floorplan:** B
2. **Why:** Floorplan B has a unique arrangement where the master room (#FFA500) is positioned in the center, surrounded by a common room (#FFD700), a living room (#EEE8AA), and a balcony (#6B8E23). This central placement of the master room is not seen in the other floorplans, which typically have the master room either at one end or centrally but not surrounded by other rooms in this specific configuration."
"[7, 1]","[17, 5]","['17550', '12421', '53652', '16951', '72055']",72055,1. **Different floorplan:** E,"1. **Different floorplan:** E
2. **Why:** Floorplan E has a unique arrangement where the master room (#FFA500) is positioned in a way that it does not align with the typical central placement seen in the other floorplans. In contrast, the other floorplans have the master room centrally located, which suggests a more symmetrical and standard layout. Floorplan E's master room is placed off-center, making it stand out from the others."
"[17, 18]","[7, 1]","['51240', '17550', '6955', '21408', '31693']",17550,1. **Different floorplan:** E,"1. **Different floorplan:** E
2. **Why:** Floorplan E has a unique arrangement where the master room (#FFA500) is positioned in a way that it does not align with the typical central placement seen in the other floorplans. In contrast, the other floorplans have the master room centrally located, which is a common pattern in apartment designs. Additionally, the layout of the common rooms and living areas in floorplan E differs from the others, suggesting a different underlying pattern."
"[17, 18]","[7, 22]","['66316', '21408', '46660', '6955', '23132']",23132,1. **Different floorplan:** E,"1. **Different floorplan:** E
2. **Why:** Floorplan E has a unique arrangement where the living room and kitchen are directly adjacent without any intervening space, which is not present in the other floorplans. In contrast, floorplans A, B, C, and D all have a common pattern where the living room and kitchen are separated by at least one other room type, typically a common room or a storage area. This distinct layout makes floorplan E stand out from the others."
"[7, 1]","[17, 18]","['3536', '66935', '10825', '16951', '12376']",66935,1. **Different floorplan:** C,"1. **Different floorplan:** C
2. **Why:** Floorplan C has a unique arrangement where the master room (#FFA500) is positioned in the center, surrounded by a common room (#FFD700), a living room (#EEE8AA), and a balcony (#6B8E23). This central placement of the master room with surrounding rooms is distinct from the other floorplans, which typically have the master room either at one end or centrally but not surrounded by other rooms in this specific configuration."
"[7, 1]","[17, 18]","['17550', '51240', '10825', '8109', '12421']",51240,1. **Different floorplan:** E,"1. **Different floorplan:** E
2. **Why:** Floorplan E has a unique arrangement where the master room (#FFA500) is positioned in a way that it does not align with the typical central placement seen in the other floorplans. In contrast, the other floorplans have the master room centrally located, which suggests a more symmetrical and standard layout. Additionally, the positioning of the common room (#FFD700) and the living room (#EEE8AA) in relation to the entrance and the rest of the rooms also differs from the others, indicating a distinct pattern."
"[7, 1]","[17, 5]","['12421', '8109', '12376', '72055', '53652']",72055,1. **Different floorplan:** D,"1. **Different floorplan:** D
2. **Why:** Floorplan D has a unique arrangement where the kitchen is positioned at the far right side, separated from the rest of the rooms by a large open space. In contrast, in floorplans A, B, C, and E, the kitchen is typically located closer to the center or near the entrance, often adjacent to the living room or dining area. This distinct placement makes floorplan D stand out as having a different underlying pattern compared to the others."
"[17, 18]","[7, 22]","['21543', '46660', '70105', '31113', '21408']",31113,1. **Different floorplan:** C,"1. **Different floorplan:** C
2. **Why:** Floorplan C has a distinct layout compared to the others. It lacks the central common room and the symmetrical arrangement of rooms around it. Instead, it features a more linear progression of spaces, which is not present in the other floorplans. The other floorplans (A, B, D, and E) all have a common room at the center with various rooms arranged symmetrically around it, which is not the case for floorplan C."
"[17, 18]","[7, 3]","['46660', '70105', '51240', '52457', '21408']",52457,1. **Different floorplan:** D,"1. **Different floorplan:** D
2. **Why:** Floorplan D has a distinct arrangement of rooms compared to the others. It features a long, narrow layout with a single large common room dominating the space, which is not typical in the other floorplans. The other floorplans have more varied and complex layouts with multiple smaller rooms and different configurations around the main entrance."
"[17, 21]","[7, 1]","['62454', '78147', '17550', '69704', '9795']",17550,1. **Different floorplan:** E,"1. **Different floorplan:** E
2. **Why:** Floorplan E has a unique arrangement where the master room (#FFA500) is positioned in a way that it does not align with the typical central placement seen in the other floorplans. In contrast, the other floorplans have the master room centrally located, which is a common pattern in residential designs. Additionally, the layout of the common rooms and living areas in E differs significantly from the others, suggesting a different underlying pattern."
"[17, 18]","[7, 3]","['66316', '66935', '46660', '21408', '75828']",75828,1. **Different floorplan:** E,"1. **Different floorplan:** E
2. **Why:** Floorplan E has a unique arrangement where the master room (#FFA500) is positioned in a way that it does not align with the typical central placement seen in the other floorplans. In contrast, the other floorplans have the master room centrally located, which is a common pattern in apartment designs. Additionally, the overall layout of E appears more compact and less symmetrical compared to the others, suggesting a different underlying pattern."
"[17, 18]","[7, 22]","['46660', '66935', '51240', '66316', '79411']",79411,1. **Different floorplan:** E,"1. **Different floorplan:** E
2. **Why:** Floorplan E has a unique arrangement where the living room and dining area are combined into one large space with no clear separation between them, unlike the other floorplans which have distinct rooms separated by walls. This combination is not seen in A, B, C, or D, where the living and dining areas are typically separate spaces."
"[17, 21]","[7, 20]","['9795', '55305', '78147', '40487', '69704']",55305,1. **Different floorplan:** D,"1. **Different floorplan:** D
2. **Why:** Floorplan D has a unique arrangement where the master room (#FFA500) is positioned in a way that it does not align with the typical central placement seen in the other floorplans. In contrast, the other floorplans have the master room centrally located, which suggests a more symmetrical and standard layout. Additionally, the positioning of the common room (#FFD700) and the living room (#EEE8AA) in relation to the entrance and the rest of the rooms also differs from the others, indicating a distinct pattern."
"[7, 1]","[17, 18]","['12421', '66316', '3536', '16951', '8109']",66316,1. **Different floorplan:** E,"1. **Different floorplan:** E
2. **Why:** Floorplan E has a unique arrangement where the master room (#FFA500) is positioned in a way that it does not align with the typical central placement seen in the other floorplans. In contrast, the other floorplans have the master room centrally located, which is a common pattern in apartment designs. Additionally, the layout of the common rooms and living areas in E is more compact and less symmetrical compared to the others, suggesting a different underlying pattern."
"[7, 1]","[17, 5]","['12376', '17550', '12421', '33045', '16951']",33045,1. **Different floorplan:** C,"1. **Different floorplan:** C
2. **Why:** Floorplan C has a unique arrangement where the master room (#FFA500) is positioned in the center, surrounded by a common room (#FFD700), a living room (#EEE8AA), and a balcony (#6B8E23). This central placement of the master room is distinct from the other floorplans, which typically place the master room either at one end or in a corner. Additionally, the spatial distribution of the other rooms around the master room in C is more compact compared to the other floorplans, suggesting a different underlying pattern."
"[17, 18]","[7, 22]","['31693', '40679', '21408', '51240', '6955']",40679,1. **Different floorplan:** E,"1. **Different floorplan:** E
2. **Why:** Floorplan E has a unique arrangement where the master room (#FFA500) is positioned in a way that it does not align with the typical central placement seen in the other floorplans. In contrast, the other floorplans have the master room centrally located, which suggests a more symmetrical and standard layout. Floorplan E's master room is placed off-center, making it stand out from the others."
"[17, 21]","[7, 20]","['69704', '40487', '9795', '2277', '62454']",2277,1. **Different floorplan:** D,"1. **Different floorplan:** D
2. **Why:** Floorplan D has a unique arrangement where the master room (#FFA500) is located in an unusual position compared to the other floorplans. In contrast, the other floorplans have the master room positioned more centrally or towards one side, but not in the way it is placed in D. This suggests that D has a different underlying pattern."
"[17, 21]","[7, 3]","['9795', '62549', '62454', '40487', '64781']",64781,1. **Different floorplan:** E,"1. **Different floorplan:** E
2. **Why:** Floorplan E has a unique arrangement where the master room (#FFA500) is positioned in a way that it does not align with the typical central placement seen in the other floorplans. In contrast, the other floorplans have the master room centrally located, which is a common pattern in residential designs. Additionally, the layout of the common rooms and living areas in E differs significantly from the others, suggesting a different underlying pattern."
"[7, 1]","[17, 18]","['51240', '10825', '53652', '17550', '12376']",51240,1. **Different floorplan:** A,"1. **Different floorplan:** A
2. **Why:** Floorplan A has a unique arrangement where the common room (yellow) is directly adjacent to the master room (orange) without any intervening space, which is not observed in the other floorplans. In contrast, all other floorplans have a clear separation between the common room and the master room by at least one other room type, such as a living room or a balcony. This distinct adjacency in A suggests it has a different underlying pattern compared to the others."
"[17, 5]","[7, 3]","['7913', '52457', '50221', '72055', '33045']",52457,1. **Different floorplan:** E,"1. **Different floorplan:** E
2. **Why:** Floorplan E has a unique arrangement where the master room (#FFA500) is positioned in a way that it does not align with the typical central placement seen in the other floorplans. In contrast, the other floorplans have the master room centrally located, which is a common pattern in residential designs. Additionally, the distribution of other rooms around the master room in E is less symmetrical compared to the others, suggesting a different underlying pattern."
"[17, 21]","[7, 1]","['78147', '40487', '62549', '69704', '8109']",8109,1. **Different floorplan:** D,"1. **Different floorplan:** D
2. **Why:** Floorplan D has a unique arrangement where the master room (#FFA500) is positioned in a way that it does not align with the typical central placement seen in the other floorplans. In contrast, the other floorplans have the master room centrally located, which suggests a more symmetrical and standard layout. Additionally, the positioning of the common room (#FFD700) and the living room (#EEE8AA) in relation to the entrance and the rest of the rooms also differs from the others, indicating a distinct pattern."
"[17, 18]","[7, 1]","['66935', '31693', '21408', '16951', '70105']",16951,1. **Different floorplan:** D,"1. **Different floorplan:** D
2. **Why:** Floorplan D has a unique layout compared to the others. It features a single large room with a smaller room attached to it, which is not present in the other floorplans. The other floorplans have more complex layouts with multiple rooms of varying sizes and shapes, making them more interconnected. Floorplan D stands out due to its simplicity and the distinct separation between the two rooms."
"[17, 21]","[7, 22]","['62549', '40487', '9795', '78147', '31113']",31113,1. **Different floorplan:** E,"1. **Different floorplan:** E
2. **Why:** Floorplan E has a distinct layout compared to the others. It features a single large room with no internal divisions, which is unlike the other floorplans that have multiple rooms separated by walls. The other floorplans (A, B, C, and D) all show a more complex arrangement with various rooms and corridors, making them more typical of residential apartment layouts."
"[7, 20]","[17, 21]","['2425', '54372', '69704', '2277', '55305']",69704,1. **Different floorplan:** C,"1. **Different floorplan:** C
2. **Why:** Floorplan C has a distinct arrangement of rooms compared to the others. It features a central hallway with a staircase leading up, which is not present in the other floorplans. Additionally, the distribution of room types and their relative sizes differs significantly from the uniformity seen in A, B, D, and E."
"[17, 18]","[7, 3]","['21408', '66935', '75828', '46660', '70105']",75828,1. **Different floorplan:** E,"1. **Different floorplan:** E
2. **Why:** Floorplan E has a unique arrangement where the living room and dining area are swapped in position compared to the other floorplans. In all other floorplans (A, B, C, and D), the living room is positioned to the left of the dining area, whereas in E, it is to the right. This distinct spatial configuration makes E stand out from the others."
"[17, 18]","[7, 20]","['51240', '66316', '70105', '2277', '31693']",2277,1. **Different floorplan:** C,"1. **Different floorplan:** C
2. **Why:** Floorplan C has a distinct layout compared to the others. It features a central hallway with rooms branching off in a more linear fashion, whereas the other floorplans have a more complex and interconnected layout with multiple pathways and rooms. This difference in the overall flow and arrangement of spaces makes it stand out from the rest."
"[7, 1]","[17, 5]","['3536', '33045', '16951', '12421', '53652']",33045,1. **Different floorplan:** E,"1. **Different floorplan:** E
2. **Why:** Floorplan E has a unique arrangement where the master room (#FFA500) is positioned in a way that it does not align with the typical central placement seen in the other floorplans. Additionally, the kitchen (#F08080) is located at the far end of the floorplan, which is less common compared to the other floorplans where the kitchen is usually closer to the entrance. This distinct layout makes E stand out from the others."
"[7, 1]","[17, 21]","['12376', '16951', '12421', '10825', '62454']",62454,1. **Different floorplan:** C,"1. **Different floorplan:** C
2. **Why:** Floorplan C has a unique arrangement where the master room (#FFA500) is positioned in the center, surrounded by a common room (#FFD700), a living room (#EEE8AA), and a balcony (#6B8E23). This central placement of the master room is distinct from the other floorplans, which typically have the master room either at one end or centrally located but not surrounded by other rooms in this specific manner. Additionally, the spatial distribution of the other rooms around the master room in C is more compact compared to the other floorplans, suggesting a different underlying pattern."
"[7, 22]","[17, 21]","['79411', '40679', '31113', '62549', '23132']",62549,1. **Different floorplan:** B,"1. **Different floorplan:** B
2. **Why:** Floorplan B has a unique arrangement where the master room (#FFA500) is positioned in the center, surrounded by other rooms, which is not typical in the other floorplans. The other floorplans have the master room either at one end or in a corner, with the rest of the rooms distributed around it in a more symmetrical manner."
"[7, 1]","[17, 5]","['53652', '33045', '10825', '17550', '8109']",33045,1. **Different floorplan:** B,"1. **Different floorplan:** B
2. **Why:** Floorplan B has a unique arrangement where the master room (#FFA500) is positioned directly adjacent to the main entrance, which is not the case in the other floorplans. In contrast, the other floorplans have the master room further away from the entrance, typically in a more central location. This distinct placement makes floorplan B stand out with a different underlying pattern compared to the others."
"[17, 18]","[7, 22]","['21543', '40679', '46660', '6955', '31693']",40679,1. **Different floorplan:** A,"1. **Different floorplan:** A
2. **Why:** Floorplan A has a unique arrangement where the common room and the master room are adjacent and form a T-shape, which is not present in the other floorplans. The other floorplans have a more symmetrical and repetitive layout with the common room and master room positioned differently but consistently across them."
"[7, 1]","[17, 21]","['10825', '62454', '53652', '16951', '12376']",62454,1. **Different floorplan:** C,"1. **Different floorplan:** C
2. **Why:** Floorplan C has a unique arrangement where the master room (#FFA500) is positioned in the top right corner, which is not seen in the other floorplans. All other floorplans have the master room in the bottom left corner. This distinct placement makes it the one with a different underlying pattern."
"[17, 21]","[7, 20]","['54372', '40487', '62549', '78147', '62454']",54372,1. **Different floorplan:** A,"1. **Different floorplan:** A
2. **Why:** Floorplan A has a unique arrangement where the common room (yellow) is directly adjacent to the master room (orange) without any intervening space, which is not observed in the other floorplans. In contrast, all other floorplans have a clear separation between the common room and the master room by at least one other room type, such as a living room or a balcony. This distinct adjacency in A suggests a different underlying pattern compared to the others."
"[17, 21]","[7, 1]","['9795', '12421', '62454', '69704', '40487']",12421,1. **Different floorplan:** E,"1. **Different floorplan:** E
2. **Why:** Floorplan E has a unique arrangement where the master room (#FFA500) is positioned in a way that it does not align with the typical central placement seen in the other floorplans. In contrast, the other floorplans have the master room centrally located, which suggests a more symmetrical and standard layout. Additionally, the positioning of the common room (#FFD700) and the living room (#EEE8AA) in relation to the entrance and the rest of the rooms also differs from the others, indicating a distinct pattern."
"[17, 18]","[7, 22]","['21408', '66935', '31113', '51240', '31693']",31113,1. **Different floorplan:** C,"1. **Different floorplan:** C
2. **Why:** Floorplan C has a unique arrangement where the master room (#FFA500) is positioned in the center, surrounded by a common room (#FFD700), a living room (#EEE8AA), and a balcony (#6B8E23). This central placement of the master room is distinct from the other floorplans, which typically have the master room either at one end or centrally located but not surrounded by other rooms in this specific manner. Additionally, the spatial distribution of the other rooms around the master room in C is more compact compared to the more spread-out layouts in A, B, D, and E."
"[17, 18]","[7, 20]","['6955', '31693', '46660', '66935', '54372']",54372,1. **Different floorplan:** E,"1. **Different floorplan:** E
2. **Why:** Floorplan E has a unique arrangement where the master room (#FFA500) is positioned in a way that it does not align with the typical central placement seen in the other floorplans. In contrast, the other floorplans have the master room centrally located, which suggests a more symmetrical and standard layout. Floorplan E's master room is placed off-center, making it stand out from the others."
"[7, 1]","[17, 18]","['53652', '3536', '46660', '8109', '17550']",46660,1. **Different floorplan:** B,"1. **Different floorplan:** B
2. **Why:** Floorplan B has a distinct layout compared to the others. It features a large central open space that appears to be a living area, which is not present in the other floorplans. The rest of the floorplans have more compartmentalized spaces with clear delineations between rooms such as bedrooms, bathrooms, and kitchens. Floorplan B's central open space suggests a different design philosophy, possibly aiming for an open-concept living area rather than individual rooms."
"[7, 1]","[17, 21]","['17550', '12376', '8109', '9795', '53652']",9795,1. **Different floorplan:** E,"1. **Different floorplan:** E
2. **Why:** Floorplan E has a unique arrangement where the master room (#FFA500) is positioned in a way that it does not align with the typical central placement seen in the other floorplans. In contrast, the other floorplans have the master room centrally located, which suggests a more symmetrical and standard layout. Additionally, the positioning of the common room (#FFD700) and the living room (#EEE8AA) in relation to the entrance and the rest of the rooms also differs from the others, indicating a distinct pattern."
"[17, 18]","[7, 22]","['66316', '40679', '51240', '66935', '21408']",40679,1. **Different floorplan:** B,"1. **Different floorplan:** B
2. **Why:** Floorplan B has a unique arrangement where the master room (#FFA500) is positioned in the center, surrounded by a common room (#FFD700), a living room (#EEE8AA), and a balcony (#6B8E23). This central placement of the master room is not seen in the other floorplans, which typically have the master room either at one end or centrally located but not surrounded by other rooms in this specific manner."
"[17, 18]","[7, 1]","['53652', '70105', '46660', '31693', '66935']",53652,1. **Different floorplan:** C,"1. **Different floorplan:** C
2. **Why:** Floorplan C has a distinct arrangement of rooms compared to the others. It features a central hallway with a master room directly connected to it, which is not present in the other floorplans. The other floorplans have more symmetrical layouts with multiple rooms branching off from a central area, whereas C has a more linear progression of spaces."
"[7, 1]","[17, 5]","['16951', '53652', '12376', '3536', '50221']",50221,1. **Different floorplan:** D,"1. **Different floorplan:** D
2. **Why:** Floorplan D has a unique layout compared to the others. It features a large open space that appears to be a combination of a living room and a dining area, which is not present in the other floorplans. The rest of the floorplans have more distinct separations between rooms, with clear boundaries and specific room types like bathrooms and kitchens. Floorplan D's open layout suggests a different underlying pattern, likely designed for a more spacious and flexible living arrangement."
"[17, 18]","[7, 22]","['46660', '31693', '40679', '21543', '66316']",40679,1. **Different floorplan:** C,"1. **Different floorplan:** C
2. **Why:** Floorplan C has a unique arrangement where the master room (#FFA500) is positioned in the center, surrounded by a common room (#FFD700), a living room (#EEE8AA), and a balcony (#6B8E23). This central placement of the master room is distinct from the other floorplans, which typically place the master room either at one end or in a corner. Additionally, the kitchen (#F08080) and dining (#DA70D6) areas are located in different positions compared to the other floorplans, making it clear that C has a different underlying pattern."
"[17, 18]","[7, 1]","['16951', '21408', '70105', '66316', '66935']",16951,1. **Different floorplan:** C,"1. **Different floorplan:** C
2. **Why:** Floorplan C has a distinct layout compared to the others. It features a central hallway with rooms branching off in a more linear fashion, whereas the other floorplans have a more complex and interconnected layout with multiple pathways and rooms. This difference in the overall flow and arrangement of spaces makes it stand out as having a different underlying pattern."
"[7, 3]","[17, 5]","['64781', '33045', '52457', '75828', '61767']",33045,1. **Different floorplan:** C,"1. **Different floorplan:** C
2. **Why:** Floorplan C has a distinct arrangement of rooms compared to the others. It features a single large central room with smaller rooms branching off from it, which is unlike the more complex and varied layouts in A, B, D, and E. The other floorplans have multiple interconnected spaces, often with a more symmetrical or grid-like pattern, whereas C has a more linear and less symmetrical design."
"[7, 1]","[17, 21]","['9795', '10825', '17550', '12421', '8109']",9795,1. **Different floorplan:** B,"1. **Different floorplan:** B
2. **Why:** Floorplan B has a unique arrangement where the master room (#FFA500) is positioned in the center, surrounded by a common room (#FFD700), a living room (#EEE8AA), and a balcony (#6B8E23). This central placement of the master room is distinct from the other floorplans, which typically have the master room either at one end or centrally located but not surrounded by other rooms in this specific manner."
"[17, 18]","[7, 22]","['6955', '51240', '46660', '31693', '23132']",23132,1. **Different floorplan:** E,"1. **Different floorplan:** E
2. **Why:** Floorplan E has a unique arrangement where the living room and dining area are directly adjacent without any intervening space, which is not present in the other floorplans. In contrast, floorplans A, B, C, and D all have a common pattern where the living room and dining area are separated by a hallway or another room. This distinct layout makes floorplan E stand out from the others."
"[17, 21]","[7, 3]","['64781', '40487', '78147', '62549', '69704']",64781,1. **Different floorplan:** E,"1. **Different floorplan:** E
2. **Why:** Floorplan E has a unique arrangement where the master room (#FFA500) is positioned in a way that it does not align with the typical central placement seen in the other floorplans. In contrast, the other floorplans have the master room centrally located, which is a common pattern in residential designs. Additionally, the layout of the common rooms and living areas in E differs significantly from the others, suggesting a different underlying pattern."
"[7, 22]","[17, 5]","['23132', '31113', '40679', '79411', '72055']",72055,1. **Different floorplan:** D,"1. **Different floorplan:** D
2. **Why:** Floorplan D has a unique arrangement where the kitchen is positioned at the far end of the apartment, separated by a long corridor from the main entrance. In contrast, all other floorplans (A, B, C, and E) have the kitchen located closer to the main entrance, either directly adjacent or connected by a shorter corridor. This distinct placement makes floorplan D stand out as having a different underlying pattern compared to the others."
"[7, 1]","[17, 18]","['17550', '8109', '10825', '53652', '46660']",46660,1. **Different floorplan:** E,"1. **Different floorplan:** E
2. **Why:** Floorplan E has a unique arrangement where the master room (#FFA500) is positioned in a way that it does not align with the typical central placement seen in the other floorplans. In contrast, the other floorplans have the master room centrally located, which is a common pattern in residential designs. Additionally, the layout of the common rooms and living areas in E differs significantly from the others, suggesting a different underlying pattern."
"[17, 18]","[7, 22]","['79411', '21408', '70105', '51240', '31693']",79411,1. **Different floorplan:** C,"1. **Different floorplan:** C
2. **Why:** Floorplan C has a distinct arrangement of rooms compared to the others. It features a central hallway with a T-shaped layout, which is not present in the other floorplans. The other floorplans have more symmetrical or rectangular layouts with a consistent pattern of rooms around a central area. Floorplan C's unique T-shape makes it stand out from the rest."
"[17, 18]","[7, 3]","['21543', '46660', '6955', '21408', '75828']",75828,1. **Different floorplan:** E,"1. **Different floorplan:** E
2. **Why:** Floorplan E has a unique arrangement where the master room (#FFA500) is positioned in a way that it does not align with the common room (#FFD700) in the same manner as the other floorplans. In contrast, all other floorplans have the master room adjacent to the common room in a similar configuration. Additionally, the layout of the other rooms in relation to the entrance and the common room differs significantly from the others, making E stand out as having a different underlying pattern."
"[17, 21]","[7, 1]","['9795', '78147', '62549', '40487', '10825']",10825,1. **Different floorplan:** E,"1. **Different floorplan:** E
2. **Why:** Floorplan E has a unique arrangement where the master room (#FFA500) is positioned in a way that it does not align with the typical central placement seen in the other floorplans. In contrast, the other floorplans have the master room centrally located, which is a common pattern in apartment designs. Additionally, the layout of the common rooms and living areas in E differs significantly from the others, suggesting a different underlying pattern."
"[17, 18]","[7, 3]","['31693', '21543', '6955', '52457', '46660']",52457,1. **Different floorplan:** D,"1. **Different floorplan:** D
2. **Why:** Floorplan D has a unique layout compared to the others. It features a long, narrow corridor with a single room at one end, which is distinct from the more complex and symmetrical designs of the other floorplans. The other floorplans (A, B, C, and E) all have a more balanced and interconnected arrangement of rooms, with multiple spaces connected in a way that suggests a more typical residential design. Floorplan D's layout is simpler and less varied, making it stand out as having a different underlying pattern."
"[7, 1]","[17, 18]","['16951', '12421', '8109', '66316', '10825']",66316,1. **Different floorplan:** E,"1. **Different floorplan:** E
2. **Why:** Floorplan E has a unique arrangement where the master room (#FFA500) is positioned in the center, surrounded by a common room (#FFD700), a living room (#EEE8AA), and a balcony (#6B8E23). This central placement of the master room is distinct from the other floorplans, which typically have the master room either at one end or centrally located but not surrounded by other rooms in this specific manner."
"[17, 18]","[7, 20]","['31693', '66935', '2277', '6955', '21408']",2277,1. **Different floorplan:** C,"1. **Different floorplan:** C
2. **Why:** Floorplan C has a unique arrangement where the master room (#FFA500) is positioned in the center, surrounded by a common room (#FFD700), a living room (#EEE8AA), a balcony (#6B8E23), and a bathroom (#ADD8E6). This central placement of the master room is distinct from the other floorplans, which typically have the master room either at one end or centrally but not surrounded by other rooms in this specific manner."
"[17, 18]","[7, 3]","['21408', '64781', '66935', '66316', '21543']",64781,1. **Different floorplan:** E,"1. **Different floorplan:** E
2. **Why:** Floorplan E has a unique arrangement where the master room (#FFA500) is positioned in a way that it does not align with the typical central placement seen in the other floorplans. In contrast, the other floorplans have the master room centrally located, which is a common pattern in apartment designs. Additionally, the distribution of other rooms like the common room (#FFD700), living room (#EEE8AA), balcony (#6B8E23), bathroom (#ADD8E6), kitchen (#F08080), and storage (#DDA0DD) follows a consistent pattern across A, B, C, and D, but not in E."
"[17, 21]","[7, 22]","['79411', '62549', '9795', '62454', '78147']",79411,1. **Different floorplan:** C,"1. **Different floorplan:** C
2. **Why:** Floorplan C has a distinct arrangement of rooms compared to the others. It features a single large room with a smaller room attached to it, which is not seen in the other floorplans. The other floorplans have more varied and complex layouts with multiple interconnected rooms of varying sizes."
"[7, 1]","[17, 21]","['78147', '10825', '12376', '3536', '12421']",78147,1. **Different floorplan:** E,"1. **Different floorplan:** E
2. **Why:** Floorplan E has a unique arrangement where the master room (#FFA500) is positioned in a way that it does not align with the typical central placement seen in the other floorplans. In contrast, the other floorplans have the master room centrally located, which is a common pattern in residential designs. Additionally, the layout of the common rooms and living areas in E differs significantly from the others, suggesting a different underlying pattern."
"[17, 21]","[7, 20]","['69704', '62549', '78147', '62454', '2277']",2277,1. **Different floorplan:** E,"1. **Different floorplan:** E
2. **Why:** Floorplan E has a unique arrangement where the living room and dining area are directly adjacent without any intervening space, which is not observed in the other floorplans. In contrast, floorplans A, B, C, and D all have a more traditional layout with a corridor separating the living room from the dining area."
"[17, 21]","[7, 22]","['78147', '69704', '62454', '79411', '40487']",79411,1. **Different floorplan:** D,"1. **Different floorplan:** D
2. **Why:** Floorplan D has a unique arrangement where the master room (#FFA500) is positioned in a way that it does not align with the typical central placement seen in the other floorplans. Additionally, the kitchen (#F08080) and dining area (#DA70D6) are placed in a manner that differs from the standard layout observed in A, B, C, and E. The presence of a separate storage area (#DDA0DD) in a different location compared to the others also contributes to this difference."
"[17, 18]","[7, 3]","['31693', '75828', '51240', '21543', '6955']",75828,1. **Different floorplan:** B,"1. **Different floorplan:** B
2. **Why:** Floorplan B has a unique arrangement where the master room (#FFA500) is positioned in a way that it does not align with the typical central placement seen in the other floorplans. In contrast, the other floorplans have the master room centrally located, which suggests a more symmetrical and standard layout. Additionally, the positioning of the common room (#FFD700) and the living room (#EEE8AA) in relation to the entrance and the rest of the floor plan differs from the others, indicating a distinct pattern."
"[7, 1]","[17, 5]","['8109', '10825', '53652', '12376', '7913']",7913,1. **Different floorplan:** E,"1. **Different floorplan:** E
2. **Why:** Floorplan E has a distinct arrangement where the master room (#FFA500) is positioned differently compared to the other floorplans. In contrast, the other floorplans (A, B, C, and D) have the master room in a similar location relative to the common room (#FFD700), living room (#EEE8AA), and kitchen (#F08080). Floorplan E's master room is placed more towards the back and is not adjacent to the common room like in the others, indicating a unique underlying pattern."
"[17, 21]","[7, 22]","['78147', '9795', '69704', '31113', '62454']",31113,1. **Different floorplan:** D,"1. **Different floorplan:** D
2. **Why:** Floorplan D has a unique arrangement where the master room (#FFA500) is positioned in a way that it does not align with the typical central placement seen in the other floorplans. In contrast, the other floorplans have the master room centrally located, which suggests a more symmetrical and standard layout. Additionally, the positioning of the common room (#FFD700) and the living room (#EEE8AA) in relation to the entrance and the rest of the rooms also differs from the others, indicating a distinct pattern."
"[17, 18]","[7, 1]","['46660', '17550', '21408', '21543', '51240']",17550,1. **Different floorplan:** E,"1. **Different floorplan:** E
2. **Why:** Floorplan E has a unique arrangement where the master room (#FFA500) is positioned in a way that it does not align with the typical central placement seen in the other floorplans. In contrast, the other floorplans have the master room centrally located, which is a common pattern in apartment designs. Additionally, the layout of the common rooms and living areas in floorplan E differs from the others, suggesting a different underlying pattern."
"[17, 18]","[7, 22]","['31693', '66935', '6955', '66316', '23132']",23132,1. **Different floorplan:** E,"1. **Different floorplan:** E
2. **Why:** Floorplan E has a unique arrangement where the living room and dining area are directly adjacent without any intervening space, which is not observed in the other floorplans. In contrast, floorplans A, B, C, and D all have a common pattern where the living room and dining area are separated by a hallway or another room type, such as a common room or storage. This distinct layout makes floorplan E stand out from the others."
"[17, 21]","[7, 1]","['3536', '62549', '9795', '40487', '78147']",3536,1. **Different floorplan:** C,"1. **Different floorplan:** C
2. **Why:** Floorplan C has a unique arrangement where the master room (#FFA500) is positioned in a way that it does not align with the typical central placement seen in the other floorplans. In contrast, the other floorplans have the master room centrally located, which suggests a more symmetrical and standard layout. Additionally, the positioning of the common room (#FFD700) and the living room (#EEE8AA) in relation to the entrance and the rest of the rooms also differs from the others, indicating a distinct pattern."
"[17, 18]","[7, 20]","['21408', '55305', '66935', '70105', '21543']",55305,1. **Different floorplan:** D,"1. **Different floorplan:** D
2. **Why:** Floorplan D has a unique arrangement where the master room (#FFA500) is positioned in a way that it does not align with the typical central placement seen in the other floorplans. In contrast, the other floorplans have the master room centrally located, which is a common pattern in apartment designs. Additionally, the distribution of other room types around the master room in D is less symmetrical compared to the others, suggesting a different underlying pattern."
"[7, 22]","[17, 5]","['79411', '31113', '40679', '23132', '7913']",7913,1. **Different floorplan:** E,"1. **Different floorplan:** E
2. **Why:** Floorplan E has a distinct layout compared to the others. It features a single large open space with a smaller room attached at one end, which is not present in the other floorplans. The other floorplans have more complex layouts with multiple rooms and corridors, making them more interconnected. Floorplan E's simplicity suggests it might be designed differently, possibly as a studio or a very minimalistic apartment, whereas the others appear to be more traditional multi-room layouts."
"[17, 18]","[7, 22]","['21408', '66316', '6955', '79411', '31693']",79411,1. **Different floorplan:** D,"1. **Different floorplan:** D
2. **Why:** Floorplan D has a unique configuration where the main entrance leads directly into a small room with a balcony attached, which is not present in the other floorplans. The other floorplans have more complex layouts with multiple rooms leading off from the main entrance, and the entrance does not lead directly into a small room with a balcony."
"[17, 21]","[7, 3]","['64781', '62454', '69704', '9795', '78147']",64781,1. **Different floorplan:** E,"1. **Different floorplan:** E
2. **Why:** Floorplan E has a unique arrangement where the master room (#FFA500) is positioned in the upper right corner, which is not seen in the other floorplans. All other floorplans have the master room in the lower left or central position. Additionally, the layout of the common rooms and living rooms in floorplan E differs significantly from the others, making it stand out as having a different underlying pattern."
"[17, 18]","[7, 20]","['21408', '2277', '70105', '31693', '46660']",2277,1. **Different floorplan:** C,"1. **Different floorplan:** C
2. **Why:** Floorplan C has a distinct layout compared to the others. It features a central hallway with rooms branching off in a more linear fashion, whereas the other floorplans have a more complex and interconnected layout with multiple pathways and rooms. This difference in the overall flow and arrangement of spaces makes it stand out as having a different underlying pattern."
"[17, 18]","[7, 20]","['21408', '66316', '21543', '55305', '51240']",55305,1. **Different floorplan:** D,"1. **Different floorplan:** D
2. **Why:** Floorplan D has a unique arrangement where the living room and dining area are directly connected without any intervening space, unlike the other floorplans which have a corridor or another room separating them. This direct connection makes it distinct from the others in terms of spatial layout."
"[17, 18]","[7, 3]","['66935', '61767', '6955', '70105', '51240']",61767,1. **Different floorplan:** D,"1. **Different floorplan:** D
2. **Why:** Floorplan D has a unique configuration where the kitchen is located in a separate section from the rest of the apartment, whereas in the other floorplans (A, B, C, and E), the kitchen is integrated into the main living area. This separation makes D's layout distinct from the others."
"[17, 18]","[7, 3]","['66316', '6955', '66935', '21408', '64781']",64781,1. **Different floorplan:** E,"1. **Different floorplan:** E
2. **Why:** Floorplan E has a unique arrangement where the master room (#FFA500) is positioned in a way that it does not align with the typical central placement seen in the other floorplans. In contrast, the other floorplans have the master room centrally located, which is a common pattern in apartment designs. Additionally, the layout of the common rooms and living areas in floorplan E differs from the others, suggesting a different underlying pattern."
"[17, 18]","[7, 1]","['46660', '21408', '17550', '51240', '70105']",17550,1. **Different floorplan:** E,"1. **Different floorplan:** E
2. **Why:** Floorplan E has a unique arrangement where the living room and dining area are adjacent but not directly connected by a common wall, unlike the other floorplans which have a more consistent layout with rooms typically sharing walls in a linear or T-shaped configuration. This distinct separation makes it stand out from the others."
"[17, 18]","[7, 22]","['21543', '66316', '21408', '46660', '40679']",40679,1. **Different floorplan:** E,"1. **Different floorplan:** E
2. **Why:** Floorplan E has a distinct layout compared to the others. It features a single large open space with no internal divisions, which is unlike the other floorplans that have multiple rooms separated by walls. The other floorplans (A, B, C, and D) all show a more traditional apartment layout with distinct rooms such as living rooms, bedrooms, kitchens, and bathrooms. Floorplan E's layout suggests it might be a studio apartment or a very open concept home, which sets it apart from the others."
"[17, 18]","[7, 22]","['40679', '6955', '21543', '70105', '31693']",40679,1. **Different floorplan:** D,"1. **Different floorplan:** D
2. **Why:** Floorplan D has a unique arrangement where the kitchen is located in the top-left corner, which is not typical compared to the other floorplans. In contrast, the other floorplans have the kitchen positioned more centrally or towards the bottom-right, maintaining a consistent pattern across them."
"[17, 18]","[7, 20]","['31693', '66935', '51240', '70105', '55305']",55305,1. **Different floorplan:** E,"1. **Different floorplan:** E
2. **Why:** Floorplan E has a unique arrangement where the living room and dining area are directly adjacent without any intervening space, which is not observed in the other floorplans. In contrast, floorplans A, B, C, and D all have a more traditional layout with a corridor separating the living room from the dining area."
"[17, 18]","[7, 20]","['31693', '2425', '21408', '46660', '66316']",2425,1. **Different floorplan:** B,"1. **Different floorplan:** B
2. **Why:** Floorplan B has a unique arrangement where the master room (#FFA500) is positioned in a way that it does not align with the typical central placement seen in the other floorplans. Additionally, the living room (#EEE8AA) and common room (#FFD700) are placed in a manner that differs from the symmetrical and consistent patterns observed in A, C, D, and E. The presence of the balcony (#6B8E23) and the positioning of the kitchen (#F08080) also contribute to the distinctiveness of floorplan B."
"[17, 18]","[7, 3]","['6955', '31693', '66316', '21543', '52457']",52457,1. **Different floorplan:** E,"1. **Different floorplan:** E
2. **Why:** Floorplan E has a completely different layout compared to the others. It features a long, narrow design with a single large room stretching across the entire width of the floorplan, which is not present in the other floorplans. The other floorplans have more complex layouts with multiple rooms and varying shapes, making them distinct from E's linear design."
"[7, 3]","[17, 21]","['64781', '61767', '52457', '9795', '75828']",9795,1. **Different floorplan:** E,"1. **Different floorplan:** E
2. **Why:** Floorplan E has a distinct arrangement of rooms compared to the others. It features a central open space with a dining area and a kitchen directly connected, which is not present in the other floorplans. The other floorplans have more varied and complex layouts with multiple entrances and different room configurations."
"[7, 1]","[17, 21]","['3536', '78147', '53652', '8109', '12421']",78147,1. **Different floorplan:** C,"1. **Different floorplan:** C
2. **Why:** Floorplan C has a unique arrangement where the master room (#FFA500) is positioned in a way that it does not align with the typical central placement seen in the other floorplans. Additionally, the living room (#EEE8AA) and common room (#FFD700) are placed in a manner that differs from the symmetrical and consistent patterns observed in A, B, D, and E. The presence of the balcony (#6B8E23) and bathroom (#ADD8E6) also contributes to the distinct layout compared to the others."
"[17, 18]","[7, 1]","['12376', '6955', '31693', '21543', '66935']",12376,1. **Different floorplan:** C,"1. **Different floorplan:** C
2. **Why:** Floorplan C has a distinct arrangement of rooms compared to the others. It features a single large central room with smaller rooms branching off from it, which is not typical in the other floorplans. The other floorplans have more symmetrical layouts with multiple interconnected rooms of similar size and shape."
"[17, 5]","[7, 1]","['7913', '33045', '17550', '72055', '50221']",17550,1. **Different floorplan:** E,"1. **Different floorplan:** E
2. **Why:** Floorplan E has a unique arrangement where the master room (#FFA500) is positioned in a way that it does not align with the typical central placement seen in the other floorplans. In contrast, the other floorplans have the master room centrally located, which is a common pattern in residential designs. Additionally, the distribution of other rooms around the master room in E is less symmetrical compared to the others, suggesting a different underlying pattern."
"[7, 1]","[17, 5]","['50221', '12421', '16951', '8109', '10825']",50221,1. **Different floorplan:** E,"1. **Different floorplan:** E
2. **Why:** Floorplan E has a unique arrangement where the master room (#FFA500) is positioned in a way that it does not align with the typical central placement seen in the other floorplans. In contrast, the other floorplans have the master room centrally located, which is a common pattern in residential designs. Additionally, the overall layout of E appears more compact and less symmetrical compared to the others, suggesting a different underlying pattern."
"[17, 21]","[7, 20]","['9795', '78147', '2277', '62454', '62549']",2277,1. **Different floorplan:** C,"1. **Different floorplan:** C
2. **Why:** Floorplan C has a unique arrangement where the master room (#FFA500) is positioned in the center, surrounded by other rooms, which is not typical compared to the other floorplans. In contrast, floorplans A, B, D, and E have the master room (#FFA500) located at one end of the building, with the rest of the rooms arranged around it in a more conventional manner. This central placement of the master room in C suggests a different underlying pattern."
"[17, 18]","[7, 1]","['70105', '31693', '6955', '12376', '21408']",12376,1. **Different floorplan:** A,"1. **Different floorplan:** A
2. **Why:** Floorplan A has a unique arrangement of rooms compared to the others. It features a central common room with multiple smaller rooms branching off from it, which is not present in the other floorplans. The other floorplans have more symmetrical layouts with larger, more open spaces, such as the living room and dining area, which are not as prominent in floorplan A. Additionally, the presence of a small green room at the bottom left corner in floorplan A is not found in the other floorplans."
"[17, 18]","[7, 1]","['66935', '70105', '53652', '21543', '66316']",53652,1. **Different floorplan:** C,"1. **Different floorplan:** C
2. **Why:** Floorplan C has a unique arrangement of rooms compared to the others. It features a central hallway with a staircase leading up, which is not present in the other floorplans. Additionally, the distribution of room types and their relative sizes differs significantly from the rest, making it stand out as having a different underlying pattern."
"[17, 18]","[7, 22]","['70105', '21543', '31113', '51240', '66935']",31113,1. **Different floorplan:** C,"1. **Different floorplan:** C
2. **Why:** Floorplan C has a distinct layout compared to the others. It features a single large rectangular section with a smaller rectangular section attached to one side, which is not present in the other floorplans. The other floorplans have more complex arrangements with multiple connected sections, making them more uniform in their overall design."
"[17, 21]","[7, 1]","['40487', '53652', '78147', '9795', '69704']",53652,1. **Different floorplan:** D,"1. **Different floorplan:** D
2. **Why:** Floorplan D has a unique arrangement where the master room (#FFA500) is located in an unusual position compared to the other floorplans. In contrast, the other floorplans have the master room positioned more centrally or towards one side, but not in the bottom right corner as seen in D. This distinct placement makes it stand out from the others."
"[7, 1]","[17, 18]","['3536', '8109', '12376', '46660', '53652']",46660,1. **Different floorplan:** E,"1. **Different floorplan:** E
2. **Why:** Floorplan E has a unique arrangement where the master room (#FFA500) is positioned in a way that it does not align with the typical central placement seen in the other floorplans. Additionally, the kitchen (#F08080) is located at an unusual position compared to the standard layout, which suggests a different underlying pattern."
"[7, 1]","[17, 5]","['7913', '8109', '16951', '17550', '10825']",7913,1. **Different floorplan:** E,"1. **Different floorplan:** E
2. **Why:** Floorplan E has a unique arrangement where the master room (#FFA500) is positioned at the top right corner, which is not seen in the other floorplans. All other floorplans have the master room either in the center or towards the bottom left, making E distinct from the others."
"[17, 18]","[7, 1]","['6955', '21408', '46660', '21543', '8109']",8109,1. **Different floorplan:** E,"1. **Different floorplan:** E
2. **Why:** Floorplan E has a unique arrangement where the master room (#FFA500) is positioned in a way that it does not align with the typical central placement seen in the other floorplans. In contrast, the other floorplans have the master room centrally located, which is a common pattern in apartment designs. Additionally, the layout of the common rooms and living areas in floorplan E differs from the others, suggesting a different underlying pattern."
"[17, 18]","[7, 3]","['66935', '75828', '6955', '21543', '66316']",75828,1. **Different floorplan:** B,"1. **Different floorplan:** B
2. **Why:** Floorplan B has a unique arrangement where the master room (#FFA500) is positioned in a way that it does not align with the typical central placement seen in the other floorplans. In contrast, the other floorplans (A, C, D, and E) have the master room centrally located, which suggests a more symmetrical and standard layout. Floorplan B's deviation from this central placement makes it stand out as having a different underlying pattern."
"[17, 18]","[7, 1]","['6955', '66316', '51240', '31693', '12376']",12376,1. **Different floorplan:** E,"1. **Different floorplan:** E
2. **Why:** Floorplan E has a unique arrangement where the master room (#FFA500) is positioned in a way that it does not align with the typical central placement seen in the other floorplans. In contrast, the other floorplans have the master room centrally located, which suggests a more symmetrical and standard layout. Additionally, the positioning of the common room (#FFD700) and the living room (#EEE8AA) in relation to the entrance and the rest of the floor plan in E differs from the others, indicating a different underlying pattern."
"[17, 18]","[7, 22]","['6955', '51240', '66935', '46660', '31113']",31113,1. **Different floorplan:** E,"1. **Different floorplan:** E
2. **Why:** Floorplan E has a distinct layout compared to the others. It lacks the central corridor and the arrangement of rooms around it, which is present in the other four floorplans. Instead, it features a more linear arrangement with a single entrance leading directly into a larger space, which is not typical of the other floorplans that have a more symmetrical and interconnected layout."
"[17, 21]","[7, 3]","['62454', '78147', '69704', '64781', '62549']",64781,1. **Different floorplan:** C,"1. **Different floorplan:** C
2. **Why:** Floorplan C has a unique arrangement where the master room (#FFA500) is positioned in the center, surrounded by a common room (#FFD700), a living room (#EEE8AA), and a balcony (#6B8E23). This central placement of the master room is distinct from the other floorplans, which typically have the master room either at one end or centrally located but not surrounded by other rooms in this specific manner. Additionally, the spatial distribution of the other rooms around the master room in C is more compact compared to the other floorplans, suggesting a different underlying pattern."
"[7, 1]","[17, 5]","['50221', '8109', '12376', '16951', '10825']",50221,1. **Different floorplan:** E,"1. **Different floorplan:** E
2. **Why:** Floorplan E has a unique arrangement where the master room (#FFA500) is positioned in a way that it does not align with the typical central placement seen in the other floorplans. In contrast, the other floorplans have the master room centrally located, which suggests a more symmetrical and standard layout. Additionally, the positioning of the common room (#FFD700) and the living room (#EEE8AA) in relation to the entrance and the rest of the rooms also differs from the others, indicating a distinct pattern."
"[17, 18]","[7, 22]","['46660', '66935', '40679', '6955', '31693']",40679,1. **Different floorplan:** C,"1. **Different floorplan:** C
2. **Why:** Floorplan C has a unique arrangement where the master room is positioned at the top right corner, unlike the other floorplans which have the master room in the top left or center-right positions. Additionally, the living room in C is directly below the master room, whereas in the other floorplans, it is either to the left or right of the master room. This distinct placement of the master room and the living room makes C stand out from the others."
"[17, 18]","[7, 3]","['70105', '75828', '51240', '6955', '46660']",75828,1. **Different floorplan:** A,"1. **Different floorplan:** A
2. **Why:** Floorplan A has a unique arrangement where the common room (yellow) is directly connected to the master room (orange) without any intervening rooms, which is not present in the other floorplans. In contrast, floorplans B, C, D, and E all have the common room separated from the master room by at least one other room type, such as a living room or a balcony. This distinct pattern makes floorplan A stand out."
"[7, 1]","[17, 18]","['66935', '10825', '3536', '12421', '53652']",66935,1. **Different floorplan:** B,"1. **Different floorplan:** B
2. **Why:** Floorplan B has a unique arrangement where the master room (#FFA500) is positioned in a way that it does not align with the typical central placement seen in the other floorplans. Additionally, the living room (#EEE8AA) and common room (#FFD700) are placed in a manner that differs from the symmetrical and consistent patterns observed in A, C, D, and E. The presence of a balcony (#6B8E23) at the bottom left corner also stands out as an unusual feature compared to the other floorplans."
"[17, 21]","[7, 22]","['62454', '78147', '31113', '40487', '9795']",31113,1. **Different floorplan:** E,"1. **Different floorplan:** E
2. **Why:** Floorplan E has a unique arrangement where the master room (#FFA500) is positioned in a way that it does not align with the typical central placement seen in the other floorplans. In contrast, the other floorplans have the master room centrally located, which is a common pattern in apartment designs. Additionally, the layout of the common rooms and living areas in floorplan E differs from the more uniform distribution in the other floorplans."
"[7, 1]","[17, 18]","['21543', '16951', '12421', '53652', '8109']",21543,1. **Different floorplan:** A,"1. **Different floorplan:** A
2. **Why:** Floorplan A has a unique arrangement of rooms compared to the others. It features a central common room with multiple smaller rooms branching off from it, which is not present in the other floorplans. The other floorplans have more symmetrical layouts with larger, more open spaces and fewer branching rooms."
"[17, 18]","[7, 1]","['6955', '21408', '3536', '66935', '66316']",3536,1. **Different floorplan:** C,"1. **Different floorplan:** C
2. **Why:** Floorplan C has a unique arrangement where the master room (#FFA500) is positioned in a way that it does not align with the typical central placement seen in the other floorplans. In contrast, the other floorplans have the master room centrally located, which suggests a more symmetrical and standard layout. Additionally, the positioning of the common room (#FFD700) and the living room (#EEE8AA) in relation to the entrance and the rest of the rooms also differs from the others, indicating a distinct pattern."
"[17, 5]","[7, 1]","['3536', '72055', '33045', '7913', '50221']",3536,1. **Different floorplan:** E,"1. **Different floorplan:** E
2. **Why:** Floorplan E has a unique arrangement where the living room and dining area are directly adjacent without any intervening space, which is not observed in the other floorplans. In contrast, floorplans A, B, C, and D all have a more traditional layout with a corridor separating the living room from the dining area."
"[17, 21]","[7, 1]","['16951', '40487', '69704', '78147', '62549']",16951,1. **Different floorplan:** E,"1. **Different floorplan:** E
2. **Why:** Floorplan E has a unique arrangement where the master room (#FFA500) is positioned in the upper right corner, which is not typical compared to the other floorplans. In contrast, the other floorplans have the master room either centrally located or in a more standard position towards the center or lower part of the floorplan. This distinct placement makes E stand out from the others."
"[7, 22]","[17, 5]","['33045', '79411', '31113', '40679', '23132']",33045,1. **Different floorplan:** D,"1. **Different floorplan:** D
2. **Why:** Floorplan D has a unique arrangement where the master room (#FFA500) is positioned in a way that it does not align with the typical central placement seen in the other floorplans. Additionally, the kitchen (#F08080) is unusually large and occupies a significant portion of the floorplan, which deviates from the more compact and balanced layouts of the other floorplans."
"[17, 21]","[7, 20]","['2425', '62549', '40487', '69704', '9795']",2425,1. **Different floorplan:** C,"1. **Different floorplan:** C
2. **Why:** Floorplan C has a distinct arrangement of rooms compared to the others. It features a central hallway with a master room directly connected to it, which is not present in the other floorplans. The other floorplans have more complex layouts with multiple interconnected rooms, but they all share a similar overall structure around a central core. Floorplan C's central hallway and direct connection to the master room make it stand out as having a different underlying pattern."
"[17, 18]","[7, 22]","['23132', '31693', '21408', '66935', '70105']",23132,1. **Different floorplan:** E,"1. **Different floorplan:** E
2. **Why:** Floorplan E has a unique arrangement where the living room and dining area are combined into one large space, which is not present in the other floorplans. In contrast, the other floorplans have distinct separate living rooms and dining areas. Additionally, the overall layout of E appears more compact and integrated compared to the others, suggesting a different underlying pattern."
"[7, 1]","[17, 21]","['3536', '12421', '8109', '17550', '9795']",9795,1. **Different floorplan:** E,"1. **Different floorplan:** E
2. **Why:** Floorplan E has a unique arrangement where the master room (#FFA500) is positioned in a way that it does not align with the typical central placement seen in the other floorplans. In contrast, the other floorplans have the master room centrally located, which suggests a more symmetrical and standard layout. Additionally, the positioning of the common room (#FFD700) and the living room (#EEE8AA) in relation to the entrance and the rest of the rooms also differs from the others, indicating a distinct pattern."
"[17, 21]","[7, 22]","['62454', '62549', '69704', '40679', '9795']",40679,1. **Different floorplan:** D,"1. **Different floorplan:** D
2. **Why:** Floorplan D has a unique arrangement where the master room (#FFA500) is positioned in a way that it does not align with the typical central placement seen in the other floorplans. Additionally, the kitchen (#F08080) is unusually large and occupies a significant portion of the floorplan, which deviates from the more compact and balanced layouts observed in A, B, C, and E. The presence of a large balcony (#6B8E23) also stands out in D compared to the other floorplans, which have smaller or no balconies. These differences suggest that D has a different underlying pattern."
"[17, 18]","[7, 22]","['31693', '70105', '6955', '23132', '66935']",23132,1. **Different floorplan:** B,"1. **Different floorplan:** B
2. **Why:** Floorplan B has a unique arrangement of rooms compared to the others. It features a central hallway with a T-shaped layout, which is distinct from the more symmetrical and grid-like patterns in A, C, D, and E. The presence of a large central area surrounded by smaller rooms is characteristic of B, making it stand out from the others."
"[7, 3]","[17, 18]","['31693', '61767', '52457', '64781', '75828']",31693,1. **Different floorplan:** E,"1. **Different floorplan:** E
2. **Why:** Floorplan E has a unique arrangement where the master room (#FFA500) is positioned in the top right corner, which is not typical in the other floorplans. In contrast, the other floorplans have the master room in the bottom left or center-left area, with the rest of the rooms arranged around it in a more conventional manner. This distinct placement makes E stand out from the others."
"[17, 18]","[7, 22]","['23132', '51240', '21408', '66316', '31693']",23132,1. **Different floorplan:** C,"1. **Different floorplan:** C
2. **Why:** Floorplan C has a unique arrangement where the master room (#FFA500) is positioned in the center, surrounded by a common room (#FFD700), a living room (#EEE8AA), and a balcony (#6B8E23). This central placement of the master room is distinct from the other floorplans, which typically place the master room either at one end or in a corner. Additionally, the spatial distribution of the rooms around the master room in C is more symmetrical compared to the others, making it stand out as having a different underlying pattern."
"[17, 18]","[7, 22]","['6955', '70105', '21408', '46660', '79411']",79411,1. **Different floorplan:** E,"1. **Different floorplan:** E
2. **Why:** Floorplan E has a distinct arrangement of rooms compared to the others. It features a single large open space with a balcony attached, which is not present in the other floorplans. The other floorplans have more varied layouts with multiple smaller rooms and distinct areas like kitchens and bathrooms."
"[7, 1]","[17, 18]","['53652', '10825', '6955', '12421', '3536']",6955,1. **Different floorplan:** E,"1. **Different floorplan:** E
2. **Why:** Floorplan E has a distinct layout compared to the others. It features a large open space that appears to be a single room with no internal divisions, which is not typical in the other floorplans where rooms are clearly separated by walls. The other floorplans (A, B, C, and D) all have multiple rooms with clear boundaries and entrances, making them more consistent in their layout patterns."
"[7, 1]","[17, 21]","['12421', '8109', '17550', '40487', '16951']",40487,1. **Different floorplan:** A,"1. **Different floorplan:** A
2. **Why:** Floorplan A has a unique arrangement where the common room (yellow) is directly adjacent to the main entrance, which is not the case in the other floorplans. In contrast, the other floorplans have the main entrance leading into a hallway or another room before reaching the common area. This distinctive feature makes floorplan A stand out from the others."
"[17, 18]","[7, 3]","['6955', '31693', '21543', '52457', '70105']",52457,1. **Different floorplan:** D,"1. **Different floorplan:** D
2. **Why:** Floorplan D has a distinct arrangement of rooms compared to the others. It features a long corridor with a single large room at one end, which is not present in the other floorplans. The other floorplans have more symmetrical layouts with multiple smaller rooms branching off from a central area, making them more uniform in their design. Floorplan D's unique layout sets it apart from the rest."
"[7, 1]","[17, 5]","['53652', '12421', '10825', '72055', '3536']",72055,1. **Different floorplan:** E,"1. **Different floorplan:** E
2. **Why:** Floorplan E has a distinct layout compared to the others. It features a large open space with a single long corridor leading to a smaller section at the end, which is not typical in the other floorplans. The other floorplans have more varied and complex layouts with multiple rooms and corridors, making them more uniform in their design. Floorplan E stands out due to its simplicity and the lack of additional rooms or corridors branching off from the main corridor."
"[7, 1]","[17, 21]","['69704', '12376', '8109', '10825', '17550']",69704,1. **Different floorplan:** D,"1. **Different floorplan:** D
2. **Why:** Floorplan D has an additional section extending from the main entrance that is not present in the other floorplans. This extra section disrupts the uniformity of the spatial layout compared to A, B, C, and E, which maintain a consistent pattern throughout their layouts."
"[7, 1]","[17, 18]","['53652', '8109', '70105', '12421', '3536']",70105,1. **Different floorplan:** E,"1. **Different floorplan:** E
2. **Why:** Floorplan E has a distinct layout compared to the others. It features a large open space that appears to be a combination of a living room and a dining area, which is not present in the other floorplans. The other floorplans have more compartmentalized spaces with clear distinctions between rooms like living rooms, dining areas, and kitchens. Floorplan E's open layout suggests a different underlying pattern, likely designed for a more spacious and flexible living arrangement."
"[7, 1]","[17, 18]","['21543', '16951', '3536', '12421', '10825']",21543,1. **Different floorplan:** A,"1. **Different floorplan:** A
2. **Why:** Floorplan A has a more complex and irregular layout compared to the others. It features multiple interconnected rooms with varying shapes and sizes, which deviates from the simpler, more uniform patterns observed in floorplans B, C, D, and E. These latter floorplans have more straightforward, rectangular or near-rectangular room arrangements, making them easier to compare and identify as sharing a similar underlying pattern."
"[7, 1]","[17, 21]","['3536', '9795', '53652', '10825', '16951']",9795,1. **Different floorplan:** B,"1. **Different floorplan:** B
2. **Why:** Floorplan B has a unique arrangement where the master room (#FFA500) is positioned in a way that it does not align with the typical central placement seen in the other floorplans. Additionally, the kitchen (#F08080) is located at an unusual position compared to the standard layout, which suggests a different underlying pattern."
"[17, 18]","[7, 20]","['51240', '46660', '66316', '2277', '6955']",2277,1. **Different floorplan:** D,"1. **Different floorplan:** D
2. **Why:** Floorplan D has a unique arrangement where the living room and dining area are directly connected without any intervening space, unlike the other floorplans which have a corridor or another room separating them. This direct connection in D makes it distinct from the others."
"[7, 1]","[17, 21]","['10825', '8109', '12376', '78147', '12421']",78147,1. **Different floorplan:** E,"1. **Different floorplan:** E
2. **Why:** Floorplan E has a unique arrangement where the master room (#FFA500) is positioned in a way that it does not align with the typical central placement seen in the other floorplans. In contrast, the other floorplans have the master room centrally located, which suggests a more symmetrical and standard layout. Additionally, the positioning of the common room (#FFD700) and the living room (#EEE8AA) in relation to the entrance and the rest of the rooms also differs from the others, indicating a distinct pattern."
"[17, 21]","[7, 1]","['40487', '78147', '9795', '8109', '62454']",8109,1. **Different floorplan:** C,"1. **Different floorplan:** C
2. **Why:** Floorplan C has a unique arrangement where the master room (#FFA500) is positioned in a way that it does not align with the typical central placement seen in the other floorplans. In contrast, the other floorplans have the master room centrally located, which suggests a more symmetrical and standard layout. Additionally, the positioning of the common room (#FFD700) and the living room (#EEE8AA) in relation to the entrance and the rest of the rooms also differs from the others, indicating a distinct pattern."
"[17, 18]","[7, 22]","['51240', '66316', '40679', '66935', '70105']",40679,1. **Different floorplan:** E,"1. **Different floorplan:** E
2. **Why:** Floorplan E has a unique arrangement where the living room and dining area are adjacent and form a continuous space, which is not present in the other floorplans. In contrast, the other floorplans have distinct separations between the living room and dining areas, with the living room typically being larger and more centrally located. Floorplan E's layout suggests a more open-concept design, which sets it apart from the others."
"[17, 18]","[7, 22]","['21408', '66316', '66935', '51240', '23132']",23132,1. **Different floorplan:** E,"1. **Different floorplan:** E
2. **Why:** Floorplan E has a unique arrangement where the living room and dining area are directly adjacent without any intervening space, which is not observed in the other floorplans. In contrast, floorplans A, B, C, and D all have a common pattern where the living room and dining area are separated by a hallway or another room type, such as a common room or storage. This distinct layout makes floorplan E stand out from the others."
"[17, 21]","[7, 1]","['40487', '12376', '78147', '62549', '62454']",12376,1. **Different floorplan:** D,"1. **Different floorplan:** D
2. **Why:** Floorplan D has a unique arrangement where the master room (#FFA500) is positioned in a way that it does not align with the typical central placement seen in the other floorplans. In contrast, the other floorplans have the master room centrally located, which suggests a more symmetrical and standard layout. Additionally, the positioning of the common room (#FFD700) and the living room (#EEE8AA) in relation to the entrance and the rest of the rooms also differs from the others, indicating a distinct pattern."
"[7, 22]","[17, 21]","['79411', '23132', '62454', '31113', '40679']",62454,1. **Different floorplan:** E,"1. **Different floorplan:** E
2. **Why:** Floorplan E has a unique arrangement where the living room and dining area are directly adjacent without any intervening space, which is not observed in the other floorplans. In contrast, floorplans A, B, C, and D all have a more traditional layout with a corridor separating the living room from the dining area."
"[17, 18]","[7, 22]","['6955', '70105', '51240', '46660', '31113']",31113,1. **Different floorplan:** E,"1. **Different floorplan:** E
2. **Why:** Floorplan E has a distinct layout compared to the others. It features a single large room with no internal divisions, which is unlike the other floorplans that have multiple rooms separated by walls. The other floorplans (A, B, C, and D) all show a more complex arrangement with various rooms and corridors, making them more typical of residential apartment layouts."
"[17, 18]","[7, 1]","['17550', '46660', '21543', '21408', '66935']",17550,1. **Different floorplan:** B,"1. **Different floorplan:** B
2. **Why:** Floorplan B has a unique arrangement where the master room (#FFA500) is positioned in the center, surrounded by other rooms, which is not typical in the other floorplans. The other floorplans have the master room either at one end or in a corner, with the rest of the rooms distributed around it in a more symmetrical manner."
"[17, 21]","[7, 1]","['78147', '40487', '69704', '16951', '62454']",16951,1. **Different floorplan:** C,"1. **Different floorplan:** C
2. **Why:** Floorplan C has a unique arrangement where the master room (#FFA500) is positioned in the center, surrounded by a common room (#FFD700), a living room (#EEE8AA), and a balcony (#6B8E23). This central placement of the master room is distinct from the other floorplans, which typically place the master room either at one end or in a corner. Additionally, the spatial distribution of the other rooms around the master room in C is more symmetrical compared to the other floorplans, which have more varied layouts."
"[17, 18]","[7, 22]","['66935', '46660', '31693', '6955', '23132']",23132,1. **Different floorplan:** E,"1. **Different floorplan:** E
2. **Why:** Floorplan E has a unique arrangement where the living room and kitchen are directly adjacent without any intervening space, which is not present in the other floorplans. In contrast, floorplans A, B, C, and D all have a common pattern where the living room and kitchen are separated by at least one other room type, typically a dining area or a storage room. This distinct layout makes floorplan E stand out from the others."
"[17, 21]","[7, 22]","['79411', '40487', '62454', '62549', '78147']",79411,1. **Different floorplan:** A,"1. **Different floorplan:** A
2. **Why:** Floorplan A has a unique arrangement where the common room and the master room are adjacent and share a wall, which is not present in the other floorplans. In contrast, the other floorplans have the common room and the master room separated by a hallway or an open space, making them more consistent with each other in terms of layout."
"[7, 1]","[17, 18]","['51240', '16951', '12376', '10825', '8109']",51240,1. **Different floorplan:** A,"1. **Different floorplan:** A
2. **Why:** Floorplan A has a unique arrangement where the master room (#FFA500) is positioned in the top left corner, which is not typical for the other floorplans. In contrast, the other floorplans have the master room (#FFA500) centrally located or in a more standard position within the layout. This distinct placement makes floorplan A stand out from the others."
"[17, 21]","[7, 3]","['64781', '78147', '9795', '69704', '40487']",64781,1. **Different floorplan:** C,"1. **Different floorplan:** C
2. **Why:** Floorplan C has a unique arrangement where the master room (#FFA500) is positioned in the center, surrounded by a common room (#FFD700), a living room (#EEE8AA), and a balcony (#6B8E23). This central placement of the master room is distinct from the other floorplans, which typically place the master room either at one end or in a corner. Additionally, the spatial distribution of the other rooms around the master room in C is more symmetrical compared to the other floorplans, which have more varied layouts."
"[17, 21]","[7, 1]","['40487', '69704', '10825', '78147', '62454']",10825,1. **Different floorplan:** C,"1. **Different floorplan:** C
2. **Why:** Floorplan C has a unique arrangement where the master room (#FFA500) is positioned in the center, surrounded by a common room (#FFD700), a living room (#EEE8AA), and a balcony (#6B8E23). This central placement of the master room is distinct from the other floorplans, which typically place the master room either at one end or in a corner. Additionally, the spatial distribution of the other rooms around the master room in C is more symmetrical compared to the others, suggesting a different underlying pattern."
"[17, 18]","[7, 3]","['46660', '66316', '64781', '21543', '51240']",64781,1. **Different floorplan:** C,"1. **Different floorplan:** C
2. **Why:** Floorplan C has a distinct layout compared to the others. It features a single large room with a balcony attached to one side, which is not present in the other floorplans. The remaining floorplans (A, B, D, and E) all have a more complex arrangement with multiple rooms and a consistent pattern of common areas, bathrooms, and kitchens. Floorplan C's simplicity and unique addition of a balcony set it apart from the rest."
"[17, 18]","[7, 3]","['21408', '52457', '46660', '6955', '66935']",52457,1. **Different floorplan:** B,"1. **Different floorplan:** B
2. **Why:** Floorplan B is the only one that does not have a continuous hallway running from the main entrance to the far end of the apartment. All other floorplans (A, C, D, and E) have a continuous hallway, which is a consistent feature in the other four plans. Floorplan B has a more compact layout with no such hallway, making it distinct from the others."
"[17, 21]","[7, 20]","['78147', '40487', '62454', '54372', '69704']",54372,1. **Different floorplan:** E,"1. **Different floorplan:** E
2. **Why:** Floorplan E has a unique arrangement where the living room and common room are directly adjacent without any intervening space, which is not observed in the other floorplans. In contrast, floorplans A, B, C, and D all have a more traditional layout with a corridor separating the living room from the common room."
"[17, 21]","[7, 22]","['78147', '9795', '40679', '62549', '40487']",40679,1. **Different floorplan:** C,"1. **Different floorplan:** C
2. **Why:** Floorplan C has a unique arrangement where the master room (#FFA500) is positioned in the center, surrounded by a common room (#FFD700), a living room (#EEE8AA), and a balcony (#6B8E23). This central placement of the master room is distinct from the other floorplans, which typically place the master room either at one end or in a corner. Additionally, the spatial distribution of the other rooms around the master room in C is more symmetrical compared to the other floorplans, which have more varied and less symmetrical layouts."
"[17, 18]","[7, 1]","['31693', '16951', '66316', '70105', '46660']",16951,1. **Different floorplan:** D,"1. **Different floorplan:** D
2. **Why:** Floorplan D has a unique arrangement where the kitchen is located in the center, surrounded by other rooms, which differs from the other floorplans where the kitchen is typically placed along one side or corner. Additionally, the layout of the other rooms around the kitchen in D appears more compact and symmetrical compared to the more scattered and varied arrangements in A, B, C, and E."
"[17, 21]","[7, 1]","['78147', '69704', '62454', '40487', '8109']",8109,1. **Different floorplan:** B,"1. **Different floorplan:** B
2. **Why:** Floorplan B has a unique arrangement where the master room (#FFA500) is positioned in a way that it does not align with the typical central placement seen in the other floorplans. In contrast, the other floorplans have the master room centrally located, which suggests a more symmetrical and standard layout. Additionally, the positioning of the common room (#FFD700) and the living room (#EEE8AA) in relation to the entrance and the rest of the rooms also differs from the others, indicating a distinct pattern."
"[17, 18]","[7, 1]","['3536', '70105', '66935', '66316', '46660']",3536,1. **Different floorplan:** B,"1. **Different floorplan:** B
2. **Why:** Floorplan B has a unique arrangement of rooms compared to the others. It features a central hallway with a staircase leading up to an upper level, which is not present in the other floorplans. The other floorplans have more symmetrical layouts with no distinct central stairwell."
"[7, 1]","[17, 21]","['8109', '12421', '10825', '62549', '16951']",62549,1. **Different floorplan:** D,"1. **Different floorplan:** D
2. **Why:** Floorplan D has a unique arrangement where the master room (#FFA500) is positioned in a way that it does not align with the typical central placement seen in the other floorplans. In contrast, the other floorplans have the master room centrally located, which suggests a more symmetrical and standard layout. Additionally, the positioning of the common room (#FFD700) and the living room (#EEE8AA) in relation to the entrance and the rest of the rooms also differs from the others, indicating a distinct pattern."
"[17, 18]","[7, 3]","['66316', '61767', '51240', '46660', '70105']",61767,1. **Different floorplan:** E,"1. **Different floorplan:** E
2. **Why:** Floorplan E has a unique arrangement where the living room and dining area are adjacent but not directly connected by a common wall, unlike the other floorplans which have a more consistent layout with rooms typically sharing walls in a linear or T-shaped configuration. This distinct separation makes it stand out from the others."
"[17, 18]","[7, 22]","['46660', '21543', '66935', '40679', '21408']",40679,1. **Different floorplan:** D,"1. **Different floorplan:** D
2. **Why:** Floorplan D has a unique arrangement where the master room (#FFA500) is positioned in a way that it does not align with the common room (#FFD700) and the living room (#EEE8AA) in the same horizontal line as seen in the other floorplans. Additionally, the kitchen (#F08080) and dining (#DA70D6) areas are placed differently compared to the rest, creating a distinct pattern."
"[7, 1]","[17, 21]","['9795', '12421', '16951', '53652', '17550']",9795,1. **Different floorplan:** D,"1. **Different floorplan:** D
2. **Why:** Floorplan D has a unique arrangement where the master room (#FFA500) is positioned in a way that it does not align with the typical central placement seen in the other floorplans. In contrast, the other floorplans have the master room centrally located, which suggests a more symmetrical and standard layout. Additionally, the positioning of the common room (#FFD700) and the living room (#EEE8AA) in relation to the entrance and the rest of the rooms also differs from the others, indicating a distinct pattern."
"[17, 21]","[7, 1]","['78147', '62454', '9795', '40487', '17550']",17550,1. **Different floorplan:** C,"1. **Different floorplan:** C
2. **Why:** Floorplan C has a unique arrangement where the master room (#FFA500) is positioned in a way that it does not align with the typical central placement seen in the other floorplans. In contrast, the other floorplans have the master room centrally located, which suggests a more symmetrical and standard layout. Additionally, the positioning of the common room (#FFD700) and the living room (#EEE8AA) in relation to the entrance and the rest of the rooms also differs from the others, indicating a distinct pattern."
"[17, 18]","[7, 22]","['40679', '46660', '66316', '66935', '51240']",40679,1. **Different floorplan:** A,"1. **Different floorplan:** A
2. **Why:** Floorplan A has a unique arrangement where the common room (yellow) is directly adjacent to the main entrance, which is not the case in the other floorplans. In contrast, floorplans B, C, D, and E have the main entrance leading into a hallway or another room before reaching the common room. This distinctive feature makes floorplan A stand out from the others."
"[17, 18]","[7, 20]","['21543', '66935', '55305', '70105', '51240']",55305,1. **Different floorplan:** C,"1. **Different floorplan:** C
2. **Why:** Floorplan C has a distinct layout compared to the others. It features a central open space with a U-shaped arrangement of rooms around it, which is not present in the other floorplans. The other floorplans have more symmetrical and compact layouts with a clear entrance leading into a series of connected rooms. Floorplan C's central open area and U-shape make it visually and structurally unique among the group."
"[17, 18]","[7, 3]","['66316', '21408', '21543', '66935', '61767']",61767,1. **Different floorplan:** E,"1. **Different floorplan:** E
2. **Why:** Floorplan E has a unique arrangement where the master room (#FFA500) is positioned in a way that it does not align with the typical central placement seen in the other floorplans. In contrast, the other floorplans have the master room centrally located, which is a common pattern observed in the remaining four floorplans."
"[17, 18]","[7, 20]","['51240', '6955', '46660', '21408', '2425']",2425,1. **Different floorplan:** E,"1. **Different floorplan:** E
2. **Why:** Floorplan E has a unique arrangement where the living room and dining area are directly adjacent without any intervening space, which is not present in the other floorplans. In contrast, floorplans A, B, C, and D all have a common pattern where the living room and dining area are separated by a hallway or another room type."
"[17, 21]","[7, 22]","['23132', '69704', '40487', '78147', '9795']",23132,1. **Different floorplan:** A,"1. **Different floorplan:** A
2. **Why:** Floorplan A has a unique arrangement where the common room (yellow) is directly adjacent to the main entrance, which is not the case in the other floorplans. In contrast, the other floorplans have the main entrance leading into a hallway or another room before reaching the common room. This distinctive feature makes floorplan A stand out from the others."
"[17, 18]","[7, 1]","['21543', '46660', '6955', '31693', '53652']",53652,1. **Different floorplan:** E,"1. **Different floorplan:** E
2. **Why:** Floorplan E has a unique arrangement where the living room and dining area are directly adjacent without any intervening space, which is not present in the other floorplans. In contrast, floorplans A, B, C, and D all have a common pattern where the living room and dining area are separated by a hallway or another room type, such as a common room or storage. This distinct layout makes floorplan E stand out from the others."
"[7, 3]","[17, 21]","['69704', '75828', '52457', '64781', '61767']",69704,1. **Different floorplan:** E,"1. **Different floorplan:** E
2. **Why:** Floorplan E has a unique arrangement where the master room (#FFA500) is positioned in a way that it does not align with the typical central placement seen in the other floorplans. In contrast, the other floorplans have the master room centrally located, which is a common pattern in residential designs. Additionally, the layout of the common rooms and living areas in E differs significantly from the others, suggesting a different underlying pattern."
"[7, 1]","[17, 5]","['3536', '53652', '16951', '8109', '72055']",72055,1. **Different floorplan:** B,"1. **Different floorplan:** B
2. **Why:** Floorplan B has a unique arrangement where the master room (#FFA500) is positioned in a way that it does not align with the typical central placement seen in the other floorplans. Additionally, the living room (#EEE8AA) and common room (#FFD700) are placed in a manner that differs from the symmetrical and consistent patterns observed in A, C, D, and E. The presence of a balcony (#6B8E23) in an unusual location also contributes to the distinctiveness of floorplan B."
"[17, 18]","[7, 3]","['46660', '21543', '66316', '6955', '75828']",75828,1. **Different floorplan:** E,"1. **Different floorplan:** E
2. **Why:** Floorplan E has a unique arrangement where the living room and dining area are swapped compared to the other floorplans. In all other floorplans (A, B, C, and D), the living room is adjacent to the dining area, but in E, the dining area is placed further away from the living room, which is not consistent with the other patterns. Additionally, the kitchen in E is positioned differently relative to the other rooms, making it distinct from the others."
"[7, 1]","[17, 5]","['50221', '8109', '53652', '3536', '12376']",50221,1. **Different floorplan:** D,"1. **Different floorplan:** D
2. **Why:** Floorplan D has a unique arrangement where the living room is positioned in the center with a large open space around it, unlike the other floorplans which have the living room either at one end or in a corner. Additionally, the kitchen in D is directly adjacent to the living room without any intervening rooms, whereas in the other floorplans, there are additional rooms between the living room and the kitchen. This distinct layout makes D stand out from the others."
"[7, 1]","[17, 18]","['66935', '53652', '17550', '12421', '8109']",66935,1. **Different floorplan:** B,"1. **Different floorplan:** B
2. **Why:** Floorplan B has a unique arrangement where the master room (#FFA500) is positioned in a way that it does not align with the typical central placement seen in the other floorplans. Additionally, the living room (#EEE8AA) and common room (#FFD700) are placed in a manner that differs from the symmetrical and consistent patterns observed in A, C, D, and E. The presence of the balcony (#6B8E23) and the positioning of the kitchen (#F08080) also contribute to the distinctiveness of floorplan B."
"[17, 18]","[7, 3]","['66935', '46660', '52457', '66316', '31693']",52457,1. **Different floorplan:** C,"1. **Different floorplan:** C
2. **Why:** Floorplan C has a completely different layout compared to the others. It features a single large rectangular room with no internal divisions, whereas all other floorplans have multiple rooms separated by walls. This unique layout makes it distinct from the rest."
"[17, 18]","[7, 20]","['66935', '31693', '70105', '55305', '21408']",55305,1. **Different floorplan:** C,"1. **Different floorplan:** C
2. **Why:** Floorplan C has a unique arrangement of rooms compared to the others. It features a central hallway with a staircase leading up, which is not present in the other floorplans. Additionally, the distribution of room types and their relative sizes differs significantly from the rest, making it stand out as having a different underlying pattern."
"[7, 1]","[17, 5]","['12421', '7913', '8109', '10825', '3536']",7913,1. **Different floorplan:** D,"1. **Different floorplan:** D
2. **Why:** Floorplan D has a unique arrangement where the master room (#FFA500) is positioned in a way that it does not align with the typical central placement seen in the other floorplans. Additionally, the kitchen (#F08080) is unusually large and occupies a significant portion of the floorplan, which deviates from the more compact and balanced layouts of the other floorplans."
"[7, 1]","[17, 18]","['53652', '16951', '17550', '10825', '21543']",21543,1. **Different floorplan:** E,"1. **Different floorplan:** E
2. **Why:** Floorplan E has a unique arrangement where the living room and dining area are directly adjacent without any intervening space, which is not observed in the other floorplans. In contrast, floorplans A, B, C, and D all have a more traditional layout with a corridor separating the living room from the dining area. This distinct feature makes floorplan E stand out as having a different underlying pattern compared to the others."
"[7, 1]","[17, 18]","['16951', '53652', '3536', '8109', '51240']",51240,1. **Different floorplan:** C,"1. **Different floorplan:** C
2. **Why:** Floorplan C has a unique arrangement where the master room (#FFA500) is positioned in the center, surrounded by a common room (#FFD700), a living room (#EEE8AA), and a balcony (#6B8E23). This central placement of the master room with surrounding rooms is distinct from the other floorplans, which typically have the master room either at one end or centrally but not surrounded by other rooms in this specific manner."
"[7, 1]","[17, 18]","['6955', '53652', '10825', '8109', '12421']",6955,1. **Different floorplan:** E,"1. **Different floorplan:** E
2. **Why:** Floorplan E has a unique arrangement where the master room (#FFA500) is positioned in a way that it does not align with the typical central placement seen in the other floorplans. In contrast, the other floorplans have the master room centrally located, which suggests a more symmetrical and standard layout. Floorplan E's master room is placed off-center, making it stand out from the others."
"[17, 18]","[7, 3]","['21543', '31693', '6955', '70105', '75828']",75828,1. **Different floorplan:** D,"1. **Different floorplan:** D
2. **Why:** Floorplan D has a unique arrangement where the main entrance leads directly into a small room that appears to be a storage area, which is not typical in the other floorplans. In contrast, the other floorplans have more complex layouts with multiple rooms leading from the entrance, such as a common room, living room, and possibly a dining area. Floorplan D's direct access to a storage room suggests a different underlying pattern compared to the others."
"[7, 1]","[17, 5]","['3536', '53652', '17550', '33045', '10825']",33045,1. **Different floorplan:** E,"1. **Different floorplan:** E
2. **Why:** Floorplan E has a unique arrangement where the master room (#FFA500) is positioned in a way that it does not align with the typical central placement seen in the other floorplans. In contrast, the other floorplans have the master room centrally located, which is a common pattern in residential designs. Additionally, the overall layout of E appears more compact and less symmetrical compared to the others, suggesting a different underlying design philosophy."
"[17, 18]","[7, 3]","['21543', '31693', '21408', '46660', '75828']",75828,1. **Different floorplan:** E,"1. **Different floorplan:** E
2. **Why:** Floorplan E has a distinct arrangement of rooms compared to the others. It features a single large common room with a smaller adjacent room, which is not typical in the other floorplans where the common room is often larger and more centrally located. Additionally, the layout of the other floorplans shows a more symmetrical and consistent distribution of room types, whereas E has a unique configuration that sets it apart."
"[17, 21]","[7, 3]","['78147', '62549', '69704', '61767', '62454']",61767,1. **Different floorplan:** C,"1. **Different floorplan:** C
2. **Why:** Floorplan C has a unique arrangement where the master room (#FFA500) is positioned in a way that it does not align with the typical central placement seen in the other floorplans. In contrast, the other floorplans have the master room centrally located, which suggests a more symmetrical and standard layout. Additionally, the positioning of the common room (#FFD700) and the living room (#EEE8AA) in relation to the entrance and the rest of the rooms also differs from the others, indicating a distinct pattern."
"[7, 1]","[17, 5]","['7913', '8109', '12421', '3536', '17550']",7913,1. **Different floorplan:** E,"1. **Different floorplan:** E
2. **Why:** Floorplan E has a unique arrangement where the master room (#FFA500) is positioned in a way that it does not align with the typical central placement seen in the other floorplans. In contrast, the other floorplans have the master room centrally located, which is a common pattern in residential designs. Additionally, the layout of the common rooms and living areas in floorplan E differs significantly from the others, suggesting a different underlying pattern."
"[7, 1]","[17, 21]","['8109', '17550', '12376', '12421', '69704']",69704,1. **Different floorplan:** D,"1. **Different floorplan:** D
2. **Why:** Floorplan D has a unique arrangement where the kitchen is positioned in the center, surrounded by other rooms, which differs from the other floorplans where the kitchen is typically located at one end or side of the apartment. Additionally, the layout of the other rooms around the kitchen in D appears more compact compared to the more spread-out arrangements in A, B, C, and E."
"[17, 21]","[7, 20]","['9795', '40487', '69704', '62549', '2277']",2277,1. **Different floorplan:** E,"1. **Different floorplan:** E
2. **Why:** Floorplan E has a unique layout compared to the others. It features a central open space with multiple smaller rooms branching off from it, which is distinct from the more linear or grid-like patterns seen in A, B, C, and D. The other floorplans have a more consistent arrangement of rooms around a central core or along a corridor, whereas E has a more complex and varied spatial configuration."
"[17, 18]","[7, 1]","['3536', '21408', '21543', '70105', '66316']",3536,1. **Different floorplan:** D,"1. **Different floorplan:** D
2. **Why:** Floorplan D has a unique arrangement where the kitchen is located in the upper right corner, which is not typical compared to the other floorplans. In contrast, the other floorplans have the kitchen positioned more centrally or towards the lower part of the layout. This distinct placement makes it stand out from the others."
"[17, 18]","[7, 22]","['21408', '46660', '31113', '70105', '66935']",31113,1. **Different floorplan:** C,"1. **Different floorplan:** C
2. **Why:** Floorplan C has a distinct layout compared to the others. It features a single large central room with a smaller room attached to it, which is not present in the other floorplans. The other floorplans have more complex layouts with multiple interconnected rooms, making them more similar to each other."
"[17, 21]","[7, 22]","['40679', '62549', '40487', '69704', '62454']",40679,1. **Different floorplan:** A,"1. **Different floorplan:** A
2. **Why:** Floorplan A has a unique arrangement where the common room (yellow) is directly adjacent to the main entrance, which is not the case in the other floorplans. In contrast, the other floorplans have the main entrance leading into a hallway or another room before reaching the common area. This distinctive feature makes floorplan A stand out from the others."
"[17, 18]","[7, 20]","['51240', '21543', '66935', '2425', '46660']",2425,1. **Different floorplan:** D,"1. **Different floorplan:** D
2. **Why:** Floorplan D has a unique arrangement where the master room (#FFA500) is positioned in a way that it does not align with the typical central placement seen in the other floorplans. In contrast, the other floorplans have the master room centrally located, which suggests a more symmetrical and standard layout. Floorplan D's master room is off-center, making it stand out from the others."
"[17, 18]","[7, 1]","['10825', '70105', '21408', '46660', '6955']",10825,1. **Different floorplan:** E,"1. **Different floorplan:** E
2. **Why:** Floorplan E has a unique arrangement where the master room (#FFA500) is positioned in a way that it does not align with the typical central placement seen in the other floorplans. In contrast, the other floorplans have the master room centrally located, which is a common pattern in residential designs. Additionally, the overall layout of E appears more compact and less symmetrical compared to the others, suggesting a different underlying pattern."
"[17, 18]","[7, 3]","['64781', '51240', '21408', '66316', '46660']",64781,1. **Different floorplan:** E,"1. **Different floorplan:** E
2. **Why:** Floorplan E has a unique arrangement where the master room (#FFA500) is positioned in a way that it does not align with the typical central placement seen in the other floorplans. In contrast, the other floorplans have the master room centrally located, which suggests a more symmetrical and standard layout. Floorplan E's master room is placed off-center, making it stand out from the others."
"[7, 1]","[17, 21]","['62454', '17550', '10825', '16951', '12421']",62454,1. **Different floorplan:** C,"1. **Different floorplan:** C
2. **Why:** Floorplan C has a unique arrangement where the master room (#FFA500) is positioned in the center, surrounded by a common room (#FFD700), a living room (#EEE8AA), and a balcony (#6B8E23). This central placement of the master room is distinct from the other floorplans, which typically have the master room either at one end or centrally but not surrounded by other rooms in this specific configuration."
"[7, 1]","[17, 21]","['78147', '17550', '16951', '8109', '3536']",78147,1. **Different floorplan:** E,"1. **Different floorplan:** E
2. **Why:** Floorplan E has a unique arrangement where the living room and dining area are positioned in a way that they do not align with the typical layout seen in the other four floorplans. In contrast, the other four floorplans have a more consistent pattern where the living room and dining area are adjacent and follow a similar spatial relationship. Floorplan E breaks this pattern by having the dining area separated from the living room, which is not observed in the others."
"[7, 1]","[17, 21]","['12421', '62454', '8109', '3536', '12376']",62454,1. **Different floorplan:** E,"1. **Different floorplan:** E
2. **Why:** Floorplan E has a unique arrangement where the master room (#FFA500) is positioned in a way that it does not align with the typical central placement seen in the other floorplans. In contrast, the other floorplans have the master room centrally located, which is a common pattern in apartment designs. Additionally, the layout of the common rooms and living areas in E differs significantly from the others, suggesting a different underlying pattern."
"[17, 18]","[7, 1]","['46660', '66316', '70105', '8109', '21543']",8109,1. **Different floorplan:** C,"1. **Different floorplan:** C
2. **Why:** Floorplan C has a distinct layout compared to the others. It features a central hallway with rooms branching off in a more linear fashion, whereas the other floorplans have a more complex and interconnected layout with multiple pathways and rooms. This difference in the spatial arrangement makes it stand out from the rest."
"[17, 18]","[7, 3]","['66316', '46660', '6955', '61767', '66935']",61767,1. **Different floorplan:** D,"1. **Different floorplan:** D
2. **Why:** Floorplan D has a unique arrangement where the master room is positioned in a way that it does not align with the common room directly adjacent to it, unlike the other floorplans which have the master room next to the common room. Additionally, the layout of the living room and balcony in floorplan D is distinct from the others, making it stand out as having a different underlying pattern."
"[17, 18]","[7, 20]","['6955', '66316', '21408', '54372', '66935']",54372,1. **Different floorplan:** D,"1. **Different floorplan:** D
2. **Why:** Floorplan D has a unique arrangement where the master room is positioned at the top right corner, unlike the other floorplans which have the master room in the top left corner. Additionally, the layout of the common rooms and living areas around the master room differs significantly from the others, making it stand out as having a different underlying pattern."
"[7, 1]","[17, 5]","['50221', '12376', '10825', '12421', '8109']",50221,1. **Different floorplan:** C,"1. **Different floorplan:** C
2. **Why:** Floorplan C has a unique arrangement where the master room (#FFA500) is positioned in the center, surrounded by a common room (#FFD700), a living room (#EEE8AA), and a balcony (#6B8E23). This central placement of the master room is distinct from the other floorplans, which typically place the master room either at one end or in a corner. Additionally, the spatial distribution of the other rooms around the master room in C is more symmetrical compared to the others, suggesting a different underlying pattern."
"[17, 18]","[7, 22]","['6955', '51240', '23132', '70105', '66935']",23132,1. **Different floorplan:** D,"1. **Different floorplan:** D
2. **Why:** Floorplan D has a unique arrangement where the kitchen is positioned in a way that it does not align with the typical central placement seen in the other floorplans. In contrast, the other floorplans have the kitchen centrally located, which is a common pattern in apartment designs. Additionally, the distribution of other rooms like the living room, common room, and storage also differs from the others, making D stand out as having a different underlying pattern."
"[7, 1]","[17, 18]","['3536', '10825', '8109', '51240', '16951']",51240,1. **Different floorplan:** B,"1. **Different floorplan:** B
2. **Why:** Floorplan B has a unique arrangement where the master room (#FFA500) is positioned in a way that it does not align with the typical central placement seen in the other floorplans. Additionally, the kitchen (#F08080) and dining area (#DA70D6) are placed in a manner that differs from the standard layout observed in A, C, D, and E. The presence of a balcony (#6B8E23) in an unusual location also contributes to the distinctiveness of floorplan B."
"[17, 21]","[7, 1]","['9795', '69704', '12376', '62454', '40487']",12376,1. **Different floorplan:** E,"1. **Different floorplan:** E
2. **Why:** Floorplan E has a unique arrangement where the master room (#FFA500) is positioned in the upper right corner, which is not typical in the other floorplans. In contrast, the other floorplans have the master room in more central positions. Additionally, the layout of the common rooms and living rooms in floorplan E differs significantly from the others, making it stand out as having a different underlying pattern."
"[17, 18]","[7, 22]","['66935', '21543', '6955', '31693', '23132']",23132,1. **Different floorplan:** E,"1. **Different floorplan:** E
2. **Why:** Floorplan E has a unique arrangement where the living room and dining area are directly adjacent without any intervening space, which is not present in the other floorplans. In contrast, floorplans A, B, C, and D all have a common pattern where the living room and dining area are separated by a hallway or another room. This distinct layout makes floorplan E stand out from the others."
"[7, 1]","[17, 5]","['12421', '12376', '50221', '8109', '3536']",50221,1. **Different floorplan:** E,"1. **Different floorplan:** E
2. **Why:** Floorplan E has a unique arrangement where the living room and dining area are directly adjacent without any intervening space, which is not observed in the other floorplans. In contrast, floorplans A, B, C, and D all have a common pattern where the living room and dining area are separated by a hallway or another room, creating a more traditional flow from the entrance into the living and dining areas."
"[17, 18]","[7, 20]","['21543', '46660', '55305', '31693', '66316']",55305,1. **Different floorplan:** C,"1. **Different floorplan:** C
2. **Why:** Floorplan C has a distinct arrangement of rooms compared to the others. It features a central hallway with a master room on one side and a common room on the opposite side, which is not present in the other floorplans. The other floorplans have more symmetrical layouts with multiple interconnected rooms, making them appear more uniform in their design."
"[7, 1]","[17, 21]","['3536', '12376', '8109', '9795', '17550']",9795,1. **Different floorplan:** D,"1. **Different floorplan:** D
2. **Why:** Floorplan D has a unique arrangement where the master room (#FFA500) is positioned at the top right corner, which is not seen in the other floorplans. All other floorplans have the master room either in the center or towards the bottom left, making D stand out with its distinct placement."
"[7, 1]","[17, 21]","['53652', '10825', '16951', '62454', '17550']",62454,1. **Different floorplan:** A,"1. **Different floorplan:** A
2. **Why:** Floorplan A has a unique arrangement where the master room (#FFA500) is positioned in the top left corner, which is not typical for the other floorplans. In contrast, the other floorplans have the master room (#FFA500) centrally located or in a more standard position within the layout. This distinct placement makes floorplan A stand out from the others."
"[7, 1]","[17, 18]","['17550', '46660', '12376', '3536', '53652']",46660,1. **Different floorplan:** B,"1. **Different floorplan:** B
2. **Why:** Floorplan B has a unique arrangement where the master room (#FFA500) is positioned in the center, surrounded by other rooms, which is not typical in the other floorplans. The other floorplans have the master room either at one end or in a corner, with the rest of the rooms distributed around it in a more symmetrical manner."
"[17, 21]","[7, 1]","['9795', '40487', '69704', '3536', '62549']",3536,1. **Different floorplan:** D,"1. **Different floorplan:** D
2. **Why:** Floorplan D has a unique arrangement where the living room and common room are directly adjacent without any intervening space, unlike the other floorplans which have a clear separation between these two rooms. This direct adjacency in D suggests a different underlying pattern compared to the others, which maintain a more traditional layout with hallways or other spaces separating the living and common areas."
"[17, 5]","[7, 1]","['33045', '8109', '72055', '50221', '7913']",8109,1. **Different floorplan:** C,"1. **Different floorplan:** C
2. **Why:** Floorplan C has a unique arrangement where the master room (#FFA500) is positioned in the center, surrounded by a common room (#FFD700), a living room (#EEE8AA), and a balcony (#6B8E23). This central placement of the master room is distinct from the other floorplans, which typically have the master room either at one end or centrally but not surrounded by other rooms in this specific manner. Additionally, the spatial distribution of the other rooms around the master room in C is more compact compared to the other floorplans, suggesting a different underlying pattern."
"[7, 1]","[17, 5]","['33045', '12376', '3536', '10825', '12421']",33045,1. **Different floorplan:** E,"1. **Different floorplan:** E
2. **Why:** Floorplan E has a unique arrangement where the master room (#FFA500) is positioned in a way that it does not align with the typical central placement seen in the other floorplans. In contrast, the other floorplans have the master room centrally located, which is a common pattern in residential designs. Additionally, the layout of the common rooms and living areas in E differs significantly from the others, suggesting a different underlying pattern."
"[7, 1]","[17, 5]","['12421', '33045', '10825', '53652', '17550']",33045,1. **Different floorplan:** C,"1. **Different floorplan:** C
2. **Why:** Floorplan C has a unique arrangement of rooms compared to the others. It features a central hallway with a staircase leading up, which is not present in the other floorplans. Additionally, the distribution of room types and their sizes around this central area is distinct from the more uniform layouts of A, B, D, and E."
"[7, 1]","[17, 18]","['16951', '12421', '12376', '70105', '8109']",70105,1. **Different floorplan:** D,"1. **Different floorplan:** D
2. **Why:** Floorplan D has a unique configuration where the kitchen is located in the corner, unlike the other floorplans which have the kitchen positioned along one side of the apartment. This distinct placement makes it stand out from the others."
"[17, 21]","[7, 20]","['78147', '2277', '69704', '62549', '9795']",2277,1. **Different floorplan:** B,"1. **Different floorplan:** B
2. **Why:** Floorplan B has an additional room (a small yellow room) that is not present in any of the other floorplans. This extra room disrupts the uniformity of the spatial layout compared to A, C, D, and E, which all have consistent room arrangements without this additional room."
"[17, 18]","[7, 1]","['17550', '51240', '66935', '6955', '46660']",17550,1. **Different floorplan:** E,"1. **Different floorplan:** E
2. **Why:** Floorplan E has a unique arrangement where the master room (#FFA500) is positioned in a way that it does not align with the typical central placement seen in the other floorplans. In contrast, the other floorplans have the master room centrally located, which is a common pattern in residential designs. Additionally, the distribution of other rooms like the common room (#FFD700), living room (#EEE8AA), balcony (#6B8E23), bathroom (#ADD8E6), kitchen (#F08080), and storage (#DDA0DD) follows a consistent pattern across A, B, C, and D, but not in E."
"[17, 18]","[7, 20]","['6955', '66935', '55305', '51240', '70105']",55305,1. **Different floorplan:** E,"1. **Different floorplan:** E
2. **Why:** Floorplan E has a unique arrangement where the living room and dining area are directly adjacent without any intervening space, which is not observed in the other floorplans. In contrast, floorplans A, B, C, and D all have a common pattern where the living room and dining area are separated by a hallway or another room type, such as a common room or storage. This distinct layout makes floorplan E stand out from the others."
"[7, 1]","[17, 21]","['17550', '69704', '12421', '3536', '12376']",69704,1. **Different floorplan:** D,"1. **Different floorplan:** D
2. **Why:** Floorplan D has a unique arrangement where the living room and dining area are directly connected without any intervening space, unlike the other floorplans which have a corridor or another room separating them. This direct connection in D makes it stand out from the others, suggesting a different underlying pattern."
"[17, 21]","[7, 20]","['55305', '9795', '40487', '62549', '78147']",55305,1. **Different floorplan:** B,"1. **Different floorplan:** B
2. **Why:** Floorplan B has a distinct arrangement of rooms compared to the others. It features a large central living area with a smaller adjacent room, which is not typical in the other floorplans where the living areas are more evenly distributed or have different configurations. Additionally, the presence of a small room directly connected to the entrance in B stands out from the more complex and varied layouts of the other floorplans."
"[17, 18]","[7, 20]","['51240', '6955', '21543', '2425', '21408']",2425,1. **Different floorplan:** D,"1. **Different floorplan:** D
2. **Why:** Floorplan D has a unique arrangement where the living room and dining area are directly adjacent without any intervening space, unlike the other floorplans which typically have a corridor or another room separating them. This direct adjacency is not seen in A, B, C, or E, making it distinct from the others."
"[7, 1]","[17, 18]","['17550', '21408', '12421', '16951', '8109']",21408,1. **Different floorplan:** C,"1. **Different floorplan:** C
2. **Why:** Floorplan C has a unique arrangement where the master room (#FFA500) is positioned in the center, surrounded by a common room (#FFD700), a living room (#EEE8AA), and a balcony (#6B8E23). This central placement of the master room is distinct from the other floorplans, which typically place the master room either at one end or in a corner. Additionally, the kitchen (#F08080) and dining (#DA70D6) areas are located in different positions compared to the other floorplans, further indicating a different underlying pattern."
"[7, 1]","[17, 5]","['8109', '12421', '3536', '72055', '53652']",72055,1. **Different floorplan:** E,"1. **Different floorplan:** E
2. **Why:** Floorplan E has a unique arrangement where the master room (#FFA500) is positioned in a way that it does not align with the typical central placement seen in the other floorplans. In contrast, the other floorplans have the master room centrally located, which is a common pattern in residential designs. Additionally, the layout of the common rooms and living areas in E is more scattered compared to the more organized and symmetrical patterns in A, B, C, and D."
"[7, 1]","[17, 5]","['72055', '17550', '8109', '10825', '16951']",72055,1. **Different floorplan:** D,"1. **Different floorplan:** D
2. **Why:** Floorplan D has a unique arrangement where the master room (#FFA500) is positioned in the upper left corner, which is not typical for the other floorplans. In contrast, the other floorplans have the master room in the lower right corner, maintaining a consistent pattern across A, B, C, and E."
"[17, 18]","[7, 3]","['64781', '66935', '46660', '31693', '70105']",64781,1. **Different floorplan:** E,"1. **Different floorplan:** E
2. **Why:** Floorplan E has a unique arrangement where the living room and dining area are directly adjacent without any intervening space, which is not observed in the other floorplans. In contrast, floorplans A, B, C, and D all have a more traditional layout with a corridor separating the living room from the dining area."
"[17, 18]","[7, 3]","['21408', '61767', '46660', '66316', '51240']",61767,1. **Different floorplan:** E,"1. **Different floorplan:** E
2. **Why:** Floorplan E has a unique arrangement where the living room and dining area are directly adjacent without any intervening space, which is not present in the other floorplans. In contrast, floorplans A, B, C, and D all have a common pattern where the living room and dining area are separated by a hallway or another room, creating a more traditional flow from the entrance into the living and dining areas."
"[7, 22]","[17, 18]","['31113', '23132', '66316', '79411', '40679']",66316,1. **Different floorplan:** D,"1. **Different floorplan:** D
2. **Why:** Floorplan D has a unique arrangement where the kitchen is positioned in a way that it does not align with the typical layout seen in the other floorplans. In contrast, the other floorplans have kitchens that are more centrally located and aligned with the main entrance, which is consistent across them. Floorplan D's kitchen is placed at the far end from the main entrance, making it distinct from the others."
"[17, 21]","[7, 20]","['40487', '78147', '2277', '69704', '62549']",2277,1. **Different floorplan:** C,"1. **Different floorplan:** C
2. **Why:** Floorplan C has a unique arrangement of rooms compared to the others. It features a central hallway with a staircase leading up, which is not present in the other floorplans. Additionally, the distribution of room types and their relative sizes differs significantly from the uniformity seen in A, B, D, and E."
"[17, 21]","[7, 3]","['69704', '40487', '52457', '62549', '78147']",52457,1. **Different floorplan:** C,"1. **Different floorplan:** C
2. **Why:** Floorplan C has a unique arrangement where the common room and the master room are adjacent and share a wall, which is not present in the other floorplans. In contrast, floorplans A, B, D, and E have the common room and the master room separated by at least one other room type between them, creating a distinct pattern."
"[7, 20]","[17, 21]","['54372', '55305', '2425', '40487', '2277']",40487,1. **Different floorplan:** C,"1. **Different floorplan:** C
2. **Why:** Floorplan C has a distinct layout compared to the others. It lacks the central common room and the symmetrical arrangement of rooms around it. Instead, it features a more linear progression from the entrance towards the back of the apartment, with the master room positioned at the end. This unique configuration sets it apart from the other floorplans, which all have a more balanced and symmetrical design around a central common area."
"[17, 21]","[7, 1]","['78147', '62454', '62549', '53652', '69704']",53652,1. **Different floorplan:** D,"1. **Different floorplan:** D
2. **Why:** Floorplan D has a unique arrangement where the master room (#FFA500) is positioned in the center, surrounded by other rooms, which is not typical in the other floorplans. In contrast, the other floorplans have the master room either at one end or in a corner, with the rest of the rooms distributed around it in a more symmetrical manner. This central placement of the master room in D stands out as an unusual pattern compared to the others."
"[17, 5]","[7, 1]","['72055', '7913', '33045', '50221', '12376']",12376,1. **Different floorplan:** D,"1. **Different floorplan:** D
2. **Why:** Floorplan D has a unique arrangement where the living room and kitchen are directly adjacent without any intervening space, unlike the other floorplans which typically have a corridor or another room separating them. This direct adjacency is not seen in A, B, C, or E, making it stand out as having a different underlying pattern."
"[7, 1]","[17, 5]","['17550', '53652', '33045', '8109', '12376']",33045,1. **Different floorplan:** C,"1. **Different floorplan:** C
2. **Why:** Floorplan C has a unique arrangement where the master room (#FFA500) is positioned in the center, surrounded by a common room (#FFD700), a living room (#EEE8AA), and a balcony (#6B8E23). This central placement of the master room is distinct from the other floorplans, which typically have the master room either at one end or centrally located but not surrounded by other rooms in this specific manner. Additionally, the kitchen (#F08080) and dining (#DA70D6) areas are placed in a way that is not mirrored in the other floorplans, suggesting a different underlying pattern."
"[17, 18]","[7, 20]","['21543', '21408', '51240', '54372', '46660']",54372,1. **Different floorplan:** D,"1. **Different floorplan:** D
2. **Why:** Floorplan D has a unique arrangement where the master room is positioned in a way that it does not align with the typical central placement seen in the other floorplans. In contrast, the other floorplans (A, B, C, and E) have the master room centrally located, which is a common pattern in apartment designs. Floorplan D deviates from this by placing the master room off-center, making it stand out as having a different underlying pattern."
"[17, 21]","[7, 22]","['62454', '79411', '40487', '9795', '62549']",79411,1. **Different floorplan:** D,"1. **Different floorplan:** D
2. **Why:** Floorplan D has a unique arrangement where the master room (#FFA500) is positioned in a way that it does not align with the typical central placement seen in the other floorplans. Additionally, the kitchen (#F08080) is unusually large and occupies a significant portion of the floorplan, which deviates from the more compact and balanced layouts observed in A, B, C, and E."
"[7, 1]","[17, 18]","['10825', '3536', '21543', '53652', '16951']",21543,1. **Different floorplan:** C,"1. **Different floorplan:** C
2. **Why:** Floorplan C has a unique arrangement of rooms compared to the others. It features a central hallway with a staircase leading up, which is not present in the other floorplans. Additionally, the distribution of room types around this central area is distinct from the more linear layouts of A, B, D, and E."
"[7, 1]","[17, 5]","['53652', '8109', '16951', '72055', '17550']",72055,1. **Different floorplan:** D,"1. **Different floorplan:** D
2. **Why:** Floorplan D has a unique arrangement where the kitchen is positioned at the far right side, separated from the rest of the rooms by a large open space. In contrast, in floorplans A, B, C, and E, the kitchen is typically located closer to the center or near the entrance, often adjacent to the living room or dining area. This distinct placement makes floorplan D stand out with a different underlying pattern compared to the others."
"[17, 18]","[7, 22]","['66316', '23132', '66935', '6955', '46660']",23132,1. **Different floorplan:** B,"1. **Different floorplan:** B
2. **Why:** Floorplan B has a unique arrangement where the master room (#FFA500) is positioned in a way that it does not align with the typical central placement seen in the other floorplans. In contrast, the other floorplans have the master room centrally located, which suggests a more symmetrical and standard layout. Additionally, the positioning of the common room (#FFD700) and the living room (#EEE8AA) in relation to the entrance and the rest of the floor plan differs from the others, indicating a distinct pattern."
"[17, 21]","[7, 22]","['9795', '62549', '62454', '31113', '40487']",31113,1. **Different floorplan:** D,"1. **Different floorplan:** D
2. **Why:** Floorplan D has a unique arrangement where the master room (#FFA500) is positioned in a way that it does not align with the typical central placement seen in the other floorplans. In contrast, the other floorplans have the master room centrally located, which suggests a more symmetrical and standard layout. Additionally, the positioning of the common room (#FFD700) and the living room (#EEE8AA) in relation to the entrance and the rest of the rooms also differs from the others, indicating a distinct pattern."
"[7, 1]","[17, 21]","['8109', '40487', '10825', '3536', '12376']",40487,1. **Different floorplan:** D,"1. **Different floorplan:** D
2. **Why:** Floorplan D has a unique arrangement where the living room and dining area are directly connected without any intervening space, unlike the other floorplans which have a corridor or another room separating them. This direct connection in D makes it stand out from the others, suggesting a different underlying pattern."
"[7, 20]","[17, 18]","['2277', '51240', '55305', '2425', '54372']",51240,1. **Different floorplan:** C,"1. **Different floorplan:** C
2. **Why:** Floorplan C has a unique arrangement where the master room (#FFA500) is positioned in a way that it does not align with the typical central placement seen in the other floorplans. In contrast, the other floorplans have the master room centrally located, which suggests a more symmetrical and standard layout. Additionally, the positioning of the common room (#FFD700) and the living room (#EEE8AA) in relation to the entrance and the rest of the rooms also differs from the others, indicating a distinct pattern."
"[7, 1]","[17, 21]","['40487', '3536', '10825', '8109', '53652']",40487,1. **Different floorplan:** E,"1. **Different floorplan:** E
2. **Why:** Floorplan E has a unique arrangement where the living room and common room are directly adjacent without any intervening space, which is not observed in the other floorplans. In contrast, the other floorplans have a more typical layout with hallways or additional spaces separating these rooms."
"[7, 1]","[17, 18]","['66935', '10825', '17550', '3536', '16951']",66935,1. **Different floorplan:** B,"1. **Different floorplan:** B
2. **Why:** Floorplan B has a unique arrangement where the master room (#FFA500) is positioned in a way that it does not align with the typical central placement seen in the other floorplans. Additionally, the kitchen (#F08080) is located at an unusual position compared to the standard layout where it would typically be adjacent to the dining area. This deviation from the expected spatial relationships suggests a different underlying pattern."
"[17, 18]","[7, 3]","['6955', '31693', '51240', '64781', '46660']",64781,1. **Different floorplan:** D,"1. **Different floorplan:** D
2. **Why:** Floorplan D has a distinct arrangement of rooms compared to the others. It lacks the central common room and the symmetrical distribution of rooms around it, which is present in the other four floorplans. Instead, it features a more linear layout with a single entrance leading directly into a larger room, followed by smaller rooms in a sequence. This unique pattern sets it apart from the rest."
"[7, 20]","[17, 21]","['2277', '54372', '62549', '55305', '2425']",62549,1. **Different floorplan:** C,"1. **Different floorplan:** C
2. **Why:** Floorplan C has a unique arrangement where the master room (#FFA500) is positioned in a way that it does not align with the typical central placement seen in the other floorplans. In contrast, the other floorplans have the master room centrally located, which is a common pattern in residential designs. Additionally, the spatial distribution of the common rooms and living areas around the master room in C differs from the more uniform distribution in A, B, D, and E."
"[7, 1]","[17, 21]","['17550', '3536', '8109', '62549', '53652']",62549,1. **Different floorplan:** E,"1. **Different floorplan:** E
2. **Why:** Floorplan E has a unique arrangement where the master room (#FFA500) is positioned in a way that it does not align with the typical central placement seen in the other floorplans. Additionally, the kitchen (#F08080) is located at the far end of the floorplan, which is less common compared to the other floorplans where the kitchen is usually closer to the entrance. This distinct layout makes E stand out from the others."
"[17, 18]","[7, 20]","['70105', '51240', '21543', '66316', '54372']",54372,1. **Different floorplan:** A,"1. **Different floorplan:** A
2. **Why:** Floorplan A has a unique arrangement of rooms compared to the others. It features a central common room with a staircase leading up to a second level, which is not present in the other floorplans. The other floorplans have more uniform layouts with no distinct central common room or staircase feature."
"[17, 18]","[7, 20]","['54372', '21408', '31693', '66316', '66935']",54372,1. **Different floorplan:** A,"1. **Different floorplan:** A
2. **Why:** Floorplan A has a unique arrangement where the master room (#FFA500) is located in the top left corner, which is not typical for the other floorplans. In contrast, the other floorplans have the master room positioned more centrally or towards the right side, with the rest of the rooms distributed around it in a more symmetrical manner. This distinct placement of the master room sets floorplan A apart from the others."
"[17, 18]","[7, 20]","['51240', '55305', '31693', '66935', '46660']",55305,1. **Different floorplan:** C,"1. **Different floorplan:** C
2. **Why:** Floorplan C has a distinct arrangement of rooms compared to the others. It features a central rectangular area with a smaller room attached to one side, which is not present in the other floorplans. The rest of the floorplans have more symmetrical and interconnected layouts, with multiple rooms branching off from a central area. Floorplan C's unique central rectangular room with an attached smaller room sets it apart from the others."
"[17, 21]","[7, 22]","['9795', '40679', '62454', '78147', '62549']",40679,1. **Different floorplan:** C,"1. **Different floorplan:** C
2. **Why:** Floorplan C has a unique arrangement where the master room (#FFA500) is positioned in the upper right corner, which is not typical for the other floorplans. In contrast, the other floorplans have the master room in the lower left or central position, maintaining a more consistent layout."
"[17, 18]","[7, 20]","['66316', '2277', '21408', '66935', '21543']",2277,1. **Different floorplan:** B,"1. **Different floorplan:** B
2. **Why:** Floorplan B has a unique arrangement where the master room (#FFA500) is positioned in a way that it does not align with the typical central placement seen in the other floorplans. Additionally, the kitchen (#F08080) is located at an unusual position compared to the others, which suggests a different underlying pattern."
"[17, 21]","[7, 22]","['9795', '69704', '31113', '62549', '62454']",31113,1. **Different floorplan:** D,"1. **Different floorplan:** D
2. **Why:** Floorplan D has a unique arrangement where the master room (#FFA500) is positioned in a way that it does not align with the typical central placement seen in the other floorplans. Additionally, the kitchen (#F08080) is located at an unusual position compared to the standard layout where it would typically be adjacent to the dining area. This deviation from the expected spatial relationships suggests a different underlying pattern."
"[17, 18]","[7, 3]","['21408', '75828', '46660', '51240', '6955']",75828,1. **Different floorplan:** B,"1. **Different floorplan:** B
2. **Why:** Floorplan B is the only one that does not have a continuous hallway running from the main entrance to the far end of the apartment. All other floorplans (A, C, D, and E) have a continuous hallway, which is a consistent feature in the other four plans. Floorplan B has a more compact layout with a direct path from the entrance to the living area without an intermediate hallway, making it distinct from the others."
"[17, 21]","[7, 1]","['62549', '69704', '40487', '12376', '9795']",12376,1. **Different floorplan:** A,"1. **Different floorplan:** A
2. **Why:** Floorplan A has a unique arrangement where the common room (yellow) is directly adjacent to the master room (orange) without any intervening space, which is not observed in the other floorplans. In contrast, all other floorplans have a clear separation between the common room and the master room by at least one other room type, such as a living room or a balcony. This distinct adjacency in A suggests it has a different underlying pattern compared to the others."
"[7, 1]","[17, 5]","['33045', '8109', '53652', '3536', '17550']",33045,1. **Different floorplan:** C,"1. **Different floorplan:** C
2. **Why:** Floorplan C has a unique arrangement where the master room (#FFA500) is positioned in a way that it does not align with the typical central placement seen in the other floorplans. Additionally, the living room (#EEE8AA) and common room (#FFD700) are placed in a manner that differs from the symmetrical and consistent patterns observed in A, B, D, and E. The presence of the balcony (#6B8E23) and bathroom (#ADD8E6) also contributes to the distinct layout, making C stand out as having a different underlying pattern compared to the others."
"[17, 18]","[7, 22]","['21408', '51240', '40679', '66935', '31693']",40679,1. **Different floorplan:** C,"1. **Different floorplan:** C
2. **Why:** Floorplan C has a unique arrangement where the master room (#FFA500) is positioned in the center, surrounded by a common room (#FFD700), a living room (#EEE8AA), and a balcony (#6B8E23). This central placement of the master room is distinct from the other floorplans, which typically have the master room either at one end or centrally located but not surrounded by other rooms in this specific manner. Additionally, the spatial distribution of the other rooms around the master room in C is more compact compared to the more spread-out layouts in A, B, D, and E."
"[17, 21]","[7, 1]","['62454', '9795', '40487', '69704', '53652']",53652,1. **Different floorplan:** E,"1. **Different floorplan:** E
2. **Why:** Floorplan E has a unique arrangement where the master room (#FFA500) is positioned in a way that it does not align with the typical central placement seen in the other floorplans. Additionally, the kitchen (#F08080) is located at the far end of the floorplan, which is less common compared to the other floorplans where the kitchen is usually closer to the entrance. This distinct placement makes E stand out from the others."
"[17, 18]","[7, 22]","['46660', '70105', '79411', '21408', '66935']",79411,1. **Different floorplan:** C,"1. **Different floorplan:** C
2. **Why:** Floorplan C has a distinct layout compared to the others. It features a central hallway with rooms branching off in a linear fashion, which is different from the more complex and interconnected layouts seen in floorplans A, B, D, and E. The other floorplans have more intricate patterns with multiple intersections and varying room sizes, making them less uniform than C."
"[17, 21]","[7, 3]","['62454', '9795', '62549', '75828', '69704']",75828,1. **Different floorplan:** D,"1. **Different floorplan:** D
2. **Why:** Floorplan D has a unique arrangement where the kitchen is positioned in the center, surrounded by other rooms, which differs from the other floorplans where the kitchen is typically located at one end or side of the apartment. Additionally, the layout of the other rooms around the kitchen in D appears more compact compared to the more spread-out arrangements in A, B, C, and E."
"[17, 18]","[7, 3]","['61767', '66316', '51240', '31693', '21408']",61767,1. **Different floorplan:** E,"1. **Different floorplan:** E
2. **Why:** Floorplan E has a unique arrangement where the master room (#FFA500) is positioned in a way that it does not align with the typical central placement seen in the other floorplans. In contrast, the other floorplans have the master room centrally located, which suggests a more symmetrical and standard layout. Floorplan E's master room is placed off-center, making it stand out from the others."
"[7, 1]","[17, 5]","['72055', '53652', '8109', '12421', '17550']",72055,1. **Different floorplan:** B,"1. **Different floorplan:** B
2. **Why:** Floorplan B has a unique arrangement where the master room (#FFA500) is positioned in a way that it does not align with the typical central placement seen in the other floorplans. Additionally, the living room (#EEE8AA) and common room (#FFD700) are placed in a manner that differs from the symmetrical and consistent patterns observed in A, C, D, and E. The presence of the balcony (#6B8E23) and the positioning of the dining area (#DA70D6) also contribute to the distinctiveness of floorplan B compared to the others."
"[17, 21]","[7, 20]","['78147', '62549', '40487', '62454', '2277']",2277,1. **Different floorplan:** E,"1. **Different floorplan:** E
2. **Why:** Floorplan E has a unique layout compared to the others. It features a central open space with multiple rooms branching off in a more complex manner, including a large balcony and a kitchen that extends into the living area. In contrast, floors A, B, C, and D have simpler layouts with fewer branches and a more uniform distribution of room types. The central open space in E suggests a different underlying pattern, likely designed for a different purpose or style of living."
"[7, 1]","[17, 21]","['12376', '78147', '53652', '16951', '10825']",78147,1. **Different floorplan:** C,"1. **Different floorplan:** C
2. **Why:** Floorplan C has a unique arrangement where the master room (#FFA500) is positioned in a way that it does not align with the typical central placement seen in the other floorplans. Additionally, the kitchen (#F08080) and dining area (#DA70D6) are placed in a manner that differs from the standard layout observed in A, B, D, and E, where these rooms are more consistently located towards the center or one side of the floorplan."
"[17, 21]","[7, 3]","['62454', '62549', '40487', '61767', '9795']",61767,1. **Different floorplan:** E,"1. **Different floorplan:** E
2. **Why:** Floorplan E has a unique arrangement where the master room (#FFA500) is positioned in a way that it does not align with the typical central placement seen in the other floorplans. In contrast, the other floorplans have the master room centrally located, which is a common pattern in residential designs. Additionally, the layout of the common rooms and living areas in E is more compact and less symmetrical compared to the others, suggesting a different underlying pattern."
"[17, 21]","[7, 3]","['62454', '61767', '78147', '69704', '9795']",61767,1. **Different floorplan:** D,"1. **Different floorplan:** D
2. **Why:** Floorplan D has a unique arrangement where the master room (#FFA500) is positioned in a way that it does not align with the typical central placement seen in the other floorplans. In contrast, the other floorplans have the master room centrally located, which suggests a more symmetrical and standard layout. Additionally, the positioning of the common room (#FFD700) and the living room (#EEE8AA) in relation to the entrance and the rest of the rooms also differs from the others, indicating a distinct pattern."
"[17, 21]","[7, 1]","['12421', '69704', '78147', '40487', '62549']",12421,1. **Different floorplan:** B,"1. **Different floorplan:** B
2. **Why:** Floorplan B has a unique arrangement where the master room (#FFA500) is positioned in a way that it does not align with the typical central placement seen in the other floorplans. Additionally, the kitchen (#F08080) and dining area (#DA70D6) are placed in a manner that differs from the others, creating a distinct pattern."
"[7, 20]","[17, 18]","['54372', '2425', '31693', '55305', '2277']",31693,1. **Different floorplan:** C,"1. **Different floorplan:** C
2. **Why:** Floorplan C has a distinct arrangement of rooms compared to the others. It features a central hallway with a staircase leading up, which is not present in the other floorplans. Additionally, the distribution of room types and their relative sizes differs significantly from the uniformity seen in A, B, D, and E."
"[17, 18]","[7, 22]","['21408', '66935', '40679', '6955', '21543']",40679,1. **Different floorplan:** C,"1. **Different floorplan:** C
2. **Why:** Floorplan C has a distinct layout compared to the others. It features a single large central room with a smaller room attached to it, which is not present in the other floorplans. The other floorplans have more complex layouts with multiple interconnected rooms, making them more similar to each other."
"[17, 18]","[7, 1]","['31693', '6955', '21543', '12421', '46660']",12421,1. **Different floorplan:** D,"1. **Different floorplan:** D
2. **Why:** Floorplan D has a unique arrangement where the master room (#FFA500) is positioned in a way that it does not align with the typical central placement seen in the other floorplans. In contrast, the other floorplans have the master room centrally located, which suggests a more symmetrical and standard layout. Floorplan D's master room is off-center, making it stand out from the others."
"[17, 18]","[7, 20]","['2277', '21543', '6955', '46660', '70105']",2277,1. **Different floorplan:** E,"1. **Different floorplan:** E
2. **Why:** Floorplan E has a unique arrangement where the main entrance leads directly into a small room with no visible connection to any other rooms immediately beyond it. In contrast, floorplans A, B, C, and D all have a more complex layout with multiple connected rooms leading from the main entrance, suggesting a different underlying pattern."
"[7, 1]","[17, 5]","['3536', '16951', '17550', '12421', '72055']",72055,1. **Different floorplan:** B,"1. **Different floorplan:** B
2. **Why:** Floorplan B has a unique arrangement where the master room (#FFA500) is positioned in a way that it does not align with the typical central placement seen in the other floorplans. Additionally, the living room (#EEE8AA) and common room (#FFD700) are placed in a manner that differs from the symmetrical and consistent patterns observed in A, C, D, and E. The presence of the balcony (#6B8E23) and the positioning of the kitchen (#F08080) also contribute to the distinctiveness of floorplan B compared to the others."
"[17, 18]","[7, 3]","['61767', '66935', '31693', '21543', '66316']",61767,1. **Different floorplan:** C,"1. **Different floorplan:** C
2. **Why:** Floorplan C has a distinct arrangement of rooms compared to the others. It features a central rectangular area with two smaller rectangular sections extending from it, which is not present in the other floorplans. The other floorplans have more symmetrical and interconnected layouts, with rooms arranged around a central core or along a linear path. Floorplan C's layout is more fragmented and less cohesive in terms of room adjacency and flow, making it stand out as having a different underlying pattern."
"[7, 1]","[17, 5]","['8109', '12421', '3536', '7913', '16951']",7913,1. **Different floorplan:** D,"1. **Different floorplan:** D
2. **Why:** Floorplan D has a unique arrangement where the master room (#FFA500) is positioned in a way that it does not align with the typical central placement seen in the other floorplans. In contrast, the other floorplans have the master room centrally located, which suggests a more symmetrical and standard layout. Additionally, the positioning of the common room (#FFD700) and the living room (#EEE8AA) in relation to the entrance and the rest of the rooms also differs from the others, indicating a distinct pattern."
"[17, 18]","[7, 22]","['6955', '46660', '31693', '70105', '31113']",31113,1. **Different floorplan:** E,"1. **Different floorplan:** E
2. **Why:** Floorplan E has a distinct layout compared to the others. It features a single large room with a balcony attached to one side, which is not present in the other floorplans. The rest of the floorplans have more complex layouts with multiple rooms and different configurations around the main entrance."
"[7, 1]","[17, 18]","['53652', '10825', '6955', '12376', '3536']",6955,1. **Different floorplan:** E,"1. **Different floorplan:** E
2. **Why:** Floorplan E has a distinct layout compared to the others. It features a large open space with a single long corridor extending from the main entrance, which is not present in the other floorplans. The other floorplans have more complex layouts with multiple rooms and corridors branching off from the main entrance, making them more symmetrical and interconnected. Floorplan E's layout is more linear and less symmetrical, suggesting a different underlying pattern."
"[17, 18]","[7, 22]","['21408', '31693', '40679', '70105', '51240']",40679,1. **Different floorplan:** C,"1. **Different floorplan:** C
2. **Why:** Floorplan C has a distinct layout compared to the others. It features a central hallway with a staircase leading up, which is not present in the other floorplans. The other floorplans have more symmetrical and interconnected layouts without a prominent staircase feature."
"[17, 5]","[7, 3]","['50221', '72055', '33045', '64781', '7913']",64781,1. **Different floorplan:** B,"1. **Different floorplan:** B
2. **Why:** Floorplan B has a unique arrangement where the master room (#FFA500) is positioned in the center, surrounded by other rooms, which is not typical in the other floorplans. The other floorplans have the master room either in one corner or adjacent to another room, but not centrally located with such distinct separation from other rooms."
"[17, 18]","[7, 3]","['70105', '46660', '75828', '21408', '31693']",75828,1. **Different floorplan:** A,"1. **Different floorplan:** A
2. **Why:** Floorplan A has a unique arrangement of rooms compared to the others. It features a central common room with a staircase leading down to what appears to be a basement area, which is not present in the other floorplans. The other floorplans (B, C, D, and E) all have a more uniform layout with no visible staircases or basement areas. This makes floorplan A stand out as having a different underlying pattern."
"[7, 1]","[17, 18]","['53652', '6955', '16951', '12421', '8109']",6955,1. **Different floorplan:** B,"1. **Different floorplan:** B
2. **Why:** Floorplan B has a unique arrangement where the master room (#FFA500) is positioned in the center, surrounded by other rooms, which is not typical in the other floorplans. The other floorplans have the master room either at one end or in a corner, with the rest of the rooms distributed around it in a more symmetrical manner."
"[17, 18]","[7, 1]","['16951', '46660', '31693', '21408', '51240']",16951,1. **Different floorplan:** B,"1. **Different floorplan:** B
2. **Why:** Floorplan B has a unique arrangement where the master room (#FFA500) is positioned in a way that it does not align with the typical central placement seen in the other floorplans. Additionally, the living room (#EEE8AA) and common room (#FFD700) are placed in a manner that differs from the symmetrical and consistent patterns observed in A, C, D, and E. The presence of a large balcony (#6B8E23) at the bottom right corner also stands out as an unusual feature compared to the other floorplans."
"[7, 1]","[17, 21]","['12376', '16951', '10825', '40487', '8109']",40487,1. **Different floorplan:** D,"1. **Different floorplan:** D
2. **Why:** Floorplan D has a unique arrangement where the master room (#FFA500) is positioned in a way that it does not align with the typical central placement seen in the other floorplans. In contrast, the other floorplans have the master room centrally located, which suggests a more symmetrical and standard layout. Additionally, the positioning of the common room (#FFD700) and the living room (#EEE8AA) in relation to the entrance and the rest of the rooms also differs from the others, indicating a distinct pattern."
"[17, 18]","[7, 1]","['6955', '12376', '70105', '21543', '21408']",12376,1. **Different floorplan:** C,"1. **Different floorplan:** C
2. **Why:** Floorplan C has a distinct layout compared to the others. It features a central hallway with rooms branching off in a more linear fashion, whereas the other floorplans have a more complex and interconnected layout with multiple pathways and rooms. This difference in the spatial arrangement makes it stand out from the rest."
"[7, 1]","[17, 21]","['12376', '53652', '40487', '16951', '3536']",40487,1. **Different floorplan:** E,"1. **Different floorplan:** E
2. **Why:** Floorplan E has a unique layout compared to the others. It features a large open space that spans across multiple rooms without any clear division into distinct sections like the other floorplans. The other floorplans have more defined areas with walls separating different spaces, making them easier to identify individual rooms such as living rooms, kitchens, and bathrooms. Floorplan E's open layout suggests it might be designed differently, possibly as a studio or a very spacious living area without traditional room divisions."
"[17, 21]","[7, 22]","['78147', '62549', '9795', '69704', '31113']",31113,1. **Different floorplan:** E,"1. **Different floorplan:** E
2. **Why:** Floorplan E has a unique arrangement where the living room and dining area are directly adjacent without any intervening space, which is not observed in the other floorplans. In contrast, floorplans A, B, C, and D all have a more traditional layout with a corridor separating the living room from the dining area."
"[7, 3]","[17, 18]","['61767', '52457', '64781', '21543', '75828']",21543,1. **Different floorplan:** E,"1. **Different floorplan:** E
2. **Why:** Floorplan E has a unique arrangement where the master room (#FFA500) is positioned in the center, surrounded by a common room (#FFD700), a living room (#EEE8AA), and a balcony (#6B8E23). This central placement of the master room with surrounding rooms is distinct from the other floorplans, which typically have the master room either at one end or centrally located but not surrounded by other rooms in this specific manner."
"[7, 3]","[17, 18]","['75828', '52457', '66935', '64781', '61767']",66935,1. **Different floorplan:** E,"1. **Different floorplan:** E
2. **Why:** Floorplan E has a unique arrangement where the living room and dining area are directly adjacent without any intervening space, which is not observed in the other floorplans. In contrast, the other floorplans have a more traditional layout with hallways or additional spaces separating the living and dining areas."
"[17, 18]","[7, 22]","['31113', '51240', '70105', '6955', '21543']",31113,1. **Different floorplan:** C,"1. **Different floorplan:** C
2. **Why:** Floorplan C has a distinct arrangement of rooms compared to the others. It features a central rectangular area with smaller rooms branching off in a more linear fashion, which differs from the more complex and varied layouts seen in A, B, D, and E. The other floorplans have more intricate patterns with multiple interconnected spaces, whereas C has a simpler, more straightforward design."
"[7, 22]","[17, 21]","['40487', '23132', '40679', '31113', '79411']",40487,1. **Different floorplan:** E,"1. **Different floorplan:** E
2. **Why:** Floorplan E has a unique arrangement where the living room and dining area are combined into one large space, which is not seen in the other floorplans. In contrast, the other floorplans have distinct separations between the living room and dining areas, with the living room typically being smaller and located adjacent to the kitchen, and the dining area being separate but often connected by an open plan or a small passageway. Floorplan E's layout is more integrated, making it stand out from the others."
"[17, 21]","[7, 1]","['69704', '62549', '16951', '78147', '9795']",16951,1. **Different floorplan:** B,"1. **Different floorplan:** B
2. **Why:** Floorplan B has a unique arrangement where the master room (#FFA500) is positioned in a way that it does not align with the typical central placement seen in the other floorplans. In contrast, the other floorplans have the master room centrally located, which suggests a more symmetrical and standard layout. Additionally, the positioning of the common room (#FFD700) and the living room (#EEE8AA) in relation to the entrance and the rest of the rooms also differs from the others, indicating a distinct pattern."
"[7, 1]","[17, 5]","['17550', '3536', '16951', '7913', '53652']",7913,1. **Different floorplan:** D,"1. **Different floorplan:** D
2. **Why:** Floorplan D has a unique arrangement where the kitchen is positioned in the center, surrounded by other rooms, which differs from the other floorplans where the kitchen is typically located at one end or side of the apartment. Additionally, the layout of the other rooms around the kitchen in D appears more compact and symmetrical compared to the more varied and less symmetrical layouts in A, B, C, and E."
"[7, 1]","[17, 21]","['3536', '17550', '53652', '78147', '8109']",78147,1. **Different floorplan:** C,"1. **Different floorplan:** C
2. **Why:** Floorplan C has a unique arrangement where the master room (#FFA500) is positioned in the center, surrounded by a common room (#FFD700), a living room (#EEE8AA), and a balcony (#6B8E23). This central placement of the master room is distinct from the other floorplans, which typically have the master room either at one end or centrally but not surrounded by other rooms in this specific configuration."
"[7, 1]","[17, 21]","['53652', '69704', '10825', '3536', '12421']",69704,1. **Different floorplan:** C,"1. **Different floorplan:** C
2. **Why:** Floorplan C has a unique arrangement where the master room (#FFA500) is positioned in the center, surrounded by a common room (#FFD700), a living room (#EEE8AA), and a balcony (#6B8E23). This central placement of the master room is distinct from the other floorplans, which typically place the master room either at one end or in a corner. Additionally, the spatial distribution of the rooms around the master room in C is more symmetrical compared to the others, suggesting a different underlying pattern."
"[17, 18]","[7, 20]","['21408', '55305', '21543', '46660', '6955']",55305,1. **Different floorplan:** B,"1. **Different floorplan:** B
2. **Why:** Floorplan B has a distinct pattern compared to the others. It features a central rectangular section with a smaller square attached to one side, which is not present in the other floorplans. The other floorplans have more symmetrical and uniform layouts, with no such central rectangular section with an attached square."
"[7, 1]","[17, 18]","['16951', '3536', '70105', '8109', '10825']",70105,1. **Different floorplan:** C,"1. **Different floorplan:** C
2. **Why:** Floorplan C has a unique arrangement of rooms compared to the others. It features a central hallway with a staircase leading up, which is not present in the other floorplans. Additionally, the distribution of room types and their relative sizes differs significantly from the rest, making it stand out as having a different underlying pattern."
"[17, 18]","[7, 1]","['46660', '31693', '17550', '6955', '21408']",17550,1. **Different floorplan:** C,"1. **Different floorplan:** C
2. **Why:** Floorplan C has a unique arrangement where the master room (#FFA500) is positioned in the center, surrounded by a common room (#FFD700) and a living room (#EEE8AA). This central placement of the master room is not seen in the other floorplans, which typically have the master room either at one end or in a corner. Additionally, the spatial distribution of the other rooms around the master room in C is distinct from the more linear or clustered arrangements in A, B, D, and E."
"[17, 18]","[7, 3]","['21543', '70105', '61767', '6955', '46660']",61767,1. **Different floorplan:** C,"1. **Different floorplan:** C
2. **Why:** Floorplan C has a distinct layout compared to the others. It features a long, narrow shape with a single large room at one end and smaller rooms along the sides, which is different from the more symmetrical and interconnected layouts of the other floorplans. The other floorplans have a more balanced distribution of spaces and interconnected rooms, making them appear more uniform in their design."
"[17, 21]","[7, 20]","['62549', '9795', '54372', '78147', '69704']",54372,1. **Different floorplan:** B,"1. **Different floorplan:** B
2. **Why:** Floorplan B has a unique arrangement where the master room (#FFA500) is positioned in a way that it does not align with the typical central placement seen in the other floorplans. Additionally, the kitchen (#F08080) is located at the far end of the floorplan, which is less common compared to the other floorplans where the kitchen is usually closer to the entrance. This distinct placement makes floorplan B stand out from the others."
"[17, 18]","[7, 22]","['51240', '66316', '79411', '70105', '46660']",79411,1. **Different floorplan:** C,"1. **Different floorplan:** C
2. **Why:** Floorplan C has a distinct layout compared to the others. It features a central hallway with rooms branching off in a linear fashion, which is different from the more complex and interconnected layouts seen in A, B, D, and E. The other floorplans have more intricate patterns with multiple intersections and varying room sizes, making them more complex than C."
"[17, 18]","[7, 1]","['8109', '21543', '51240', '46660', '6955']",8109,1. **Different floorplan:** E,"1. **Different floorplan:** E
2. **Why:** Floorplan E has a unique arrangement where the master room (#FFA500) is positioned in a way that it does not align with the typical central placement seen in the other floorplans. In contrast, the other floorplans have the master room centrally located, which suggests a more symmetrical and standard layout. Floorplan E's master room is placed off-center, making it stand out from the others."
"[7, 1]","[17, 18]","['10825', '66935', '16951', '53652', '17550']",66935,1. **Different floorplan:** D,"1. **Different floorplan:** D
2. **Why:** Floorplan D has a unique arrangement where the master room (#FFA500) is positioned in a way that it does not align with the typical central placement seen in the other floorplans. In contrast, the other floorplans have the master room centrally located, which suggests a more symmetrical and standard layout. Additionally, the positioning of the common room (#FFD700) and the living room (#EEE8AA) in relation to the entrance and the rest of the rooms also differs from the others, indicating a distinct pattern."
"[7, 1]","[17, 5]","['16951', '3536', '72055', '10825', '17550']",72055,1. **Different floorplan:** C,"1. **Different floorplan:** C
2. **Why:** Floorplan C has a unique arrangement where the master room (#FFA500) is positioned in the center, surrounded by a common room (#FFD700) and a balcony (#6B8E23). This central placement of the master room with surrounding spaces is distinct from the other floorplans, which typically have the master room either at one end or centrally but not surrounded by other rooms in this specific manner."
"[7, 1]","[17, 18]","['53652', '12421', '17550', '12376', '6955']",6955,1. **Different floorplan:** E,"1. **Different floorplan:** E
2. **Why:** Floorplan E has a unique arrangement where the living room and dining area are directly adjacent without any intervening space, which is not observed in the other floorplans. In contrast, floorplans A, B, C, and D all have a more traditional layout with a corridor separating the living room from the dining area. This distinct feature makes floorplan E stand out as having a different underlying pattern compared to the others."
"[17, 18]","[7, 1]","['8109', '51240', '70105', '21543', '66316']",8109,1. **Different floorplan:** C,"1. **Different floorplan:** C
2. **Why:** Floorplan C has a unique arrangement of rooms compared to the others. It features a central hallway with a T-shaped layout, which is distinct from the more symmetrical and rectangular layouts of the other floorplans. The other floorplans have a more uniform distribution of rooms around a central core, whereas C has a more complex and less symmetrical design."
"[7, 1]","[17, 18]","['3536', '51240', '16951', '10825', '12376']",51240,1. **Different floorplan:** B,"1. **Different floorplan:** B
2. **Why:** Floorplan B has a unique arrangement where the master room (#FFA500) is positioned in a way that it does not align with the typical central placement seen in the other floorplans. Additionally, the living room (#EEE8AA) and common room (#FFD700) are placed in a manner that differs from the symmetrical and consistent patterns observed in A, C, D, and E. The presence of the balcony (#6B8E23) and bathroom (#ADD8E6) also contributes to the distinct layout compared to the others."
"[17, 18]","[7, 22]","['51240', '21543', '66935', '23132', '6955']",23132,1. **Different floorplan:** D,"1. **Different floorplan:** D
2. **Why:** Floorplan D has a unique arrangement where the living room and kitchen are directly adjacent without any intervening space, unlike the other floorplans which typically have a corridor or another room separating them. This direct adjacency is not seen in A, B, C, or E, making it distinct from the others."
"[17, 21]","[7, 20]","['54372', '9795', '62549', '62454', '78147']",54372,1. **Different floorplan:** A,"1. **Different floorplan:** A
2. **Why:** Floorplan A has a unique arrangement where the master room (#FFA500) is located in the top left corner, which is not typical for the other floorplans. In contrast, the other floorplans have the master room positioned more centrally or towards the bottom right, maintaining a consistent pattern across B, C, D, and E."
"[17, 18]","[7, 1]","['8109', '6955', '21543', '70105', '66935']",8109,1. **Different floorplan:** D,"1. **Different floorplan:** D
2. **Why:** Floorplan D has a unique arrangement where the kitchen is located in the center, surrounded by other rooms, which differs from the other floorplans where the kitchen is typically placed along one side or corner. Additionally, the layout of the other rooms around the kitchen in D appears more compact and symmetrical compared to the more spread-out designs in A, B, C, and E."
"[7, 1]","[17, 21]","['8109', '3536', '12421', '40487', '53652']",40487,1. **Different floorplan:** E,"1. **Different floorplan:** E
2. **Why:** Floorplan E has a unique arrangement where the living room is positioned at the top right corner, unlike the other floorplans which have the living room in the center or bottom left. Additionally, the kitchen in E is located at the bottom right, whereas it is typically found adjacent to the living room in the other floorplans. This distinct placement of rooms suggests a different underlying pattern compared to A, B, C, and D."
"[17, 21]","[7, 3]","['64781', '62454', '40487', '69704', '62549']",64781,1. **Different floorplan:** D,"1. **Different floorplan:** D
2. **Why:** Floorplan D has a unique arrangement where the master room (#FFA500) is positioned in a way that it does not align with the typical central placement seen in the other floorplans. In contrast, the other floorplans have the master room centrally located, which suggests a more symmetrical and standard layout. Additionally, the positioning of the common room (#FFD700) and the living room (#EEE8AA) in relation to the entrance and the rest of the rooms also differs from the others, indicating a distinct pattern."
"[17, 21]","[7, 1]","['9795', '62454', '69704', '78147', '8109']",8109,1. **Different floorplan:** E,"1. **Different floorplan:** E
2. **Why:** Floorplan E has a unique arrangement where the master room (#FFA500) is positioned in the center, surrounded by a common room (#FFD700), a living room (#EEE8AA), and a balcony (#6B8E23). This central placement of the master room is distinct from the other floorplans, which typically have the master room either at one end or centrally located but not surrounded by other rooms in this specific manner."
"[17, 5]","[7, 20]","['54372', '33045', '50221', '7913', '72055']",54372,1. **Different floorplan:** D,"1. **Different floorplan:** D
2. **Why:** Floorplan D has a unique arrangement where the master room (#FFA500) is positioned in a way that it does not align with the typical central placement seen in the other floorplans. In contrast, the other floorplans have the master room centrally located, which is a common pattern in residential designs. Additionally, the layout of the common rooms and living areas in D differs significantly from the others, suggesting a different underlying pattern."
"[7, 1]","[17, 5]","['17550', '72055', '3536', '12421', '53652']",72055,1. **Different floorplan:** E,"1. **Different floorplan:** E
2. **Why:** Floorplan E has a unique arrangement where the living room and dining area are directly adjacent without any intervening space, which is not observed in the other floorplans. In contrast, floorplans A, B, C, and D all have a more traditional layout with a corridor separating the living room from the dining area."
"[17, 21]","[7, 3]","['40487', '62454', '61767', '69704', '9795']",61767,1. **Different floorplan:** C,"1. **Different floorplan:** C
2. **Why:** Floorplan C has a unique arrangement where the master room (#FFA500) is positioned in the center, surrounded by a common room (#FFD700), a living room (#EEE8AA), and a balcony (#6B8E23). This central placement of the master room is distinct from the other floorplans, which typically place the master room either at one end or in a corner. Additionally, the kitchen (#F08080) and dining (#DA70D6) areas are located in different positions compared to the other floorplans, further indicating a different underlying pattern."
"[17, 18]","[7, 20]","['31693', '54372', '6955', '70105', '21408']",54372,1. **Different floorplan:** D,"1. **Different floorplan:** D
2. **Why:** Floorplan D has a unique configuration where the main entrance leads directly into a small room that appears to be a storage area, which is not typical in the other floorplans. In contrast, the other floorplans have more complex layouts with multiple rooms leading from the entrance, such as a common room, living room, and possibly a dining area. Floorplan D's direct access to a storage room suggests a different underlying pattern compared to the others."
"[7, 1]","[17, 21]","['16951', '12421', '3536', '62454', '17550']",62454,1. **Different floorplan:** C,"1. **Different floorplan:** C
2. **Why:** Floorplan C has a unique arrangement where the living room is positioned in the center with a balcony extending from it, which is not present in the other floorplans. The other floorplans have the living room either adjacent to the entrance or at one end of the layout, but not centrally located with a balcony extending from it. This distinctive feature makes floorplan C stand out from the others."
"[17, 21]","[7, 1]","['16951', '9795', '78147', '69704', '62454']",16951,1. **Different floorplan:** B,"1. **Different floorplan:** B
2. **Why:** Floorplan B has a unique arrangement where the master room (#FFA500) is positioned in a way that it does not align with the typical central placement seen in the other floorplans. Additionally, the kitchen (#F08080) is placed adjacent to the master room, which is less common compared to the other floorplans where the kitchen is typically located further away from the master room. This distinct positioning makes floorplan B stand out as having a different underlying pattern."
"[17, 18]","[7, 1]","['6955', '21408', '46660', '53652', '51240']",53652,1. **Different floorplan:** D,"1. **Different floorplan:** D
2. **Why:** Floorplan D has a unique arrangement where the living room and common room are directly adjacent without any intervening space, unlike the other floorplans which have a clear separation between these two rooms. This direct adjacency in D suggests a different underlying pattern compared to the others."
"[17, 21]","[7, 3]","['62549', '40487', '75828', '62454', '69704']",75828,1. **Different floorplan:** E,"1. **Different floorplan:** E
2. **Why:** Floorplan E has a unique arrangement where the living room and common room are directly adjacent without any intervening space, which is not observed in the other floorplans. In contrast, floorplans A, B, C, and D all have a more traditional layout with a corridor separating the living room from the common room."
"[17, 18]","[7, 22]","['66316', '40679', '6955', '51240', '21543']",40679,1. **Different floorplan:** B,"1. **Different floorplan:** B
2. **Why:** Floorplan B has a unique arrangement where the master room (#FFA500) is positioned in a way that it does not align with the typical central placement seen in the other floorplans. Additionally, the living room (#EEE8AA) and common room (#FFD700) are placed in a manner that differs from the symmetrical and consistent patterns observed in A, C, D, and E. The presence of the balcony (#6B8E23) and the positioning of the dining area (#DA70D6) also contribute to the distinctiveness of floorplan B compared to the others."
"[17, 18]","[7, 20]","['31693', '2277', '6955', '51240', '46660']",2277,1. **Different floorplan:** B,"1. **Different floorplan:** B
2. **Why:** Floorplan B has a unique arrangement where the master room (#FFA500) is positioned in a way that it does not align with the typical central placement seen in the other floorplans. Additionally, the living room (#EEE8AA) and common room (#FFD700) are placed in a manner that differs from the symmetrical and consistent patterns observed in A, C, D, and E. The presence of the balcony (#6B8E23) and the positioning of the kitchen (#F08080) also contribute to the distinctiveness of floorplan B compared to the others."
"[7, 1]","[17, 5]","['7913', '3536', '12421', '17550', '16951']",7913,1. **Different floorplan:** E,"1. **Different floorplan:** E
2. **Why:** Floorplan E has a unique arrangement where the living room and dining area are directly adjacent without any intervening space, which is not observed in the other floorplans. In contrast, the other floorplans have a more traditional layout with hallways or additional spaces between the living and dining areas."
"[7, 1]","[17, 5]","['50221', '16951', '53652', '17550', '10825']",50221,1. **Different floorplan:** E,"1. **Different floorplan:** E
2. **Why:** Floorplan E has a unique arrangement where the master room (#FFA500) is positioned in a way that it does not align with the typical central placement seen in the other floorplans. In contrast, the other floorplans have the master room centrally located, which suggests a more symmetrical and standard layout. Additionally, the positioning of the common room (#FFD700) and the living room (#EEE8AA) in relation to the entrance and the rest of the rooms also differs from the others, indicating a distinct pattern."
"[17, 18]","[7, 20]","['51240', '70105', '21408', '46660', '55305']",55305,1. **Different floorplan:** E,"1. **Different floorplan:** E
2. **Why:** Floorplan E has a unique arrangement where the living room and dining area are directly adjacent without any intervening space, which is not observed in the other floorplans. In contrast, the other floorplans have a more traditional layout with hallways or additional spaces separating the living and dining areas."
"[7, 1]","[17, 5]","['12421', '10825', '72055', '53652', '17550']",72055,1. **Different floorplan:** B,"1. **Different floorplan:** B
2. **Why:** Floorplan B has a unique arrangement where the master room (#FFA500) is positioned in the center, surrounded by a common room (#FFD700), a living room (#EEE8AA), and a balcony (#6B8E23). This central placement of the master room is distinct from the other floorplans, which typically place the master room either at one end or in a corner. Additionally, the layout of the rooms around the master room in B is more symmetrical compared to the others, making it stand out as having a different underlying pattern."
"[7, 3]","[17, 18]","['70105', '61767', '52457', '75828', '64781']",70105,1. **Different floorplan:** A,"1. **Different floorplan:** A
2. **Why:** Floorplan A has a unique arrangement of rooms compared to the others. It features a central common room with multiple smaller rooms branching off from it, which is not present in the other floorplans. The other floorplans have more symmetrical layouts with larger, contiguous spaces for living areas and kitchens, whereas A has a more complex and fragmented layout."
"[17, 18]","[7, 1]","['70105', '16951', '6955', '46660', '31693']",16951,1. **Different floorplan:** A,"1. **Different floorplan:** A
2. **Why:** Floorplan A has a unique layout compared to the others. It features a central hallway with a T-junction, which is not present in the other floorplans. The other floorplans have more symmetrical and repetitive patterns, such as a central room with surrounding smaller rooms, which is consistent across B, C, D, and E. Floorplan A's layout introduces an asymmetry that sets it apart from the rest."
"[7, 1]","[17, 5]","['16951', '10825', '53652', '3536', '50221']",50221,1. **Different floorplan:** E,"1. **Different floorplan:** E
2. **Why:** Floorplan E has a unique arrangement where the master room (#FFA500) is positioned in a way that it does not align with the typical central placement seen in the other floorplans. In contrast, the other floorplans have the master room centrally located, which is a common pattern in residential designs. Additionally, the layout of the common rooms and living areas in E is more compact and less symmetrical compared to the others, suggesting a different underlying design philosophy."
"[17, 18]","[7, 1]","['66316', '21543', '12376', '51240', '21408']",12376,1. **Different floorplan:** C,"1. **Different floorplan:** C
2. **Why:** Floorplan C has a distinct arrangement of rooms compared to the others. It features a single large room with a smaller room attached to it, which is not present in the other floorplans. The other floorplans have more complex layouts with multiple interconnected rooms, making them more similar to each other."
"[7, 1]","[17, 18]","['66935', '10825', '53652', '8109', '17550']",66935,1. **Different floorplan:** B,"1. **Different floorplan:** B
2. **Why:** Floorplan B has a unique arrangement where the master room (#FFA500) is positioned in the center, surrounded by a common room (#FFD700), a living room (#EEE8AA), and a balcony (#6B8E23). This central placement of the master room is distinct from the other floorplans, which typically place the master room either at one end or in a corner. Additionally, the layout of the rooms around the master room in B is more symmetrical compared to the others, suggesting a different underlying pattern."
"[17, 18]","[7, 22]","['21408', '23132', '66935', '31693', '21543']",23132,1. **Different floorplan:** E,"1. **Different floorplan:** E
2. **Why:** Floorplan E has a unique arrangement where the master room (#FFA500) is positioned in a way that it does not align with the typical central placement seen in the other floorplans. In contrast, the other floorplans have the master room centrally located, which is a common pattern in residential designs. Additionally, the distribution of other rooms like the common room (#FFD700), living room (#EEE8AA), and kitchen (#F08080) also differs significantly from the others, suggesting a different underlying pattern."
"[17, 18]","[7, 20]","['66935', '55305', '21408', '70105', '51240']",55305,1. **Different floorplan:** D,"1. **Different floorplan:** D
2. **Why:** Floorplan D has a unique arrangement where the kitchen is positioned in a way that it does not align with the typical central placement seen in the other floorplans. Additionally, the living room and common room are placed in a manner that differs from the others, creating a distinct pattern."
"[7, 20]","[17, 18]","['55305', '2277', '54372', '66935', '2425']",66935,1. **Different floorplan:** D,"1. **Different floorplan:** D
2. **Why:** Floorplan D has a unique arrangement where the kitchen is positioned in the center, surrounded by other rooms, which differs from the other floorplans where the kitchen is typically located at one end or another side of the layout. Additionally, the overall symmetry and positioning of the rooms around the central kitchen make it stand out compared to the more linear arrangements in A, B, C, and E."
"[17, 18]","[7, 20]","['66935', '31693', '66316', '54372', '46660']",54372,1. **Different floorplan:** D,"1. **Different floorplan:** D
2. **Why:** Floorplan D has a unique arrangement where the living room and dining area are directly connected without any intervening space, unlike the other floorplans which have a corridor or another room separating them. This direct connection makes it distinct from the others in terms of spatial layout."
"[17, 21]","[7, 22]","['40487', '62549', '62454', '23132', '69704']",23132,1. **Different floorplan:** D,"1. **Different floorplan:** D
2. **Why:** Floorplan D has a unique arrangement where the living room and common room are directly adjacent without any intervening space, unlike the other floorplans which typically have a corridor or another room separating them. This direct adjacency is not seen in A, B, C, or E, making it stand out as having a different underlying pattern."
"[17, 21]","[7, 22]","['62454', '62549', '69704', '40679', '78147']",40679,1. **Different floorplan:** D,"1. **Different floorplan:** D
2. **Why:** Floorplan D has a unique arrangement where the master room (#FFA500) is positioned in the center, surrounded by a common room (#FFD700), a living room (#EEE8AA), and a balcony (#6B8E23). This central placement of the master room is distinct from the other floorplans, which typically have the master room either at one end or centrally located but not surrounded by other rooms in this specific manner."
"[17, 21]","[7, 3]","['69704', '62549', '78147', '9795', '64781']",64781,1. **Different floorplan:** E,"1. **Different floorplan:** E
2. **Why:** Floorplan E has a unique arrangement where the master room (#FFA500) is positioned in a way that it does not align with the typical central placement seen in the other floorplans. In contrast, the other floorplans have the master room centrally located, which is a common pattern in residential designs. Additionally, the layout of the common rooms and living areas in E differs significantly from the others, suggesting a different underlying pattern."
"[17, 21]","[7, 20]","['69704', '2277', '9795', '78147', '40487']",2277,1. **Different floorplan:** B,"1. **Different floorplan:** B
2. **Why:** Floorplan B has an additional room (a small yellow room) that is not present in any of the other floorplans. This extra room disrupts the uniformity of the spatial layout compared to A, C, D, and E, which all have consistent room arrangements without this additional room."
"[7, 1]","[17, 18]","['46660', '8109', '3536', '10825', '16951']",46660,1. **Different floorplan:** C,"1. **Different floorplan:** C
2. **Why:** Floorplan C has a unique arrangement where the master room (#FFA500) is positioned in a way that it does not align with the typical central placement seen in the other floorplans. Additionally, the living room (#EEE8AA) and common room (#FFD700) are placed in a manner that differs from the symmetrical and consistent patterns observed in A, B, D, and E. The presence of the balcony (#6B8E23) and the positioning of the kitchen (#F08080) also contribute to the distinctiveness of floorplan C."
"[17, 21]","[7, 3]","['75828', '62454', '78147', '9795', '62549']",75828,1. **Different floorplan:** D,"1. **Different floorplan:** D
2. **Why:** Floorplan D has a unique arrangement where the master room (#FFA500) is positioned in a way that it does not align with the typical central placement seen in the other floorplans. In contrast, the other floorplans have the master room centrally located, which suggests a more symmetrical and standard layout. Additionally, the positioning of the common room (#FFD700) and the living room (#EEE8AA) in relation to the entrance and the rest of the rooms also differs from the others, indicating a distinct pattern."
"[7, 1]","[17, 18]","['16951', '66316', '53652', '3536', '8109']",66316,1. **Different floorplan:** E,"1. **Different floorplan:** E
2. **Why:** Floorplan E has a unique arrangement where the master room (#FFA500) is positioned in a way that it does not align with the typical central placement seen in the other floorplans. In contrast, the other floorplans have the master room centrally located, which is a common pattern in apartment designs. Additionally, the layout of the common rooms and living areas in floorplan E differs significantly from the others, suggesting a different underlying pattern."
"[17, 18]","[7, 3]","['21408', '31693', '21543', '66316', '61767']",61767,1. **Different floorplan:** E,"1. **Different floorplan:** E
2. **Why:** Floorplan E has a unique arrangement where the living room and dining area are directly adjacent without any intervening space, unlike the other floorplans which typically have a corridor or another room separating them. This direct adjacency is not seen in A, B, C, or D, making it distinct from the others."
"[17, 18]","[7, 1]","['66935', '21543', '53652', '46660', '66316']",53652,1. **Different floorplan:** C,"1. **Different floorplan:** C
2. **Why:** Floorplan C has a distinct arrangement of rooms compared to the others. It features a single large common room with a smaller adjacent room, which is not typical in the other floorplans where the rooms are more evenly distributed and interconnected in a way that suggests a more complex layout. The other floorplans have a more symmetrical and interconnected design, with multiple smaller rooms and bathrooms, whereas C stands out due to its simpler and less interconnected layout."
"[17, 21]","[7, 20]","['78147', '9795', '40487', '62549', '2277']",2277,1. **Different floorplan:** E,"1. **Different floorplan:** E
2. **Why:** Floorplan E has a more complex and irregular layout compared to the others. The other floorplans (A, B, C, and D) have a more consistent and symmetrical arrangement of rooms, with clear and distinct sections for different purposes such as living, dining, kitchen, and bathrooms. Floorplan E, however, features a more intricate design with multiple interconnected spaces that do not follow a simple grid-like pattern, suggesting a different underlying floorplan pattern."
"[17, 18]","[7, 3]","['21408', '52457', '66316', '31693', '46660']",52457,1. **Different floorplan:** B,"1. **Different floorplan:** B
2. **Why:** Floorplan B has a distinct layout compared to the others. It features a single large rectangular area with a smaller section attached to one side, which appears to be a separate unit or an extension rather than a typical room division found in the other floorplans. The other floorplans (A, C, D, and E) all have more complex divisions into multiple rooms, with clear distinctions between different types of spaces such as living areas, bedrooms, and kitchens. Floorplan B's unique structure sets it apart from the rest."
"[17, 18]","[7, 1]","['6955', '12421', '66316', '31693', '46660']",12421,1. **Different floorplan:** E,"1. **Different floorplan:** E
2. **Why:** Floorplan E has a unique arrangement where the master room (#FFA500) is positioned in a way that it does not align with the typical central placement seen in the other floorplans. In contrast, the other floorplans have the master room centrally located, which suggests a more symmetrical and standard layout. Floorplan E's master room is placed towards one side, disrupting the symmetry observed in the others."
"[7, 1]","[17, 18]","['10825', '12421', '66935', '53652', '12376']",66935,1. **Different floorplan:** D,"1. **Different floorplan:** D
2. **Why:** Floorplan D has a unique arrangement where the master room (#FFA500) is positioned in the upper right corner, which is not typical compared to the other floorplans. In contrast, the other floorplans have the master room in the lower left or central position, maintaining a more consistent layout. Additionally, the distribution of other rooms like the common room (#FFD700), living room (#EEE8AA), and kitchen (#F08080) also differs significantly from the others, suggesting a different underlying pattern."
"[17, 18]","[7, 1]","['21543', '70105', '21408', '12376', '66935']",12376,1. **Different floorplan:** D,"1. **Different floorplan:** D
2. **Why:** Floorplan D has a distinct layout compared to the others. It features a single large rectangular section with a smaller rectangular section attached to one side, which is not present in the other floorplans. The other floorplans have more complex arrangements with multiple connected sections, making them more symmetrical and interconnected. Floorplan D stands out due to its simplicity and lack of symmetry, suggesting a different underlying pattern."
"[7, 1]","[17, 21]","['12376', '3536', '16951', '12421', '62454']",62454,1. **Different floorplan:** B,"1. **Different floorplan:** B
2. **Why:** Floorplan B has a unique arrangement where the master room (#FFA500) is positioned in a way that it does not align with the typical central placement seen in the other floorplans. Additionally, the living room (#EEE8AA) and common room (#FFD700) are placed in a manner that differs from the symmetrical and consistent patterns observed in A, C, D, and E. The presence of a balcony (#6B8E23) at the bottom right corner also stands out as an unusual feature compared to the other floorplans."
"[17, 18]","[7, 1]","['3536', '66935', '21408', '31693', '46660']",3536,1. **Different floorplan:** E,"1. **Different floorplan:** E
2. **Why:** Floorplan E has a unique arrangement where the master room (#FFA500) is positioned in a way that it does not align with the typical central placement seen in the other floorplans. In contrast, the other floorplans have the master room centrally located, which is a common pattern in apartment designs. Additionally, the distribution of other rooms like the common room (#FFD700), living room (#EEE8AA), and kitchen (#F08080) also differs significantly from the others, suggesting a different underlying pattern."
"[17, 21]","[7, 22]","['69704', '40487', '78147', '62549', '23132']",23132,1. **Different floorplan:** E,"1. **Different floorplan:** E
2. **Why:** Floorplan E has a unique arrangement where the living room and dining area are directly adjacent without any intervening space, which is not observed in the other floorplans. In contrast, the other floorplans have a more traditional layout with hallways or additional spaces separating the living and dining areas."
"[17, 18]","[7, 1]","['66935', '70105', '21408', '31693', '17550']",17550,1. **Different floorplan:** B,"1. **Different floorplan:** B
2. **Why:** Floorplan B has a unique arrangement where the master room (#FFA500) is positioned in a way that it does not align with the typical central placement seen in the other floorplans. Additionally, the kitchen (#F08080) and dining area (#DA70D6) are placed in a manner that differs from the others, creating a distinct pattern."
"[17, 21]","[7, 1]","['9795', '78147', '12421', '62454', '69704']",12421,1. **Different floorplan:** E,"1. **Different floorplan:** E
2. **Why:** Floorplan E has a unique arrangement where the master room (#FFA500) is positioned in a way that it does not align with the typical central placement seen in the other floorplans. In contrast, the other floorplans have the master room centrally located, which suggests a more symmetrical and standard layout. Additionally, the positioning of the common room (#FFD700) and the living room (#EEE8AA) in relation to the entrance and the rest of the rooms also differs from the others, indicating a distinct pattern."
"[7, 1]","[17, 21]","['8109', '16951', '10825', '40487', '3536']",40487,1. **Different floorplan:** E,"1. **Different floorplan:** E
2. **Why:** Floorplan E has a unique layout compared to the others. It features a large open space that spans across the entire width of the floorplan, which is not present in the other floorplans. This open space is likely designed as a living area or a combined living-dining space, but it lacks the distinct separation into smaller rooms that the other floorplans exhibit. The other floorplans have more defined sections with clear boundaries between different room types, such as a kitchen, dining area, and bedrooms, which are not as prominent in floorplan E."
"[17, 18]","[7, 22]","['51240', '46660', '66316', '21408', '40679']",40679,1. **Different floorplan:** E,"1. **Different floorplan:** E
2. **Why:** Floorplan E has a unique arrangement where the living room and dining area are directly adjacent without any intervening space, which is not observed in the other floorplans. In contrast, floorplans A, B, C, and D all have a common pattern where the living room and dining area are separated by a hallway or another room type, such as a common room or storage. This distinct layout makes floorplan E stand out from the others."
"[7, 1]","[17, 18]","['12421', '12376', '53652', '46660', '16951']",46660,1. **Different floorplan:** C,"1. **Different floorplan:** C
2. **Why:** Floorplan C has a unique arrangement where the master room (#FFA500) is positioned in a way that it does not align with the typical central placement seen in the other floorplans. Additionally, the kitchen (#F08080) is located at the far end of the floorplan, which is less common compared to the other floorplans where the kitchen is usually closer to the entrance. This distinct placement makes C stand out from the others."
"[17, 18]","[7, 20]","['21543', '6955', '54372', '51240', '31693']",54372,1. **Different floorplan:** C,"1. **Different floorplan:** C
2. **Why:** Floorplan C has a distinct arrangement of rooms compared to the others. It features a central hallway with a master room on one side and a common room on the opposite side, which is not present in the other floorplans. The other floorplans have a more symmetrical and interconnected layout, with multiple rooms branching off from a central area, whereas C has a linear arrangement with a clear separation between the two main rooms."
"[7, 1]","[17, 21]","['62549', '3536', '8109', '16951', '12421']",62549,1. **Different floorplan:** E,"1. **Different floorplan:** E
2. **Why:** Floorplan E has a unique arrangement where the living room is positioned at the top right corner, which is not typical in the other floorplans. In contrast, the other floorplans have the living room centrally located or towards the bottom left, with the master room usually adjacent to it. Additionally, the placement of the common room and the kitchen also differs significantly from the others, making E stand out as having a different underlying pattern."
"[17, 21]","[7, 20]","['9795', '62454', '2425', '78147', '62549']",2425,1. **Different floorplan:** C,"1. **Different floorplan:** C
2. **Why:** Floorplan C has a unique arrangement where the master room (#FFA500) is positioned in the center, surrounded by a common room (#FFD700), a living room (#EEE8AA), and a balcony (#6B8E23). This central placement of the master room is distinct from the other floorplans, which typically have the master room either at one end or centrally located but not surrounded by other rooms in this specific manner. Additionally, the spatial distribution of the other rooms around the master room in C is more compact compared to the other floorplans, suggesting a different underlying pattern."
"[17, 18]","[7, 22]","['6955', '46660', '40679', '21408', '31693']",40679,1. **Different floorplan:** C,"1. **Different floorplan:** C
2. **Why:** Floorplan C has a unique arrangement where the master room (#FFA500) is positioned in a way that it does not align with the typical central placement seen in the other floorplans. In contrast, the other floorplans have the master room centrally located, which suggests a more symmetrical and standard layout. Additionally, the distribution of other rooms around the master room in C appears less uniform compared to the others, indicating a different underlying pattern."
"[7, 1]","[17, 18]","['53652', '12376', '12421', '16951', '66935']",66935,1. **Different floorplan:** E,"1. **Different floorplan:** E
2. **Why:** Floorplan E has a unique arrangement where the master room (#FFA500) is positioned in a way that it does not align with the typical central placement seen in the other floorplans. In contrast, the other floorplans have the master room centrally located, which suggests a more symmetrical and standard layout. Additionally, the positioning of the common room (#FFD700) and the living room (#EEE8AA) in relation to the entrance and the rest of the rooms also differs from the others, indicating a distinct pattern."
"[7, 1]","[17, 18]","['17550', '70105', '8109', '3536', '16951']",70105,1. **Different floorplan:** B,"1. **Different floorplan:** B
2. **Why:** Floorplan B has a unique arrangement where the master room (#FFA500) is positioned in a way that it does not align with the typical central placement seen in the other floorplans. Additionally, the kitchen (#F08080) and dining area (#DA70D6) are placed in a manner that disrupts the symmetry observed in the other floorplans. The other floorplans (A, C, D, and E) maintain a more consistent layout with the master room centrally located and the kitchen and dining areas symmetrically placed around it."
"[17, 18]","[7, 22]","['23132', '66316', '21408', '70105', '51240']",23132,1. **Different floorplan:** D,"1. **Different floorplan:** D
2. **Why:** Floorplan D has a unique arrangement where the kitchen is located in the center, surrounded by other rooms, which differs from the other floorplans where the kitchen is typically placed along one side or corner. Additionally, the layout of the other rooms around the kitchen in D appears more compact and symmetrical compared to the more scattered and varied layouts in A, B, C, and E."
"[7, 1]","[17, 5]","['7913', '12421', '3536', '17550', '53652']",7913,1. **Different floorplan:** E,"1. **Different floorplan:** E
2. **Why:** Floorplan E has a unique arrangement where the living room and dining area are directly adjacent without any intervening space, which is not observed in the other floorplans. In contrast, the other floorplans have a more traditional layout with hallways or additional spaces separating the living and dining areas."
"[17, 5]","[7, 1]","['50221', '7913', '53652', '33045', '72055']",53652,1. **Different floorplan:** C,"1. **Different floorplan:** C
2. **Why:** Floorplan C has a unique arrangement where the master room (#FFA500) is positioned in the center, surrounded by a common room (#FFD700), a living room (#EEE8AA), and a balcony (#6B8E23). This central placement of the master room is distinct from the other floorplans, which typically place the master room either at one end or in a corner. Additionally, the kitchen (#F08080) and dining (#DA70D6) areas are located in different positions compared to the other floorplans, further indicating a different underlying pattern."
"[17, 18]","[7, 1]","['21543', '31693', '66316', '46660', '10825']",10825,1. **Different floorplan:** E,"1. **Different floorplan:** E
2. **Why:** Floorplan E has a unique arrangement where the living room and dining area are directly adjacent without any intervening space, which is not present in the other floorplans. In contrast, floorplans A, B, C, and D all have a common pattern where the living room and dining area are separated by a hallway or another room type, such as a common room or storage. This distinct layout makes floorplan E stand out from the others."
"[7, 1]","[17, 21]","['12376', '10825', '78147', '53652', '3536']",78147,1. **Different floorplan:** E,"1. **Different floorplan:** E
2. **Why:** Floorplan E has a unique layout compared to the others. It features a large open space that spans across multiple rooms without any clear division into distinct sections like the other floorplans. The other floorplans have more defined areas with walls separating different spaces, making them easier to identify individual rooms such as living rooms, bedrooms, and kitchens. Floorplan E's open layout suggests it might be designed differently, possibly as a studio or a very spacious living area without traditional room divisions."
"[17, 18]","[7, 1]","['21408', '12376', '21543', '66935', '66316']",12376,1. **Different floorplan:** B,"1. **Different floorplan:** B
2. **Why:** Floorplan B has a unique arrangement where the master room (#FFA500) is positioned in a way that it does not align with the typical central placement seen in the other floorplans. In contrast, the other floorplans have the master room centrally located, which suggests a more symmetrical and standard layout. Additionally, the positioning of the common room (#FFD700) and the living room (#EEE8AA) in relation to the entrance and the rest of the rooms also differs from the others, indicating a distinct pattern."
"[7, 1]","[17, 5]","['8109', '3536', '33045', '10825', '17550']",33045,1. **Different floorplan:** C,"1. **Different floorplan:** C
2. **Why:** Floorplan C has a unique arrangement where the master room (#FFA500) is positioned at the top right corner, which is not seen in the other floorplans. All other floorplans have the master room either in the center or towards the bottom left, making C stand out with its distinct placement."
"[17, 18]","[7, 20]","['51240', '66316', '6955', '46660', '55305']",55305,1. **Different floorplan:** E,"1. **Different floorplan:** E
2. **Why:** Floorplan E has a unique arrangement where the living room and dining area are directly adjacent without any intervening space, which is not observed in the other floorplans. In contrast, floorplans A, B, C, and D all have a common pattern where the living room and dining area are separated by a hallway or another room type, such as a kitchen or storage. This distinct layout makes floorplan E stand out from the others."
"[17, 18]","[7, 22]","['31693', '70105', '66935', '51240', '31113']",31113,1. **Different floorplan:** E,"1. **Different floorplan:** E
2. **Why:** Floorplan E has a distinct layout compared to the others. It features a single large room with a smaller room attached to one side, which is not present in the other floorplans. The other floorplans have more complex layouts with multiple interconnected rooms, making them more similar to each other."
"[17, 21]","[7, 1]","['78147', '62549', '12376', '69704', '9795']",12376,1. **Different floorplan:** C,"1. **Different floorplan:** C
2. **Why:** Floorplan C has a unique arrangement where the master room (#FFA500) is positioned in the center, surrounded by a common room (#FFD700), a living room (#EEE8AA), and a balcony (#6B8E23). This central placement of the master room is distinct from the other floorplans, which typically have the master room either at one end or centrally but not surrounded by other rooms in this specific manner."
"[17, 18]","[7, 1]","['66935', '21543', '21408', '12421', '51240']",12421,1. **Different floorplan:** C,"1. **Different floorplan:** C
2. **Why:** Floorplan C has a unique arrangement where the master room (#FFA500) is positioned in a way that it does not align with the typical central placement seen in the other floorplans. In contrast, the other floorplans have the master room centrally located, which suggests a more symmetrical and standard layout. Additionally, the positioning of the common room (#FFD700) and the living room (#EEE8AA) in relation to the entrance and the rest of the rooms also differs from the others, indicating a distinct pattern."
"[17, 18]","[7, 3]","['31693', '64781', '66316', '51240', '46660']",64781,1. **Different floorplan:** B,"1. **Different floorplan:** B
2. **Why:** Floorplan B has a unique arrangement where the master room (#FFA500) is positioned in a way that it does not align with the typical central placement seen in the other floorplans. Additionally, the living room (#EEE8AA) and common room (#FFD700) are placed in a manner that differs from the symmetrical and consistent patterns observed in A, C, D, and E. The presence of the balcony (#6B8E23) and the positioning of the kitchen (#F08080) also contribute to the distinctiveness of floorplan B compared to the others."
"[7, 1]","[17, 5]","['53652', '8109', '72055', '12421', '10825']",72055,1. **Different floorplan:** C,"1. **Different floorplan:** C
2. **Why:** Floorplan C has a distinct arrangement of rooms compared to the others. It features a central hallway with a master room directly connected to it, which is not present in the other floorplans. The other floorplans have more complex layouts with multiple interconnected rooms, but they all share a similar overall structure around a central core. Floorplan C's layout is simpler and more linear, making it stand out from the rest."
"[7, 1]","[17, 18]","['12376', '12421', '70105', '8109', '17550']",70105,1. **Different floorplan:** C,"1. **Different floorplan:** C
2. **Why:** Floorplan C has a unique layout compared to the others. It features a central hallway with a T-junction, which is not present in the other floorplans. The other floorplans have more symmetrical and uniform layouts, with either a single entrance leading directly into a larger space or a more linear progression of rooms. Floorplan C's central hallway and T-junction make it distinct from the rest."
