base_cluster,other_cluster,options,outlier_id,predicted_id,raw_response
"[17, 21]","[7, 3]","['62454', '9795', '69704', '62549', '64781']",64781,1. **Different floorplan:** E,"1. **Different floorplan:** E
2. **Why:** Floorplan E has a unique arrangement where the master room (#FFA500) is positioned in a way that it does not align with the typical central placement seen in the other floorplans. In contrast, the other floorplans have the master room centrally located, which is a common pattern in residential designs. Additionally, the overall layout of E appears more compact and less symmetrical compared to the others, suggesting a different underlying design philosophy."
"[7, 1]","[17, 21]","['40487', '3536', '53652', '12421', '10825']",40487,1. **Different floorplan:** B,"1. **Different floorplan:** B
2. **Why:** Floorplan B has a unique arrangement where the master room (#FFA500) is positioned in a way that it does not align with the typical central placement seen in the other floorplans. Additionally, the kitchen (#F08080) is located at the far end of the floorplan, which is less common compared to the other floorplans where the kitchen is usually closer to the entrance. This distinct positioning makes floorplan B stand out from the others."
"[17, 18]","[7, 22]","['23132', '21408', '6955', '66935', '21543']",23132,1. **Different floorplan:** E,"1. **Different floorplan:** E
2. **Why:** Floorplan E has a unique arrangement where the master room (#FFA500) is positioned in a way that it does not align with the typical central placement seen in the other floorplans. In contrast, the other floorplans have the master room centrally located, which suggests a more symmetrical and standard layout. Additionally, the distribution of other rooms around the master room in E is less uniform compared to the others, indicating a different underlying pattern."
"[17, 18]","[7, 1]","['70105', '21408', '66316', '12376', '21543']",12376,1. **Different floorplan:** D,"1. **Different floorplan:** D
2. **Why:** Floorplan D has a unique arrangement where the master room (#FFA500) is positioned in a way that it does not align with the typical central placement seen in the other floorplans. In contrast, the other floorplans have the master room centrally located, which suggests a more symmetrical and standard layout. Additionally, the distribution of other rooms around the master room in D appears less uniform compared to the others."
"[17, 18]","[7, 20]","['2425', '66316', '21408', '46660', '21543']",2425,1. **Different floorplan:** E,"1. **Different floorplan:** E
2. **Why:** Floorplan E has a unique arrangement where the master room (#FFA500) is positioned in a way that it does not align with the typical central placement seen in the other floorplans. In contrast, the other floorplans have the master room centrally located, which is a common pattern in residential designs. Additionally, the distribution of other rooms like the common room (#FFD700), living room (#EEE8AA), and kitchen (#F08080) also differs significantly from the others, suggesting a different underlying pattern."
"[7, 1]","[17, 21]","['3536', '16951', '62549', '10825', '12421']",62549,1. **Different floorplan:** C,"1. **Different floorplan:** C
2. **Why:** Floorplan C has a unique arrangement where the master room (#FFA500) is positioned in a way that it does not align with the typical central placement seen in the other floorplans. In contrast, the other floorplans have the master room centrally located, which suggests a more symmetrical and standard layout. Additionally, the positioning of the common room (#FFD700) and the living room (#EEE8AA) in relation to the entrance and the rest of the rooms also differs from the others, indicating a distinct pattern."
"[7, 1]","[17, 21]","['62454', '53652', '12421', '17550', '8109']",62454,1. **Different floorplan:** B,"1. **Different floorplan:** B
2. **Why:** Floorplan B has a unique arrangement where the master room (#FFA500) is positioned in a way that it does not align with the typical central placement seen in the other floorplans. Additionally, the kitchen (#F08080) and dining area (#DA70D6) are placed in a manner that differs from the standard layout observed in A, C, D, and E. The presence of a balcony (#6B8E23) in an unusual location also contributes to the distinctiveness of floorplan B."
"[17, 18]","[7, 3]","['52457', '66316', '31693', '6955', '46660']",52457,1. **Different floorplan:** A,"1. **Different floorplan:** A
2. **Why:** Floorplan A has a unique arrangement where the common room is positioned at the top left corner, which is not seen in the other floorplans. All other floorplans have the common room either centrally located or towards the bottom right, making A distinct from the rest."
"[17, 18]","[7, 3]","['70105', '31693', '52457', '51240', '21543']",52457,1. **Different floorplan:** C,"1. **Different floorplan:** C
2. **Why:** Floorplan C has a distinct layout compared to the others. It features a single large rectangular section with a smaller section attached at one end, which is not present in the other floorplans. The other floorplans have more complex arrangements with multiple connected sections, making them more uniform in their overall design."
"[7, 1]","[17, 21]","['53652', '3536', '12376', '8109', '62549']",62549,1. **Different floorplan:** E,"1. **Different floorplan:** E
2. **Why:** Floorplan E has a unique arrangement where the living room and dining area are positioned in a way that they do not align with the typical layout seen in the other four floorplans. In contrast, the other four floorplans have a more consistent layout where the living room and dining area are adjacent and follow a similar pattern. Floorplan E introduces an additional element (the yellow section) that disrupts this pattern, making it stand out as having a different underlying floorplan pattern."
"[17, 21]","[7, 1]","['78147', '62549', '69704', '12376', '62454']",12376,1. **Different floorplan:** D,"1. **Different floorplan:** D
2. **Why:** Floorplan D has a unique arrangement where the master room (#FFA500) is positioned in the top right corner, which is not seen in the other floorplans. All other floorplans have the master room in the bottom left corner. This distinct placement makes it the one with a different underlying pattern."
"[17, 18]","[7, 20]","['66316', '31693', '51240', '2425', '66935']",2425,1. **Different floorplan:** D,"1. **Different floorplan:** D
2. **Why:** Floorplan D has a unique arrangement where the living room and dining area are directly adjacent without any intervening space, unlike the other floorplans which typically have a corridor or another room between them. This direct adjacency is not seen in A, B, C, or E, making it distinct from the others."
"[17, 21]","[7, 20]","['55305', '62454', '69704', '9795', '78147']",55305,1. **Different floorplan:** A,"1. **Different floorplan:** A
2. **Why:** Floorplan A has a unique arrangement where the common room and the master room are adjacent and share a wall, which is not present in the other floorplans. In contrast, the other floorplans have the common room and the master room separated by a hallway or an open space, making them more consistent with each other in terms of layout."
"[17, 18]","[7, 3]","['31693', '21408', '66316', '66935', '75828']",75828,1. **Different floorplan:** B,"1. **Different floorplan:** B
2. **Why:** Floorplan B has an additional section extending from the main entrance that is not present in the other floorplans. This extra section disrupts the uniformity of the spatial layout compared to A, C, D, and E, which all have a more consistent and symmetrical arrangement of rooms around the central core."
"[17, 21]","[7, 22]","['69704', '31113', '62549', '40487', '78147']",31113,1. **Different floorplan:** B,"1. **Different floorplan:** B
2. **Why:** Floorplan B has a unique arrangement where the master room (#FFA500) is positioned in the center, surrounded by other rooms, which is not typical in the other floorplans. The other floorplans have the master room either at one end or in a corner, with the rest of the rooms distributed around it in a more symmetrical manner."
"[7, 1]","[17, 18]","['70105', '8109', '12376', '12421', '3536']",70105,1. **Different floorplan:** E,"1. **Different floorplan:** E
2. **Why:** Floorplan E has a distinct layout compared to the others. It features a single large room with a balcony attached to one side, which is not present in the other floorplans. The other floorplans have more complex layouts with multiple rooms and different configurations around the main entrance."
"[17, 21]","[7, 1]","['8109', '40487', '69704', '62549', '62454']",8109,1. **Different floorplan:** A,"1. **Different floorplan:** A
2. **Why:** Floorplan A has a unique arrangement where the master room (#FFA500) is positioned in the lower left corner, which is not typical for the other floorplans. In contrast, the other floorplans have the master room in the upper right corner, maintaining a consistent pattern across B, C, D, and E. This distinct placement makes A stand out as having a different underlying pattern."
"[17, 18]","[7, 3]","['66316', '66935', '6955', '75828', '51240']",75828,1. **Different floorplan:** D,"1. **Different floorplan:** D
2. **Why:** Floorplan D has a unique arrangement where the master room (#FFA500) is positioned in a way that it does not align with the typical central placement seen in the other floorplans. In contrast, the other floorplans have the master room centrally located, which suggests a more symmetrical and standard layout. Additionally, the positioning of the common room (#FFD700) and the living room (#EEE8AA) in relation to the entrance and the rest of the rooms also differs from the others, indicating a distinct pattern."
"[17, 18]","[7, 22]","['66935', '46660', '70105', '23132', '21543']",23132,1. **Different floorplan:** E,"1. **Different floorplan:** E
2. **Why:** Floorplan E has a unique arrangement where the master room (#FFA500) is positioned in a way that it does not align with the typical central placement seen in the other floorplans. In contrast, the other floorplans have the master room centrally located, which suggests a more symmetrical and standard layout. Additionally, the distribution of other rooms around the master room in E is less uniform compared to the others, indicating a different underlying pattern."
"[17, 18]","[7, 3]","['70105', '6955', '66316', '21408', '61767']",61767,1. **Different floorplan:** E,"1. **Different floorplan:** E
2. **Why:** Floorplan E has a unique arrangement where the living room and dining area are directly adjacent without any intervening space, which is not observed in the other floorplans. In contrast, floorplans A, B, C, and D all have a common pattern where the living room and dining area are separated by a hallway or another room, creating a more traditional flow from the entrance into the living and dining areas."
"[17, 18]","[7, 1]","['6955', '66935', '3536', '31693', '70105']",3536,1. **Different floorplan:** C,"1. **Different floorplan:** C
2. **Why:** Floorplan C has a unique arrangement where the master room (#FFA500) is positioned at the top right corner, which is not seen in the other floorplans. All other floorplans have the master room either in the center or towards the bottom left, making C stand out with its distinct placement."
"[17, 21]","[7, 1]","['9795', '69704', '62549', '40487', '17550']",17550,1. **Different floorplan:** E,"1. **Different floorplan:** E
2. **Why:** Floorplan E has a unique arrangement where the master room (#FFA500) is positioned in the upper right corner, which is not typical in the other floorplans. In contrast, the other floorplans have the master room in the lower left corner, maintaining a consistent pattern across A, B, C, and D."
"[17, 18]","[7, 1]","['51240', '70105', '31693', '17550', '46660']",17550,1. **Different floorplan:** D,"1. **Different floorplan:** D
2. **Why:** Floorplan D has a unique arrangement where the master room (#FFA500) is positioned in a way that it does not align with the typical central placement seen in the other floorplans. In contrast, the other floorplans have the master room centrally located, which suggests a more symmetrical and standard layout. Additionally, the positioning of the common room (#FFD700) and the living room (#EEE8AA) in relation to the entrance and the rest of the rooms also differs from the others, indicating a distinct pattern."
"[7, 1]","[17, 18]","['3536', '46660', '12376', '10825', '17550']",46660,1. **Different floorplan:** B,"1. **Different floorplan:** B
2. **Why:** Floorplan B is the only one that has an additional room (pink room) that is not present in the other four floorplans. This extra room disrupts the uniformity of the spatial layout compared to A, C, D, and E, which all have a consistent arrangement of rooms without any additional elements."
"[17, 18]","[7, 1]","['12376', '6955', '21543', '21408', '46660']",12376,1. **Different floorplan:** D,"1. **Different floorplan:** D
2. **Why:** Floorplan D has a unique arrangement where the master room (#FFA500) is positioned in a way that it does not align with the typical central placement seen in the other floorplans. In contrast, the other floorplans have the master room centrally located, which suggests a more symmetrical and standard layout. Additionally, the distribution of other rooms like the common room (#FFD700), living room (#EEE8AA), and kitchen (#F08080) also differs from the others, indicating a distinct underlying pattern."
"[7, 20]","[17, 21]","['54372', '2425', '2277', '55305', '9795']",9795,1. **Different floorplan:** E,"1. **Different floorplan:** E
2. **Why:** Floorplan E has a unique arrangement where the living room and common room are stacked vertically, with the living room on top and the common room below. This vertical stacking is not present in any of the other floorplans, which all have horizontal arrangements of the living room and common room. Additionally, the kitchen and storage areas in E are positioned differently compared to the other floorplans, further distinguishing it from them."
"[7, 3]","[17, 21]","['64781', '78147', '75828', '61767', '52457']",78147,1. **Different floorplan:** E,"1. **Different floorplan:** E
2. **Why:** Floorplan E has a unique arrangement where the master room (#FFA500) is positioned in the upper right corner, which is not typical in the other floorplans. In contrast, the other floorplans have the master room in more central positions, often adjacent to the living room or kitchen. This distinct placement makes E stand out from the others."
"[7, 1]","[17, 5]","['17550', '53652', '12421', '33045', '16951']",33045,1. **Different floorplan:** D,"1. **Different floorplan:** D
2. **Why:** Floorplan D has a unique arrangement where the master room (#FFA500) is positioned in a way that it does not align with the common room (#FFD700) and the living room (#EEE8AA) in the same horizontal line as seen in the other floorplans. Additionally, the kitchen (#F08080) and dining (#DA70D6) areas are placed differently compared to the rest, creating a distinct pattern."
"[17, 18]","[7, 22]","['21408', '23132', '66935', '46660', '6955']",23132,1. **Different floorplan:** E,"1. **Different floorplan:** E
2. **Why:** Floorplan E has a unique arrangement where the master room (#FFA500) is positioned in a way that it does not align with the typical central placement seen in the other floorplans. In contrast, the other floorplans have the master room centrally located, which suggests a more symmetrical and standard layout. Additionally, the positioning of the common room (#FFD700) and the living room (#EEE8AA) in relation to the entrance and the rest of the rooms also differs from the others, indicating a distinct pattern."
"[17, 18]","[7, 3]","['51240', '21408', '31693', '46660', '64781']",64781,1. **Different floorplan:** E,"1. **Different floorplan:** E
2. **Why:** Floorplan E has a unique arrangement where the master room (#FFA500) is positioned in a way that it does not align with the typical central placement seen in the other floorplans. In contrast, the other floorplans have the master room centrally located, which is a common pattern in residential designs. Additionally, the layout of the common rooms and living areas in E is more compact and less symmetrical compared to the others, suggesting a different underlying design philosophy."
"[17, 18]","[7, 20]","['2425', '21543', '21408', '70105', '51240']",2425,1. **Different floorplan:** B,"1. **Different floorplan:** B
2. **Why:** Floorplan B has a unique arrangement of rooms compared to the others. It features a central hallway with a staircase leading up to an upper level, which is not present in the other floorplans. The other floorplans have more symmetrical layouts without a central staircase."
"[7, 1]","[17, 21]","['12376', '10825', '3536', '78147', '16951']",78147,1. **Different floorplan:** C,"1. **Different floorplan:** C
2. **Why:** Floorplan C has a unique arrangement where the master room (#FFA500) is positioned in the top left corner, which is not typical for the other floorplans. In contrast, the other floorplans have the master room either centrally located or in a more standard position relative to the entrance. Additionally, the distribution of other rooms like the common room (#FFD700), living room (#EEE8AA), and kitchen (#F08080) differs significantly from the others, suggesting a different underlying pattern."
"[7, 22]","[17, 21]","['31113', '23132', '78147', '79411', '40679']",78147,1. **Different floorplan:** C,"1. **Different floorplan:** C
2. **Why:** Floorplan C has a unique arrangement where the master room (#FFA500) is positioned at the top right corner, which is not typical in the other floorplans. In contrast, the other floorplans have the master room either centrally located or towards the bottom left, maintaining a more consistent pattern. Additionally, the layout of the common rooms and living areas in C differs significantly from the others, making it stand out as having a different underlying pattern."
"[7, 1]","[17, 18]","['17550', '16951', '8109', '51240', '12376']",51240,1. **Different floorplan:** D,"1. **Different floorplan:** D
2. **Why:** Floorplan D has an additional section extending from the main body of the apartment, which is not present in the other floorplans. This extra section disrupts the uniformity of the spatial layout compared to A, B, C, and E, where all sections appear to be part of a continuous and symmetrical design."
"[7, 1]","[17, 21]","['10825', '8109', '53652', '62549', '12376']",62549,1. **Different floorplan:** D,"1. **Different floorplan:** D
2. **Why:** Floorplan D has a unique arrangement where the living room and dining area are directly adjacent without any intervening space, unlike the other floorplans which typically have a corridor or another room separating them. This direct adjacency is not seen in A, B, C, or E, making it stand out as having a different underlying pattern."
"[7, 1]","[17, 21]","['62549', '8109', '12421', '12376', '16951']",62549,1. **Different floorplan:** E,"1. **Different floorplan:** E
2. **Why:** Floorplan E has a unique arrangement where the master room (#FFA500) is positioned in the lower right corner, which is not typical in the other floorplans. In contrast, the other floorplans have the master room in the upper left or central position. Additionally, the layout of the common rooms and living areas in floorplan E differs significantly from the others, making it stand out as having a different underlying pattern."
"[17, 18]","[7, 20]","['54372', '66935', '51240', '6955', '21543']",54372,1. **Different floorplan:** E,"1. **Different floorplan:** E
2. **Why:** Floorplan E has a unique arrangement where the master room (#FFA500) is positioned in a way that it does not align with the typical central placement seen in the other floorplans. In contrast, the other floorplans have the master room centrally located, which suggests a more symmetrical and standard layout. Additionally, the distribution of other rooms around the master room in E is less uniform compared to the others, indicating a different underlying pattern."
"[7, 1]","[17, 18]","['66316', '12376', '17550', '3536', '16951']",66316,1. **Different floorplan:** D,"1. **Different floorplan:** D
2. **Why:** Floorplan D has a unique arrangement where the master room (#FFA500) is positioned in a way that it does not align with the typical central placement seen in the other floorplans. In contrast, the other floorplans have the master room centrally located, which suggests a more symmetrical and standard layout. Additionally, the distribution of other rooms like the common room (#FFD700), living room (#EEE8AA), and balcony (#6B8E23) also differs from the others, indicating a distinct pattern."
"[17, 18]","[7, 1]","['46660', '21543', '21408', '53652', '6955']",53652,1. **Different floorplan:** D,"1. **Different floorplan:** D
2. **Why:** Floorplan D has a unique arrangement where the master room (#FFA500) is positioned in a way that it does not align with the typical central placement seen in the other floorplans. In contrast, the other floorplans have the master room centrally located, which suggests a more symmetrical and standard layout. Additionally, the positioning of the common room (#FFD700) and the living room (#EEE8AA) in relation to the entrance and the rest of the floor plan differs significantly from the others, indicating a different underlying pattern."
"[7, 1]","[17, 5]","['10825', '8109', '17550', '12421', '33045']",33045,1. **Different floorplan:** E,"1. **Different floorplan:** E
2. **Why:** Floorplan E has a unique arrangement where the living room and dining area are combined into one large space, which is not present in the other floorplans. In contrast, the other floorplans have distinct separate living rooms and dining areas. Additionally, the overall layout of E is more compact compared to the others, with fewer distinct sections."
"[17, 18]","[7, 20]","['55305', '51240', '21543', '21408', '31693']",55305,1. **Different floorplan:** E,"1. **Different floorplan:** E
2. **Why:** Floorplan E has a distinct arrangement of rooms compared to the others. It features a single large common room with a smaller adjacent room, which is not typical in the other floorplans where the rooms are more evenly distributed and interconnected in a way that suggests a more complex layout. The other floorplans have a more symmetrical and interconnected design, with multiple smaller rooms leading off from a central area, which is not present in floorplan E."
"[17, 18]","[7, 20]","['66935', '2277', '70105', '31693', '51240']",2277,1. **Different floorplan:** E,"1. **Different floorplan:** E
2. **Why:** Floorplan E has a unique arrangement where the master room (#FFA500) is positioned in a way that it does not align with the typical central placement seen in the other floorplans. In contrast, the other floorplans have the master room centrally located, which suggests a more symmetrical and standard layout. Floorplan E's master room is placed towards one side, disrupting the symmetry observed in the others."
"[17, 18]","[7, 1]","['21408', '66316', '8109', '31693', '66935']",8109,1. **Different floorplan:** C,"1. **Different floorplan:** C
2. **Why:** Floorplan C has a unique arrangement where the master room (#FFA500) is positioned in a way that it does not align with the typical central placement seen in the other floorplans. In contrast, the other floorplans have the master room centrally located, which suggests a more symmetrical and standard layout. Additionally, the positioning of the common room (#FFD700) and the living room (#EEE8AA) in relation to the entrance and the rest of the rooms also differs from the others, indicating a distinct pattern."
"[17, 18]","[7, 20]","['46660', '2277', '66316', '31693', '6955']",2277,1. **Different floorplan:** B,"1. **Different floorplan:** B
2. **Why:** Floorplan B has a unique arrangement where the master room (#FFA500) is positioned in a way that it does not align with the typical central placement seen in the other floorplans. Additionally, the living room (#EEE8AA) and common room (#FFD700) are placed in a manner that differs from the symmetrical and consistent patterns observed in A, C, D, and E. The presence of the balcony (#6B8E23) and the positioning of the dining area (#DA70D6) also contribute to the distinctiveness of floorplan B compared to the others."
"[17, 18]","[7, 22]","['31693', '51240', '31113', '66935', '46660']",31113,1. **Different floorplan:** B,"1. **Different floorplan:** B
2. **Why:** Floorplan B has a unique arrangement where the master room (#FFA500) is positioned in a way that it does not align with the typical central placement seen in the other floorplans. Additionally, the living room (#EEE8AA) and common room (#FFD700) are placed in a manner that differs from the symmetrical and consistent patterns observed in A, C, D, and E. The presence of the balcony (#6B8E23) and the positioning of the dining area (#DA70D6) also contribute to the distinctiveness of floorplan B compared to the others."
"[17, 18]","[7, 22]","['21543', '23132', '66316', '21408', '6955']",23132,1. **Different floorplan:** D,"1. **Different floorplan:** D
2. **Why:** Floorplan D has a unique arrangement where the master room (#FFA500) is positioned in a way that it does not align with the typical central placement seen in the other floorplans. In contrast, the other floorplans have the master room centrally located, which suggests a more symmetrical and standard layout. Additionally, the distribution of other rooms around the master room in D appears less uniform compared to the others."
"[17, 18]","[7, 1]","['21543', '66935', '12376', '51240', '6955']",12376,1. **Different floorplan:** C,"1. **Different floorplan:** C
2. **Why:** Floorplan C has a distinct arrangement of rooms compared to the others. It features a single large common room with a smaller master room attached to it, whereas the other floorplans have more varied layouts with multiple smaller rooms and different configurations around the main entrance. The presence of a single large common room in C sets it apart from the rest, which typically have more compartmentalized spaces."
"[7, 20]","[17, 18]","['55305', '54372', '21543', '2425', '2277']",21543,1. **Different floorplan:** C,"1. **Different floorplan:** C
2. **Why:** Floorplan C has a unique arrangement of rooms compared to the others. In particular, it features a central rectangular area surrounded by smaller rooms, which is distinct from the more symmetrical and interconnected layouts in A, B, D, and E. The central rectangular area in C appears to be a common room, which is not a prominent feature in the other floorplans. Additionally, the placement of the main entrance and the overall flow of spaces around this central area differ significantly from the other floorplans."
"[17, 18]","[7, 22]","['21543', '51240', '23132', '21408', '70105']",23132,1. **Different floorplan:** C,"1. **Different floorplan:** C
2. **Why:** Floorplan C has a distinct layout compared to the others. It features a central hallway with rooms branching off in a linear fashion, which is different from the more complex and interconnected layouts seen in floorplans A, B, D, and E. The other floorplans have more intricate patterns with multiple intersections and varying room sizes, making them less uniform than C."
"[17, 21]","[7, 3]","['78147', '75828', '40487', '62454', '69704']",75828,1. **Different floorplan:** B,"1. **Different floorplan:** B
2. **Why:** Floorplan B has a unique arrangement where the master room (#FFA500) is positioned in the center, surrounded by a common room (#FFD700), a living room (#EEE8AA), and a balcony (#6B8E23). This central placement of the master room is not seen in the other floorplans, which typically have the master room either at one end or centrally but not surrounded by other rooms in this specific configuration."
"[17, 21]","[7, 3]","['52457', '62549', '9795', '62454', '69704']",52457,1. **Different floorplan:** B,"1. **Different floorplan:** B
2. **Why:** Floorplan B has a unique arrangement where the master room (#FFA500) is positioned in the center, surrounded by other rooms, which is not typical in the other floorplans. In contrast, the other floorplans have the master room either at one end or in a corner, with the rest of the rooms distributed around it in a more symmetrical manner. This central placement of the master room in B stands out as the distinguishing feature."
"[17, 18]","[7, 20]","['66316', '2425', '21543', '21408', '66935']",2425,1. **Different floorplan:** B,"1. **Different floorplan:** B
2. **Why:** Floorplan B has a unique arrangement where the master room (#FFA500) is positioned in a way that it does not align with the typical central placement seen in the other floorplans. Additionally, the living room (#EEE8AA) and common room (#FFD700) are placed in a manner that differs from the symmetrical and consistent patterns observed in A, C, D, and E. The presence of the balcony (#6B8E23) and the positioning of the dining area (#DA70D6) also contribute to the distinctiveness of floorplan B compared to the others."
"[17, 18]","[7, 22]","['23132', '70105', '66316', '31693', '21543']",23132,1. **Different floorplan:** E,"1. **Different floorplan:** E
2. **Why:** Floorplan E has a unique arrangement where the living room and dining area are directly adjacent without any intervening space, unlike the other floorplans which typically have a corridor or another room between them. This direct adjacency is not seen in A, B, C, or D, making it distinct from the others."
"[17, 18]","[7, 3]","['51240', '66316', '64781', '31693', '21543']",64781,1. **Different floorplan:** C,"1. **Different floorplan:** C
2. **Why:** Floorplan C has a unique arrangement where the master room (#FFA500) is positioned in a way that it does not align with the typical central placement seen in the other floorplans. In contrast, the other floorplans have the master room centrally located, which suggests a more symmetrical and standard layout. Additionally, the positioning of the common room (#FFD700) and the living room (#EEE8AA) in relation to the entrance and the rest of the rooms also differs from the others, indicating a distinct pattern."
"[17, 21]","[7, 3]","['9795', '78147', '40487', '69704', '61767']",61767,1. **Different floorplan:** E,"1. **Different floorplan:** E
2. **Why:** Floorplan E has a unique arrangement where the master room (#FFA500) is positioned in a way that it does not align with the typical central placement seen in the other floorplans. In contrast, the other floorplans have the master room centrally located, which suggests a more symmetrical and standard layout. Additionally, the positioning of the common room (#FFD700) and the living room (#EEE8AA) in relation to the entrance and the rest of the rooms also differs from the others, indicating a distinct pattern."
"[7, 1]","[17, 5]","['72055', '10825', '12376', '16951', '3536']",72055,1. **Different floorplan:** E,"1. **Different floorplan:** E
2. **Why:** Floorplan E has a unique arrangement where the master room (#FFA500) is positioned in a way that it does not align with the typical central placement seen in the other floorplans. In contrast, the other floorplans have the master room centrally located, which is a common pattern in apartment designs. Additionally, the layout of the common rooms and living areas in E is more compact and less symmetrical compared to the others, suggesting a different underlying design philosophy."
"[17, 18]","[7, 3]","['31693', '66316', '51240', '6955', '52457']",52457,1. **Different floorplan:** E,"1. **Different floorplan:** E
2. **Why:** Floorplan E has a distinct arrangement of rooms compared to the others. It features a single large common room with a smaller adjacent room, which is not typical in the other floorplans where the rooms are more evenly distributed and interconnected in a way that suggests a more complex layout. The other floorplans have a more symmetrical and interconnected design, with multiple smaller rooms and hallways, making them appear more uniform in their layout."
"[17, 18]","[7, 3]","['64781', '66935', '31693', '70105', '66316']",64781,1. **Different floorplan:** C,"1. **Different floorplan:** C
2. **Why:** Floorplan C has a unique arrangement where the master room (#FFA500) is positioned in the center, surrounded by a living room (#EEE8AA) and a balcony (#6B8E23). This central placement of the master room with additional rooms around it is distinct from the other floorplans, which typically have the master room either at one end or centrally but not surrounded by other rooms in this specific manner."
"[17, 18]","[7, 22]","['70105', '6955', '66316', '21408', '31113']",31113,1. **Different floorplan:** E,"1. **Different floorplan:** E
2. **Why:** Floorplan E has a unique arrangement where the living room and dining area are directly adjacent without any intervening space, which is not observed in the other floorplans. In contrast, floorplans A, B, C, and D all have a common pattern where the living room and dining area are separated by a hallway or another room. This distinct layout makes floorplan E stand out from the others."
"[7, 1]","[17, 5]","['8109', '50221', '3536', '10825', '12421']",50221,1. **Different floorplan:** B,"1. **Different floorplan:** B
2. **Why:** Floorplan B has a unique arrangement where the master room (#FFA500) is positioned in a way that it does not align with the typical central placement seen in the other floorplans. Additionally, the living room (#EEE8AA) and common room (#FFD700) are placed in a manner that differs from the symmetrical and consistent patterns observed in A, C, D, and E. The presence of a balcony (#6B8E23) at the front and a kitchen (#F08080) at the back also contributes to the distinct layout compared to the others."
"[17, 21]","[7, 1]","['62549', '40487', '12376', '9795', '78147']",12376,1. **Different floorplan:** C,"1. **Different floorplan:** C
2. **Why:** Floorplan C has a unique arrangement where the master room (#FFA500) is positioned in the center, surrounded by a common room (#FFD700) and a balcony (#6B8E23). This central placement of the master room is distinct from the other floorplans, which typically place the master room either at one end or in a corner. Additionally, the layout of the common room and balcony around the master room in C creates a more symmetrical and centralized design compared to the more linear arrangements seen in A, B, D, and E."
"[17, 18]","[7, 20]","['21543', '54372', '46660', '66316', '6955']",54372,1. **Different floorplan:** E,"1. **Different floorplan:** E
2. **Why:** Floorplan E has a unique arrangement where the master room (#FFA500) is positioned in a way that it does not align with the typical central placement seen in the other floorplans. In contrast, the other floorplans have the master room centrally located, which is a common pattern in apartment designs. Additionally, the layout of the common rooms and living areas in E differs significantly from the others, suggesting a different underlying pattern."
"[17, 21]","[7, 22]","['62454', '40487', '9795', '62549', '40679']",40679,1. **Different floorplan:** E,"1. **Different floorplan:** E
2. **Why:** Floorplan E has an additional section extending from the main body of the apartment, which includes a separate room with a different layout compared to the other four floorplans. This extra section disrupts the uniformity in the spatial arrangement and room types found in A, B, C, and D."
"[7, 1]","[17, 21]","['16951', '69704', '10825', '3536', '8109']",69704,1. **Different floorplan:** D,"1. **Different floorplan:** D
2. **Why:** Floorplan D has a unique arrangement where the master room (#FFA500) is positioned in a way that it does not align with the typical central placement seen in the other floorplans. In contrast, the other floorplans have the master room centrally located, which suggests a more symmetrical and standard layout. Additionally, the positioning of the common room (#FFD700) and the living room (#EEE8AA) in relation to the entrance and the rest of the rooms also differs from the others, indicating a distinct pattern."
"[17, 18]","[7, 3]","['21408', '6955', '70105', '31693', '52457']",52457,1. **Different floorplan:** E,"1. **Different floorplan:** E
2. **Why:** Floorplan E has a distinct arrangement of rooms compared to the others. It features a single large room with a smaller room attached to it, which is not present in the other floorplans. The other floorplans have more complex layouts with multiple interconnected rooms, making them more similar to each other in terms of overall structure."
"[17, 18]","[7, 1]","['66935', '31693', '70105', '51240', '12421']",12421,1. **Different floorplan:** E,"1. **Different floorplan:** E
2. **Why:** Floorplan E has a unique arrangement where the master room (#FFA500) is positioned in a way that it does not align with the typical central placement seen in the other floorplans. In contrast, the other floorplans have the master room centrally located, which is a common pattern in residential designs. Additionally, the overall layout of E appears more compact and less symmetrical compared to the others, suggesting a different underlying pattern."
"[7, 20]","[17, 5]","['7913', '2425', '55305', '54372', '2277']",7913,1. **Different floorplan:** B,"1. **Different floorplan:** B
2. **Why:** Floorplan B has a unique arrangement where the master room (#FFA500) is positioned in a way that it does not align with the typical central placement seen in the other floorplans. Additionally, the living room (#EEE8AA) and common room (#FFD700) are placed in a manner that differs from the symmetrical and consistent patterns observed in A, C, D, and E. The presence of the balcony (#6B8E23) and the positioning of the dining area (#DA70D6) also contribute to the distinctiveness of floorplan B."
"[7, 1]","[17, 21]","['12421', '8109', '3536', '12376', '62549']",62549,1. **Different floorplan:** E,"1. **Different floorplan:** E
2. **Why:** Floorplan E has a unique arrangement where the living room and dining area are adjacent and form a continuous space, which is not present in the other floorplans. In contrast, the other floorplans have distinct separations between the living room and dining area, with the living room typically being larger and more centrally located. Floorplan E's layout suggests a more open concept design, which sets it apart from the others."
"[17, 18]","[7, 3]","['31693', '75828', '66316', '46660', '21543']",75828,1. **Different floorplan:** E,"1. **Different floorplan:** E
2. **Why:** Floorplan E has a unique arrangement where the master room (#FFA500) is positioned in a way that it does not align with the typical central placement seen in the other floorplans. In contrast, the other floorplans have the master room centrally located, which suggests a more symmetrical and standard layout. Additionally, the distribution of other rooms around the master room in E is less uniform compared to the others, indicating a different underlying pattern."
"[17, 21]","[7, 22]","['40487', '31113', '78147', '62454', '69704']",31113,1. **Different floorplan:** B,"1. **Different floorplan:** B
2. **Why:** Floorplan B has a unique arrangement where the master room (#FFA500) is positioned in the center, surrounded by other rooms, which is not typical in the other floorplans. In contrast, the other floorplans have the master room either at one end or in a corner, with the rest of the rooms distributed around it in a more symmetrical manner."
"[7, 1]","[17, 18]","['3536', '53652', '17550', '31693', '12376']",31693,1. **Different floorplan:** D,"1. **Different floorplan:** D
2. **Why:** Floorplan D has a unique arrangement where the living room and dining area are directly adjacent without any intervening space, unlike the other floorplans which typically have a corridor or another room between them. This direct adjacency is not seen in A, B, C, or E, making it stand out with a different underlying pattern."
"[7, 1]","[17, 5]","['7913', '8109', '16951', '53652', '12421']",7913,1. **Different floorplan:** E,"1. **Different floorplan:** E
2. **Why:** Floorplan E has a unique arrangement where the master room (#FFA500) is positioned in a way that it does not align with the typical central placement seen in the other floorplans. In contrast, the other floorplans have the master room centrally located, which is a common pattern in residential designs. Additionally, the layout of the common rooms and living areas in E differs from the more uniform distribution in A, B, C, and D."
"[7, 3]","[17, 5]","['61767', '7913', '64781', '52457', '75828']",7913,1. **Different floorplan:** E,"1. **Different floorplan:** E
2. **Why:** Floorplan E has a unique arrangement where the master room (#FFA500) is positioned in the upper right corner, which is not typical in the other floorplans. In contrast, the other floorplans have the master room (#FFA500) either in the center or towards the left side, maintaining a more consistent pattern."
"[7, 1]","[17, 5]","['12421', '16951', '7913', '10825', '53652']",7913,1. **Different floorplan:** C,"1. **Different floorplan:** C
2. **Why:** Floorplan C has a unique arrangement where the master room (#FFA500) is positioned in a way that it does not align with the typical central placement seen in the other floorplans. Additionally, the living room (#EEE8AA) and common room (#FFD700) are placed in a manner that differs from the symmetrical and consistent patterns observed in A, B, D, and E. The presence of a balcony (#6B8E23) at the bottom right corner also stands out as it is not aligned with the other floorplans' layouts."
"[7, 1]","[17, 21]","['3536', '62549', '10825', '12376', '53652']",62549,1. **Different floorplan:** B,"1. **Different floorplan:** B
2. **Why:** Floorplan B has an additional section extending from the main entrance that is not present in the other floorplans. This extra section disrupts the uniformity of the spatial layout compared to A, C, D, and E, which maintain a consistent pattern of rooms and spaces around the main entrance."
"[7, 1]","[17, 21]","['12376', '53652', '3536', '78147', '17550']",78147,1. **Different floorplan:** D,"1. **Different floorplan:** D
2. **Why:** Floorplan D has a unique arrangement where the master room (#FFA500) is positioned in a way that it does not align with the typical central placement seen in the other floorplans. In contrast, the other floorplans have the master room centrally located, which suggests a more symmetrical and standard layout. Additionally, the distribution of other rooms like the common room (#FFD700), living room (#EEE8AA), and balcony (#6B8E23) also differs from the others, indicating a distinct underlying pattern."
"[17, 18]","[7, 22]","['23132', '31693', '70105', '21408', '21543']",23132,1. **Different floorplan:** E,"1. **Different floorplan:** E
2. **Why:** Floorplan E has a unique arrangement where the master room (#FFA500) is positioned in a way that it does not align with the typical central placement seen in the other floorplans. In contrast, the other floorplans have the master room centrally located, which suggests a more symmetrical and standard layout. Floorplan E's master room is placed towards one side, making it stand out from the others."
"[17, 18]","[7, 1]","['8109', '21543', '21408', '66316', '51240']",8109,1. **Different floorplan:** E,"1. **Different floorplan:** E
2. **Why:** Floorplan E has a unique arrangement where the master room (#FFA500) is positioned in a way that it does not align with the typical central placement seen in the other floorplans. In contrast, the other floorplans have the master room centrally located, which is a common pattern in apartment designs. Additionally, the layout of the common rooms and living areas in E differs from the more uniform distribution in A, B, C, and D."
"[17, 18]","[7, 1]","['3536', '66935', '31693', '51240', '21543']",3536,1. **Different floorplan:** B,"1. **Different floorplan:** B
2. **Why:** Floorplan B is the only one that has an additional room (pink room) that is not present in the other four floorplans. This extra room disrupts the uniformity of the spatial layout and room types compared to A, C, D, and E, which all have consistent patterns without any additional rooms."
"[17, 18]","[7, 22]","['66935', '70105', '31113', '51240', '21408']",31113,1. **Different floorplan:** E,"1. **Different floorplan:** E
2. **Why:** Floorplan E has an additional section extending from the main body of the apartment, which is not present in the other floorplans. This extra section disrupts the uniformity of the spatial layout compared to A, B, C, and D, where all sections appear to be part of a cohesive design."
"[7, 1]","[17, 18]","['53652', '51240', '17550', '16951', '3536']",51240,1. **Different floorplan:** E,"1. **Different floorplan:** E
2. **Why:** Floorplan E has a unique arrangement where the master room (#FFA500) is positioned in a way that it does not align with the typical central placement seen in the other floorplans. In contrast, the other floorplans have the master room centrally located, which is a common pattern in residential designs. Additionally, the layout of the common rooms and living areas in E is more compact and less symmetrical compared to the others, suggesting a different underlying design philosophy."
"[7, 1]","[17, 18]","['17550', '8109', '16951', '10825', '21408']",21408,1. **Different floorplan:** E,"1. **Different floorplan:** E
2. **Why:** Floorplan E has a more complex and irregular layout compared to the others. The other floorplans (A, B, C, and D) have a more consistent and symmetrical arrangement of rooms, with clear and distinct sections for different functions such as living, dining, kitchen, and bathrooms. Floorplan E, however, features a more intricate design with multiple interconnected spaces and a less uniform distribution of room types, which suggests a different underlying pattern."
"[17, 21]","[7, 1]","['78147', '40487', '69704', '10825', '62549']",10825,1. **Different floorplan:** D,"1. **Different floorplan:** D
2. **Why:** Floorplan D has a unique arrangement where the master room (#FFA500) is positioned in a way that it does not align with the typical central placement seen in the other floorplans. In contrast, the other floorplans (A, B, C, and E) have the master room centrally located, which is a common pattern in residential designs. Floorplan D's master room is placed more towards the side, disrupting this symmetry and suggesting a different underlying pattern."
"[7, 1]","[17, 18]","['8109', '53652', '10825', '6955', '17550']",6955,1. **Different floorplan:** D,"1. **Different floorplan:** D
2. **Why:** Floorplan D has a unique arrangement where the master room (#FFA500) is positioned in the center, surrounded by a common room (#FFD700), a living room (#EEE8AA), and a balcony (#6B8E23). This central placement of the master room is distinct from the other floorplans, which typically have the master room either at one end or centrally located but not surrounded by other rooms in this specific manner."
"[17, 21]","[7, 20]","['62549', '62454', '55305', '9795', '78147']",55305,1. **Different floorplan:** C,"1. **Different floorplan:** C
2. **Why:** Floorplan C has a unique arrangement where the master room (#FFA500) is positioned in the center, surrounded by a living room (#EEE8AA), a balcony (#6B8E23), and a kitchen (#F08080). This central placement of the master room is distinct from the other floorplans, which typically have the master room either at one end or centrally located but not surrounded by these specific rooms in this manner."
"[7, 3]","[17, 18]","['52457', '66316', '61767', '64781', '75828']",66316,1. **Different floorplan:** E,"1. **Different floorplan:** E
2. **Why:** Floorplan E has a unique arrangement where the master room (#FFA500) is positioned in the center, surrounded by a common room (#FFD700), a living room (#EEE8AA), and a balcony (#6B8E23). This central placement of the master room is distinct from the other floorplans, which typically place the master room either at one end or in a corner. Additionally, the dining area (#DA70D6) is located in a separate section, which is not seen in the other floorplans."
"[7, 1]","[17, 21]","['53652', '17550', '62454', '3536', '16951']",62454,1. **Different floorplan:** D,"1. **Different floorplan:** D
2. **Why:** Floorplan D has a unique arrangement where the master room (#FFA500) is positioned in the center, surrounded by a common room (#FFD700), a living room (#EEE8AA), and a balcony (#6B8E23). This central placement of the master room is distinct from the other floorplans, which typically have the master room either at one end or centrally located but not surrounded by these specific room types in this manner."
"[17, 18]","[7, 1]","['70105', '6955', '66316', '3536', '66935']",3536,1. **Different floorplan:** D,"1. **Different floorplan:** D
2. **Why:** Floorplan D has a distinct vertical orientation with a large central area that appears to be a common room, flanked by smaller rooms on either side. This vertical arrangement is different from the horizontal layouts of the other floorplans, which generally have more balanced and symmetrical arrangements of rooms around a central axis. Additionally, the presence of a large balcony in the center of D further distinguishes it from the others, which do not feature such a prominent central space."
"[7, 1]","[17, 18]","['16951', '53652', '17550', '66935', '8109']",66935,1. **Different floorplan:** D,"1. **Different floorplan:** D
2. **Why:** Floorplan D has a unique arrangement where the master room (#FFA500) is positioned in the center, surrounded by a common room (#FFD700), a living room (#EEE8AA), and a balcony (#6B8E23). This central placement of the master room is distinct from the other floorplans, which typically have the master room either at one end or centrally located but not surrounded by other rooms in this specific manner."
"[7, 1]","[17, 5]","['8109', '72055', '10825', '16951', '3536']",72055,1. **Different floorplan:** E,"1. **Different floorplan:** E
2. **Why:** Floorplan E has a unique arrangement where the master room (#FFA500) is positioned in a way that it does not align with the typical central placement seen in the other floorplans. Additionally, the dining area (#DA70D6) is unusually large and occupies a significant portion of the floorplan, which deviates from the more compact and balanced layouts of the other floorplans."
"[17, 21]","[7, 20]","['62454', '54372', '62549', '69704', '78147']",54372,1. **Different floorplan:** B,"1. **Different floorplan:** B
2. **Why:** Floorplan B has an additional section extending from the main entrance that is not present in the other floorplans. This extra section disrupts the uniformity of the spatial layout compared to A, C, D, and E, which maintain a consistent pattern of rooms and spaces around the main entrance."
"[17, 21]","[7, 20]","['9795', '62454', '69704', '2277', '62549']",2277,1. **Different floorplan:** D,"1. **Different floorplan:** D
2. **Why:** Floorplan D has a unique arrangement where the kitchen is positioned in the center, surrounded by other rooms, which differs from the other floorplans where the kitchen is typically located at one end or another side of the apartment. Additionally, the layout of the other rooms around the kitchen in D appears more symmetrical compared to the others, suggesting a different underlying pattern."
"[17, 21]","[7, 3]","['9795', '78147', '62549', '61767', '62454']",61767,1. **Different floorplan:** D,"1. **Different floorplan:** D
2. **Why:** Floorplan D has a unique arrangement where the master room (#FFA500) is positioned in the center, surrounded by a large common room (#FFD700) and a smaller balcony (#6B8E23). This central placement of the master room with a surrounding common area and balcony is distinct from the other floorplans, which typically have the master room either at one end or centrally located but not surrounded by such a configuration. The other floorplans (A, B, C, and E) maintain a more consistent pattern with the master room being either at the end or centrally located without the surrounding common room and balcony setup."
"[17, 18]","[7, 20]","['55305', '31693', '70105', '66935', '66316']",55305,1. **Different floorplan:** E,"1. **Different floorplan:** E
2. **Why:** Floorplan E has a unique arrangement where the master room (#FFA500) is positioned in a way that it does not align with the typical central placement seen in the other floorplans. In contrast, the other floorplans have the master room centrally located, which suggests a more symmetrical and standard layout. Floorplan E's master room is placed towards one side, making it stand out from the others."
"[17, 18]","[7, 22]","['31693', '70105', '66935', '21543', '31113']",31113,1. **Different floorplan:** E,"1. **Different floorplan:** E
2. **Why:** Floorplan E has a unique arrangement where the common room and the master room are directly adjacent without any intervening space, which is not observed in the other floorplans. In contrast, the other floorplans have a more typical layout with additional spaces between the common room and the master room."
"[17, 21]","[7, 20]","['40487', '54372', '62549', '62454', '69704']",54372,1. **Different floorplan:** B,"1. **Different floorplan:** B
2. **Why:** Floorplan B has an additional section extending from the main entrance that is not present in the other floorplans. This extra section disrupts the uniformity of the spatial layout compared to A, C, D, and E, which maintain a consistent pattern of rooms and spaces around the main entrance."
"[17, 21]","[7, 22]","['62454', '31113', '40487', '9795', '69704']",31113,1. **Different floorplan:** B,"1. **Different floorplan:** B
2. **Why:** Floorplan B has a unique arrangement where the master room (#FFA500) is positioned in the center, surrounded by other rooms, which is not typical in the other floorplans. In contrast, the other floorplans have the master room either at one end or in a corner, with the rest of the rooms distributed around it in a more symmetrical manner."
"[7, 20]","[17, 5]","['55305', '2277', '54372', '2425', '33045']",33045,1. **Different floorplan:** E,"1. **Different floorplan:** E
2. **Why:** Floorplan E has a unique arrangement where the master room (#FFA500) is positioned in a way that it does not align with the typical central placement seen in the other floorplans. In contrast, the other floorplans have the master room centrally located, which is a common pattern in residential designs. Additionally, the layout of the common rooms and living areas in E differs significantly from the others, making it stand out as having a different underlying pattern."
"[17, 18]","[7, 22]","['6955', '21408', '31693', '79411', '51240']",79411,1. **Different floorplan:** E,"1. **Different floorplan:** E
2. **Why:** Floorplan E has a unique arrangement where the master room (#FFA500) is positioned in a way that it does not align with the typical central placement seen in the other floorplans. In contrast, the other floorplans have the master room centrally located, which is a common pattern in apartment designs. Additionally, the layout of the common rooms and living areas in E differs from the more uniform distribution in A, B, C, and D."
"[17, 21]","[7, 20]","['2277', '40487', '9795', '62454', '62549']",2277,1. **Different floorplan:** A,"1. **Different floorplan:** A
2. **Why:** Floorplan A has a unique arrangement of rooms compared to the others. It features a central common room with multiple smaller rooms branching off from it, which is not present in the other floorplans. The other floorplans have more uniform layouts with larger, contiguous spaces for living areas and kitchens, whereas A has a more segmented design."
"[17, 18]","[7, 20]","['46660', '66316', '6955', '31693', '55305']",55305,1. **Different floorplan:** E,"1. **Different floorplan:** E
2. **Why:** Floorplan E has a unique arrangement where the living room and dining area are directly adjacent without any intervening space, which is not observed in the other floorplans. In contrast, floorplans A, B, C, and D all have a common pattern where the living room and dining area are separated by a hallway or another room type, such as a common room or storage. This distinct layout makes floorplan E stand out from the others."
"[7, 1]","[17, 5]","['33045', '12376', '53652', '16951', '17550']",33045,1. **Different floorplan:** D,"1. **Different floorplan:** D
2. **Why:** Floorplan D has a unique arrangement where the master room (#FFA500) is positioned in a way that it does not align with the typical central placement seen in the other floorplans. In contrast, the other floorplans have the master room centrally located, which suggests a more symmetrical and standard layout. Additionally, the distribution of other rooms like the common room, living room, and balcony also differs from the others, indicating a distinct pattern."
"[17, 21]","[7, 20]","['62549', '2425', '9795', '40487', '62454']",2425,1. **Different floorplan:** B,"1. **Different floorplan:** B
2. **Why:** Floorplan B has a unique arrangement where the master room (#FFA500) is positioned in a way that it does not align with the typical central placement seen in the other floorplans. Additionally, the living room (#EEE8AA) and common room (#FFD700) are placed in a manner that differs from the symmetrical and consistent patterns observed in A, C, D, and E. The presence of a balcony (#6B8E23) at the front and a dining area (#DA70D6) at the back also contributes to the distinctiveness of B's layout compared to the others."
"[17, 21]","[7, 3]","['62549', '75828', '69704', '78147', '9795']",75828,1. **Different floorplan:** B,"1. **Different floorplan:** B
2. **Why:** Floorplan B has a unique arrangement where the master room (#FFA500) is positioned in a way that it does not align with the typical central placement seen in the other floorplans. In contrast, the other floorplans have the master room centrally located, which suggests a more symmetrical and standard layout. Additionally, the positioning of the common room (#FFD700) and the living room (#EEE8AA) in relation to the entrance and the rest of the rooms also differs from the others, indicating a distinct pattern."
"[7, 1]","[17, 5]","['33045', '12421', '12376', '53652', '16951']",33045,1. **Different floorplan:** E,"1. **Different floorplan:** E
2. **Why:** Floorplan E has a unique arrangement where the master room (#FFA500) is positioned at the top right corner, which is not seen in the other floorplans. All other floorplans have the master room either in the center or towards the bottom left, making E stand out with its distinct placement."
"[7, 22]","[17, 18]","['31693', '40679', '31113', '79411', '23132']",31693,1. **Different floorplan:** E,"1. **Different floorplan:** E
2. **Why:** Floorplan E has a unique arrangement where the living room and common room are directly adjacent without any intervening space, which differs from the other floorplans where there is typically a hallway or another room separating these two spaces. Additionally, the kitchen in E is positioned differently compared to the others, which further suggests a distinct underlying pattern."
"[17, 21]","[7, 1]","['40487', '9795', '17550', '62549', '78147']",17550,1. **Different floorplan:** C,"1. **Different floorplan:** C
2. **Why:** Floorplan C has a unique arrangement where the master room (#FFA500) is positioned in a way that it does not align with the typical placement of such rooms in the other floorplans. In contrast, the other floorplans have the master room either adjacent to or directly connected to the common room (#FFD700), which is a more standard configuration. Additionally, the layout of the living room (#EEE8AA) and the balcony (#6B8E23) in floorplan C also differ from the others, making it stand out as having a different underlying pattern."
"[7, 1]","[17, 18]","['12421', '70105', '17550', '3536', '12376']",70105,1. **Different floorplan:** D,"1. **Different floorplan:** D
2. **Why:** Floorplan D has a unique layout compared to the others. It features a large central open space that appears to be a living area, which is not present in the other floorplans. The other floorplans have more distinct room divisions with clear boundaries between different areas such as living rooms, bedrooms, and kitchens. Floorplan D's central open space suggests a different design philosophy, possibly aiming for an open-concept living area without the traditional room divisions seen in the others."
"[17, 18]","[7, 1]","['21408', '66316', '46660', '8109', '21543']",8109,1. **Different floorplan:** D,"1. **Different floorplan:** D
2. **Why:** Floorplan D has a unique arrangement where the master room (#FFA500) is positioned in a way that it does not align with the typical central placement seen in the other floorplans. In contrast, the other floorplans have the master room centrally located, which suggests a more symmetrical and standard layout. Additionally, the positioning of the common room (#FFD700) and the living room (#EEE8AA) in relation to the entrance and the rest of the rooms also differs from the others, indicating a distinct pattern."
"[17, 21]","[7, 20]","['9795', '55305', '40487', '62454', '62549']",55305,1. **Different floorplan:** E,"1. **Different floorplan:** E
2. **Why:** Floorplan E has a unique arrangement where the master room (#FFA500) is positioned in a way that it does not align with the typical central placement seen in the other floorplans. In contrast, the other floorplans have the master room centrally located, which is a common pattern in apartment designs. Additionally, the layout of the common rooms and living areas in E differs significantly from the others, suggesting a different underlying pattern."
"[7, 1]","[17, 21]","['8109', '12376', '62454', '12421', '16951']",62454,1. **Different floorplan:** E,"1. **Different floorplan:** E
2. **Why:** Floorplan E has a unique arrangement where the master room (#FFA500) is positioned in a way that it does not align with the typical central placement seen in the other floorplans. In contrast, the other floorplans have the master room centrally located, which suggests a more symmetrical and standard layout. Additionally, the positioning of the common room (#FFD700) and the living room (#EEE8AA) in relation to the entrance and the rest of the rooms also differs from the others, indicating a distinct pattern."
"[17, 18]","[7, 1]","['66935', '31693', '3536', '21408', '21543']",3536,1. **Different floorplan:** C,"1. **Different floorplan:** C
2. **Why:** Floorplan C has a unique arrangement where the master room (#FFA500) is positioned at the top right corner, which is not seen in the other floorplans. All other floorplans have the master room either in the center or towards the bottom left, making C stand out with its distinct placement."
"[7, 1]","[17, 18]","['53652', '12421', '12376', '3536', '70105']",70105,1. **Different floorplan:** E,"1. **Different floorplan:** E
2. **Why:** Floorplan E has a unique layout compared to the others. It features a distinct arrangement with a separate section that includes a green room (storage) and a pink room (bathroom), which are not present in the other floorplans. Additionally, the overall shape and positioning of rooms within E differ significantly from A, B, C, and D, making it stand out as having a different underlying pattern."
"[17, 18]","[7, 3]","['21408', '66935', '51240', '61767', '21543']",61767,1. **Different floorplan:** D,"1. **Different floorplan:** D
2. **Why:** Floorplan D has a unique configuration where the master room (#FFA500) is directly adjacent to the main entrance without any intervening space, unlike the other floorplans where the master room is typically separated by at least one common room (#FFD700). This direct adjacency makes it stand out from the others in terms of the spatial layout around the main entrance."
"[7, 1]","[17, 21]","['17550', '53652', '8109', '12421', '78147']",78147,1. **Different floorplan:** E,"1. **Different floorplan:** E
2. **Why:** Floorplan E has a unique arrangement where the master room (#FFA500) is positioned in a way that it does not align with the typical central placement seen in the other floorplans. In contrast, the other floorplans have the master room centrally located, which is a common pattern in apartment designs. Additionally, the layout of the common rooms and living areas in floorplan E differs from the others, suggesting a different underlying pattern."
"[17, 18]","[7, 20]","['21543', '55305', '46660', '51240', '66316']",55305,1. **Different floorplan:** A,"1. **Different floorplan:** A
2. **Why:** Floorplan A has a more complex and irregular layout compared to the others. It features multiple interconnected rooms with varying shapes and sizes, which deviates from the simpler, more uniform patterns observed in floorplans B, C, D, and E. These latter floorplans have more straightforward, rectangular or square-like sections, making them easier to identify and compare."
"[17, 18]","[7, 22]","['6955', '70105', '66935', '21543', '79411']",79411,1. **Different floorplan:** E,"1. **Different floorplan:** E
2. **Why:** Floorplan E has a distinct arrangement of rooms compared to the others. It features a single large room with a smaller room attached to it, which is not present in the other floorplans. The other floorplans have more complex layouts with multiple interconnected rooms, making them more similar to each other."
"[17, 18]","[7, 3]","['46660', '52457', '21543', '31693', '70105']",52457,1. **Different floorplan:** B,"1. **Different floorplan:** B
2. **Why:** Floorplan B has a unique arrangement where the master room (#FFA500) is positioned in a way that it does not align with the typical central placement seen in the other floorplans. In contrast, the other floorplans have the master room centrally located, which suggests a more symmetrical and standard layout. Additionally, the positioning of the common room (#FFD700) and the living room (#EEE8AA) in relation to the entrance and the rest of the rooms also differs from the others, indicating a distinct pattern."
"[17, 21]","[7, 3]","['62454', '52457', '78147', '40487', '9795']",52457,1. **Different floorplan:** B,"1. **Different floorplan:** B
2. **Why:** Floorplan B has a unique arrangement where the master room (#FFA500) is positioned in a way that it does not align with the typical central placement seen in the other floorplans. In contrast, the other floorplans have the master room centrally located, which suggests a more symmetrical and standard layout. Additionally, the positioning of the common room (#FFD700) and the living room (#EEE8AA) in relation to the entrance and the rest of the rooms also differs from the others, indicating a distinct pattern."
"[17, 18]","[7, 1]","['31693', '21408', '70105', '8109', '51240']",8109,1. **Different floorplan:** D,"1. **Different floorplan:** D
2. **Why:** Floorplan D has a unique arrangement where the master room (#FFA500) is positioned in a way that it does not align with the typical central placement seen in the other floorplans. In contrast, the other floorplans have the master room centrally located, which suggests a more symmetrical and standard layout. Additionally, the positioning of the common room (#FFD700) and the living room (#EEE8AA) in relation to the entrance and the rest of the rooms also differs from the others, indicating a distinct pattern."
"[17, 21]","[7, 20]","['62454', '62549', '55305', '78147', '40487']",55305,1. **Different floorplan:** C,"1. **Different floorplan:** C
2. **Why:** Floorplan C has a unique arrangement where the master room (#FFA500) is positioned in the center, surrounded by a living room (#EEE8AA) and a balcony (#6B8E23). This central placement of the master room with surrounding spaces is distinct from the other floorplans, which typically have the master room either at one end or centrally but not surrounded by these specific rooms. Additionally, the spatial distribution of the common room (#FFD700), kitchen (#F08080), and storage (#DDA0DD) areas around the master room in C is different compared to the other floorplans."
"[17, 21]","[7, 1]","['40487', '12421', '69704', '9795', '62549']",12421,1. **Different floorplan:** B,"1. **Different floorplan:** B
2. **Why:** Floorplan B has a unique arrangement where the master room (#FFA500) is positioned in a way that it does not align with the typical central placement seen in the other floorplans. In contrast, the other floorplans have the master room centrally located, which suggests a more symmetrical and standard layout. Additionally, the positioning of the common room (#FFD700) and the living room (#EEE8AA) in relation to the entrance and the rest of the rooms also differs from the others, indicating a distinct pattern."
"[7, 1]","[17, 21]","['40487', '12376', '8109', '53652', '17550']",40487,1. **Different floorplan:** D,"1. **Different floorplan:** D
2. **Why:** Floorplan D has a unique arrangement where the master room (#FFA500) is positioned in a way that it does not align with the typical central placement seen in the other floorplans. In contrast, the other floorplans have the master room centrally located, which suggests a more symmetrical and standard layout. Additionally, the positioning of the common room (#FFD700) and the living room (#EEE8AA) in relation to the entrance and the rest of the rooms also differs from the others, indicating a distinct pattern."
"[17, 18]","[7, 1]","['51240', '31693', '21408', '3536', '66935']",3536,1. **Different floorplan:** D,"1. **Different floorplan:** D
2. **Why:** Floorplan D has a distinct vertical orientation with a large central area that appears to be a living room or common space, flanked by smaller rooms on either side. This vertical arrangement is different from the horizontal layouts of the other floorplans, which typically have more balanced and symmetrical arrangements of rooms around a central core. Additionally, the presence of a large balcony in the center of D further distinguishes it from the others, which do not feature such a prominent central open space."
"[17, 21]","[7, 20]","['69704', '62549', '9795', '2425', '62454']",2425,1. **Different floorplan:** D,"1. **Different floorplan:** D
2. **Why:** Floorplan D has a unique arrangement where the kitchen is positioned in a way that it does not align with the typical layout seen in the other four floorplans. In contrast, the other four floorplans have kitchens that are consistently placed either adjacent to the living room or the master room, maintaining a standard spatial relationship. Floorplan D deviates from this by placing the kitchen in a more isolated position, which suggests a different underlying pattern compared to the others."
"[7, 1]","[17, 21]","['3536', '53652', '69704', '16951', '12376']",69704,1. **Different floorplan:** B,"1. **Different floorplan:** B
2. **Why:** Floorplan B has a unique arrangement where the master room (#FFA500) is positioned in a way that it does not align with the typical central placement seen in the other floorplans. Additionally, the living room (#EEE8AA) and common room (#FFD700) are placed in a manner that differs from the symmetrical and consistent patterns observed in A, C, D, and E. The presence of the balcony (#6B8E23) and the positioning of the dining area (#DA70D6) also contribute to the distinctiveness of floorplan B."
"[7, 1]","[17, 18]","['31693', '8109', '17550', '10825', '3536']",31693,1. **Different floorplan:** E,"1. **Different floorplan:** E
2. **Why:** Floorplan E has a unique arrangement where the master room (#FFA500) is positioned in a way that it does not align with the typical central placement seen in the other floorplans. In contrast, the other floorplans have the master room centrally located, which is a common pattern in residential designs. Additionally, the overall layout of E appears more elongated and less symmetrical compared to the others, suggesting a different underlying pattern."
"[17, 5]","[7, 22]","['7913', '23132', '72055', '33045', '50221']",23132,1. **Different floorplan:** E,"1. **Different floorplan:** E
2. **Why:** Floorplan E has a unique arrangement where the master room (#FFA500) is positioned in a way that it does not align with the typical central placement seen in the other floorplans. In contrast, the other floorplans have the master room centrally located, which suggests a more symmetrical and standard layout. Additionally, the positioning of the common room (#FFD700) and the living room (#EEE8AA) in relation to the entrance and the rest of the rooms also differs from the others, indicating a distinct pattern."
"[17, 21]","[7, 3]","['69704', '9795', '40487', '62549', '64781']",64781,1. **Different floorplan:** E,"1. **Different floorplan:** E
2. **Why:** Floorplan E has a unique arrangement where the master room (#FFA500) is positioned in a way that it does not align with the typical central placement seen in the other floorplans. In contrast, the other floorplans have the master room centrally located, which is a common pattern in residential designs. Additionally, the layout of the common rooms and living areas in E differs significantly from the others, suggesting a different underlying pattern."
"[17, 21]","[7, 3]","['69704', '62454', '9795', '52457', '40487']",52457,1. **Different floorplan:** D,"1. **Different floorplan:** D
2. **Why:** Floorplan D has a unique arrangement where the kitchen is positioned in a way that it does not align with the typical layout seen in the other floorplans. In contrast, the other floorplans have kitchens that are consistently placed either adjacent to the living room or the master room, maintaining a similar spatial relationship. Floorplan D breaks this pattern by having the kitchen separated from the main living areas, which makes it stand out as having a different underlying pattern."
"[7, 1]","[17, 21]","['53652', '10825', '40487', '8109', '12421']",40487,1. **Different floorplan:** C,"1. **Different floorplan:** C
2. **Why:** Floorplan C has a distinct arrangement of rooms compared to the others. It features a single large common room at the center with smaller rooms around it, which is not typical in the other floorplans where the common room is usually larger and more centrally located. Additionally, the layout of the smaller rooms around the central common room in C differs from the more varied and complex arrangements seen in A, B, D, and E."
"[17, 18]","[7, 1]","['31693', '51240', '21543', '66316', '16951']",16951,1. **Different floorplan:** E,"1. **Different floorplan:** E
2. **Why:** Floorplan E has a unique arrangement where the master room (#FFA500) is positioned in a way that it does not align with the typical central placement seen in the other floorplans. In contrast, the other floorplans have the master room centrally located, which is a common pattern in apartment designs. Additionally, the overall layout of E appears more elongated and less symmetrical compared to the others, suggesting a different underlying pattern."
"[17, 21]","[7, 22]","['78147', '9795', '40487', '31113', '69704']",31113,1. **Different floorplan:** D,"1. **Different floorplan:** D
2. **Why:** Floorplan D has a unique arrangement where the living room is positioned in the center with a smaller kitchen directly adjacent to it, unlike the other floorplans which have the kitchen either attached to the living room or separated by a common room. Additionally, the dining area in D is located in a different section compared to the other floorplans, which typically place the dining area near the kitchen or living room. This distinct placement of rooms gives D a different underlying pattern compared to A, B, C, and E."
"[17, 18]","[7, 1]","['12376', '46660', '66316', '51240', '31693']",12376,1. **Different floorplan:** E,"1. **Different floorplan:** E
2. **Why:** Floorplan E has a unique arrangement where the master room (#FFA500) is positioned in a way that it does not align with the typical central placement seen in the other floorplans. In contrast, the other floorplans have the master room centrally located, which is a common pattern in apartment designs. Additionally, the layout of the common rooms and living areas in E differs significantly from the others, suggesting a different underlying pattern."
"[17, 18]","[7, 20]","['66316', '6955', '55305', '21408', '46660']",55305,1. **Different floorplan:** C,"1. **Different floorplan:** C
2. **Why:** Floorplan C has a unique arrangement where the master room (#FFA500) is positioned in a way that it does not align with the typical central placement seen in the other floorplans. Additionally, the living room (#EEE8AA) and common room (#FFD700) are placed in a manner that differs from the symmetrical and consistent patterns observed in A, B, D, and E. The presence of the balcony (#6B8E23) and the positioning of the dining area (#DA70D6) also contribute to the distinctiveness of floorplan C."
"[17, 21]","[7, 3]","['62454', '75828', '69704', '9795', '40487']",75828,1. **Different floorplan:** B,"1. **Different floorplan:** B
2. **Why:** Floorplan B has a unique arrangement where the master room (#FFA500) is positioned in the center, surrounded by other rooms, which is not typical in the other floorplans. In contrast, the other floorplans have the master room either at one end or in a corner, with the rest of the rooms distributed around it in a more symmetrical manner. This central placement of the master room in B stands out as the distinguishing feature."
"[7, 1]","[17, 18]","['12376', '17550', '53652', '12421', '21408']",21408,1. **Different floorplan:** E,"1. **Different floorplan:** E
2. **Why:** Floorplan E has a unique configuration where the living room and dining area are directly connected without any intervening space, which is not present in the other floorplans. In contrast, floorplans A, B, C, and D all have a common pattern where the living room and dining area are separated by a hallway or another room, creating a more traditional flow from the entrance into the living and dining areas."
"[7, 1]","[17, 21]","['8109', '3536', '62454', '17550', '12376']",62454,1. **Different floorplan:** B,"1. **Different floorplan:** B
2. **Why:** Floorplan B has a unique arrangement where the master room (#FFA500) is positioned at the top right corner, which is not seen in the other floorplans. All other floorplans have the master room either in the bottom left or the top left corner. This distinct placement makes it the one with a different underlying pattern."
"[7, 1]","[17, 5]","['17550', '12421', '53652', '33045', '12376']",33045,1. **Different floorplan:** D,"1. **Different floorplan:** D
2. **Why:** Floorplan D has a unique arrangement where the living room and dining area are directly adjacent without any intervening space, unlike the other floorplans which typically have a corridor or another room separating them. This direct adjacency is not seen in A, B, C, or E, making it distinct from the others."
"[17, 5]","[7, 20]","['7913', '33045', '2277', '72055', '50221']",2277,1. **Different floorplan:** C,"1. **Different floorplan:** C
2. **Why:** Floorplan C has a unique arrangement where the master room (#FFA500) is positioned in a way that it does not align with the typical central placement seen in the other floorplans. Additionally, the living room (#EEE8AA) and common room (#FFD700) are placed in a manner that differs from the symmetrical and consistent patterns observed in A, B, D, and E. The presence of a balcony (#6B8E23) at the far end also contributes to the distinctiveness of this floorplan."
"[17, 18]","[7, 3]","['66935', '31693', '46660', '75828', '21543']",75828,1. **Different floorplan:** D,"1. **Different floorplan:** D
2. **Why:** Floorplan D has a unique arrangement where the master room (#FFA500) is positioned in the center, surrounded by a common room (#FFD700), a living room (#EEE8AA), and a balcony (#6B8E23). This central placement of the master room is distinct from the other floorplans, which typically have the master room either at one end or centrally located but not surrounded by these specific room types in this manner."
"[17, 18]","[7, 20]","['31693', '70105', '21408', '2425', '46660']",2425,1. **Different floorplan:** D,"1. **Different floorplan:** D
2. **Why:** Floorplan D has a unique arrangement where the living room is positioned in the center with a smaller kitchen directly adjacent to it, unlike the other floorplans which have the kitchen and living room in more symmetrical or offset positions. Additionally, the dining area in D is much larger compared to the other floorplans, which typically have smaller dining areas. This distinct configuration makes D stand out from the others."
"[17, 21]","[7, 1]","['78147', '9795', '62454', '62549', '12421']",12421,1. **Different floorplan:** E,"1. **Different floorplan:** E
2. **Why:** Floorplan E has a unique arrangement where the master room (#FFA500) is positioned in a way that it does not align with the typical central placement seen in the other floorplans. In contrast, the other floorplans have the master room centrally located, which is a common pattern in residential designs. Additionally, the layout of the common rooms and living areas in E differs significantly from the others, suggesting a different underlying pattern."
"[7, 1]","[17, 18]","['53652', '21408', '3536', '8109', '12421']",21408,1. **Different floorplan:** B,"1. **Different floorplan:** B
2. **Why:** Floorplan B has an additional section extending from the main entrance that is not present in the other floorplans. This extra section disrupts the uniformity of the spatial layout compared to A, C, D, and E, which maintain a consistent pattern of rooms and corridors."
"[7, 1]","[17, 5]","['16951', '12421', '7913', '12376', '53652']",7913,1. **Different floorplan:** C,"1. **Different floorplan:** C
2. **Why:** Floorplan C has a unique arrangement where the master room (#FFA500) is positioned in a way that it does not align with the typical central placement seen in the other floorplans. Additionally, the living room (#EEE8AA) and common room (#FFD700) are placed in a manner that differs from the symmetrical and consistent patterns observed in A, B, D, and E. The presence of the balcony (#6B8E23) and the positioning of the dining area (#DA70D6) also contribute to the distinct layout of C compared to the others."
"[17, 18]","[7, 1]","['3536', '21543', '51240', '66316', '70105']",3536,1. **Different floorplan:** B,"1. **Different floorplan:** B
2. **Why:** Floorplan B has an additional room (a small square in the center) that is not present in any of the other floorplans. This extra room disrupts the uniformity of the spatial layout compared to A, C, D, and E, which all have a consistent arrangement of rooms around a central core."
"[17, 18]","[7, 3]","['46660', '61767', '66935', '6955', '21543']",61767,1. **Different floorplan:** B,"1. **Different floorplan:** B
2. **Why:** Floorplan B has a unique arrangement where the master room (#FFA500) is positioned in a way that it does not align with the typical central placement seen in the other floorplans. Additionally, the balcony (#6B8E23) is placed unusually close to the main entrance, which deviates from the standard layout observed in A, C, D, and E."
"[17, 18]","[7, 20]","['6955', '21543', '70105', '66935', '2425']",2425,1. **Different floorplan:** E,"1. **Different floorplan:** E
2. **Why:** Floorplan E has a unique arrangement where the master room (#FFA500) is positioned in a way that it does not align with the typical central placement seen in the other floorplans. In contrast, the other floorplans have the master room centrally located, which is a common pattern in apartment designs. Additionally, the overall layout of E appears more compact and less symmetrical compared to the others, suggesting a different underlying pattern."
"[7, 1]","[17, 18]","['16951', '31693', '17550', '12376', '12421']",31693,1. **Different floorplan:** B,"1. **Different floorplan:** B
2. **Why:** Floorplan B has a unique configuration where the master room (#FFA500) is positioned in a way that it does not align with the typical layout seen in the other four floorplans. In contrast, the other four floorplans have the master room consistently placed in a similar position relative to the common room (#FFD700), living room (#EEE8AA), and other rooms. Floorplan B's master room is isolated and does not follow this pattern, making it stand out as having a different underlying floorplan pattern."
"[7, 1]","[17, 21]","['12376', '10825', '62549', '12421', '17550']",62549,1. **Different floorplan:** C,"1. **Different floorplan:** C
2. **Why:** Floorplan C has a unique arrangement where the master room (#FFA500) is positioned in the center, surrounded by a common room (#FFD700), a living room (#EEE8AA), and a balcony (#6B8E23). This central placement of the master room is distinct from the other floorplans, which typically place the master room either at one end or in a corner. Additionally, the spatial distribution of the other rooms around the master room in C is more symmetrical compared to the other floorplans, which have a more varied and less symmetrical layout."
"[7, 22]","[17, 21]","['79411', '23132', '31113', '40679', '69704']",69704,1. **Different floorplan:** E,"1. **Different floorplan:** E
2. **Why:** Floorplan E has a unique arrangement where the living room and common room are directly adjacent without any intervening space, which is not observed in the other floorplans. In contrast, floorplans A, B, C, and D all have a more traditional layout with a corridor separating the living room from the common room."
"[17, 5]","[7, 20]","['50221', '33045', '72055', '7913', '2425']",2425,1. **Different floorplan:** E,"1. **Different floorplan:** E
2. **Why:** Floorplan E has a unique arrangement where the master room (#FFA500) is positioned in a way that it does not align with the typical central placement seen in the other floorplans. In contrast, the other floorplans have the master room centrally located, which is a common pattern in residential designs. Additionally, the layout of the common rooms and living areas in E is more compact and less symmetrical compared to the others, suggesting a different underlying design philosophy."
"[17, 21]","[7, 22]","['62549', '9795', '69704', '31113', '40487']",31113,1. **Different floorplan:** D,"1. **Different floorplan:** D
2. **Why:** Floorplan D has a unique arrangement where the living room and dining area are directly connected without any intervening space, unlike the other floorplans which have a common corridor or hallway separating these two areas. This direct connection in D makes it stand out from the others."
"[7, 1]","[17, 5]","['53652', '10825', '16951', '17550', '33045']",33045,1. **Different floorplan:** E,"1. **Different floorplan:** E
2. **Why:** Floorplan E has a distinct arrangement where the living room and dining area are placed side by side with a balcony directly adjacent to them, which is not seen in the other floorplans. The other floorplans have a more varied distribution of rooms, with the living room and dining area often separated by other spaces like kitchens or bathrooms."
"[17, 21]","[7, 1]","['69704', '12376', '40487', '62549', '62454']",12376,1. **Different floorplan:** B,"1. **Different floorplan:** B
2. **Why:** Floorplan B has a unique arrangement where the master room (#FFA500) is positioned in a way that it does not align with the typical central placement seen in the other floorplans. In contrast, the other floorplans have the master room centrally located, which suggests a more symmetrical and standard layout. Additionally, the positioning of the common room (#FFD700) and the living room (#EEE8AA) in relation to the entrance and the rest of the rooms also differs from the others, indicating a distinct pattern."
"[17, 21]","[7, 1]","['40487', '10825', '9795', '69704', '62549']",10825,1. **Different floorplan:** E,"1. **Different floorplan:** E
2. **Why:** Floorplan E has a unique arrangement where the master room (#FFA500) is positioned in a way that it does not align with the typical central placement seen in the other floorplans. In contrast, the other floorplans have the master room centrally located, which is a common pattern in residential designs. Additionally, the layout of the common rooms and living areas in E appears more compact and less symmetrical compared to the others, suggesting a different underlying design philosophy."
"[7, 20]","[17, 21]","['2277', '62454', '2425', '55305', '54372']",62454,1. **Different floorplan:** B,"1. **Different floorplan:** B
2. **Why:** Floorplan B has a distinct arrangement of rooms compared to the others. It features a large central living area with a smaller adjacent room, which is not typical in the other floorplans where the living areas are more evenly distributed or larger. Additionally, the placement of the entrance and the overall symmetry around it differ from the other floorplans, suggesting a unique underlying pattern."
"[17, 18]","[7, 1]","['21408', '70105', '51240', '31693', '3536']",3536,1. **Different floorplan:** E,"1. **Different floorplan:** E
2. **Why:** Floorplan E has a distinct vertical orientation with a tall, narrow shape compared to the other floorplans, which are more compact and horizontally oriented. Additionally, the presence of a single large room at the top and a smaller room at the bottom with a staircase in between sets it apart from the others, which have more balanced and symmetrical layouts."
"[17, 21]","[7, 22]","['62454', '62549', '23132', '9795', '69704']",23132,1. **Different floorplan:** C,"1. **Different floorplan:** C
2. **Why:** Floorplan C has a unique arrangement where the master room (#FFA500) is positioned in a way that it does not align with the typical central placement seen in the other floorplans. Additionally, the living room (#EEE8AA) and common room (#FFD700) are placed in a manner that differs from the symmetrical and consistent patterns observed in A, B, D, and E. The presence of a balcony (#6B8E23) at the top right corner also stands out due to its isolated position compared to the other floorplans."
"[17, 18]","[7, 20]","['70105', '2425', '46660', '31693', '6955']",2425,1. **Different floorplan:** B,"1. **Different floorplan:** B
2. **Why:** Floorplan B has a unique arrangement where the master room (#FFA500) is positioned in a way that it does not align with the typical central placement seen in the other floorplans. In contrast, the other floorplans have the master room centrally located, which suggests a more symmetrical and standard layout. Additionally, the positioning of the common room (#FFD700) and the living room (#EEE8AA) in relation to the entrance and the rest of the floor plan differs from the others, indicating a distinct pattern."
"[17, 21]","[7, 1]","['62549', '40487', '10825', '9795', '62454']",10825,1. **Different floorplan:** C,"1. **Different floorplan:** C
2. **Why:** Floorplan C has a unique arrangement where the master room (#FFA500) is positioned in the top right corner, which is not seen in the other floorplans. All other floorplans have the master room in the bottom left corner. This distinct placement makes it the one with a different underlying pattern."
"[17, 18]","[7, 3]","['66935', '61767', '6955', '21408', '70105']",61767,1. **Different floorplan:** B,"1. **Different floorplan:** B
2. **Why:** Floorplan B has a unique arrangement where the master room (#FFA500) is positioned in a way that it does not align with the typical central placement seen in the other floorplans. Additionally, the living room (#EEE8AA) and common room (#FFD700) are placed in a manner that differs from the symmetrical and consistent patterns observed in A, C, D, and E. The presence of the balcony (#6B8E23) and the positioning of the dining area (#DA70D6) also contribute to the distinctiveness of floorplan B."
"[7, 3]","[17, 18]","['21408', '64781', '61767', '75828', '52457']",21408,1. **Different floorplan:** E,"1. **Different floorplan:** E
2. **Why:** Floorplan E has a distinct arrangement of rooms compared to the others. It features a single large room with a smaller room attached to it, which is not present in the other floorplans. The other floorplans have more complex layouts with multiple interconnected rooms of varying sizes."
"[7, 1]","[17, 5]","['53652', '12421', '7913', '10825', '12376']",7913,1. **Different floorplan:** C,"1. **Different floorplan:** C
2. **Why:** Floorplan C has a unique arrangement where the master room (#FFA500) is positioned in a way that it does not align with the typical central placement seen in the other floorplans. Additionally, the living room (#EEE8AA) and common room (#FFD700) are placed in a manner that differs from the symmetrical and consistent patterns observed in A, B, D, and E. The presence of a balcony (#6B8E23) at the top right corner also stands out as an unusual feature compared to the other floorplans."
"[17, 21]","[7, 22]","['23132', '62454', '69704', '9795', '40487']",23132,1. **Different floorplan:** A,"1. **Different floorplan:** A
2. **Why:** Floorplan A has a unique layout compared to the others. It features a central common room with multiple smaller rooms branching off from it, which is not present in the other floorplans. The other floorplans have more uniform layouts with larger, contiguous spaces that are typical of a single large room or a series of connected rooms of similar size."
"[17, 18]","[7, 3]","['21408', '52457', '66935', '46660', '31693']",52457,1. **Different floorplan:** B,"1. **Different floorplan:** B
2. **Why:** Floorplan B has a distinct pattern where the master room (#FFA500) is positioned differently compared to the other floorplans. In contrast, the other floorplans (A, C, D, and E) have the master room in a similar location, adjacent to the living room (#EEE8AA) and the common room (#FFD700). Floorplan B's master room is isolated and does not share this adjacency with the common room and living room, making it stand out as having a different underlying pattern."
"[7, 1]","[17, 21]","['53652', '10825', '17550', '12421', '62454']",62454,1. **Different floorplan:** E,"1. **Different floorplan:** E
2. **Why:** Floorplan E has a unique arrangement where the living room and dining area are placed side by side in a linear fashion, which is distinct from the other floorplans. In contrast, floorplans A, B, C, and D all have the living room and dining area positioned in a more compact, U-shaped configuration with the kitchen and storage areas integrated into the same space. This linear layout in E sets it apart from the others."
"[17, 21]","[7, 1]","['12376', '40487', '69704', '78147', '62454']",12376,1. **Different floorplan:** A,"1. **Different floorplan:** A
2. **Why:** Floorplan A has a unique arrangement where the master room (#FFA500) is positioned in the top left corner, which is not typical for the other floorplans. In contrast, the other floorplans have the master room (#FFA500) centrally located or in a more standard position within the layout. This distinct placement makes floorplan A stand out from the others."
"[17, 21]","[7, 20]","['69704', '40487', '62454', '2277', '78147']",2277,1. **Different floorplan:** D,"1. **Different floorplan:** D
2. **Why:** Floorplan D has a unique arrangement where the living room and dining area are directly connected without any intervening space, unlike the other floorplans which have a clear separation between these two areas. Additionally, the kitchen in D is positioned differently compared to the others, which typically have the kitchen adjacent to the dining area but not directly connected to it. This distinct layout makes D stand out from the rest."
"[7, 1]","[17, 5]","['12376', '8109', '17550', '53652', '72055']",72055,1. **Different floorplan:** E,"1. **Different floorplan:** E
2. **Why:** Floorplan E has a unique arrangement where the living room and dining area are combined into one large space, which is not present in the other floorplans. In contrast, floorplans A, B, C, and D each have distinct layouts with separate living rooms and dining areas. Additionally, floorplan E has a different orientation of the kitchen and storage areas compared to the others."
"[7, 1]","[17, 18]","['3536', '8109', '53652', '46660', '16951']",46660,1. **Different floorplan:** D,"1. **Different floorplan:** D
2. **Why:** Floorplan D has a unique arrangement where the kitchen is positioned at the bottom left corner, unlike the other floorplans which have the kitchen in the top left or middle-left area. Additionally, the living room in D is larger and more centrally located compared to the other floorplans, which typically place it closer to the entrance. This distinct placement of the kitchen and the size of the living room make D stand out from the others."
"[7, 1]","[17, 18]","['53652', '3536', '17550', '66935', '8109']",66935,1. **Different floorplan:** D,"1. **Different floorplan:** D
2. **Why:** Floorplan D has a unique arrangement where the kitchen and dining areas are swapped compared to the other floorplans. In all other floorplans (A, B, C, and E), the kitchen is located to the left of the dining area, whereas in D, it is to the right. This distinct placement makes D stand out from the others."
"[7, 1]","[17, 5]","['3536', '53652', '12376', '12421', '50221']",50221,1. **Different floorplan:** E,"1. **Different floorplan:** E
2. **Why:** Floorplan E has an additional section that extends beyond the main structure, which is not present in the other floorplans. This extra section disrupts the uniformity of the spatial layout compared to A, B, C, and D, where all sections appear to be part of a cohesive design."
"[7, 1]","[17, 5]","['12376', '10825', '53652', '50221', '12421']",50221,1. **Different floorplan:** D,"1. **Different floorplan:** D
2. **Why:** Floorplan D has a unique arrangement where the master room (#FFA500) is positioned in the center, surrounded by a common room (#FFD700), a living room (#EEE8AA), and a balcony (#6B8E23). This central placement of the master room is distinct from the other floorplans, which typically have the master room either at one end or centrally located but not surrounded by other rooms in this specific manner."
"[17, 18]","[7, 3]","['6955', '51240', '75828', '21543', '66316']",75828,1. **Different floorplan:** C,"1. **Different floorplan:** C
2. **Why:** Floorplan C has a unique arrangement where the master room (#FFA500) is positioned in the center, surrounded by a living room (#EEE8AA) and a balcony (#6B8E23). This central placement of the master room with surrounding spaces is distinct from the other floorplans, which typically have the master room either at one end or centrally but not surrounded by these specific rooms. Additionally, the spatial distribution of the common room (#FFD700), dining (#DA70D6), and kitchen (#F08080) differs significantly compared to the others, making it stand out as having a different underlying pattern."
"[7, 1]","[17, 21]","['8109', '10825', '16951', '9795', '12376']",9795,1. **Different floorplan:** D,"1. **Different floorplan:** D
2. **Why:** Floorplan D has a unique arrangement where the master room (#FFA500) is positioned in the center, surrounded by a common room (#FFD700), a living room (#EEE8AA), and a balcony (#6B8E23). This central placement of the master room is distinct from the other floorplans, which typically have the master room either at one end or centrally located but not surrounded by other rooms in this specific manner."
"[7, 22]","[17, 18]","['79411', '40679', '31113', '21543', '23132']",21543,1. **Different floorplan:** D,"1. **Different floorplan:** D
2. **Why:** Floorplan D has a unique arrangement where the master room (#FFA500) is positioned in a way that it does not align with the typical central placement seen in the other floorplans. Additionally, the kitchen (#F08080) is unusually large and occupies a significant portion of the floorplan, which deviates from the more compact and balanced layouts of the other floorplans."
"[7, 1]","[17, 5]","['3536', '53652', '7913', '10825', '17550']",7913,1. **Different floorplan:** C,"1. **Different floorplan:** C
2. **Why:** Floorplan C has a unique arrangement where the master room (#FFA500) is positioned in a way that it does not align with the typical central placement seen in the other floorplans. In contrast, the other floorplans have the master room centrally located, which suggests a more symmetrical and standard layout. Additionally, the positioning of the common room (#FFD700) and the living room (#EEE8AA) in relation to the entrance and the rest of the rooms also differs from the others, indicating a distinct pattern."
"[7, 1]","[17, 5]","['12376', '12421', '10825', '53652', '33045']",33045,1. **Different floorplan:** E,"1. **Different floorplan:** E
2. **Why:** Floorplan E has a unique arrangement where the master room (#FFA500) is positioned in a way that it does not align with the typical central placement seen in the other floorplans. Additionally, the dining area (#DA70D6) is placed unusually close to the entrance, which deviates from the more standard layouts observed in A, B, C, and D."
"[7, 1]","[17, 18]","['21408', '8109', '10825', '16951', '53652']",21408,1. **Different floorplan:** A,"1. **Different floorplan:** A
2. **Why:** Floorplan A has a unique arrangement of rooms compared to the others. It features a central common room with multiple smaller rooms branching off from it, which is not present in the other floorplans. The other floorplans have more uniform layouts with fewer variations in room types and sizes."
"[17, 18]","[7, 22]","['31113', '46660', '66935', '6955', '31693']",31113,1. **Different floorplan:** E,"1. **Different floorplan:** E
2. **Why:** Floorplan E has a unique arrangement where the master room (#FFA500) is positioned in a way that it does not align with the typical central placement seen in the other floorplans. In contrast, the other floorplans have the master room centrally located, which is a common pattern in residential designs. Additionally, the overall layout of E appears more compact and less symmetrical compared to the others, suggesting a different underlying pattern."
"[17, 21]","[7, 22]","['62454', '9795', '69704', '40487', '40679']",40679,1. **Different floorplan:** E,"1. **Different floorplan:** E
2. **Why:** Floorplan E has an additional section extending from the main entrance that is not present in the other floorplans. This extra section disrupts the uniformity of the spatial layout compared to A, B, C, and D, which all have a consistent arrangement of rooms around a central core."
"[17, 18]","[7, 1]","['6955', '46660', '8109', '31693', '70105']",8109,1. **Different floorplan:** C,"1. **Different floorplan:** C
2. **Why:** Floorplan C has a unique arrangement where the master room (#FFA500) is positioned in a way that it does not align with the typical central placement seen in the other floorplans. In contrast, the other floorplans have the master room centrally located, which suggests a more symmetrical and standard layout. Additionally, the positioning of the common room (#FFD700) and the living room (#EEE8AA) in relation to the entrance and the rest of the rooms also differs from the others, indicating a distinct pattern."
"[7, 1]","[17, 5]","['53652', '72055', '3536', '10825', '16951']",72055,1. **Different floorplan:** C,"1. **Different floorplan:** C
2. **Why:** Floorplan C has a unique arrangement where the master room (#FFA500) is positioned at the bottom left corner, which is not typical in the other floorplans. In contrast, the other floorplans have the master room either centrally located or towards the top right, maintaining a more consistent pattern."
"[7, 1]","[17, 18]","['3536', '17550', '70105', '53652', '10825']",70105,1. **Different floorplan:** C,"1. **Different floorplan:** C
2. **Why:** Floorplan C has a unique arrangement of rooms compared to the others. It features a central hallway with a T-shape configuration, which is distinct from the more linear layouts in A, B, D, and E. The other floorplans have a more consistent pattern of rooms branching off from a central point or a linear sequence, whereas C's layout is more complex and divergent."
"[17, 18]","[7, 22]","['40679', '51240', '70105', '46660', '6955']",40679,1. **Different floorplan:** E,"1. **Different floorplan:** E
2. **Why:** Floorplan E has a unique arrangement where the master room (#FFA500) is positioned in a way that it does not align with the typical central placement seen in the other floorplans. In contrast, the other floorplans have the master room centrally located, which suggests a more symmetrical and standard layout. Additionally, the positioning of the common room (#FFD700) and the living room (#EEE8AA) in relation to the entrance and the rest of the rooms also differs from the others, indicating a distinct pattern."
"[17, 18]","[7, 1]","['46660', '66316', '10825', '66935', '21408']",10825,1. **Different floorplan:** E,"1. **Different floorplan:** E
2. **Why:** Floorplan E has a unique arrangement where the master room (#FFA500) is positioned in a way that it does not align with the typical central placement seen in the other floorplans. Additionally, the dining area (#DA70D6) is placed unusually close to the entrance, which deviates from the standard layout observed in A, B, C, and D."
"[17, 21]","[7, 1]","['12376', '78147', '69704', '9795', '40487']",12376,1. **Different floorplan:** A,"1. **Different floorplan:** A
2. **Why:** Floorplan A has a unique arrangement where the master room (#FFA500) is positioned in the top left corner, which is not seen in the other floorplans. All other floorplans have the master room in the top right corner. Additionally, the layout of the common rooms and living rooms around the master room differs significantly from the others, making it stand out as having a different underlying pattern."
"[17, 18]","[7, 20]","['66316', '55305', '21408', '70105', '31693']",55305,1. **Different floorplan:** C,"1. **Different floorplan:** C
2. **Why:** Floorplan C has a unique arrangement where the master room (#FFA500) is positioned in a way that it does not align with the typical central placement seen in the other floorplans. Additionally, the living room (#EEE8AA) and common room (#FFD700) are placed in a manner that differs from the symmetrical and consistent patterns observed in A, B, D, and E. The presence of the balcony (#6B8E23) and the positioning of the dining area (#DA70D6) also contribute to the distinctiveness of floorplan C."
"[17, 18]","[7, 22]","['70105', '21543', '23132', '31693', '51240']",23132,1. **Different floorplan:** C,"1. **Different floorplan:** C
2. **Why:** Floorplan C has a unique arrangement where the master room (#FFA500) is positioned in the center, surrounded by a common room (#FFD700), a living room (#EEE8AA), and a balcony (#6B8E23). This central placement of the master room is distinct from the other floorplans, which typically have the master room either at one end or centrally located but not surrounded by other rooms in this specific manner. Additionally, the spatial distribution of the other rooms around the master room in C is more compact compared to the other floorplans, suggesting a different underlying pattern."
"[17, 21]","[7, 20]","['62549', '2425', '62454', '40487', '78147']",2425,1. **Different floorplan:** B,"1. **Different floorplan:** B
2. **Why:** Floorplan B has a unique arrangement where the master room (#FFA500) is positioned in the center, surrounded by other rooms, which is not typical in the other floorplans. The other floorplans have the master room either at one end or in a corner, with the rest of the rooms distributed around it in a more symmetrical manner."
"[17, 18]","[7, 22]","['70105', '51240', '31693', '40679', '46660']",40679,1. **Different floorplan:** C,"1. **Different floorplan:** C
2. **Why:** Floorplan C has a distinct arrangement of rooms compared to the others. It features a central hallway with a master room directly connected to it, which is not present in the other floorplans. The other floorplans have more symmetrical layouts with common rooms and living areas distributed around a central core, whereas C has a unique central hallway configuration."
"[7, 1]","[17, 18]","['17550', '12421', '16951', '51240', '3536']",51240,1. **Different floorplan:** D,"1. **Different floorplan:** D
2. **Why:** Floorplan D has a unique arrangement where the master room (#FFA500) is positioned in a way that it does not align with the typical central placement seen in the other floorplans. Additionally, the kitchen (#F08080) is located at an unusual position compared to the standard layout, which suggests a different underlying pattern."
"[7, 1]","[17, 5]","['3536', '16951', '33045', '17550', '12421']",33045,1. **Different floorplan:** C,"1. **Different floorplan:** C
2. **Why:** Floorplan C has a unique arrangement where the master room (#FFA500) is positioned in the center, surrounded by a common room (#FFD700), a living room (#EEE8AA), and a balcony (#6B8E23). This central placement of the master room with surrounding rooms is distinct from the other floorplans, which typically have the master room either at one end or centrally but not surrounded by other rooms in this specific configuration."
"[17, 18]","[7, 20]","['70105', '2277', '21408', '6955', '21543']",2277,1. **Different floorplan:** B,"1. **Different floorplan:** B
2. **Why:** Floorplan B has a unique arrangement where the master room (#FFA500) is positioned in the center, surrounded by common rooms (#FFD700), living rooms (#EEE8AA), and balconies (#6B8E23). This central placement of the master room is not seen in the other floorplans, which typically have the master room either at one end or centrally but not surrounded by other rooms in this specific manner."
"[17, 21]","[7, 22]","['9795', '40487', '62549', '78147', '79411']",79411,1. **Different floorplan:** E,"1. **Different floorplan:** E
2. **Why:** Floorplan E has a unique configuration where the main entrance leads directly into a small room with a balcony attached, which is not present in the other floorplans. The other floorplans have more complex layouts with multiple rooms leading off from the main entrance, and the entrance does not lead directly into a small room with a balcony."
"[7, 1]","[17, 18]","['51240', '53652', '3536', '12421', '16951']",51240,1. **Different floorplan:** C,"1. **Different floorplan:** C
2. **Why:** Floorplan C has a distinct arrangement of rooms compared to the others. It features a large central living area with a smaller adjacent room, which is not typical in the other floorplans where the rooms are more evenly distributed or have a different configuration around a central core. Additionally, the presence of a large balcony in the center of C also sets it apart from the others, which do not have such a prominent feature."
"[17, 18]","[7, 3]","['51240', '75828', '31693', '66316', '46660']",75828,1. **Different floorplan:** C,"1. **Different floorplan:** C
2. **Why:** Floorplan C has a unique arrangement where the master room (#FFA500) is positioned in a way that it does not align with the typical central placement seen in the other floorplans. In contrast, the other floorplans have the master room centrally located, which suggests a more symmetrical and standard layout. Additionally, the positioning of the common room (#FFD700) and the living room (#EEE8AA) in relation to the entrance and the rest of the rooms also differs from the others, indicating a distinct pattern."
"[17, 21]","[7, 3]","['69704', '62549', '40487', '75828', '78147']",75828,1. **Different floorplan:** D,"1. **Different floorplan:** D
2. **Why:** Floorplan D has a unique arrangement where the kitchen is positioned in the center, surrounded by other rooms, which differs from the other floorplans where the kitchen is typically located at one end or another side of the apartment. Additionally, the layout of the other rooms around the kitchen in D appears more compact compared to the more spread-out arrangements in A, B, C, and E."
"[7, 1]","[17, 5]","['3536', '53652', '12376', '72055', '17550']",72055,1. **Different floorplan:** D,"1. **Different floorplan:** D
2. **Why:** Floorplan D has a unique arrangement where the living room and dining area are directly adjacent without any intervening space, unlike the other floorplans which typically have a corridor or another room between them. This direct adjacency is not seen in A, B, C, or E, making it stand out with a different underlying pattern."
"[17, 18]","[7, 22]","['31693', '21408', '51240', '21543', '23132']",23132,1. **Different floorplan:** E,"1. **Different floorplan:** E
2. **Why:** Floorplan E has a distinct layout compared to the others. It features a single large open space with no internal divisions, which is unlike the other floorplans that have multiple rooms separated by walls. The other floorplans (A, B, C, and D) all show a more traditional apartment layout with distinct rooms such as living rooms, bedrooms, kitchens, and bathrooms. Floorplan E's layout suggests it might be a studio apartment or a very open concept home, which sets it apart from the others."
"[17, 21]","[7, 1]","['12421', '69704', '40487', '78147', '9795']",12421,1. **Different floorplan:** D,"1. **Different floorplan:** D
2. **Why:** Floorplan D has a unique arrangement where the master room (#FFA500) is positioned in a way that it does not align with the typical central placement seen in the other floorplans. In contrast, the other floorplans have the master room centrally located, which suggests a more symmetrical and standard layout. Additionally, the positioning of the common room (#FFD700) and the living room (#EEE8AA) in relation to the entrance and the rest of the rooms also differs from the others, indicating a distinct pattern."
"[17, 21]","[7, 1]","['9795', '12376', '69704', '62549', '62454']",12376,1. **Different floorplan:** B,"1. **Different floorplan:** B
2. **Why:** Floorplan B has a unique arrangement where the master room (#FFA500) is positioned in a way that it does not align with the typical central placement seen in the other floorplans. In contrast, the other floorplans have the master room centrally located, which suggests a more symmetrical and standard layout. Additionally, the positioning of the common room (#FFD700) and the living room (#EEE8AA) in relation to the entrance and the rest of the rooms also differs from the others, indicating a distinct pattern."
"[17, 18]","[7, 1]","['46660', '21543', '6955', '66316', '16951']",16951,1. **Different floorplan:** E,"1. **Different floorplan:** E
2. **Why:** Floorplan E has a unique arrangement where the master room (#FFA500) is positioned in a way that it does not align with the typical central placement seen in the other floorplans. In contrast, the other floorplans have the master room centrally located, which is a common pattern in residential designs. Additionally, the overall layout of E appears more compact and less symmetrical compared to the others, suggesting a different underlying pattern."
"[17, 18]","[7, 20]","['6955', '46660', '66935', '54372', '66316']",54372,1. **Different floorplan:** C,"1. **Different floorplan:** C
2. **Why:** Floorplan C has a unique arrangement where the master room (#FFA500) is positioned in a way that it does not align with the typical central placement seen in the other floorplans. In contrast, the other floorplans have the master room centrally located, which suggests a more symmetrical and standard layout. Additionally, the positioning of the common room (#FFD700) and the living room (#EEE8AA) in relation to the entrance and the rest of the rooms also differs from the others, indicating a distinct pattern."
"[17, 21]","[7, 1]","['40487', '3536', '62454', '78147', '62549']",3536,1. **Different floorplan:** B,"1. **Different floorplan:** B
2. **Why:** Floorplan B has a unique arrangement where the master room (#FFA500) is positioned in a way that it does not align with the typical central placement seen in the other floorplans. Additionally, the kitchen (#F08080) is located at the far end of the floorplan, which is less common compared to the other floorplans where the kitchen is usually closer to the entrance. This distinct placement makes floorplan B stand out from the others."
"[7, 20]","[17, 18]","['54372', '70105', '2425', '2277', '55305']",70105,1. **Different floorplan:** C,"1. **Different floorplan:** C
2. **Why:** Floorplan C has a unique arrangement where the master room (#FFA500) is positioned in a way that it does not align with the typical central placement seen in the other floorplans. In contrast, the other floorplans have the master room centrally located, which suggests a more symmetrical and standard layout. Additionally, the spatial distribution of the common rooms and living areas in C appears less uniform compared to the others, indicating a different underlying pattern."
"[7, 1]","[17, 21]","['10825', '69704', '12421', '12376', '3536']",69704,1. **Different floorplan:** E,"1. **Different floorplan:** E
2. **Why:** Floorplan E has a unique arrangement where the master room (#FFA500) is positioned in a way that it does not align with the typical central placement seen in the other floorplans. In contrast, the other floorplans have the master room centrally located, which is a common pattern in apartment designs. Additionally, the layout of the common rooms and living areas in E differs significantly from the others, making it stand out as having a different underlying pattern."
"[17, 18]","[7, 20]","['21543', '70105', '31693', '21408', '55305']",55305,1. **Different floorplan:** C,"1. **Different floorplan:** C
2. **Why:** Floorplan C has a distinct layout compared to the others. It features a single large open space with a central staircase leading down, which is not present in the other floorplans. The other floorplans have more complex layouts with multiple rooms and corridors, making them more uniform in their design. Floorplan C's unique staircase and open space set it apart from the rest."
"[17, 18]","[7, 1]","['66935', '16951', '6955', '46660', '31693']",16951,1. **Different floorplan:** B,"1. **Different floorplan:** B
2. **Why:** Floorplan B has a unique arrangement where the master room (#FFA500) is positioned in a way that it does not align with the typical central placement seen in the other floorplans. Additionally, the living room (#EEE8AA) and common room (#FFD700) are placed in a manner that differs from the symmetrical and consistent patterns observed in A, C, D, and E. The presence of the balcony (#6B8E23) and the positioning of the dining area (#DA70D6) also contribute to the distinctiveness of floorplan B."
"[7, 1]","[17, 21]","['12376', '3536', '17550', '78147', '10825']",78147,1. **Different floorplan:** D,"1. **Different floorplan:** D
2. **Why:** Floorplan D has a unique arrangement where the master room (#FFA500) is positioned in a way that it does not align with the typical central placement seen in the other floorplans. In contrast, the other floorplans have the master room centrally located, which suggests a more symmetrical and standard layout. Additionally, the positioning of the common room (#FFD700) and the living room (#EEE8AA) in relation to the entrance and the rest of the rooms also differs from the others, indicating a distinct pattern."
"[17, 18]","[7, 1]","['51240', '66316', '31693', '21543', '8109']",8109,1. **Different floorplan:** E,"1. **Different floorplan:** E
2. **Why:** Floorplan E has a unique arrangement where the master room (#FFA500) is positioned in a way that it does not align with the typical central placement seen in the other floorplans. In contrast, the other floorplans have the master room centrally located, which is a common pattern in residential designs. Additionally, the layout of the common rooms and living areas in E differs significantly from the others, suggesting a different underlying pattern."
"[7, 1]","[17, 21]","['12421', '9795', '53652', '8109', '10825']",9795,1. **Different floorplan:** B,"1. **Different floorplan:** B
2. **Why:** Floorplan B has a unique arrangement where the master room (#FFA500) is positioned in a way that it does not align with the common room (#FFD700) in the same vertical line as seen in the other floorplans. Additionally, the kitchen (#F08080) and dining (#DA70D6) areas are placed differently compared to the others, suggesting a distinct layout pattern."
"[7, 1]","[17, 5]","['12376', '17550', '3536', '10825', '7913']",7913,1. **Different floorplan:** E,"1. **Different floorplan:** E
2. **Why:** Floorplan E has a unique arrangement where the master room (#FFA500) is positioned in a way that it does not align with the typical central placement seen in the other floorplans. In contrast, the other floorplans have the master room centrally located, which is a common pattern in residential designs. Additionally, the layout of the common rooms and living areas in E differs significantly from the others, suggesting a different underlying pattern."
"[7, 1]","[17, 18]","['51240', '8109', '17550', '12376', '3536']",51240,1. **Different floorplan:** E,"1. **Different floorplan:** E
2. **Why:** Floorplan E has a distinct layout compared to the others. It features a single large room with a balcony attached to one side, which is not present in the other floorplans. The other floorplans have more complex layouts with multiple rooms and different configurations around the main entrance."
"[17, 21]","[7, 1]","['40487', '69704', '9795', '62549', '8109']",8109,1. **Different floorplan:** E,"1. **Different floorplan:** E
2. **Why:** Floorplan E has a unique arrangement where the master room (#FFA500) is positioned in a way that it does not align with the typical central placement seen in the other floorplans. In contrast, the other floorplans have the master room centrally located, which suggests a more symmetrical and standard layout. Additionally, the positioning of the common room (#FFD700) and the living room (#EEE8AA) in relation to the entrance and the rest of the rooms also differs from the others, indicating a distinct pattern."
"[7, 1]","[17, 18]","['21543', '8109', '17550', '16951', '53652']",21543,1. **Different floorplan:** A,"1. **Different floorplan:** A
2. **Why:** Floorplan A has a more complex and irregular layout compared to the others. It features multiple interconnected rooms with varying shapes and sizes, which deviates from the simpler, more uniform patterns seen in B, C, D, and E. These latter floorplans have more straightforward, rectangular or square-like sections, making them easier to compare and identify as sharing a similar underlying pattern."
"[17, 18]","[7, 22]","['21543', '23132', '6955', '66316', '51240']",23132,1. **Different floorplan:** E,"1. **Different floorplan:** E
2. **Why:** Floorplan E has a unique arrangement where the master room (#FFA500) is positioned in a way that it does not align with the typical central placement seen in the other floorplans. In contrast, the other floorplans have the master room centrally located, which is a common pattern in apartment designs. Additionally, the layout of the common rooms and living areas in floorplan E differs from the more uniform distribution in the other floorplans."
"[7, 1]","[17, 18]","['53652', '3536', '66935', '12376', '10825']",66935,1. **Different floorplan:** C,"1. **Different floorplan:** C
2. **Why:** Floorplan C has a unique arrangement where the master room (#FFA500) is positioned in a way that it does not align with the typical central placement seen in the other floorplans. Additionally, the living room (#EEE8AA) and common room (#FFD700) are placed in a manner that differs from the symmetrical and consistent patterns observed in A, B, D, and E. The presence of a balcony (#6B8E23) and storage (#DDA0DD) also contributes to the distinct layout compared to the others."
"[17, 21]","[7, 1]","['62549', '9795', '40487', '78147', '16951']",16951,1. **Different floorplan:** E,"1. **Different floorplan:** E
2. **Why:** Floorplan E has a unique arrangement where the master room (#FFA500) is positioned at the top right corner, which is not seen in the other floorplans. All other floorplans have the master room (#FFA500) either in the bottom left or middle-left area, with the rest of the rooms arranged around it in a consistent manner. Floorplan E deviates from this pattern by placing the master room in an unusual position, making it stand out as having a different underlying floorplan pattern."
"[7, 1]","[17, 21]","['78147', '10825', '12376', '16951', '8109']",78147,1. **Different floorplan:** D,"1. **Different floorplan:** D
2. **Why:** Floorplan D has a unique arrangement where the master room (#FFA500) is positioned in the upper right corner, which is not typical compared to the other floorplans. In contrast, the other floorplans have the master room in the lower left or central position, maintaining a more consistent layout."
"[17, 18]","[7, 20]","['66935', '46660', '70105', '55305', '21408']",55305,1. **Different floorplan:** E,"1. **Different floorplan:** E
2. **Why:** Floorplan E has a unique arrangement where the living room and dining area are directly connected without any intervening space, which is not present in the other floorplans. In contrast, floorplans A, B, C, and D all have a common pattern where the living room and dining area are separated by a hallway or another room. This distinct layout makes floorplan E stand out from the others."
"[7, 1]","[17, 21]","['3536', '16951', '8109', '17550', '9795']",9795,1. **Different floorplan:** E,"1. **Different floorplan:** E
2. **Why:** Floorplan E has a unique arrangement where the master room (#FFA500) is positioned in a way that it does not align with the typical central placement seen in the other floorplans. In contrast, the other floorplans have the master room centrally located, which suggests a more symmetrical and standard layout. Additionally, the positioning of the common room (#FFD700) and the living room (#EEE8AA) in relation to the entrance and the rest of the rooms also differs from the others, indicating a distinct pattern."
"[7, 1]","[17, 21]","['40487', '8109', '16951', '17550', '12376']",40487,1. **Different floorplan:** B,"1. **Different floorplan:** B
2. **Why:** Floorplan B has a unique arrangement where the master room (#FFA500) is positioned in a way that it does not align with the typical central placement seen in the other floorplans. In contrast, the other floorplans have the master room centrally located, which suggests a more symmetrical and standard layout. Additionally, the positioning of the common room (#FFD700) and the living room (#EEE8AA) in relation to the entrance and the rest of the rooms also differs from the others, indicating a distinct pattern."
"[17, 18]","[7, 20]","['31693', '2425', '6955', '46660', '51240']",2425,1. **Different floorplan:** B,"1. **Different floorplan:** B
2. **Why:** Floorplan B has a unique arrangement where the master room (#FFA500) is positioned in a way that it does not align with the typical central placement seen in the other floorplans. Additionally, the living room (#EEE8AA) and common room (#FFD700) are placed in a manner that differs from the symmetrical and consistent patterns observed in A, C, D, and E. The presence of the balcony (#6B8E23) and the positioning of the dining area (#DA70D6) also contribute to the distinctiveness of floorplan B compared to the others."
"[17, 18]","[7, 3]","['6955', '70105', '21408', '52457', '66935']",52457,1. **Different floorplan:** D,"1. **Different floorplan:** D
2. **Why:** Floorplan D has a distinct pattern compared to the others. It features a long, narrow layout with a single large room extending along one side, which is not present in the other floorplans. The other floorplans have more symmetrical or interconnected layouts with multiple rooms of varying sizes."
"[17, 21]","[7, 1]","['62549', '69704', '78147', '8109', '9795']",8109,1. **Different floorplan:** D,"1. **Different floorplan:** D
2. **Why:** Floorplan D has a unique arrangement where the master room (#FFA500) is positioned in a way that it does not align with the typical central placement seen in the other floorplans. In contrast, the other floorplans (A, B, C, and E) have the master room centrally located, which is a common pattern in apartment designs. Floorplan D deviates from this by placing the master room towards one side, making it stand out as having a different underlying pattern."
"[7, 22]","[17, 18]","['6955', '23132', '31113', '79411', '40679']",6955,1. **Different floorplan:** E,"1. **Different floorplan:** E
2. **Why:** Floorplan E has a unique arrangement of rooms compared to the others. It features a central hallway with a staircase leading up to an upper level, which is not present in the other floorplans. Additionally, the distribution of room types and their relative sizes differs significantly from the others, making it stand out as having a different underlying pattern."
"[17, 21]","[7, 22]","['9795', '40487', '23132', '62549', '69704']",23132,1. **Different floorplan:** C,"1. **Different floorplan:** C
2. **Why:** Floorplan C has a unique arrangement of rooms compared to the others. It features a central hallway with a staircase leading up to an upper level, which is not present in the other floorplans. Additionally, the distribution of room types and their relative sizes differs significantly from the uniformity observed in A, B, D, and E."
"[17, 18]","[7, 1]","['6955', '21543', '10825', '51240', '46660']",10825,1. **Different floorplan:** C,"1. **Different floorplan:** C
2. **Why:** Floorplan C has a unique arrangement where the master room (#FFA500) is positioned in a way that it does not align with the typical central placement seen in the other floorplans. Additionally, the living room (#EEE8AA) and common room (#FFD700) are placed in a manner that differs from the symmetrical and consistent patterns observed in A, B, D, and E. The presence of a balcony (#6B8E23) at the top right corner also stands out as an unusual feature compared to the other floorplans."
"[7, 1]","[17, 18]","['17550', '53652', '21408', '16951', '12376']",21408,1. **Different floorplan:** C,"1. **Different floorplan:** C
2. **Why:** Floorplan C has a unique arrangement of rooms compared to the others. It features a central hallway with a staircase leading up, which is not present in the other floorplans. Additionally, the distribution of room types and their relative sizes differs significantly from the uniformity seen in A, B, D, and E."
"[7, 1]","[17, 21]","['17550', '3536', '8109', '62454', '12421']",62454,1. **Different floorplan:** D,"1. **Different floorplan:** D
2. **Why:** Floorplan D has a unique arrangement where the master room (#FFA500) is positioned in a way that it does not align with the common room (#FFD700) and the living room (#EEE8AA) in the same horizontal line as seen in the other floorplans. Additionally, the kitchen (#F08080) and dining (#DA70D6) areas are placed differently compared to the others, suggesting a distinct layout pattern."
"[17, 18]","[7, 22]","['31693', '23132', '66935', '51240', '6955']",23132,1. **Different floorplan:** E,"1. **Different floorplan:** E
2. **Why:** Floorplan E has a unique arrangement where the master room (#FFA500) is positioned in a way that it does not align with the typical central placement seen in the other floorplans. In contrast, the other floorplans have the master room centrally located, which suggests a more symmetrical and standard layout. Floorplan E's master room is placed towards one side, making it stand out from the others."
"[7, 1]","[17, 18]","['3536', '21543', '12421', '12376', '53652']",21543,1. **Different floorplan:** B,"1. **Different floorplan:** B
2. **Why:** Floorplan B has an additional section that extends outward from the main structure compared to the other floorplans. This extra section is not present in A, C, D, or E, which all maintain a more uniform and compact layout. The presence of this extended section in B suggests a different underlying pattern."
"[17, 18]","[7, 3]","['51240', '64781', '66316', '66935', '31693']",64781,1. **Different floorplan:** E,"1. **Different floorplan:** E
2. **Why:** Floorplan E has a unique arrangement where the master room (#FFA500) is positioned in a way that it does not align with the typical central placement seen in the other floorplans. In contrast, the other floorplans have the master room centrally located, which is a common pattern in residential designs. Additionally, the layout of the common rooms and living areas in E differs significantly from the others, suggesting a different underlying pattern."
"[7, 1]","[17, 21]","['8109', '78147', '17550', '12376', '12421']",78147,1. **Different floorplan:** B,"1. **Different floorplan:** B
2. **Why:** Floorplan B has a unique arrangement where the master room (#FFA500) is positioned in a way that it does not align with the typical central placement seen in the other floorplans. In contrast, the other floorplans have the master room centrally located, which suggests a more symmetrical and standard layout. Additionally, the positioning of the common room (#FFD700) and the living room (#EEE8AA) in relation to the entrance and the rest of the rooms also differs from the others, indicating a distinct pattern."
"[17, 21]","[7, 1]","['9795', '17550', '62454', '62549', '40487']",17550,1. **Different floorplan:** B,"1. **Different floorplan:** B
2. **Why:** Floorplan B has a unique arrangement where the master room (#FFA500) is positioned in a way that it does not align with the typical central placement seen in the other floorplans. In contrast, the other floorplans have the master room centrally located, which suggests a more symmetrical and standard layout. Additionally, the positioning of the common room (#FFD700) and the living room (#EEE8AA) in relation to the entrance and the rest of the rooms also differs from the others, indicating a distinct pattern."
"[17, 18]","[7, 3]","['31693', '51240', '66316', '70105', '64781']",64781,1. **Different floorplan:** E,"1. **Different floorplan:** E
2. **Why:** Floorplan E has a unique arrangement where the master room (#FFA500) is positioned in a way that it does not align with the typical central placement seen in the other floorplans. In contrast, the other floorplans have the master room centrally located, which is a common pattern in apartment designs. Additionally, the layout of the common rooms and living areas in floorplan E differs significantly from the others, suggesting a different underlying pattern."
"[17, 18]","[7, 1]","['12376', '51240', '31693', '66935', '21543']",12376,1. **Different floorplan:** E,"1. **Different floorplan:** E
2. **Why:** Floorplan E has a unique arrangement where the master room (#FFA500) is positioned in a way that it does not align with the typical central placement seen in the other floorplans. In contrast, the other floorplans have the master room centrally located, which suggests a more symmetrical and standard layout. Additionally, the distribution of other rooms like the common room (#FFD700), living room (#EEE8AA), and kitchen (#F08080) also follows a consistent pattern across A, B, C, and D, but not in E."
"[7, 1]","[17, 21]","['16951', '12421', '40487', '3536', '53652']",40487,1. **Different floorplan:** D,"1. **Different floorplan:** D
2. **Why:** Floorplan D has a unique arrangement where the master room (#FFA500) is positioned in the center, surrounded by a common room (#FFD700), a living room (#EEE8AA), and a balcony (#6B8E23). This central placement of the master room is distinct from the other floorplans, which typically place the master room either at one end or in a corner. Additionally, the kitchen (#F08080) and dining (#DA70D6) areas are located in separate sections, creating a more compartmentalized layout compared to the other floorplans, which have a more integrated design."
"[17, 21]","[7, 20]","['62454', '9795', '2277', '78147', '69704']",2277,1. **Different floorplan:** C,"1. **Different floorplan:** C
2. **Why:** Floorplan C has a unique arrangement where the master room (#FFA500) is positioned in the center, surrounded by a living room (#EEE8AA) and a balcony (#6B8E23). This central placement of the master room with additional rooms around it is distinct from the other floorplans, which typically have the master room in one corner or along the edge. Additionally, the presence of a separate dining area (#DA70D6) in the middle of the floorplan further distinguishes it from the others."
"[7, 1]","[17, 5]","['7913', '12421', '12376', '16951', '3536']",7913,1. **Different floorplan:** E,"1. **Different floorplan:** E
2. **Why:** Floorplan E has a unique arrangement where the master room (#FFA500) is positioned in a way that it does not align with the typical placement of such rooms in the other floorplans. In contrast, the other floorplans have the master room either directly adjacent to the living room or in a similar configuration. Floorplan E places the master room further away from the living room and dining area, which is distinct from the others."
"[17, 18]","[7, 22]","['70105', '21408', '66316', '31693', '23132']",23132,1. **Different floorplan:** B,"1. **Different floorplan:** B
2. **Why:** Floorplan B has a unique arrangement where the master room (#FFA500) is positioned in a way that it does not align with the typical central placement seen in the other floorplans. Additionally, the living room (#EEE8AA) and common room (#FFD700) are placed in a manner that differs from the symmetrical and consistent patterns observed in A, C, D, and E. The presence of the balcony (#6B8E23) and the positioning of the dining area (#DA70D6) also contribute to the distinctiveness of floorplan B."
"[7, 1]","[17, 5]","['8109', '10825', '3536', '16951', '50221']",50221,1. **Different floorplan:** E,"1. **Different floorplan:** E
2. **Why:** Floorplan E has an additional section with a different layout compared to the other four floorplans. Specifically, it includes a small green section that appears to be a separate room or area not present in the other floorplans. This additional section disrupts the uniformity of the spatial layout found in A, B, C, and D, which all have a consistent arrangement of rooms without such an extra section."
"[7, 1]","[17, 21]","['62454', '10825', '17550', '3536', '53652']",62454,1. **Different floorplan:** D,"1. **Different floorplan:** D
2. **Why:** Floorplan D has a unique arrangement where the master room (#FFA500) is positioned in the center, surrounded by a large common room (#FFD700) and a smaller balcony (#6B8E23). This central placement of the master room with a surrounding common area is distinct from the other floorplans, which typically have the master room either at one end or centrally but not surrounded by a large common room. The other floorplans (A, B, C, and E) maintain a more consistent pattern with the master room being either at one end or centrally located without the surrounding common room."
"[7, 1]","[17, 21]","['12421', '78147', '12376', '16951', '53652']",78147,1. **Different floorplan:** E,"1. **Different floorplan:** E
2. **Why:** Floorplan E has a unique arrangement where the master room (#FFA500) is positioned in a way that it does not align with the typical central placement seen in the other floorplans. In contrast, the other floorplans have the master room centrally located, which is a common pattern in apartment designs. Additionally, the layout of the common rooms and living areas in E differs significantly from the others, suggesting a different underlying pattern."
"[17, 18]","[7, 20]","['46660', '31693', '70105', '2277', '21543']",2277,1. **Different floorplan:** E,"1. **Different floorplan:** E
2. **Why:** Floorplan E has a unique arrangement where the master room (#FFA500) is positioned in the top right corner, which is not seen in the other floorplans. All other floorplans have the master room in the bottom left corner. This distinct placement makes E stand out from the others."
"[17, 18]","[7, 3]","['66316', '66935', '31693', '70105', '61767']",61767,1. **Different floorplan:** E,"1. **Different floorplan:** E
2. **Why:** Floorplan E has a unique arrangement where the living room and dining area are directly adjacent without any intervening space, which is not observed in the other floorplans. In contrast, floorplans A, B, C, and D all have a common pattern where the living room and dining area are separated by a hallway or another room. This distinct layout makes floorplan E stand out from the others."
"[7, 1]","[17, 5]","['3536', '53652', '33045', '12421', '17550']",33045,1. **Different floorplan:** C,"1. **Different floorplan:** C
2. **Why:** Floorplan C is the only one that does not have a continuous flow from the main entrance into a common room, followed by a living room, and then a master room. Instead, it has a direct transition from the entrance to a master room, which is unusual compared to the other floorplans that maintain a more linear progression through the common room and living room before reaching the master room."
"[17, 21]","[7, 1]","['17550', '69704', '62454', '62549', '78147']",17550,1. **Different floorplan:** A,"1. **Different floorplan:** A
2. **Why:** Floorplan A has a unique arrangement where the master room (#FFA500) is positioned in the bottom left corner, which is not typical for the other floorplans. In contrast, the other floorplans have the master room in the top right corner, maintaining a consistent pattern across B, C, D, and E. This distinct placement makes A stand out as having a different underlying pattern."
"[7, 1]","[17, 18]","['6955', '10825', '12376', '8109', '12421']",6955,1. **Different floorplan:** E,"1. **Different floorplan:** E
2. **Why:** Floorplan E has a unique arrangement where the master room (#FFA500) is positioned in a way that it does not align with the typical central placement seen in the other floorplans. In contrast, the other floorplans have the master room centrally located, which is a common pattern in apartment designs. Additionally, the layout of the common rooms and living areas in E differs from the more uniform distribution in A, B, C, and D."
"[17, 18]","[7, 20]","['6955', '21543', '2277', '51240', '66935']",2277,1. **Different floorplan:** C,"1. **Different floorplan:** C
2. **Why:** Floorplan C has a unique arrangement where the master room (#FFA500) is positioned in the center, surrounded by a common room (#FFD700), a living room (#EEE8AA), and a balcony (#6B8E23). This central placement of the master room is distinct from the other floorplans, which typically have the master room either at one end or centrally located but not surrounded by other rooms in this specific manner. Additionally, the spatial distribution of the other rooms around the master room in C is more compact compared to the other floorplans, suggesting a different underlying pattern."
"[17, 18]","[7, 22]","['21408', '46660', '51240', '6955', '31113']",31113,1. **Different floorplan:** E,"1. **Different floorplan:** E
2. **Why:** Floorplan E has a unique arrangement where the common room and living room are directly adjacent without any intervening space, which is not observed in the other floorplans. In contrast, floorplans A, B, C, and D all have a more traditional layout with a corridor separating the common room from the living room."
"[7, 1]","[17, 5]","['53652', '3536', '12376', '12421', '7913']",7913,1. **Different floorplan:** E,"1. **Different floorplan:** E
2. **Why:** Floorplan E has a unique arrangement where the master room (#FFA500) is positioned in a way that it does not align with the typical central placement seen in the other floorplans. In contrast, the other floorplans have the master room centrally located, which is a common pattern in residential designs. Additionally, the layout of the common rooms and living areas in E is more compact and less symmetrical compared to the others, suggesting a different underlying design philosophy."
"[17, 18]","[7, 20]","['46660', '21408', '66935', '6955', '55305']",55305,1. **Different floorplan:** B,"1. **Different floorplan:** B
2. **Why:** Floorplan B has a unique arrangement where the master room (#FFA500) is positioned in a way that it does not align with the typical central placement seen in the other floorplans. Additionally, the living room (#EEE8AA) and common room (#FFD700) are placed in a manner that differs from the symmetrical and consistent patterns observed in A, C, D, and E. The presence of the balcony (#6B8E23) and the positioning of the dining area (#DA70D6) also contribute to the distinctiveness of floorplan B compared to the others."
"[17, 21]","[7, 1]","['62549', '40487', '17550', '69704', '62454']",17550,1. **Different floorplan:** C,"1. **Different floorplan:** C
2. **Why:** Floorplan C has a unique arrangement where the master room (#FFA500) is positioned in a way that it does not align with the typical central placement seen in the other floorplans. In contrast, the other floorplans have the master room centrally located, which suggests a more symmetrical and standard layout. Additionally, the positioning of the common room (#FFD700) and the living room (#EEE8AA) in relation to the entrance and the rest of the rooms also differs from the others, indicating a distinct pattern."
"[17, 18]","[7, 1]","['46660', '6955', '16951', '21408', '31693']",16951,1. **Different floorplan:** C,"1. **Different floorplan:** C
2. **Why:** Floorplan C has a distinct arrangement of rooms compared to the others. It features a vertical stack of rooms with a large central balcony, which is not present in the other floorplans. The other floorplans have more horizontal layouts with a mix of common areas and private rooms, but they do not have the prominent central balcony seen in C."
"[17, 18]","[7, 3]","['31693', '70105', '64781', '21408', '21543']",64781,1. **Different floorplan:** C,"1. **Different floorplan:** C
2. **Why:** Floorplan C has a unique arrangement where the master room (#FFA500) is positioned in a way that it does not align with the typical central placement seen in the other floorplans. Additionally, the living room (#EEE8AA) and common room (#FFD700) are placed in a manner that differs from the symmetrical and consistent patterns observed in A, B, D, and E. The presence of the balcony (#6B8E23) and the positioning of the dining area (#DA70D6) also contribute to the distinctiveness of floorplan C."
"[17, 21]","[7, 20]","['9795', '54372', '69704', '40487', '62454']",54372,1. **Different floorplan:** B,"1. **Different floorplan:** B
2. **Why:** Floorplan B has an additional hallway extending from the main entrance that splits into two separate rooms, which is not present in the other floorplans. This unique feature distinguishes it from A, C, D, and E, where the main entrance directly leads to a single large room without any additional hallways branching off."
"[7, 1]","[17, 18]","['51240', '17550', '10825', '12421', '3536']",51240,1. **Different floorplan:** E,"1. **Different floorplan:** E
2. **Why:** Floorplan E has a unique configuration where the master room (#FFA500) is positioned in a way that it does not align with the typical placement of such rooms in the other floorplans. In contrast, the other floorplans (A, B, C, and D) have the master room located in a standard position adjacent to the living room (#EEE8AA), which is consistent across all of them. Floorplan E places the master room further away from the living room and has a different arrangement of other rooms around it, making it distinct from the others."
"[7, 1]","[17, 5]","['12376', '3536', '53652', '8109', '7913']",7913,1. **Different floorplan:** E,"1. **Different floorplan:** E
2. **Why:** Floorplan E has a unique arrangement where the master room (#FFA500) is positioned in a way that it does not align with the typical central placement seen in the other floorplans. In contrast, the other floorplans have the master room centrally located, which is a common pattern in residential designs. Additionally, the layout of the common rooms and living areas in E differs significantly from the others, suggesting a different underlying pattern."
"[17, 18]","[7, 3]","['21408', '6955', '75828', '70105', '46660']",75828,1. **Different floorplan:** C,"1. **Different floorplan:** C
2. **Why:** Floorplan C has a distinct arrangement of rooms compared to the others. It features a central living area with a balcony directly connected to it, which is not present in the other floorplans. Additionally, the distribution of the remaining rooms (common room, master room, dining, and storage) differs significantly from the uniform patterns observed in A, B, D, and E. The presence of a large central open space in C sets it apart from the more compact and symmetrical designs of the other floorplans."
"[17, 21]","[7, 3]","['52457', '40487', '69704', '62549', '62454']",52457,1. **Different floorplan:** B,"1. **Different floorplan:** B
2. **Why:** Floorplan B has a unique arrangement where the master room (#FFA500) is positioned in a way that it does not align with the typical central placement seen in the other floorplans. In contrast, the other floorplans have the master room centrally located, which suggests a more symmetrical and standard layout. Additionally, the positioning of the common room (#FFD700) and the living room (#EEE8AA) in relation to the entrance and the rest of the rooms also differs from the others, indicating a distinct pattern."
"[7, 1]","[17, 18]","['12421', '51240', '53652', '8109', '16951']",51240,1. **Different floorplan:** B,"1. **Different floorplan:** B
2. **Why:** Floorplan B has an additional hallway extending from the main entrance that splits into two smaller hallways, which is not present in the other floorplans. This unique feature distinguishes it from A, C, D, and E, where the main entrance leads directly to the common room without any additional hallways branching off."
"[17, 21]","[7, 22]","['79411', '40487', '69704', '62454', '9795']",79411,1. **Different floorplan:** A,"1. **Different floorplan:** A
2. **Why:** Floorplan A has a unique arrangement where the common room (yellow) is directly adjacent to the master room (orange) without any intervening space, which is not observed in the other floorplans. In contrast, all other floorplans have a clear separation between the common room and the master room by at least one other room type, such as a living room or a balcony. This distinct adjacency in A sets it apart from the others."
"[17, 21]","[7, 22]","['78147', '69704', '79411', '62549', '62454']",79411,1. **Different floorplan:** C,"1. **Different floorplan:** C
2. **Why:** Floorplan C has a unique arrangement where the living room and common room are adjacent but not directly connected by a door, unlike the other floorplans which have direct connections between these rooms. This difference in connectivity suggests a different underlying pattern compared to A, B, D, and E."
"[17, 21]","[7, 3]","['78147', '62454', '62549', '40487', '52457']",52457,1. **Different floorplan:** E,"1. **Different floorplan:** E
2. **Why:** Floorplan E has a unique arrangement where the master room (#FFA500) is positioned in the top right corner, which is not typical for the other floorplans. In contrast, the other floorplans have the master room (#FFA500) either in the center or towards the left side, maintaining a more symmetrical or standard placement. This distinct positioning makes E stand out from the others."
"[17, 18]","[7, 1]","['70105', '46660', '6955', '66316', '8109']",8109,1. **Different floorplan:** E,"1. **Different floorplan:** E
2. **Why:** Floorplan E has a unique arrangement where the master room (#FFA500) is positioned in a way that it does not align with the typical central placement seen in the other floorplans. In contrast, the other floorplans have the master room centrally located, which suggests a more symmetrical and standard layout. Additionally, the positioning of the dining area (#DA70D6) and the kitchen (#F08080) in relation to the entrance and the rest of the rooms also differs from the others, indicating a distinct pattern."
"[17, 21]","[7, 22]","['40487', '62549', '62454', '9795', '23132']",23132,1. **Different floorplan:** E,"1. **Different floorplan:** E
2. **Why:** Floorplan E has a unique layout compared to the others. It features a central open space with multiple smaller rooms branching off from it, which is distinct from the more linear or grid-like patterns seen in A, B, C, and D. The other floorplans have a more consistent arrangement of rooms along one or two axes, whereas E has a more radial design."
"[17, 18]","[7, 20]","['2277', '66935', '70105', '6955', '21408']",2277,1. **Different floorplan:** E,"1. **Different floorplan:** E
2. **Why:** Floorplan E has a unique arrangement where the living room and dining area are directly adjacent without any intervening space, which is not observed in the other floorplans. In contrast, the other floorplans have a more traditional layout with hallways separating the living and dining areas."
"[7, 1]","[17, 5]","['12421', '7913', '17550', '8109', '16951']",7913,1. **Different floorplan:** B,"1. **Different floorplan:** B
2. **Why:** Floorplan B has a unique arrangement where the master room (#FFA500) is positioned in a way that it does not align with the typical central placement seen in the other floorplans. Additionally, the living room (#EEE8AA) and common room (#FFD700) are placed in a manner that differs from the symmetrical and consistent patterns observed in A, C, D, and E. The presence of a balcony (#6B8E23) in an unusual location further distinguishes it from the others."
"[17, 21]","[7, 20]","['2277', '69704', '62454', '40487', '62549']",2277,1. **Different floorplan:** A,"1. **Different floorplan:** A
2. **Why:** Floorplan A has a unique arrangement of rooms compared to the others. It features a central common room with multiple smaller rooms branching off from it, which is not present in the other floorplans. The other floorplans have more uniform layouts with larger, contiguous spaces for living areas and kitchens, whereas A has a more segmented design."
"[17, 18]","[7, 20]","['54372', '6955', '21543', '66316', '21408']",54372,1. **Different floorplan:** E,"1. **Different floorplan:** E
2. **Why:** Floorplan E has a unique arrangement where the living room and dining area are directly connected without any intervening space, unlike the other floorplans which have a corridor or another room separating them. This direct connection in E makes it stand out from the others."
"[17, 18]","[7, 1]","['21408', '31693', '16951', '66316', '21543']",16951,1. **Different floorplan:** C,"1. **Different floorplan:** C
2. **Why:** Floorplan C has a distinct arrangement of rooms compared to the others. It features a vertical stack of rooms with a large central area that appears to be a common room, which is not present in the other floorplans. The other floorplans have more horizontal layouts with a mix of room types that are more evenly distributed across the space."
"[17, 18]","[7, 3]","['51240', '46660', '6955', '21543', '64781']",64781,1. **Different floorplan:** E,"1. **Different floorplan:** E
2. **Why:** Floorplan E has a unique arrangement where the master room (#FFA500) is positioned in a way that it does not align with the typical central placement seen in the other floorplans. In contrast, the other floorplans have the master room centrally located, which is a common pattern in apartment designs. Additionally, the layout of the common rooms and living areas in E differs significantly from the others, suggesting a different underlying pattern."
"[7, 1]","[17, 18]","['53652', '16951', '10825', '17550', '51240']",51240,1. **Different floorplan:** E,"1. **Different floorplan:** E
2. **Why:** Floorplan E has a unique arrangement where the living room and dining area are adjacent to the main entrance, which is not typical in the other floorplans. In contrast, the other floorplans have the living room and dining area positioned further away from the main entrance, often requiring a walk-through of other rooms before reaching them. This distinct placement makes E stand out with a different underlying pattern compared to the others."
"[7, 1]","[17, 18]","['16951', '10825', '21408', '3536', '53652']",21408,1. **Different floorplan:** C,"1. **Different floorplan:** C
2. **Why:** Floorplan C has a more complex and irregular layout compared to the others. The rooms are not aligned in a consistent manner, and there are multiple intersecting walls and varying room sizes, which deviates from the simpler, more uniform patterns seen in A, B, D, and E. The other floorplans have a more structured and symmetrical arrangement of rooms."
"[17, 18]","[7, 22]","['31693', '31113', '66316', '6955', '21408']",31113,1. **Different floorplan:** E,"1. **Different floorplan:** E
2. **Why:** Floorplan E has a unique arrangement where the living room and dining area are positioned in a way that they do not align with the typical layout seen in the other four floorplans. In contrast, the other four floorplans have a more consistent layout where the living room and dining area are adjacent and follow a similar pattern. Floorplan E introduces an additional room (pink) that disrupts this pattern, making it distinct from the others."
"[17, 18]","[7, 22]","['46660', '40679', '21543', '31693', '51240']",40679,1. **Different floorplan:** D,"1. **Different floorplan:** D
2. **Why:** Floorplan D has a unique arrangement where the living room and dining area are directly adjacent without any intervening space, unlike the other floorplans which typically have a corridor or another room separating them. This direct adjacency is not seen in A, B, C, or E, making it distinct from the others."
"[17, 18]","[7, 1]","['21408', '46660', '16951', '66935', '70105']",16951,1. **Different floorplan:** C,"1. **Different floorplan:** C
2. **Why:** Floorplan C has a distinct arrangement of rooms compared to the others. It features a vertical layout with a long corridor leading to a single master room at the end, which is not present in the other floorplans. The other floorplans have more symmetrical and interconnected layouts, with multiple rooms branching off from a central area."
"[7, 1]","[17, 21]","['10825', '62454', '16951', '8109', '3536']",62454,1. **Different floorplan:** E,"1. **Different floorplan:** E
2. **Why:** Floorplan E has a unique arrangement where the master room (#FFA500) is positioned in a way that it does not align with the typical central placement seen in the other floorplans. In contrast, the other floorplans have the master room centrally located, which is a common pattern in apartment designs. Additionally, the overall layout of E appears more elongated and less symmetrical compared to the others, suggesting a different underlying pattern."
"[17, 18]","[7, 22]","['21543', '40679', '6955', '51240', '46660']",40679,1. **Different floorplan:** E,"1. **Different floorplan:** E
2. **Why:** Floorplan E has a distinct arrangement of rooms compared to the others. It lacks the central common room and the symmetrical distribution of rooms around it, which is present in the other floorplans. Instead, it features a more linear layout with a single entrance leading directly into a larger space that appears to be a living area, followed by smaller rooms. This unique configuration sets it apart from the rest."
"[7, 1]","[17, 21]","['53652', '16951', '62454', '3536', '12376']",62454,1. **Different floorplan:** D,"1. **Different floorplan:** D
2. **Why:** Floorplan D has a unique arrangement where the master room (#FFA500) is positioned in a way that it does not align with the typical central placement seen in the other floorplans. In contrast, the other floorplans have the master room centrally located, which suggests a more symmetrical and standard layout. Additionally, the distribution of other rooms around the master room in D appears less uniform compared to the others, indicating a different underlying pattern."
"[7, 1]","[17, 18]","['53652', '10825', '70105', '16951', '12421']",70105,1. **Different floorplan:** C,"1. **Different floorplan:** C
2. **Why:** Floorplan C has a distinct layout compared to the others. It features a central hallway with rooms branching off in a more symmetrical and organized manner, unlike the more irregular and fragmented layouts seen in A, B, D, and E. The other floorplans have a more scattered arrangement of rooms without a clear central axis, making C stand out as having a different underlying pattern."
"[7, 1]","[17, 18]","['53652', '8109', '66316', '16951', '10825']",66316,1. **Different floorplan:** C,"1. **Different floorplan:** C
2. **Why:** Floorplan C has a distinct arrangement of rooms compared to the others. It features a central hallway with a master room on one side and a common room on the opposite side, which is not present in the other floorplans. The other floorplans have more symmetrical layouts with multiple rooms branching off from a central area, making them more uniform in their design."
"[7, 1]","[17, 5]","['17550', '16951', '12376', '53652', '50221']",50221,1. **Different floorplan:** E,"1. **Different floorplan:** E
2. **Why:** Floorplan E has an additional section that extends further into the space compared to the other floorplans. This extra section is not present in A, B, C, or D, which all have a more uniform and compact layout. The presence of this extended section in E suggests a different underlying pattern."
"[7, 1]","[17, 5]","['8109', '17550', '12421', '53652', '7913']",7913,1. **Different floorplan:** E,"1. **Different floorplan:** E
2. **Why:** Floorplan E has a unique arrangement where the master room (#FFA500) is positioned in the upper right corner, which is not typical for the other floorplans. In contrast, the other floorplans have the master room (#FFA500) either centrally located or in a more standard position towards the center or left side. This distinct placement makes E stand out from the others."
"[7, 1]","[17, 21]","['10825', '12421', '12376', '40487', '3536']",40487,1. **Different floorplan:** E,"1. **Different floorplan:** E
2. **Why:** Floorplan E has a unique arrangement where the master room (#FFA500) is positioned in a way that it does not align with the typical central placement seen in the other floorplans. In contrast, the other floorplans have the master room centrally located, which is a common pattern in residential designs. Additionally, the overall layout of E appears more elongated and less symmetrical compared to the others, suggesting a different underlying pattern."
"[7, 1]","[17, 18]","['12376', '8109', '10825', '21543', '53652']",21543,1. **Different floorplan:** D,"1. **Different floorplan:** D
2. **Why:** Floorplan D has a unique arrangement where the master room (#FFA500) is positioned in the center, surrounded by a large common room (#FFD700) and a smaller living room (#EEE8AA). This central placement of the master room with surrounding spaces is distinct from the other floorplans, which typically have the master room either at one end or centrally but not surrounded by such a configuration. Additionally, the presence of a large balcony (#6B8E23) and a separate dining area (#DA70D6) in D also contributes to its uniqueness compared to the more compact layouts of A, B, C, and E."
"[7, 1]","[17, 21]","['17550', '12376', '3536', '69704', '16951']",69704,1. **Different floorplan:** C,"1. **Different floorplan:** C
2. **Why:** Floorplan C has a unique arrangement where the master room (#FFA500) is positioned at the top right corner, which is not seen in the other floorplans. All other floorplans have the master room either in the bottom left or middle-left position. Additionally, the layout of the common rooms and living rooms in floorplan C differs significantly from the others, making it stand out as having a different underlying pattern."
"[17, 18]","[7, 1]","['70105', '17550', '6955', '21543', '51240']",17550,1. **Different floorplan:** E,"1. **Different floorplan:** E
2. **Why:** Floorplan E has a unique arrangement where the master room (#FFA500) is positioned in a way that it does not align with the typical central placement seen in the other floorplans. In contrast, the other floorplans have the master room centrally located, which is a common pattern in apartment designs. Additionally, the layout of the common rooms and living areas in E differs from the more uniform distribution in A, B, C, and D."
"[7, 1]","[17, 18]","['53652', '16951', '31693', '10825', '17550']",31693,1. **Different floorplan:** C,"1. **Different floorplan:** C
2. **Why:** Floorplan C has a unique arrangement where the master room (#FFA500) is positioned in a way that it does not align with the typical central placement seen in the other floorplans. Additionally, the living room (#EEE8AA) and common room (#FFD700) are placed in a manner that differs from the symmetrical and consistent patterns observed in A, B, D, and E. The presence of a balcony (#6B8E23) at the bottom right corner also stands out as an unusual feature compared to the other floorplans."
"[7, 1]","[17, 18]","['8109', '6955', '12376', '17550', '53652']",6955,1. **Different floorplan:** B,"1. **Different floorplan:** B
2. **Why:** Floorplan B has a unique arrangement where the master room (#FFA500) is positioned in the center, surrounded by other rooms, which is not typical compared to the other floorplans. The other floorplans have the master room either at one end or in a corner, with the rest of the rooms distributed around it in a more symmetrical manner."
"[7, 1]","[17, 5]","['16951', '3536', '8109', '50221', '12376']",50221,1. **Different floorplan:** D,"1. **Different floorplan:** D
2. **Why:** Floorplan D has a unique arrangement where the kitchen is positioned in a way that it does not align with the typical layout seen in the other four floorplans. In contrast, the other four floorplans have kitchens that are consistently placed either adjacent to the living room or the master room, maintaining a standard spatial relationship. Floorplan D deviates from this by placing the kitchen further away from the main entrance and the living area, which suggests a different underlying pattern."
"[7, 1]","[17, 21]","['69704', '3536', '16951', '10825', '12376']",69704,1. **Different floorplan:** B,"1. **Different floorplan:** B
2. **Why:** Floorplan B has a unique arrangement where the master room (#FFA500) is positioned at the top right corner, which is not typical in the other floorplans. In contrast, the other floorplans have the master room (#FFA500) either centrally located or towards the bottom left, maintaining a more consistent pattern."
"[7, 1]","[17, 21]","['40487', '8109', '3536', '16951', '53652']",40487,1. **Different floorplan:** C,"1. **Different floorplan:** C
2. **Why:** Floorplan C has a unique arrangement where the master room (#FFA500) is positioned in the center, surrounded by a common room (#FFD700), a living room (#EEE8AA), and a balcony (#6B8E23). This central placement of the master room is distinct from the other floorplans, which typically place the master room either at one end or in a corner. Additionally, the kitchen (#F08080) and dining (#DA70D6) areas are located in different positions compared to the other floorplans, further indicating a different underlying pattern."
"[7, 1]","[17, 5]","['8109', '53652', '12421', '33045', '12376']",33045,1. **Different floorplan:** D,"1. **Different floorplan:** D
2. **Why:** Floorplan D has a unique arrangement where the master room (#FFA500) is positioned in a way that it does not align with the typical central placement seen in the other floorplans. In contrast, the other floorplans have the master room centrally located, which suggests a more symmetrical and standard layout. Additionally, the positioning of the common room (#FFD700) and the living room (#EEE8AA) in relation to the entrance and the rest of the rooms also differs from the others, indicating a distinct pattern."
"[7, 1]","[17, 18]","['3536', '53652', '12421', '21408', '17550']",21408,1. **Different floorplan:** D,"1. **Different floorplan:** D
2. **Why:** Floorplan D has a unique arrangement of rooms compared to the others. It features a central hallway with a staircase leading up, which is not present in the other floorplans. Additionally, the distribution of room types and their relative sizes differs significantly from the others, making it stand out as having a different underlying pattern."
"[7, 1]","[17, 18]","['3536', '10825', '8109', '12421', '66935']",66935,1. **Different floorplan:** E,"1. **Different floorplan:** E
2. **Why:** Floorplan E has an additional section with a different layout compared to the other four floorplans. Specifically, it includes a small pink room (bathroom) and a yellow room (living room) that are not present in the other floorplans. This extra section disrupts the uniformity of the spatial layout found in A, B, C, and D, which all have a consistent arrangement of rooms without the additional section seen in E."
"[7, 1]","[17, 21]","['53652', '62454', '12376', '3536', '8109']",62454,1. **Different floorplan:** D,"1. **Different floorplan:** D
2. **Why:** Floorplan D has a unique arrangement where the master room (#FFA500) is positioned in the center, surrounded by a large common room (#FFD700) and a smaller balcony (#6B8E23). This central placement of the master room with a surrounding common area is distinct from the other floorplans, which typically have the master room either at one end or centrally but not surrounded by a large common room. The other floorplans (A, B, C, and E) maintain a more consistent pattern with the master room being either at one end or centrally located without the surrounding common room."
"[17, 21]","[7, 1]","['62454', '9795', '12376', '78147', '69704']",12376,1. **Different floorplan:** C,"1. **Different floorplan:** C
2. **Why:** Floorplan C has a unique arrangement where the master room (#FFA500) is positioned in a way that it does not align with the typical central placement seen in the other floorplans. In contrast, the other floorplans have the master room centrally located, which suggests a more symmetrical and standard layout. Additionally, the positioning of the common room (#FFD700) and the living room (#EEE8AA) in relation to the entrance and the rest of the rooms also differs from the others, indicating a distinct pattern."
"[17, 18]","[7, 20]","['46660', '66935', '51240', '21408', '2277']",2277,1. **Different floorplan:** E,"1. **Different floorplan:** E
2. **Why:** Floorplan E has a unique arrangement where the master room (#FFA500) is positioned in the center, surrounded by a common room (#FFD700), a living room (#EEE8AA), and a balcony (#6B8E23). This central placement of the master room is distinct from the other floorplans, which typically have the master room either at one end or centrally located but not surrounded by other rooms in this specific manner. Additionally, the dining area (#DA70D6) is placed in a way that it does not connect directly to the main entrance, unlike the other floorplans where the dining area is more accessible."
"[17, 18]","[7, 3]","['52457', '66935', '46660', '51240', '66316']",52457,1. **Different floorplan:** A,"1. **Different floorplan:** A
2. **Why:** Floorplan A has a unique arrangement where the master room (#FFA500) is positioned at the top right corner, which is not seen in the other floorplans. All other floorplans have the master room either centrally located or in a more symmetrical position relative to the entrance. This distinct placement makes it stand out from the others."
"[7, 1]","[17, 21]","['16951', '12421', '8109', '10825', '9795']",9795,1. **Different floorplan:** E,"1. **Different floorplan:** E
2. **Why:** Floorplan E has a unique arrangement where the master room (#FFA500) is positioned in a way that it does not align with the typical central placement seen in the other floorplans. In contrast, the other floorplans have the master room centrally located, which suggests a more symmetrical and standard layout. Additionally, the positioning of the common room (#FFD700) and the living room (#EEE8AA) in relation to the entrance and the rest of the rooms also differs from the others, indicating a distinct pattern."
"[17, 18]","[7, 22]","['21408', '79411', '31693', '6955', '21543']",79411,1. **Different floorplan:** B,"1. **Different floorplan:** B
2. **Why:** Floorplan B is the only one that does not have a continuous hallway running from the main entrance to the far end of the apartment. All other floorplans (A, C, D, and E) have a continuous hallway, which is a consistent feature in the other four floorplans. Floorplan B breaks this pattern by having a more complex layout with multiple turns and dead ends, making it distinct from the others."
"[7, 1]","[17, 21]","['78147', '12421', '53652', '3536', '10825']",78147,1. **Different floorplan:** D,"1. **Different floorplan:** D
2. **Why:** Floorplan D has a unique arrangement where the master room (#FFA500) is positioned in the center, surrounded by a large common room (#FFD700) and a smaller balcony (#6B8E23). This central placement of the master room with a surrounding common area is distinct from the other floorplans, which typically have the master room either at one end or centrally but not surrounded by a large common room. The other floorplans (A, B, C, and E) maintain a more consistent pattern with the master room being either at one end or centrally located without the surrounding common room."
"[17, 18]","[7, 20]","['70105', '6955', '66935', '54372', '21543']",54372,1. **Different floorplan:** D,"1. **Different floorplan:** D
2. **Why:** Floorplan D has a unique arrangement where the master room (#FFA500) is positioned in a way that it does not align with the common room (#FFD700) in the same manner as the other floorplans. In contrast, the other floorplans (A, B, C, and E) have the master room adjacent to the common room in a consistent pattern, which is disrupted in floorplan D. This suggests that floorplan D has a different underlying pattern compared to the others."
"[7, 1]","[17, 5]","['12376', '16951', '3536', '12421', '33045']",33045,1. **Different floorplan:** E,"1. **Different floorplan:** E
2. **Why:** Floorplan E has a unique arrangement where the living room and dining area are positioned side by side with a balcony directly adjacent to them, which is not seen in the other floorplans. The other floorplans have the living room and dining area separated by a common room or kitchen, making E distinct in this configuration."
"[17, 21]","[7, 1]","['10825', '62549', '69704', '40487', '62454']",10825,1. **Different floorplan:** B,"1. **Different floorplan:** B
2. **Why:** Floorplan B has a unique arrangement where the master room (#FFA500) is positioned in a way that it does not align with the typical central placement seen in the other floorplans. Additionally, the kitchen (#F08080) and dining area (#DA70D6) are placed in a manner that differs from the others, creating a distinct pattern."
"[7, 1]","[17, 18]","['66935', '8109', '12421', '16951', '53652']",66935,1. **Different floorplan:** D,"1. **Different floorplan:** D
2. **Why:** Floorplan D has a unique arrangement where the master room (#FFA500) is positioned in a way that it does not align with the typical central placement seen in the other floorplans. In contrast, the other floorplans have the master room centrally located, which suggests a more symmetrical and standard layout. Additionally, the distribution of other rooms around the master room in D appears less uniform compared to the others."
"[17, 18]","[7, 3]","['70105', '52457', '21543', '6955', '66935']",52457,1. **Different floorplan:** B,"1. **Different floorplan:** B
2. **Why:** Floorplan B has a distinct arrangement of rooms compared to the others. It features a central hallway with a staircase leading up, which is not present in the other floorplans. Additionally, the distribution of room types and their relative sizes differs significantly from the uniformity seen in A, C, D, and E."
"[17, 5]","[7, 1]","['33045', '72055', '7913', '50221', '12421']",12421,1. **Different floorplan:** E,"1. **Different floorplan:** E
2. **Why:** Floorplan E has a unique arrangement where the master room (#FFA500) is positioned in a way that it does not align with the typical central placement seen in the other floorplans. Additionally, the dining area (#DA70D6) is unusually placed towards the back, which deviates from the more standard positioning observed in A, B, C, and D. The other floorplans maintain a consistent pattern of room types and their relative positions around the central common room (#FFD700)."
"[17, 18]","[7, 1]","['66316', '46660', '21408', '8109', '70105']",8109,1. **Different floorplan:** D,"1. **Different floorplan:** D
2. **Why:** Floorplan D has a unique arrangement where the master room (#FFA500) is positioned in a way that it does not align with the common room (#FFD700) in the same manner as the other floorplans. In contrast, the other floorplans have the master room adjacent to the common room in a consistent pattern. Additionally, the layout of the living room (#EEE8AA), balcony (#6B8E23), and other rooms in relation to the entrance and the common room also differ significantly from the others."
"[7, 1]","[17, 18]","['10825', '70105', '53652', '16951', '17550']",70105,1. **Different floorplan:** B,"1. **Different floorplan:** B
2. **Why:** Floorplan B has an additional room (pink room) that is not present in the other four floorplans. This extra room disrupts the uniformity of the spatial layout compared to A, C, D, and E, which all have a consistent arrangement of rooms without any additional elements."
"[17, 21]","[7, 22]","['69704', '23132', '78147', '40487', '62454']",23132,1. **Different floorplan:** B,"1. **Different floorplan:** B
2. **Why:** Floorplan B has a unique arrangement where the master room (#FFA500) is positioned in a way that it does not align with the common room (#FFD700) in the same vertical line as seen in the other floorplans. Additionally, the kitchen (#F08080) and dining (#DA70D6) areas are placed differently compared to the others, creating a distinct pattern."
"[17, 21]","[7, 22]","['9795', '40487', '78147', '40679', '69704']",40679,1. **Different floorplan:** D,"1. **Different floorplan:** D
2. **Why:** Floorplan D has an additional section extending from the main body of the apartment, which is not present in the other floorplans. This extra section disrupts the uniformity of the spatial layout compared to A, B, C, and E, where all sections appear to be part of a continuous and symmetrical design."
"[17, 21]","[7, 1]","['40487', '53652', '69704', '62549', '9795']",53652,1. **Different floorplan:** B,"1. **Different floorplan:** B
2. **Why:** Floorplan B has a unique arrangement where the master room (#FFA500) is positioned in a way that it does not align with the typical central placement seen in the other floorplans. Additionally, the kitchen (#F08080) and dining area (#DA70D6) are placed in a manner that differs from the standard layout observed in A, C, D, and E. The presence of a balcony (#6B8E23) in an unusual location also contributes to the distinctiveness of floorplan B."
"[17, 21]","[7, 20]","['78147', '69704', '62454', '55305', '62549']",55305,1. **Different floorplan:** D,"1. **Different floorplan:** D
2. **Why:** Floorplan D has a unique arrangement where the kitchen is positioned in a way that it does not align with the typical layout seen in the other four floorplans. In contrast, the other four floorplans have kitchens that are consistently placed either adjacent to the living room or the master room, maintaining a standard spatial relationship. Floorplan D deviates from this by having the kitchen separated from the main living areas, which suggests a different underlying pattern."
"[7, 1]","[17, 5]","['7913', '16951', '12421', '17550', '12376']",7913,1. **Different floorplan:** B,"1. **Different floorplan:** B
2. **Why:** Floorplan B has a unique arrangement where the master room (#FFA500) is positioned in a way that it does not align with the typical central placement seen in the other floorplans. In contrast, the other floorplans have the master room centrally located, which suggests a more symmetrical and standard layout. Additionally, the positioning of the common room (#FFD700) and the living room (#EEE8AA) in relation to the entrance and the rest of the rooms also differs from the others, indicating a distinct pattern."
"[17, 21]","[7, 1]","['9795', '53652', '78147', '62454', '62549']",53652,1. **Different floorplan:** B,"1. **Different floorplan:** B
2. **Why:** Floorplan B has a unique arrangement where the master room (#FFA500) is positioned in a way that it does not align with the typical central placement seen in the other floorplans. Additionally, the kitchen (#F08080) and dining area (#DA70D6) are placed in a manner that disrupts the symmetry observed in the other floorplans. The other floorplans (A, C, D, and E) maintain a more consistent layout with the master room centrally located and the kitchen and dining areas symmetrically placed around it."
"[17, 18]","[7, 20]","['70105', '46660', '21543', '55305', '21408']",55305,1. **Different floorplan:** E,"1. **Different floorplan:** E
2. **Why:** Floorplan E has a unique arrangement where the living room and dining area are directly adjacent without any intervening space, which is not observed in the other floorplans. In contrast, floorplans A, B, C, and D all have a more traditional layout with a corridor separating the living room from the dining area."
"[17, 21]","[7, 1]","['69704', '3536', '78147', '9795', '62454']",3536,1. **Different floorplan:** B,"1. **Different floorplan:** B
2. **Why:** Floorplan B has a unique arrangement where the master room (#FFA500) is positioned at the top right corner, which is not seen in the other floorplans. All other floorplans have the master room either in the bottom left or the top left corner. This distinct placement makes it the one with a different underlying pattern."
"[17, 5]","[7, 22]","['33045', '7913', '72055', '31113', '50221']",31113,1. **Different floorplan:** E,"1. **Different floorplan:** E
2. **Why:** Floorplan E has a unique arrangement where the master room (#FFA500) is positioned in a way that it does not align with the typical central placement seen in the other floorplans. In contrast, the other floorplans have the master room centrally located, which suggests a more symmetrical and standard layout. Additionally, the presence of a green storage area (#DDA0DD) in E that is not present in the others further indicates a different pattern."
"[7, 1]","[17, 18]","['31693', '8109', '12421', '53652', '17550']",31693,1. **Different floorplan:** D,"1. **Different floorplan:** D
2. **Why:** Floorplan D has a unique arrangement where the master room (#FFA500) is positioned in a way that it does not align with the typical central placement seen in the other floorplans. In contrast, the other floorplans have the master room centrally located, which suggests a more symmetrical and standard layout. Additionally, the positioning of the common room (#FFD700) and the living room (#EEE8AA) in relation to the entrance and the rest of the rooms also differs from the others, indicating a distinct pattern."
"[17, 18]","[7, 22]","['66316', '21408', '70105', '79411', '46660']",79411,1. **Different floorplan:** B,"1. **Different floorplan:** B
2. **Why:** Floorplan B has a unique arrangement where the master room (#FFA500) is positioned in a way that it does not align with the typical central placement seen in the other floorplans. Additionally, the living room (#EEE8AA) and common room (#FFD700) are placed in a manner that differs from the symmetrical and consistent patterns observed in A, C, D, and E. The presence of the balcony (#6B8E23) and the positioning of the dining area (#DA70D6) also contribute to the distinctiveness of floorplan B."
"[17, 18]","[7, 3]","['46660', '70105', '66316', '51240', '64781']",64781,1. **Different floorplan:** E,"1. **Different floorplan:** E
2. **Why:** Floorplan E has a unique arrangement where the master room (#FFA500) is positioned in a way that it does not align with the typical central placement seen in the other floorplans. In contrast, the other floorplans have the master room centrally located, which is a common pattern in residential designs. Additionally, the layout of the common rooms and living areas in E differs significantly from the others, suggesting a different underlying pattern."
"[17, 18]","[7, 1]","['21408', '31693', '53652', '51240', '66316']",53652,1. **Different floorplan:** C,"1. **Different floorplan:** C
2. **Why:** Floorplan C has a unique arrangement where the master room (#FFA500) is positioned in a way that it does not align with the typical central placement seen in the other floorplans. In contrast, the other floorplans have the master room centrally located, which suggests a more symmetrical and standard layout. Additionally, the positioning of the common room (#FFD700) and the living room (#EEE8AA) in relation to the entrance and the rest of the rooms also differs from the others, indicating a distinct pattern."
"[7, 1]","[17, 18]","['21408', '3536', '53652', '12421', '16951']",21408,1. **Different floorplan:** A,"1. **Different floorplan:** A
2. **Why:** Floorplan A has a unique arrangement of rooms compared to the others. It features a more complex and irregular layout with multiple interconnected spaces, including a large common room and a smaller master room. The other floorplans (B, C, D, and E) have simpler, more symmetrical layouts with fewer and larger rooms, which suggests a different underlying pattern."
"[17, 21]","[7, 20]","['62549', '62454', '69704', '55305', '40487']",55305,1. **Different floorplan:** D,"1. **Different floorplan:** D
2. **Why:** Floorplan D has a unique arrangement where the living room is positioned in the center with a balcony directly adjacent to it, which is not seen in the other floorplans. The other floorplans have the living room either at one end or in a more complex configuration with additional rooms around it."
"[17, 18]","[7, 3]","['66316', '61767', '31693', '6955', '66935']",61767,1. **Different floorplan:** B,"1. **Different floorplan:** B
2. **Why:** Floorplan B has a unique arrangement where the master room (#FFA500) is positioned in a way that it does not align with the typical central placement seen in the other floorplans. Additionally, the living room (#EEE8AA) and common room (#FFD700) are placed in a manner that differs from the symmetrical and consistent patterns observed in A, C, D, and E. The presence of the balcony (#6B8E23) and the positioning of the dining area (#DA70D6) also contribute to the distinctiveness of floorplan B."
"[7, 1]","[17, 21]","['10825', '12421', '78147', '8109', '16951']",78147,1. **Different floorplan:** E,"1. **Different floorplan:** E
2. **Why:** Floorplan E has a unique arrangement where the master room (#FFA500) is positioned in a way that it does not align with the typical central placement seen in the other floorplans. In contrast, the other floorplans have the master room centrally located, which is a common pattern in residential designs. Additionally, the distribution of other rooms like the common room (#FFD700), living room (#EEE8AA), and kitchen (#F08080) also follows a more uniform pattern across A, B, C, and D, making E stand out due to its deviation from this pattern."
"[17, 5]","[7, 3]","['61767', '33045', '72055', '7913', '50221']",61767,1. **Different floorplan:** A,"1. **Different floorplan:** A
2. **Why:** Floorplan A has a unique arrangement where the master room (#FFA500) is located in the top-left corner, which is not typical for the other floorplans. In contrast, the other floorplans have the master room positioned more centrally or towards the bottom-right, maintaining a consistent pattern across B, C, D, and E."
"[17, 21]","[7, 3]","['61767', '62454', '62549', '69704', '40487']",61767,1. **Different floorplan:** A,"1. **Different floorplan:** A
2. **Why:** Floorplan A has a unique arrangement where the master room (#FFA500) is positioned in the lower left corner, which is not typical for the other floorplans. In contrast, the other floorplans have the master room (#FFA500) located more centrally or towards the upper part of the floorplan. This distinct placement makes floorplan A stand out from the others."
"[17, 18]","[7, 22]","['21543', '31693', '46660', '66935', '40679']",40679,1. **Different floorplan:** E,"1. **Different floorplan:** E
2. **Why:** Floorplan E has a unique arrangement where the living room and dining area are directly adjacent without any intervening space, which is not observed in the other floorplans. In contrast, floorplans A, B, C, and D all have a more traditional layout with a corridor separating the living room from the dining area."
"[17, 18]","[7, 1]","['46660', '21408', '66935', '10825', '6955']",10825,1. **Different floorplan:** D,"1. **Different floorplan:** D
2. **Why:** Floorplan D has a unique arrangement where the master room (#FFA500) is positioned in a way that it does not align with the typical central placement seen in the other floorplans. In contrast, the other floorplans have the master room centrally located, which suggests a more symmetrical and standard layout. Additionally, the positioning of the common room (#FFD700) and the living room (#EEE8AA) in relation to the entrance and the rest of the rooms also differs from the others, indicating a distinct pattern."
"[17, 21]","[7, 3]","['61767', '62454', '9795', '62549', '69704']",61767,1. **Different floorplan:** A,"1. **Different floorplan:** A
2. **Why:** Floorplan A has a unique arrangement where the master room (#FFA500) is positioned in the lower left corner, which is not typical for the other floorplans. In contrast, the other floorplans have the master room (#FFA500) located more centrally or towards the upper part of the floorplan. This distinct placement makes floorplan A stand out from the others."
"[17, 18]","[7, 1]","['10825', '70105', '66316', '51240', '6955']",10825,1. **Different floorplan:** E,"1. **Different floorplan:** E
2. **Why:** Floorplan E has an additional section extending from the main entrance that is not present in the other floorplans. This extra section disrupts the uniformity of the spatial layout compared to A, B, C, and D, which all have a more consistent and compact arrangement of rooms around the central core."
"[17, 21]","[7, 20]","['9795', '62454', '54372', '62549', '40487']",54372,1. **Different floorplan:** C,"1. **Different floorplan:** C
2. **Why:** Floorplan C has a unique arrangement of rooms compared to the others. It features a central open space surrounded by smaller rooms, which is distinct from the more linear or grid-like patterns seen in floors A, B, D, and E. The other floorplans have a more consistent layout with either a linear progression of rooms or a more symmetrical arrangement around a central axis."
"[17, 21]","[7, 22]","['69704', '9795', '79411', '78147', '62454']",79411,1. **Different floorplan:** C,"1. **Different floorplan:** C
2. **Why:** Floorplan C is the only one that does not have a continuous flow from the main entrance into a common room, followed by a living room, and then a kitchen. Instead, it features a separate small room connected directly to the main entrance, which disrupts the typical sequential flow found in the other floorplans."
"[17, 18]","[7, 20]","['21543', '2277', '66316', '51240', '31693']",2277,1. **Different floorplan:** E,"1. **Different floorplan:** E
2. **Why:** Floorplan E has a distinct arrangement of rooms compared to the others. It lacks the central common room and the symmetrical distribution of rooms around it, which is present in the other floorplans. Instead, it features a more linear layout with a single entrance leading directly into a larger space that appears to be a combination of a living room and a dining area, followed by a smaller room that could be a kitchen or a storage area. This unique configuration sets it apart from the other floorplans, which all have a more balanced and symmetrical design around a central common room."
"[17, 21]","[7, 3]","['75828', '9795', '62549', '78147', '40487']",75828,1. **Different floorplan:** A,"1. **Different floorplan:** A
2. **Why:** Floorplan A has a unique arrangement where the common room (yellow) is directly adjacent to the master room (orange) without any intervening space, which is not observed in the other floorplans. In contrast, all other floorplans have a clear separation between the common room and the master room by at least one other room type, such as a living room or a balcony. This distinct adjacency in A sets it apart from the others."
"[17, 21]","[7, 1]","['8109', '69704', '62549', '78147', '62454']",8109,1. **Different floorplan:** A,"1. **Different floorplan:** A
2. **Why:** Floorplan A has a unique arrangement where the master room (#FFA500) is positioned in the top left corner, which is not typical for the other floorplans. In contrast, the other floorplans have the master room (#FFA500) centrally located or in a more standard position within the layout. This distinct placement makes floorplan A stand out from the others."
"[17, 21]","[7, 3]","['40487', '78147', '62549', '62454', '61767']",61767,1. **Different floorplan:** E,"1. **Different floorplan:** E
2. **Why:** Floorplan E has a unique arrangement where the master room (#FFA500) is positioned in a way that it does not align with the typical central placement seen in the other floorplans. In contrast, the other floorplans have the master room centrally located, which suggests a more symmetrical and standard layout. Additionally, the positioning of the common room (#FFD700) and the living room (#EEE8AA) in relation to the entrance and the rest of the rooms also differs from the others, indicating a distinct pattern."
"[7, 1]","[17, 21]","['69704', '10825', '3536', '16951', '12421']",69704,1. **Different floorplan:** C,"1. **Different floorplan:** C
2. **Why:** Floorplan C has a unique arrangement where the master room (#FFA500) is positioned at the top right corner, which is not typical in the other floorplans. In contrast, the other floorplans have the master room either centrally located or towards the bottom left, maintaining a more consistent pattern."
"[17, 18]","[7, 20]","['66935', '21408', '55305', '31693', '66316']",55305,1. **Different floorplan:** B,"1. **Different floorplan:** B
2. **Why:** Floorplan B has a unique arrangement where the master room (#FFA500) is positioned in a way that it does not align with the typical central placement seen in the other floorplans. Additionally, the living room (#EEE8AA) and common room (#FFD700) are placed in a manner that differs from the symmetrical and consistent patterns observed in A, C, D, and E. The presence of the balcony (#6B8E23) and the positioning of the dining area (#DA70D6) also contribute to the distinctiveness of floorplan B."
"[17, 18]","[7, 20]","['51240', '21543', '31693', '6955', '2277']",2277,1. **Different floorplan:** C,"1. **Different floorplan:** C
2. **Why:** Floorplan C has a distinct layout compared to the others. It features a central hallway with rooms branching off in a linear fashion, which is different from the more complex and interconnected layouts seen in A, B, D, and E. The other floorplans have more intricate patterns with multiple intersections and varying room sizes, making them more complex than C."
"[7, 20]","[17, 21]","['2425', '78147', '54372', '55305', '2277']",78147,1. **Different floorplan:** B,"1. **Different floorplan:** B
2. **Why:** Floorplan B has a distinct arrangement of rooms compared to the others. It features a large central living area with a smaller adjacent room, which is not typical in the other floorplans where the living areas are more evenly distributed or larger. Additionally, the presence of a small balcony and a separate storage area near the entrance in B is unique and does not match the patterns seen in A, C, D, and E."
"[17, 18]","[7, 3]","['21543', '51240', '61767', '6955', '66316']",61767,1. **Different floorplan:** C,"1. **Different floorplan:** C
2. **Why:** Floorplan C has a unique arrangement where the master room (#FFA500) is positioned in a way that it does not align with the typical central placement seen in the other floorplans. Additionally, the living room (#EEE8AA) and common room (#FFD700) are placed in a manner that differs from the symmetrical and consistent patterns observed in A, B, D, and E. The presence of the balcony (#6B8E23) and bathroom (#ADD8E6) also contributes to a distinct layout compared to the others."
"[7, 1]","[17, 18]","['12421', '12376', '8109', '16951', '46660']",46660,1. **Different floorplan:** E,"1. **Different floorplan:** E
2. **Why:** Floorplan E has a unique arrangement where the master room (#FFA500) is positioned in a way that it does not align with the typical central placement seen in the other floorplans. Additionally, the dining area (#DA70D6) is placed unusually close to the entrance, which deviates from the more standard layouts observed in A, B, C, and D."
"[17, 21]","[7, 1]","['62454', '78147', '9795', '62549', '3536']",3536,1. **Different floorplan:** E,"1. **Different floorplan:** E
2. **Why:** Floorplan E has a unique arrangement where the master room (#FFA500) is positioned in a way that it does not align with the typical central placement seen in the other floorplans. Additionally, the kitchen (#F08080) is unusually large and occupies a significant portion of the floorplan, which deviates from the more compact kitchen layouts in A, B, C, and D. The presence of a large balcony (#6B8E23) at the back also contributes to this distinct pattern."
"[17, 21]","[7, 20]","['9795', '78147', '2425', '62454', '40487']",2425,1. **Different floorplan:** C,"1. **Different floorplan:** C
2. **Why:** Floorplan C has a unique arrangement where the master room (#FFA500) is positioned in the center, surrounded by a living room (#EEE8AA) and a balcony (#6B8E23). This central placement of the master room with additional rooms around it is distinct from the other floorplans, which typically have the master room either at one end or centrally located but not surrounded by other rooms in this specific manner."
"[7, 1]","[17, 5]","['12376', '12421', '17550', '10825', '7913']",7913,1. **Different floorplan:** E,"1. **Different floorplan:** E
2. **Why:** Floorplan E has a unique arrangement where the master room (#FFA500) is positioned in the upper right corner, which is not typical for the other floorplans. In contrast, the other floorplans have the master room (#FFA500) either in the lower left or central position, with the common room (#FFD700) typically occupying the larger area in the middle or bottom. Additionally, the layout of the living room (#EEE8AA), balcony (#6B8E23), and other rooms in floorplan E does not follow the consistent pattern seen in A, B, C, and D."
"[17, 18]","[7, 22]","['66935', '31693', '40679', '51240', '66316']",40679,1. **Different floorplan:** E,"1. **Different floorplan:** E
2. **Why:** Floorplan E has a unique arrangement where the master room (#FFA500) is positioned in a way that it does not align with the typical central placement seen in the other floorplans. In contrast, the other floorplans have the master room centrally located, which is a common pattern in residential designs. Additionally, the layout of the common rooms and living areas in E differs from the more uniform distribution in A, B, C, and D."
"[17, 21]","[7, 22]","['78147', '62454', '40487', '62549', '31113']",31113,1. **Different floorplan:** E,"1. **Different floorplan:** E
2. **Why:** Floorplan E has a unique arrangement where the living room and dining area are combined into one large space, which is not present in the other floorplans. In contrast, the other floorplans have distinct separate living rooms and dining areas. Additionally, the layout of the bathrooms and kitchens also differs significantly from the others, making it clear that E has a different underlying pattern."
"[17, 18]","[7, 3]","['6955', '75828', '21408', '51240', '66935']",75828,1. **Different floorplan:** B,"1. **Different floorplan:** B
2. **Why:** Floorplan B has a unique arrangement where the master room (#FFA500) is positioned in a way that it does not align with the typical central placement seen in the other floorplans. In contrast, the other floorplans have the master room centrally located, which suggests a more symmetrical and standard layout. Additionally, the positioning of the common room (#FFD700) and the living room (#EEE8AA) in relation to the entrance and the rest of the floorplan differs from the others, indicating a distinct pattern."
"[17, 21]","[7, 22]","['69704', '31113', '78147', '62454', '62549']",31113,1. **Different floorplan:** B,"1. **Different floorplan:** B
2. **Why:** Floorplan B has a unique arrangement where the master room (#FFA500) is positioned in the center, surrounded by other rooms, which is not typical in the other floorplans. The other floorplans have the master room either at one end or in a corner, with the rest of the rooms distributed around it in a more symmetrical manner."
"[17, 18]","[7, 22]","['31693', '66935', '79411', '21543', '21408']",79411,1. **Different floorplan:** C,"1. **Different floorplan:** C
2. **Why:** Floorplan C has a distinct arrangement of rooms compared to the others. It features a central hallway with a single room branching off to the right, which is not present in the other floorplans. The other floorplans have more symmetrical layouts with multiple rooms branching off from a central area, making them more uniform in their design."
"[7, 1]","[17, 21]","['62549', '16951', '10825', '3536', '8109']",62549,1. **Different floorplan:** D,"1. **Different floorplan:** D
2. **Why:** Floorplan D has a unique arrangement where the master room (#FFA500) is positioned in the center, surrounded by a large common room (#FFD700) and a smaller balcony (#6B8E23). This central placement of the master room with a surrounding common area is distinct from the other floorplans, which typically have the master room either at one end or centrally but not surrounded by a large common room. The other floorplans (A, B, C, and E) maintain a more consistent pattern with the master room being either at the end or centrally located without the surrounding common room."
"[7, 1]","[17, 21]","['12376', '3536', '78147', '16951', '8109']",78147,1. **Different floorplan:** C,"1. **Different floorplan:** C
2. **Why:** Floorplan C has a unique arrangement where the master room (#FFA500) is positioned in a way that it does not align with the typical central placement seen in the other floorplans. In contrast, the other floorplans have the master room centrally located, which suggests a more symmetrical and standard layout. Additionally, the positioning of the common room (#FFD700) and the living room (#EEE8AA) in relation to the entrance and the rest of the rooms also differs from the others, indicating a distinct pattern."
"[7, 1]","[17, 21]","['10825', '40487', '53652', '12376', '16951']",40487,1. **Different floorplan:** C,"1. **Different floorplan:** C
2. **Why:** Floorplan C has a unique arrangement where the master room (#FFA500) is positioned in the upper right corner, which is not typical compared to the other floorplans. In contrast, the other floorplans have the master room in more central positions or in different orientations. This distinct placement makes it stand out from the others."
"[17, 18]","[7, 1]","['66935', '53652', '46660', '66316', '31693']",53652,1. **Different floorplan:** E,"1. **Different floorplan:** E
2. **Why:** Floorplan E has a unique arrangement where the master room (#FFA500) is positioned in a way that it does not align with the typical central placement seen in the other floorplans. In contrast, the other floorplans have the master room centrally located, which is a common pattern in apartment designs. Additionally, the overall layout of E appears more compact and less symmetrical compared to the others, suggesting a different underlying pattern."
"[7, 1]","[17, 18]","['21543', '3536', '53652', '12376', '8109']",21543,1. **Different floorplan:** A,"1. **Different floorplan:** A
2. **Why:** Floorplan A has a more complex and irregular layout compared to the others. The rooms are not aligned in a consistent manner, and there are multiple small rooms and corridors that do not follow a typical grid-like pattern. In contrast, floorplans B, C, D, and E have simpler, more structured layouts with rooms arranged in a more uniform and predictable way."
"[17, 18]","[7, 20]","['46660', '66935', '2277', '6955', '51240']",2277,1. **Different floorplan:** E,"1. **Different floorplan:** E
2. **Why:** Floorplan E has a unique arrangement where the master room (#FFA500) is positioned in a way that it does not align with the typical central placement seen in the other floorplans. In contrast, the other floorplans have the master room centrally located, which is a common pattern in apartment designs. Additionally, the layout of the common rooms and living areas in E differs from the more uniform distribution in A, B, C, and D."
"[17, 21]","[7, 22]","['9795', '69704', '62549', '78147', '40679']",40679,1. **Different floorplan:** E,"1. **Different floorplan:** E
2. **Why:** Floorplan E has a unique configuration where the main entrance leads directly into a small room that appears to be a storage area, which is not typical in the other floorplans. In contrast, floors A, B, C, and D all have a more conventional layout with the main entrance leading into a larger common area such as a living room or dining room, followed by other rooms like bedrooms and bathrooms. Floor E's direct access to a storage area suggests a different underlying pattern compared to the others."
"[7, 20]","[17, 5]","['2425', '50221', '2277', '54372', '55305']",50221,1. **Different floorplan:** B,"1. **Different floorplan:** B
2. **Why:** Floorplan B has a unique arrangement where the master room (#FFA500) is positioned in a way that it does not align with the typical central placement seen in the other floorplans. Additionally, the living room (#EEE8AA) and common room (#FFD700) are placed in a manner that differs from the symmetrical and consistent patterns observed in A, C, D, and E. The presence of the balcony (#6B8E23) and the positioning of the dining area (#DA70D6) also contribute to the distinctiveness of floorplan B compared to the others."
"[17, 18]","[7, 22]","['46660', '21408', '31693', '31113', '6955']",31113,1. **Different floorplan:** B,"1. **Different floorplan:** B
2. **Why:** Floorplan B has a unique arrangement where the master room (#FFA500) is positioned in a way that it does not align with the typical central placement seen in the other floorplans. Additionally, the living room (#EEE8AA) and common room (#FFD700) are placed in a manner that differs from the symmetrical and consistent patterns observed in A, C, D, and E. The presence of the balcony (#6B8E23) and the positioning of the dining area (#DA70D6) also contribute to the distinctiveness of floorplan B."
"[17, 18]","[7, 22]","['40679', '66316', '21543', '21408', '6955']",40679,1. **Different floorplan:** C,"1. **Different floorplan:** C
2. **Why:** Floorplan C has a unique arrangement where the master room (#FFA500) is positioned in a way that it does not align with the typical central placement seen in the other floorplans. Additionally, the living room (#EEE8AA) and common room (#FFD700) are placed in a manner that differs from the symmetrical and consistent patterns observed in A, B, D, and E. The presence of the balcony (#6B8E23) and the positioning of the kitchen (#F08080) also contribute to the distinctiveness of floorplan C."
"[7, 1]","[17, 18]","['70105', '10825', '8109', '12376', '17550']",70105,1. **Different floorplan:** A,"1. **Different floorplan:** A
2. **Why:** Floorplan A has a unique arrangement where the common room (yellow) is directly adjacent to the master room (orange) without any intervening space, which is not observed in the other floorplans. In contrast, floorplans B, C, D, and E all have the common room separated from the master room by at least one other room type, such as a living room or a balcony. This distinct configuration makes floorplan A stand out with a different underlying pattern compared to the others."
"[7, 3]","[17, 18]","['75828', '61767', '6955', '52457', '64781']",6955,1. **Different floorplan:** C,"1. **Different floorplan:** C
2. **Why:** Floorplan C has a unique arrangement where the master room (#FFA500) is positioned in the center, surrounded by other rooms, which is not typical in the other floorplans. In contrast, the other floorplans have the master room either at one end or in a corner, with the rest of the rooms distributed around it in a more symmetrical manner. This central placement of the master room in C stands out as the distinguishing feature."
"[7, 1]","[17, 18]","['46660', '17550', '12376', '53652', '16951']",46660,1. **Different floorplan:** A,"1. **Different floorplan:** A
2. **Why:** Floorplan A has a unique arrangement where the master room (#FFA500) is positioned in the top left corner, which is not typical for the other floorplans. In contrast, the other floorplans have the master room (#FFA500) centrally located or in a more standard position within the layout. This distinct placement makes floorplan A stand out from the others."
"[17, 21]","[7, 22]","['69704', '62549', '79411', '40487', '78147']",79411,1. **Different floorplan:** C,"1. **Different floorplan:** C
2. **Why:** Floorplan C has a unique arrangement where the common room and living room are directly adjacent without any intervening space, unlike the other floorplans which typically have a corridor or another room separating them. This direct adjacency is not seen in A, B, D, or E, making it distinct from the others."
"[7, 1]","[17, 5]","['72055', '12376', '3536', '12421', '16951']",72055,1. **Different floorplan:** C,"1. **Different floorplan:** C
2. **Why:** Floorplan C has a unique arrangement where the master room (#FFA500) is positioned at the top right corner, which is not typical in the other floorplans. In contrast, the other floorplans have the master room either centrally located or towards the bottom left, maintaining a more consistent pattern."
"[17, 21]","[7, 22]","['62454', '69704', '40487', '62549', '31113']",31113,1. **Different floorplan:** E,"1. **Different floorplan:** E
2. **Why:** Floorplan E has a unique arrangement where the living room and dining area are combined into one large space, which is not present in the other floorplans. In contrast, floorplans A, B, C, and D each have distinct layouts with separate living rooms and dining areas."
"[7, 20]","[17, 18]","['55305', '21408', '2425', '2277', '54372']",21408,1. **Different floorplan:** E,"1. **Different floorplan:** E
2. **Why:** Floorplan E has a unique arrangement where the master room (#FFA500) is positioned in a way that it does not align with the typical central placement seen in the other floorplans. In contrast, the other floorplans have the master room centrally located, which is a common pattern in apartment designs. Additionally, the layout of the common rooms and living areas in E differs significantly from the others, suggesting a different underlying pattern."
"[17, 18]","[7, 22]","['23132', '70105', '6955', '66316', '66935']",23132,1. **Different floorplan:** E,"1. **Different floorplan:** E
2. **Why:** Floorplan E has a unique arrangement where the master room (#FFA500) is positioned in a way that it does not align with the typical central placement seen in the other floorplans. In contrast, the other floorplans have the master room centrally located, which suggests a more symmetrical and standard layout. Floorplan E's master room is placed off-center, making it stand out from the others."
"[17, 21]","[7, 3]","['78147', '62549', '40487', '69704', '61767']",61767,1. **Different floorplan:** E,"1. **Different floorplan:** E
2. **Why:** Floorplan E has a unique arrangement where the master room (#FFA500) is positioned in a way that it does not align with the typical central placement seen in the other floorplans. In contrast, the other floorplans have the master room centrally located, which is a common pattern in residential designs. Additionally, the layout of the common rooms and living areas in E differs significantly from the others, suggesting a different underlying pattern."
"[17, 21]","[7, 1]","['62549', '40487', '10825', '78147', '62454']",10825,1. **Different floorplan:** C,"1. **Different floorplan:** C
2. **Why:** Floorplan C has a unique arrangement where the master room (#FFA500) is positioned in the center, surrounded by a common room (#FFD700), a living room (#EEE8AA), and a balcony (#6B8E23). This central placement of the master room is distinct from the other floorplans, which typically place the master room either at one end or in a corner. Additionally, the spatial distribution of the other rooms around the master room in C is more symmetrical compared to the other floorplans, which have a more varied and less symmetrical layout."
"[7, 3]","[17, 5]","['72055', '64781', '52457', '61767', '75828']",72055,1. **Different floorplan:** C,"1. **Different floorplan:** C
2. **Why:** Floorplan C has a distinct arrangement of rooms compared to the others. It features a single large room with a smaller room attached to it, which is not present in the other floorplans. The other floorplans have more complex layouts with multiple interconnected rooms of varying sizes."
"[17, 18]","[7, 22]","['31693', '31113', '21408', '6955', '51240']",31113,1. **Different floorplan:** E,"1. **Different floorplan:** E
2. **Why:** Floorplan E has a unique arrangement where the master room (#FFA500) is positioned in a way that it does not align with the typical central placement seen in the other floorplans. In contrast, the other floorplans have the master room centrally located, which is a common pattern in apartment designs. Additionally, the layout of the common rooms and living areas in E differs significantly from the others, suggesting a different underlying pattern."
"[17, 18]","[7, 1]","['3536', '21408', '6955', '46660', '70105']",3536,1. **Different floorplan:** B,"1. **Different floorplan:** B
2. **Why:** Floorplan B has an additional section extending from the main entrance that is not present in the other floorplans. This extra section disrupts the uniformity of the spatial layout compared to A, C, D, and E, which all have a more consistent and compact arrangement of rooms around the central core."
"[17, 21]","[7, 1]","['62549', '12421', '40487', '62454', '78147']",12421,1. **Different floorplan:** B,"1. **Different floorplan:** B
2. **Why:** Floorplan B has a unique arrangement where the master room (#FFA500) is positioned in a way that it does not align with the typical central placement seen in the other floorplans. In contrast, the other floorplans have the master room centrally located, which suggests a more symmetrical and standard layout. Additionally, the positioning of the common room (#FFD700) and the living room (#EEE8AA) in relation to the entrance and the rest of the rooms also differs from the others, indicating a distinct pattern."
"[17, 21]","[7, 3]","['62454', '40487', '64781', '9795', '69704']",64781,1. **Different floorplan:** C,"1. **Different floorplan:** C
2. **Why:** Floorplan C has a unique arrangement where the master room (#FFA500) is positioned in a way that it does not align with the typical central placement seen in the other floorplans. Additionally, the kitchen (#F08080) and dining area (#DA70D6) are placed in a manner that differs from the standard layout observed in A, B, D, and E. The presence of a balcony (#6B8E23) in an unusual location also contributes to the distinctiveness of floorplan C."
"[17, 18]","[7, 20]","['31693', '66935', '21408', '54372', '6955']",54372,1. **Different floorplan:** B,"1. **Different floorplan:** B
2. **Why:** Floorplan B has a unique arrangement where the master room (#FFA500) is positioned in a way that it does not align with the typical central placement seen in the other floorplans. Additionally, the living room (#EEE8AA) and common room (#FFD700) are placed in a manner that differs from the symmetrical and consistent patterns observed in A, C, D, and E. The presence of the balcony (#6B8E23) and the positioning of the dining area (#DA70D6) also contribute to the distinctiveness of floorplan B."
"[17, 21]","[7, 22]","['40487', '40679', '78147', '9795', '62454']",40679,1. **Different floorplan:** B,"1. **Different floorplan:** B
2. **Why:** Floorplan B has an additional hallway branching off from the main entrance, which is not present in the other floorplans. This extra hallway creates a unique pattern compared to A, C, D, and E, where the main entrance leads directly into the living room without any additional hallways."
"[17, 18]","[7, 20]","['70105', '31693', '51240', '2425', '6955']",2425,1. **Different floorplan:** E,"1. **Different floorplan:** E
2. **Why:** Floorplan E has a unique arrangement where the master room (#FFA500) is positioned in a way that it does not align with the typical central placement seen in the other floorplans. In contrast, the other floorplans have the master room centrally located, which suggests a more symmetrical and standard layout. Additionally, the positioning of the common room (#FFD700) and the living room (#EEE8AA) in relation to the entrance and the rest of the floor plan differs from the others, indicating a distinct pattern."
"[7, 1]","[17, 18]","['12421', '12376', '8109', '53652', '66935']",66935,1. **Different floorplan:** E,"1. **Different floorplan:** E
2. **Why:** Floorplan E has an additional room (pink room) that is not present in any of the other floorplans. This extra room disrupts the uniformity of the spatial layout compared to A, B, C, and D, which all have consistent room arrangements without such an outlier."
"[17, 21]","[7, 20]","['62454', '54372', '69704', '9795', '78147']",54372,1. **Different floorplan:** B,"1. **Different floorplan:** B
2. **Why:** Floorplan B has an additional room (a small yellow room) that is not present in any of the other floorplans. This extra room disrupts the uniformity of the spatial layout compared to A, C, D, and E, which all have consistent room arrangements without this additional room."
"[17, 18]","[7, 20]","['66316', '6955', '55305', '46660', '70105']",55305,1. **Different floorplan:** C,"1. **Different floorplan:** C
2. **Why:** Floorplan C has a distinct arrangement of rooms compared to the others. It features a central hallway with a staircase leading up, which is not present in the other floorplans. Additionally, the distribution of room types and their relative sizes differs significantly from the uniformity seen in A, B, D, and E."
"[7, 1]","[17, 5]","['72055', '16951', '8109', '12421', '10825']",72055,1. **Different floorplan:** B,"1. **Different floorplan:** B
2. **Why:** Floorplan B has a unique arrangement where the master room (#FFA500) is positioned in a way that it does not align with the typical central placement seen in the other floorplans. Additionally, the living room (#EEE8AA) and common room (#FFD700) are placed in a manner that differs from the symmetrical and consistent patterns observed in A, C, D, and E. The presence of the balcony (#6B8E23) and the positioning of the dining area (#DA70D6) also contribute to the distinctiveness of floorplan B."
"[7, 1]","[17, 5]","['12376', '72055', '10825', '12421', '17550']",72055,1. **Different floorplan:** B,"1. **Different floorplan:** B
2. **Why:** Floorplan B has a unique arrangement where the master room (#FFA500) is positioned in the center, surrounded by a common room (#FFD700), a living room (#EEE8AA), and a balcony (#6B8E23). This central placement of the master room is distinct from the other floorplans, which typically place the master room either at one end or in a corner. Additionally, the layout of the rooms around the master room in B is more symmetrical compared to the others, making it stand out as having a different underlying pattern."
"[17, 21]","[7, 1]","['3536', '62549', '62454', '9795', '69704']",3536,1. **Different floorplan:** B,"1. **Different floorplan:** B
2. **Why:** Floorplan B has an additional section extending from the main entrance that is not present in the other floorplans. This extra section disrupts the uniformity of the spatial layout compared to A, C, D, and E, which maintain a consistent pattern of rooms and spaces around the main entrance."
"[7, 1]","[17, 5]","['16951', '72055', '12421', '17550', '10825']",72055,1. **Different floorplan:** B,"1. **Different floorplan:** B
2. **Why:** Floorplan B has a unique arrangement where the master room (#FFA500) is positioned in the center, surrounded by other rooms, which is not typical in the other floorplans. The other floorplans have the master room either at one end or in a corner, with the rest of the rooms distributed around it in a more symmetrical manner."
"[17, 21]","[7, 3]","['40487', '9795', '62454', '62549', '52457']",52457,1. **Different floorplan:** E,"1. **Different floorplan:** E
2. **Why:** Floorplan E has a distinct arrangement of rooms compared to the others. It features a large living room with a balcony directly adjacent to it, which is not present in the other floorplans. Additionally, the kitchen and dining areas are positioned differently, with the dining area being smaller and located closer to the entrance in E, whereas in the other floorplans, the dining area is larger and more centrally located. The presence of a separate storage room in E also sets it apart from the others, which do not have this specific configuration."
"[17, 18]","[7, 1]","['51240', '8109', '31693', '46660', '66316']",8109,1. **Different floorplan:** B,"1. **Different floorplan:** B
2. **Why:** Floorplan B has a unique arrangement where the master room (#FFA500) is positioned in a way that it does not align with the typical central placement seen in the other floorplans. In contrast, the other floorplans have the master room centrally located, which suggests a more symmetrical and standard layout. Additionally, the positioning of the common room (#FFD700) and the living room (#EEE8AA) in relation to the entrance and the rest of the rooms also differs from the others, indicating a distinct pattern."
"[7, 1]","[17, 5]","['10825', '33045', '16951', '17550', '12421']",33045,1. **Different floorplan:** B,"1. **Different floorplan:** B
2. **Why:** Floorplan B has a unique arrangement where the master room (#FFA500) is positioned in a way that it does not align with the typical central placement seen in the other floorplans. Additionally, the living room (#EEE8AA) and common room (#FFD700) are placed in a manner that differs from the symmetrical and consistent patterns observed in A, C, D, and E. The presence of a balcony (#6B8E23) in an unusual location further distinguishes it from the others."
"[7, 1]","[17, 21]","['12376', '8109', '17550', '62454', '53652']",62454,1. **Different floorplan:** D,"1. **Different floorplan:** D
2. **Why:** Floorplan D has a unique arrangement where the living room and dining area are directly adjacent without any intervening space, unlike the other floorplans which typically have a corridor or another room separating them. This direct adjacency is not seen in A, B, C, or E, making it distinct from the others."
"[7, 20]","[17, 18]","['2277', '66316', '2425', '54372', '55305']",66316,1. **Different floorplan:** C,"1. **Different floorplan:** C
2. **Why:** Floorplan C has a unique arrangement where the master room (#FFA500) is positioned in a way that it does not align with the typical central placement seen in the other floorplans. In contrast, the other floorplans have the master room centrally located, which suggests a more symmetrical and standard layout. Additionally, the positioning of the common room (#FFD700) and the living room (#EEE8AA) in relation to the entrance and the rest of the rooms also differs from the others, indicating a distinct pattern."
"[7, 1]","[17, 21]","['12421', '8109', '53652', '17550', '62549']",62549,1. **Different floorplan:** E,"1. **Different floorplan:** E
2. **Why:** Floorplan E has a unique arrangement where the living room and dining area are positioned in a way that they do not align with the typical layout seen in the other four floorplans. In contrast, the other four floorplans have a more consistent layout where the living room and dining area are adjacent and follow a similar pattern. Floorplan E introduces an additional element (the yellow section) that disrupts this pattern, making it distinct from the others."
"[17, 18]","[7, 22]","['21543', '23132', '31693', '46660', '66316']",23132,1. **Different floorplan:** A,"1. **Different floorplan:** A
2. **Why:** Floorplan A has a more complex and irregular layout compared to the others. It features multiple interconnected rooms with varying shapes and sizes, which deviates from the simpler, more uniform patterns observed in floorplans B, C, D, and E. These latter floorplans have more straightforward, rectangular or square-like structures with fewer irregularities."
"[17, 18]","[7, 22]","['51240', '6955', '23132', '31693', '66316']",23132,1. **Different floorplan:** C,"1. **Different floorplan:** C
2. **Why:** Floorplan C has a unique arrangement where the master room (#FFA500) is positioned in a way that it does not align with the typical central placement seen in the other floorplans. In contrast, the other floorplans have the master room centrally located, which suggests a more symmetrical and standard layout. Additionally, the positioning of the common room (#FFD700) and the living room (#EEE8AA) in relation to the entrance and the rest of the rooms also differs from the others, indicating a distinct pattern."
"[17, 18]","[7, 20]","['21408', '66316', '6955', '2277', '70105']",2277,1. **Different floorplan:** D,"1. **Different floorplan:** D
2. **Why:** Floorplan D has a unique arrangement where the master room (#FFA500) is positioned in a way that it does not align with the typical central placement seen in the other floorplans. In contrast, the other floorplans have the master room centrally located, which suggests a more symmetrical and standard layout. Additionally, the positioning of the common room (#FFD700) and the living room (#EEE8AA) in relation to the entrance and the rest of the rooms also differs from the others, indicating a distinct pattern."
"[17, 18]","[7, 22]","['70105', '31113', '31693', '46660', '66935']",31113,1. **Different floorplan:** E,"1. **Different floorplan:** E
2. **Why:** Floorplan E has a unique arrangement where the master room (#FFA500) is positioned in a way that it does not align with the typical central placement seen in the other floorplans. In contrast, the other floorplans have the master room centrally located, which is a common pattern in apartment designs. Additionally, the layout of the common rooms and living areas in E differs significantly from the others, making it stand out as having a different underlying pattern."
"[17, 21]","[7, 22]","['69704', '40679', '78147', '40487', '62549']",40679,1. **Different floorplan:** B,"1. **Different floorplan:** B
2. **Why:** Floorplan B has an additional section extending from the main entrance that is not present in the other floorplans. This extra section disrupts the uniformity of the spatial layout compared to A, C, D, and E, which maintain a consistent pattern of rooms and spaces around the main entrance."
"[7, 1]","[17, 21]","['62549', '3536', '12421', '8109', '53652']",62549,1. **Different floorplan:** B,"1. **Different floorplan:** B
2. **Why:** Floorplan B has a unique arrangement where the master room (#FFA500) is positioned in the center, surrounded by other rooms, which is not typical in the other floorplans. The other floorplans have the master room either at one end or in a corner, with the rest of the rooms distributed around it in a more symmetrical manner."
"[17, 21]","[7, 1]","['16951', '78147', '62549', '69704', '62454']",16951,1. **Different floorplan:** A,"1. **Different floorplan:** A
2. **Why:** Floorplan A has a unique arrangement where the master room (#FFA500) is positioned at the bottom left corner, which is not typical in the other floorplans. In contrast, the other floorplans have the master room (#FFA500) located more centrally or towards the top right, maintaining a consistent pattern across B, C, D, and E."
"[7, 1]","[17, 18]","['12376', '8109', '66316', '10825', '16951']",66316,1. **Different floorplan:** C,"1. **Different floorplan:** C
2. **Why:** Floorplan C is the only one that does not have a continuous flow from the main entrance into a common room, followed by a living room, and then a dining area. Instead, it has a separate storage area adjacent to the main entrance, which disrupts the typical sequential flow found in the other floorplans."
"[7, 1]","[17, 18]","['10825', '16951', '17550', '12421', '66316']",66316,1. **Different floorplan:** E,"1. **Different floorplan:** E
2. **Why:** Floorplan E has a unique arrangement where the master room (#FFA500) is positioned in a way that it does not align with the typical central placement seen in the other floorplans. Additionally, the kitchen (#F08080) and dining area (#DA70D6) are placed in a manner that differs from the standard layout observed in A, B, C, and D, where these rooms are typically adjacent to the living room (#EEE8AA). The presence of a balcony (#6B8E23) in an unusual location also contributes to the distinctiveness of floorplan E."
"[17, 21]","[7, 20]","['69704', '62549', '9795', '55305', '40487']",55305,1. **Different floorplan:** D,"1. **Different floorplan:** D
2. **Why:** Floorplan D has a unique arrangement where the kitchen is positioned in the center, surrounded by other rooms, which differs from the other floorplans where the kitchen is typically located at one end or another side of the apartment. Additionally, the layout of the other rooms around the kitchen in D appears more compact compared to the more spread-out arrangements in A, B, C, and E."
"[17, 21]","[7, 22]","['62549', '78147', '9795', '69704', '79411']",79411,1. **Different floorplan:** E,"1. **Different floorplan:** E
2. **Why:** Floorplan E has a unique arrangement where the living room and dining area are combined into one large space, which is not present in the other floorplans. In contrast, floorplans A, B, C, and D each have distinct layouts with separate living rooms and dining areas. Additionally, floorplan E has a different orientation of the kitchen and storage areas compared to the others."
"[17, 21]","[7, 20]","['78147', '40487', '62549', '54372', '69704']",54372,1. **Different floorplan:** D,"1. **Different floorplan:** D
2. **Why:** Floorplan D has a unique arrangement where the living room and dining area are directly connected without any intervening space, unlike the other floorplans which have a clear separation between these two areas. This direct connection in D creates a distinct pattern compared to the others."
"[17, 18]","[7, 1]","['6955', '70105', '21543', '66316', '53652']",53652,1. **Different floorplan:** E,"1. **Different floorplan:** E
2. **Why:** Floorplan E has a unique arrangement where the master room (#FFA500) is positioned in a way that it does not align with the typical central placement seen in the other floorplans. In contrast, the other floorplans have the master room centrally located, which is a common pattern in residential designs. Additionally, the overall layout of E appears more compact and less symmetrical compared to the others, suggesting a different underlying pattern."
"[7, 1]","[17, 18]","['6955', '53652', '16951', '10825', '12376']",6955,1. **Different floorplan:** A,"1. **Different floorplan:** A
2. **Why:** Floorplan A has a unique layout compared to the others. It features a central hallway with multiple rooms branching off in a more complex manner than the other plans. The other floorplans (B, C, D, and E) all have a more symmetrical and simpler arrangement of rooms around a central core, typically with a single entrance leading into a larger space that then splits into smaller rooms. Floorplan A's layout is more intricate and less uniform, making it stand out as having a different underlying pattern."
"[7, 1]","[17, 5]","['12421', '50221', '53652', '10825', '8109']",50221,1. **Different floorplan:** B,"1. **Different floorplan:** B
2. **Why:** Floorplan B has an additional room (a small rectangular space with a green fill) that is not present in the other four floorplans. This extra room disrupts the uniformity of the spatial layout compared to A, C, D, and E, which all have consistent room arrangements without this additional feature."
"[7, 1]","[17, 21]","['8109', '9795', '17550', '16951', '53652']",9795,1. **Different floorplan:** E,"1. **Different floorplan:** E
2. **Why:** Floorplan E has a unique arrangement where the master room (#FFA500) is positioned in a way that it does not align with the typical central placement seen in the other floorplans. In contrast, the other floorplans have the master room centrally located, which is a common pattern in residential designs. Additionally, the distribution of other rooms like the common room (#FFD700), living room (#EEE8AA), and kitchen (#F08080) also follows a more uniform pattern across the other floorplans, making E stand out due to its deviation from this pattern."
"[17, 21]","[7, 22]","['40487', '9795', '69704', '79411', '78147']",79411,1. **Different floorplan:** D,"1. **Different floorplan:** D
2. **Why:** Floorplan D has a unique configuration where the main entrance leads directly into a small room with a balcony attached, which is not present in the other floorplans. The other floorplans have a more traditional layout with a common room, living room, and kitchen leading off from the main entrance, followed by a master room and additional rooms. Floorplan D's layout deviates from this pattern by having a direct path from the entrance to a smaller room with a balcony, making it distinct from the others."
"[17, 21]","[7, 1]","['9795', '40487', '78147', '17550', '69704']",17550,1. **Different floorplan:** D,"1. **Different floorplan:** D
2. **Why:** Floorplan D has a unique arrangement where the master room (#FFA500) is positioned in a way that it does not align with the typical central placement seen in the other floorplans. In contrast, the other floorplans have the master room centrally located, which suggests a more symmetrical and standard layout. Additionally, the positioning of the common room (#FFD700) and the living room (#EEE8AA) in relation to the entrance and the rest of the rooms also differs from the others, indicating a distinct pattern."
"[7, 1]","[17, 21]","['12376', '53652', '62549', '12421', '3536']",62549,1. **Different floorplan:** E,"1. **Different floorplan:** E
2. **Why:** Floorplan E has a unique arrangement where the master room (#FFA500) is positioned in a way that it does not align with the typical central placement seen in the other floorplans. In contrast, the other floorplans have the master room centrally located, which suggests a more symmetrical and standard layout. Additionally, the positioning of the common room (#FFD700) and the living room (#EEE8AA) in relation to the entrance and the rest of the rooms also differs from the others, indicating a distinct pattern."
"[17, 18]","[7, 22]","['21408', '31113', '70105', '51240', '66316']",31113,1. **Different floorplan:** D,"1. **Different floorplan:** D
2. **Why:** Floorplan D has a unique arrangement where the master room (#FFA500) is positioned in a way that it does not align with the typical central placement seen in the other floorplans. Additionally, the kitchen (#F08080) is unusually placed towards the back, which deviates from the more symmetrical and centralized kitchen placements in A, B, C, and E."
"[7, 1]","[17, 21]","['78147', '53652', '12421', '17550', '10825']",78147,1. **Different floorplan:** B,"1. **Different floorplan:** B
2. **Why:** Floorplan B has a unique arrangement where the master room (#FFA500) is positioned in the upper left corner, which is not typical for the other floorplans. In contrast, the other floorplans have the master room in the lower right corner, maintaining a consistent pattern across A, C, D, and E."
"[7, 1]","[17, 18]","['12421', '3536', '10825', '12376', '31693']",31693,1. **Different floorplan:** E,"1. **Different floorplan:** E
2. **Why:** Floorplan E has a distinct layout compared to the others. It features a central open space with multiple smaller rooms branching off, which is not present in the other floorplans. The other floorplans have more compact layouts with fewer open spaces and a more uniform distribution of room types."
"[17, 18]","[7, 1]","['21543', '12376', '66935', '6955', '21408']",12376,1. **Different floorplan:** E,"1. **Different floorplan:** E
2. **Why:** Floorplan E has a unique arrangement where the master room (#FFA500) is positioned in a way that it does not align with the typical central placement seen in the other floorplans. In contrast, the other floorplans have the master room centrally located, which is a common pattern in apartment designs. Additionally, the layout of the common rooms and living areas in floorplan E differs significantly from the others, suggesting a different underlying pattern."
"[17, 18]","[7, 22]","['66935', '21543', '66316', '79411', '21408']",79411,1. **Different floorplan:** E,"1. **Different floorplan:** E
2. **Why:** Floorplan E has a unique arrangement where the living room and dining area are directly adjacent without any intervening space, which is not present in the other floorplans. In contrast, floorplans A, B, C, and D all have a common pattern where the living room and dining area are separated by a hallway or another room. This distinct layout makes floorplan E stand out from the others."
"[17, 18]","[7, 22]","['21543', '51240', '23132', '70105', '66316']",23132,1. **Different floorplan:** C,"1. **Different floorplan:** C
2. **Why:** Floorplan C has a distinct layout compared to the others. It features a central hallway with rooms branching off in a linear fashion, which is different from the more complex and interconnected layouts seen in floorplans A, B, D, and E. The other floorplans have more intricate patterns with multiple intersections and varying room sizes, making them more complex than the straightforward design of C."
"[7, 1]","[17, 5]","['10825', '12421', '53652', '3536', '50221']",50221,1. **Different floorplan:** E,"1. **Different floorplan:** E
2. **Why:** Floorplan E has a unique arrangement where the living room and dining area are combined into one large space, which is not seen in the other floorplans. In contrast, the other floorplans have distinct separate living rooms and dining areas. Additionally, the overall layout of E appears more compact and integrated compared to the others, suggesting a different underlying pattern."
"[17, 18]","[7, 1]","['66316', '12421', '31693', '21408', '66935']",12421,1. **Different floorplan:** E,"1. **Different floorplan:** E
2. **Why:** Floorplan E has a unique arrangement where the master room (#FFA500) is positioned in a way that it does not align with the typical central placement seen in the other floorplans. In contrast, the other floorplans have the master room centrally located, which is a common pattern in apartment designs. Additionally, the layout of the common rooms and living areas in E is more compact and less symmetrical compared to the others, suggesting a different underlying pattern."
"[17, 18]","[7, 20]","['6955', '66935', '2425', '70105', '51240']",2425,1. **Different floorplan:** C,"1. **Different floorplan:** C
2. **Why:** Floorplan C has a unique arrangement where the master room (#FFA500) is positioned in a way that it does not align with the typical central placement seen in the other floorplans. In contrast, the other floorplans have the master room centrally located, which suggests a more symmetrical and standard layout. Additionally, the positioning of the common room (#FFD700) and the living room (#EEE8AA) in relation to the entrance and the rest of the rooms also differs from the others, indicating a distinct pattern."
"[7, 1]","[17, 21]","['16951', '62549', '12376', '53652', '3536']",62549,1. **Different floorplan:** E,"1. **Different floorplan:** E
2. **Why:** Floorplan E has a unique arrangement where the master room (#FFA500) is positioned in a way that it does not align with the typical central placement seen in the other floorplans. In contrast, the other floorplans have the master room centrally located, which is a common pattern in apartment designs. Additionally, the layout of the common rooms and living areas in E is more compact and less symmetrical compared to the others, suggesting a different underlying design philosophy."
"[7, 1]","[17, 18]","['10825', '8109', '53652', '16951', '46660']",46660,1. **Different floorplan:** E,"1. **Different floorplan:** E
2. **Why:** Floorplan E has a unique arrangement where the master room (#FFA500) is positioned in a way that it does not align with the typical central placement seen in the other floorplans. Additionally, the dining area (#DA70D6) is placed unusually close to the entrance, which deviates from the more standard layouts observed in A, B, C, and D. The other floorplans maintain a consistent pattern of placing the master room centrally and the dining area further away from the entrance."
"[7, 1]","[17, 5]","['10825', '50221', '12421', '3536', '17550']",50221,1. **Different floorplan:** D,"1. **Different floorplan:** D
2. **Why:** Floorplan D has a unique arrangement where the master room (#FFA500) is positioned in a way that it does not align with the typical central placement seen in the other floorplans. In contrast, the other floorplans have the master room centrally located, which suggests a more symmetrical and standard layout. Additionally, the positioning of the common room (#FFD700) and the living room (#EEE8AA) in relation to the entrance and the rest of the rooms also differs from the others, indicating a distinct pattern."
"[17, 18]","[7, 22]","['21408', '79411', '6955', '31693', '46660']",79411,1. **Different floorplan:** E,"1. **Different floorplan:** E
2. **Why:** Floorplan E has a unique arrangement where the master room (#FFA500) is positioned in a way that it does not align with the typical central placement seen in the other floorplans. In contrast, the other floorplans have the master room centrally located, which suggests a more symmetrical and standard layout. Additionally, the positioning of the dining area (#DA70D6) and the kitchen (#F08080) in relation to the entrance and the rest of the rooms also differs from the others, indicating a distinct pattern."
"[17, 18]","[7, 1]","['31693', '70105', '66935', '12376', '66316']",12376,1. **Different floorplan:** D,"1. **Different floorplan:** D
2. **Why:** Floorplan D has a unique arrangement where the master room (#FFA500) is positioned in a way that it does not align with the typical central placement seen in the other floorplans. In contrast, the other floorplans have the master room centrally located, which suggests a more symmetrical and standard layout. Additionally, the distribution of other rooms around the master room in D appears less uniform compared to the others."
"[17, 5]","[7, 22]","['79411', '33045', '7913', '50221', '72055']",79411,1. **Different floorplan:** C,"1. **Different floorplan:** C
2. **Why:** Floorplan C has a unique arrangement where the master room (#FFA500) is positioned in a way that it does not align with the typical central placement seen in the other floorplans. In contrast, the other floorplans have the master room centrally located, which suggests a more symmetrical and standard layout. Additionally, the positioning of the common room (#FFD700) and the living room (#EEE8AA) in relation to the entrance and the rest of the rooms also differs from the others, indicating a distinct pattern."
"[7, 1]","[17, 5]","['53652', '12376', '12421', '33045', '3536']",33045,1. **Different floorplan:** E,"1. **Different floorplan:** E
2. **Why:** Floorplan E has a unique arrangement where the master room (#FFA500) is positioned in a way that it does not align with the typical central placement seen in the other floorplans. In contrast, the other floorplans have the master room centrally located, which is a common pattern in residential designs. Additionally, the layout of the common rooms and living areas in E differs significantly from the others, suggesting a different underlying pattern."
"[7, 1]","[17, 5]","['17550', '7913', '16951', '53652', '10825']",7913,1. **Different floorplan:** B,"1. **Different floorplan:** B
2. **Why:** Floorplan B has a unique arrangement where the master room (#FFA500) is positioned in a way that it does not align with the typical central placement seen in the other floorplans. Additionally, the living room (#EEE8AA) and common room (#FFD700) are placed in a manner that differs from the symmetrical and consistent patterns observed in A, C, D, and E. The presence of a balcony (#6B8E23) at the bottom right corner also stands out as an unusual feature compared to the other floorplans."
"[7, 1]","[17, 21]","['8109', '17550', '3536', '12421', '62549']",62549,1. **Different floorplan:** E,"1. **Different floorplan:** E
2. **Why:** Floorplan E has a unique arrangement where the living room and dining area are adjacent and form a continuous space, which is not present in the other floorplans. In contrast, the other floorplans have distinct separations between the living room and dining area, with the living room typically being larger and positioned further from the entrance compared to the dining area."
"[17, 18]","[7, 22]","['66935', '23132', '21408', '21543', '51240']",23132,1. **Different floorplan:** E,"1. **Different floorplan:** E
2. **Why:** Floorplan E has a unique arrangement where the master room (#FFA500) is positioned in a way that it does not align with the typical central placement seen in the other floorplans. In contrast, the other floorplans have the master room centrally located, which suggests a more symmetrical and standard layout. Additionally, the distribution of other rooms like the common room (#FFD700), living room (#EEE8AA), and kitchen (#F08080) also follows a consistent pattern across A, B, C, and D, but not in E."
"[7, 1]","[17, 18]","['16951', '17550', '3536', '12421', '46660']",46660,1. **Different floorplan:** E,"1. **Different floorplan:** E
2. **Why:** Floorplan E has a unique arrangement where the living room and common room are placed in a way that they do not align with the typical layout seen in the other four floorplans. In contrast, the other four floorplans have a more consistent pattern where the living room and common room are adjacent and follow a similar spatial relationship. Floorplan E deviates from this by having the living room and common room separated by a larger area, which disrupts the uniformity observed in the other designs."
"[17, 21]","[7, 3]","['78147', '61767', '40487', '62549', '9795']",61767,1. **Different floorplan:** B,"1. **Different floorplan:** B
2. **Why:** Floorplan B has a unique arrangement where the master room (#FFA500) is positioned in a way that it does not align with the typical central placement seen in the other floorplans. Additionally, the living room (#EEE8AA) and common room (#FFD700) are placed in a manner that differs from the symmetrical and consistent layout observed in A, C, D, and E. The presence of the balcony (#6B8E23) and the positioning of the dining area (#DA70D6) also contribute to the distinctiveness of floorplan B."
"[7, 1]","[17, 18]","['17550', '8109', '66316', '3536', '16951']",66316,1. **Different floorplan:** C,"1. **Different floorplan:** C
2. **Why:** Floorplan C has a unique arrangement where the master room (#FFA500) is positioned in the center, surrounded by a common room (#FFD700), a living room (#EEE8AA), and a balcony (#6B8E23). This central placement of the master room is distinct from the other floorplans, which typically have the master room either at one end or centrally located but not surrounded by other rooms in this specific manner. Additionally, the spatial distribution of the other rooms around the master room in C is more compact compared to the more spread-out layouts in A, B, D, and E."
"[7, 20]","[17, 5]","['2277', '55305', '2425', '72055', '54372']",72055,1. **Different floorplan:** C,"1. **Different floorplan:** C
2. **Why:** Floorplan C has a unique arrangement where the master room (#FFA500) is positioned in a way that it does not align with the typical central placement seen in the other floorplans. Additionally, the living room (#EEE8AA) and common room (#FFD700) are placed in a manner that differs from the symmetrical and consistent patterns observed in A, B, D, and E. The presence of the balcony (#6B8E23) and the positioning of the dining area (#DA70D6) also contribute to the distinctiveness of floorplan C."
"[17, 18]","[7, 20]","['55305', '46660', '51240', '66316', '31693']",55305,1. **Different floorplan:** E,"1. **Different floorplan:** E
2. **Why:** Floorplan E has a unique arrangement where the living room and dining area are directly adjacent without any intervening space, which is not present in the other floorplans. In contrast, floorplans A, B, C, and D all have a common pattern where the living room and dining area are separated by a hallway or another room type."
"[7, 1]","[17, 18]","['21543', '17550', '12421', '8109', '53652']",21543,1. **Different floorplan:** A,"1. **Different floorplan:** A
2. **Why:** Floorplan A has a more complex and irregular layout compared to the others. The rooms are not aligned in a consistent manner, and there are multiple small rooms and corridors that do not follow a simple grid-like pattern. In contrast, floorplans B, C, D, and E have simpler, more uniform layouts with rooms arranged in a more structured and predictable way."
"[17, 18]","[7, 22]","['70105', '31693', '46660', '21543', '31113']",31113,1. **Different floorplan:** E,"1. **Different floorplan:** E
2. **Why:** Floorplan E has a distinct arrangement of rooms compared to the others. It features a single large common room with a smaller adjacent room, which is not typical in the other floorplans where the common room is often larger and more centrally located. Additionally, the layout of the other floorplans shows a more symmetrical and consistent distribution of room types, whereas E has a unique configuration that sets it apart."
"[7, 1]","[17, 5]","['3536', '12421', '7913', '12376', '17550']",7913,1. **Different floorplan:** C,"1. **Different floorplan:** C
2. **Why:** Floorplan C has a unique arrangement where the master room (#FFA500) is positioned in a way that it does not align with the typical central placement seen in the other floorplans. In contrast, the other floorplans have the master room centrally located, which suggests a more symmetrical and standard layout. Additionally, the positioning of the common room (#FFD700) and the living room (#EEE8AA) in relation to the entrance and the rest of the rooms also differs from the others, indicating a distinct pattern."
"[17, 18]","[7, 3]","['66935', '70105', '6955', '75828', '21543']",75828,1. **Different floorplan:** D,"1. **Different floorplan:** D
2. **Why:** Floorplan D has a unique arrangement where the master room (#FFA500) is positioned in a way that it does not align with the typical central placement seen in the other floorplans. In contrast, the other floorplans have the master room centrally located, which suggests a more symmetrical and standard layout. Additionally, the distribution of other rooms around the master room in D appears less uniform compared to the others."
"[7, 1]","[17, 18]","['31693', '17550', '16951', '53652', '12376']",31693,1. **Different floorplan:** A,"1. **Different floorplan:** A
2. **Why:** Floorplan A has a unique arrangement where the common room (yellow) is directly adjacent to the master room (orange) without any intervening space, which is not observed in the other floorplans. In contrast, all other floorplans have a clear separation between the common room and the master room by at least one other room type, such as a living room or a balcony. This distinct adjacency in A suggests a different underlying pattern compared to the others."
"[17, 18]","[7, 1]","['21543', '66316', '3536', '70105', '31693']",3536,1. **Different floorplan:** C,"1. **Different floorplan:** C
2. **Why:** Floorplan C has a distinct arrangement of rooms compared to the others. It features a large central living area with a balcony directly connected to it, which is not present in the other floorplans. Additionally, the kitchen and dining areas are positioned differently, with the kitchen being larger and more centrally located in C, whereas in the other floorplans, the kitchen and dining areas are smaller and more spread out. This unique configuration makes C stand out from the rest."
"[7, 1]","[17, 5]","['53652', '17550', '72055', '8109', '10825']",72055,1. **Different floorplan:** C,"1. **Different floorplan:** C
2. **Why:** Floorplan C has a unique arrangement where the master room (#FFA500) is positioned in the center, surrounded by a common room (#FFD700), a living room (#EEE8AA), and a balcony (#6B8E23). This central placement of the master room with surrounding rooms is distinct from the other floorplans, which typically have the master room either at one end or centrally but not surrounded by other rooms in this specific manner."
"[7, 1]","[17, 18]","['17550', '21543', '53652', '16951', '12376']",21543,1. **Different floorplan:** B,"1. **Different floorplan:** B
2. **Why:** Floorplan B has a unique arrangement of rooms compared to the others. It features a central hallway with a staircase leading up to an upper level, which is not present in the other floorplans. Additionally, the distribution of room types and their relative sizes differs significantly from the uniform patterns observed in A, C, D, and E."
"[17, 18]","[7, 3]","['51240', '31693', '6955', '70105', '61767']",61767,1. **Different floorplan:** E,"1. **Different floorplan:** E
2. **Why:** Floorplan E has a unique arrangement where the living room and dining area are directly adjacent without any intervening space, which is not present in the other floorplans. In contrast, floorplans A, B, C, and D all have a common pattern where the living room and dining area are separated by a hallway or another room."
"[7, 1]","[17, 18]","['10825', '17550', '21408', '16951', '12376']",21408,1. **Different floorplan:** C,"1. **Different floorplan:** C
2. **Why:** Floorplan C has a unique arrangement of rooms compared to the others. It features a central hallway with a staircase leading up, which is not present in the other floorplans. Additionally, the distribution of room types and their relative sizes differs significantly from the uniformity seen in A, B, D, and E."
"[17, 18]","[7, 3]","['70105', '6955', '46660', '64781', '66935']",64781,1. **Different floorplan:** D,"1. **Different floorplan:** D
2. **Why:** Floorplan D has a unique arrangement where the master room (#FFA500) is positioned in a way that it does not align with the typical central placement seen in the other floorplans. In contrast, the other floorplans have the master room centrally located, which suggests a more symmetrical and standard layout. Additionally, the positioning of the dining area (#DA70D6) and the kitchen (#F08080) in relation to the entrance and the rest of the rooms also differs from the others, indicating a distinct pattern."
"[17, 21]","[7, 1]","['8109', '9795', '40487', '62549', '78147']",8109,1. **Different floorplan:** A,"1. **Different floorplan:** A
2. **Why:** Floorplan A has a unique arrangement where the master room (#FFA500) is positioned in the top left corner, which is not typical for the other floorplans. In contrast, the other floorplans have the master room (#FFA500) either in the center or towards the right side, with the rest of the rooms arranged around it in a more standard layout. This distinct placement makes floorplan A stand out from the others."
"[7, 1]","[17, 21]","['12421', '8109', '40487', '53652', '16951']",40487,1. **Different floorplan:** C,"1. **Different floorplan:** C
2. **Why:** Floorplan C has a distinct arrangement of rooms compared to the others. In particular, it features a large central living area with a balcony directly adjacent to it, which is not present in the other floorplans. The other floorplans have more varied layouts with different room configurations around the main entrance, but they all maintain a similar overall structure and room distribution. Floorplan C stands out due to this unique central living area and balcony combination."
"[7, 1]","[17, 21]","['3536', '62549', '12421', '10825', '8109']",62549,1. **Different floorplan:** B,"1. **Different floorplan:** B
2. **Why:** Floorplan B has an additional section extending from the main entrance that is not present in the other floorplans. This extra section disrupts the uniformity of the spatial layout compared to A, C, D, and E, which all have a consistent pattern of rooms and spaces around the main entrance."
"[7, 1]","[17, 5]","['12376', '3536', '8109', '12421', '7913']",7913,1. **Different floorplan:** E,"1. **Different floorplan:** E
2. **Why:** Floorplan E has a unique arrangement where the master room (#FFA500) is positioned in a way that it does not align with the typical central placement seen in the other floorplans. Additionally, the kitchen (#F08080) is located at the far end of the floorplan, which is less common compared to the other floorplans where the kitchen is usually closer to the entrance. This distinct layout makes E stand out from the others."
"[17, 18]","[7, 22]","['79411', '6955', '21408', '66316', '46660']",79411,1. **Different floorplan:** C,"1. **Different floorplan:** C
2. **Why:** Floorplan C has a unique arrangement where the master room (#FFA500) is positioned in a way that it does not align with the typical central placement seen in the other floorplans. Additionally, the living room (#EEE8AA) and common room (#FFD700) are placed in a manner that differs from the symmetrical and consistent patterns observed in A, B, D, and E. The presence of the balcony (#6B8E23) and the positioning of the dining area (#DA70D6) also contribute to the distinctiveness of floorplan C."
"[17, 18]","[7, 1]","['31693', '53652', '70105', '51240', '66316']",53652,1. **Different floorplan:** B,"1. **Different floorplan:** B
2. **Why:** Floorplan B has a unique arrangement where the master room (#FFA500) is positioned in a way that it does not align with the typical central placement seen in the other floorplans. Additionally, the kitchen (#F08080) and dining area (#DA70D6) are placed in a manner that differs from the others, creating a distinct pattern."
"[7, 1]","[17, 18]","['17550', '10825', '16951', '21408', '12421']",21408,1. **Different floorplan:** D,"1. **Different floorplan:** D
2. **Why:** Floorplan D has a unique arrangement of rooms compared to the others. It features a large central open space with multiple smaller rooms branching off, which is distinct from the more compact and symmetrical layouts of A, B, C, and E. The presence of a large central area in D sets it apart from the other floorplans, making it the one with a different underlying pattern."
"[7, 1]","[17, 5]","['17550', '3536', '53652', '72055', '8109']",72055,1. **Different floorplan:** D,"1. **Different floorplan:** D
2. **Why:** Floorplan D has a unique arrangement where the living room and dining area are directly adjacent without any intervening space, unlike the other floorplans which typically have a corridor or another room separating them. This direct adjacency is not seen in A, B, C, or E, making it stand out with a different underlying pattern."
"[7, 1]","[17, 21]","['16951', '8109', '40487', '53652', '10825']",40487,1. **Different floorplan:** C,"1. **Different floorplan:** C
2. **Why:** Floorplan C has a unique arrangement where the master room (#FFA500) is positioned in the center, surrounded by a common room (#FFD700), a living room (#EEE8AA), and a balcony (#6B8E23). This central placement of the master room is distinct from the other floorplans, which typically have the master room either at one end or centrally but not surrounded by other rooms in this specific manner. Additionally, the spatial distribution of the other rooms around the master room in C is more compact compared to the other floorplans, suggesting a different underlying pattern."
"[17, 18]","[7, 3]","['21408', '52457', '66316', '31693', '6955']",52457,1. **Different floorplan:** C,"1. **Different floorplan:** C
2. **Why:** Floorplan C has a distinct layout compared to the others. It features a single large common room with a smaller adjacent room, which is not present in the other floorplans. The other floorplans have more complex layouts with multiple rooms of varying sizes and shapes, making them more uniform in their overall design. Floorplan C stands out due to its simplicity and the lack of additional rooms that are present in the other designs."
"[17, 21]","[7, 1]","['40487', '9795', '53652', '78147', '62454']",53652,1. **Different floorplan:** C,"1. **Different floorplan:** C
2. **Why:** Floorplan C has a unique arrangement where the master room (#FFA500) is positioned in a way that it does not align with the typical central placement seen in the other floorplans. Additionally, the kitchen (#F08080) and dining area (#DA70D6) are placed in a manner that differs from the standard layout observed in A, B, D, and E. The presence of a balcony (#6B8E23) in an unusual location also contributes to the distinctiveness of floorplan C."
"[17, 21]","[7, 22]","['31113', '62549', '9795', '78147', '62454']",31113,1. **Different floorplan:** B,"1. **Different floorplan:** B
2. **Why:** Floorplan B has a unique arrangement where the master room (#FFA500) is positioned in the upper left corner, which is not typical for the other floorplans. In contrast, the other floorplans have the master room in the lower right corner, maintaining a consistent pattern across A, C, D, and E."
"[17, 18]","[7, 1]","['66316', '6955', '8109', '66935', '21408']",8109,1. **Different floorplan:** C,"1. **Different floorplan:** C
2. **Why:** Floorplan C has a unique arrangement where the master room (#FFA500) is positioned in a way that it does not align with the typical central placement seen in the other floorplans. Additionally, the living room (#EEE8AA) and common room (#FFD700) are placed in a manner that differs from the symmetrical and consistent patterns observed in A, B, D, and E. The presence of the balcony (#6B8E23) and the positioning of the dining area (#DA70D6) also contribute to the distinctiveness of floorplan C."
"[17, 18]","[7, 22]","['21543', '40679', '21408', '51240', '66316']",40679,1. **Different floorplan:** A,"1. **Different floorplan:** A
2. **Why:** Floorplan A has a unique arrangement of rooms compared to the others. It features a central common room with a master room directly adjacent to it, which is not present in the other floorplans. The other floorplans have a more consistent layout where the common room is typically connected to the living room and kitchen, and the master room is usually separate from the common area. Additionally, the presence of a balcony in floorplan A is also distinct from the others, which do not include a balcony."
"[7, 1]","[17, 21]","['10825', '9795', '3536', '53652', '17550']",9795,1. **Different floorplan:** C,"1. **Different floorplan:** C
2. **Why:** Floorplan C has a unique arrangement where the master room (#FFA500) is positioned in the center, surrounded by a common room (#FFD700), a living room (#EEE8AA), and a balcony (#6B8E23). This central placement of the master room is distinct from the other floorplans, which typically have the master room either at one end or centrally but not surrounded by other rooms in this specific manner. Additionally, the spatial distribution of the other rooms around the master room in C is more compact compared to the other floorplans, suggesting a different underlying pattern."
"[17, 21]","[7, 22]","['78147', '23132', '62549', '40487', '9795']",23132,1. **Different floorplan:** B,"1. **Different floorplan:** B
2. **Why:** Floorplan B has a unique arrangement where the master room (#FFA500) is positioned in a way that it does not align with the typical central placement seen in the other floorplans. Additionally, the living room (#EEE8AA) and common room (#FFD700) are placed in a manner that differs from the symmetrical and consistent patterns observed in A, C, D, and E. The presence of a balcony (#6B8E23) in an unusual location further distinguishes it from the others."
"[17, 18]","[7, 1]","['70105', '51240', '3536', '21408', '6955']",3536,1. **Different floorplan:** C,"1. **Different floorplan:** C
2. **Why:** Floorplan C has a distinct arrangement of rooms compared to the others. It features a large central room with a smaller room attached to it, which is not present in the other floorplans. The other floorplans have more symmetrical and interconnected layouts, with multiple rooms of similar size and shape. Floorplan C's unique central room and attached smaller room set it apart from the rest."
"[7, 1]","[17, 18]","['21408', '17550', '3536', '12376', '12421']",21408,1. **Different floorplan:** C,"1. **Different floorplan:** C
2. **Why:** Floorplan C has a distinct arrangement of rooms compared to the others. It features a large central living area with a smaller adjacent room, which is not typical in the other floorplans where the rooms are more evenly distributed or have different configurations. The presence of a large central space in C sets it apart from the more compact and varied layouts of A, B, D, and E."
"[17, 21]","[7, 3]","['9795', '75828', '78147', '40487', '69704']",75828,1. **Different floorplan:** B,"1. **Different floorplan:** B
2. **Why:** Floorplan B has a unique arrangement where the master room (#FFA500) is positioned in the center, surrounded by a common room (#FFD700), a living room (#EEE8AA), and a balcony (#6B8E23). This central placement of the master room is not seen in the other floorplans, which typically have the master room either at one end or centrally located but not surrounded by other rooms in this specific manner."
"[17, 18]","[7, 22]","['46660', '23132', '21543', '51240', '66316']",23132,1. **Different floorplan:** B,"1. **Different floorplan:** B
2. **Why:** Floorplan B has a unique arrangement where the master room (#FFA500) is positioned in a way that it does not align with the typical central placement seen in the other floorplans. In contrast, the other floorplans have the master room centrally located, which suggests a more symmetrical and standard layout. Additionally, the positioning of the common room (#FFD700) and the living room (#EEE8AA) in relation to the entrance and the rest of the rooms also differs from the others, indicating a distinct pattern."
"[17, 18]","[7, 1]","['21543', '10825', '66935', '51240', '66316']",10825,1. **Different floorplan:** B,"1. **Different floorplan:** B
2. **Why:** Floorplan B has a distinct arrangement of rooms compared to the others. It features a large central room with a smaller room attached to it, which is not present in the other floorplans. The other floorplans have more symmetrical and interconnected layouts, with multiple rooms of similar size and shape. Floorplan B's unique central room and attached smaller room set it apart from the rest."
"[17, 21]","[7, 1]","['9795', '62549', '69704', '12421', '62454']",12421,1. **Different floorplan:** B,"1. **Different floorplan:** B
2. **Why:** Floorplan B has an additional section extending from the main entrance that is not present in the other floorplans. This extra section disrupts the uniformity of the spatial layout compared to A, C, D, and E, which maintain a consistent pattern throughout their main structures."
"[17, 18]","[7, 3]","['70105', '75828', '46660', '21408', '51240']",75828,1. **Different floorplan:** E,"1. **Different floorplan:** E
2. **Why:** Floorplan E has a unique arrangement where the master room (#FFA500) is positioned in a way that it does not align with the typical central placement seen in the other floorplans. In contrast, the other floorplans have the master room centrally located, which is a common pattern in residential designs. Additionally, the layout of the common rooms and living areas in E differs from the more uniform distribution in A, B, C, and D."
"[7, 1]","[17, 21]","['3536', '10825', '62454', '12421', '16951']",62454,1. **Different floorplan:** C,"1. **Different floorplan:** C
2. **Why:** Floorplan C has a unique arrangement where the master room (#FFA500) is positioned in the center, surrounded by a common room (#FFD700), a living room (#EEE8AA), and a balcony (#6B8E23). This central placement of the master room is distinct from the other floorplans, which typically place the master room either at one end or in a corner. Additionally, the spatial distribution of the other rooms around the master room in C is more symmetrical compared to the other floorplans, which have more varied and less symmetrical layouts."
"[17, 21]","[7, 3]","['78147', '64781', '69704', '40487', '62454']",64781,1. **Different floorplan:** B,"1. **Different floorplan:** B
2. **Why:** Floorplan B has a unique arrangement where the master room (#FFA500) is positioned in a way that it does not align with the typical central placement seen in the other floorplans. In contrast, the other floorplans have the master room centrally located, which suggests a more symmetrical and standard layout. Additionally, the positioning of the common room (#FFD700) and the living room (#EEE8AA) in relation to the entrance and the rest of the rooms also differs from the others, indicating a distinct pattern."
"[7, 20]","[17, 18]","['2425', '55305', '2277', '6955', '54372']",6955,1. **Different floorplan:** D,"1. **Different floorplan:** D
2. **Why:** Floorplan D has a unique arrangement where the master room (#FFA500) is positioned in a way that it does not align with the typical central placement seen in the other floorplans. In contrast, the other floorplans have the master room centrally located, which is a common pattern in apartment designs. Additionally, the distribution of other rooms like the common room (#FFD700), living room (#EEE8AA), and balcony (#6B8E23) also differs significantly from the others, making D stand out as having a different underlying pattern."
"[17, 21]","[7, 3]","['9795', '62549', '62454', '78147', '64781']",64781,1. **Different floorplan:** E,"1. **Different floorplan:** E
2. **Why:** Floorplan E has a unique arrangement where the master room (#FFA500) is positioned in a way that it does not align with the typical central placement seen in the other floorplans. In contrast, the other floorplans have the master room centrally located, which is a common pattern in residential designs. Additionally, the overall layout of E appears more compact and less symmetrical compared to the others, suggesting a different underlying design philosophy."
"[17, 18]","[7, 22]","['66316', '51240', '66935', '31113', '31693']",31113,1. **Different floorplan:** E,"1. **Different floorplan:** E
2. **Why:** Floorplan E has a unique arrangement where the master room (#FFA500) is positioned in a way that it does not align with the typical central placement seen in the other floorplans. In contrast, the other floorplans have the master room centrally located, which is a common pattern in residential designs. Additionally, the layout of the common rooms and living areas in E differs significantly from the others, suggesting a different underlying pattern."
"[17, 21]","[7, 20]","['69704', '40487', '55305', '78147', '62549']",55305,1. **Different floorplan:** C,"1. **Different floorplan:** C
2. **Why:** Floorplan C has a unique arrangement where the master room (#FFA500) is positioned in a way that it does not align with the typical central placement seen in the other floorplans. Additionally, the living room (#EEE8AA) and common room (#FFD700) are placed in a manner that differs from the symmetrical and consistent patterns observed in A, B, D, and E. The presence of a balcony (#6B8E23) at the top right corner also stands out as an unusual feature compared to the other floorplans."
"[17, 21]","[7, 20]","['9795', '40487', '69704', '78147', '54372']",54372,1. **Different floorplan:** E,"1. **Different floorplan:** E
2. **Why:** Floorplan E has a unique arrangement where the living room and dining area are directly adjacent without any intervening space, which is not observed in the other floorplans. In contrast, floorplans A, B, C, and D all have a common pattern where the living room and dining area are separated by a hallway or another room type, such as a kitchen or storage. This distinct layout makes floorplan E stand out from the others."
"[7, 1]","[17, 18]","['12376', '51240', '12421', '10825', '53652']",51240,1. **Different floorplan:** B,"1. **Different floorplan:** B
2. **Why:** Floorplan B has an additional hallway extending from the main entrance that splits into two paths, leading to different areas. This unique feature distinguishes it from the other floorplans, which do not have this extra hallway branching off from the main entrance."
"[17, 18]","[7, 20]","['6955', '66935', '21543', '66316', '2425']",2425,1. **Different floorplan:** E,"1. **Different floorplan:** E
2. **Why:** Floorplan E has a unique arrangement where the master room (#FFA500) is positioned in a way that it does not align with the typical central placement seen in the other floorplans. In contrast, the other floorplans have the master room centrally located, which is a common pattern in residential designs. Additionally, the overall layout of E appears more compact and less symmetrical compared to the others, suggesting a different underlying pattern."
"[7, 1]","[17, 21]","['12421', '3536', '16951', '69704', '8109']",69704,1. **Different floorplan:** D,"1. **Different floorplan:** D
2. **Why:** Floorplan D has a unique arrangement where the master room (#FFA500) is positioned in a way that it does not align with the typical central placement seen in the other floorplans. In contrast, the other floorplans have the master room centrally located, which suggests a more symmetrical and standard layout. Additionally, the positioning of the common room (#FFD700) and the living room (#EEE8AA) in relation to the entrance and the rest of the rooms also differs from the others, indicating a distinct pattern."
"[7, 1]","[17, 18]","['21543', '16951', '12421', '3536', '53652']",21543,1. **Different floorplan:** D,"1. **Different floorplan:** D
2. **Why:** Floorplan D has a distinct layout compared to the others. It features a single large rectangular section with a smaller section attached to one side, which is not present in the other floorplans. The other floorplans have more complex arrangements with multiple connected sections, making them more uniform in their overall design."
"[17, 18]","[7, 22]","['66935', '51240', '23132', '21543', '66316']",23132,1. **Different floorplan:** E,"1. **Different floorplan:** E
2. **Why:** Floorplan E has a unique arrangement where the master room (#FFA500) is positioned in a way that it does not align with the typical central placement seen in the other floorplans. In contrast, the other floorplans have the master room centrally located, which suggests a more symmetrical and standard layout. Floorplan E's master room is placed towards one side, making it stand out from the others."
"[17, 18]","[7, 22]","['40679', '21408', '31693', '66935', '6955']",40679,1. **Different floorplan:** E,"1. **Different floorplan:** E
2. **Why:** Floorplan E has a unique arrangement where the master room (#FFA500) is positioned in a way that it does not align with the typical central placement seen in the other floorplans. In contrast, the other floorplans have the master room centrally located, which is a common pattern in apartment designs. Additionally, the layout of the common rooms and living areas in E differs significantly from the others, making it stand out as having a different underlying pattern."
"[7, 22]","[17, 21]","['23132', '9795', '40679', '31113', '79411']",9795,1. **Different floorplan:** B,"1. **Different floorplan:** B
2. **Why:** Floorplan B has a unique arrangement where the master room (#FFA500) is positioned directly adjacent to the main entrance, which is not the case in the other floorplans. In contrast, the other floorplans have the master room further away from the entrance, typically in a more central location. This distinctive placement makes floorplan B stand out with a different underlying pattern compared to the others."
"[7, 1]","[17, 21]","['10825', '62454', '17550', '8109', '12376']",62454,1. **Different floorplan:** B,"1. **Different floorplan:** B
2. **Why:** Floorplan B has a unique arrangement where the master room (#FFA500) is positioned in the center, surrounded by a common room (#FFD700), a living room (#EEE8AA), and a balcony (#6B8E23). This central placement of the master room is distinct from the other floorplans, which typically have the master room either at one end or centrally located but not surrounded by other rooms in this specific manner."
"[17, 18]","[7, 3]","['51240', '66316', '6955', '46660', '64781']",64781,1. **Different floorplan:** E,"1. **Different floorplan:** E
2. **Why:** Floorplan E has a unique arrangement where the master room (#FFA500) is positioned in a way that it does not align with the typical central placement seen in the other floorplans. In contrast, the other floorplans have the master room centrally located, which is a common pattern in residential designs. Additionally, the overall layout of E appears more compact and less symmetrical compared to the others, suggesting a different underlying pattern."
"[17, 18]","[7, 1]","['6955', '46660', '66935', '10825', '70105']",10825,1. **Different floorplan:** D,"1. **Different floorplan:** D
2. **Why:** Floorplan D has a unique configuration where the master room (#FFA500) is positioned in a way that it does not align with the typical layout seen in the other four floorplans. In contrast, the other four floorplans have the master room consistently placed in a similar position relative to the common room (#FFD700), living room (#EEE8AA), balcony (#6B8E23), and bathroom (#ADD8E6). The positioning of the master room in floorplan D disrupts this uniformity, making it stand out as having a different underlying pattern."
"[7, 22]","[17, 18]","['23132', '31113', '66935', '40679', '79411']",66935,1. **Different floorplan:** C,"1. **Different floorplan:** C
2. **Why:** Floorplan C has a unique arrangement where the master room (#FFA500) is positioned in a way that it does not align with the typical central placement seen in the other floorplans. In contrast, the other floorplans have the master room centrally located, which suggests a more symmetrical and standard layout. Additionally, the positioning of the common room (#FFD700) and the living room (#EEE8AA) in relation to the entrance and the rest of the rooms also differs from the others, indicating a distinct pattern."
"[7, 1]","[17, 21]","['3536', '53652', '16951', '62549', '17550']",62549,1. **Different floorplan:** D,"1. **Different floorplan:** D
2. **Why:** Floorplan D has a unique arrangement where the master room (#FFA500) is positioned in a way that it does not align with the common room (#FFD700) and the living room (#EEE8AA) in the same horizontal line as seen in the other floorplans. Additionally, the kitchen (#F08080) and dining (#DA70D6) areas are placed differently compared to the rest, which suggests a distinct underlying pattern."
"[17, 21]","[7, 3]","['62454', '78147', '69704', '9795', '52457']",52457,1. **Different floorplan:** E,"1. **Different floorplan:** E
2. **Why:** Floorplan E has a unique arrangement where the master room (#FFA500) is positioned in the top right corner, which is not seen in the other floorplans. All other floorplans have the master room in the bottom left corner, making E distinct from the others."
"[7, 1]","[17, 5]","['17550', '10825', '8109', '12376', '72055']",72055,1. **Different floorplan:** E,"1. **Different floorplan:** E
2. **Why:** Floorplan E has a unique arrangement where the master room (#FFA500) is positioned in a way that it does not align with the typical central placement seen in the other floorplans. Additionally, the dining area (#DA70D6) is placed unusually close to the entrance, which deviates from the standard layout observed in A, B, C, and D. The other floorplans maintain a more consistent pattern with the master room centrally located and the dining area further away from the entrance."
"[7, 1]","[17, 21]","['12376', '62454', '17550', '16951', '10825']",62454,1. **Different floorplan:** B,"1. **Different floorplan:** B
2. **Why:** Floorplan B has a unique arrangement where the master room (#FFA500) is positioned in the center, surrounded by a common room (#FFD700), a living room (#EEE8AA), and a balcony (#6B8E23). This central placement of the master room is distinct from the other floorplans, which typically place the master room either at one end or in a corner. Additionally, the layout of the remaining rooms around the master room in B is not mirrored or repeated in the same way as the other floorplans, making it stand out as having a different underlying pattern."
"[7, 1]","[17, 5]","['53652', '12376', '12421', '3536', '72055']",72055,1. **Different floorplan:** E,"1. **Different floorplan:** E
2. **Why:** Floorplan E has a unique arrangement where the master room (#FFA500) is positioned in a way that it does not align with the typical central placement seen in the other floorplans. Additionally, the dining area (#DA70D6) is unusually placed towards the back, which deviates from the more linear and symmetrical layouts of the other floorplans."
"[7, 1]","[17, 5]","['50221', '8109', '3536', '53652', '17550']",50221,1. **Different floorplan:** C,"1. **Different floorplan:** C
2. **Why:** Floorplan C has a unique arrangement where the master room (#FFA500) is positioned at the top right corner, which is not seen in the other floorplans. All other floorplans have the master room either in the bottom left or middle-left position. Additionally, the layout of the common rooms and living rooms in floorplan C differs significantly from the others, making it stand out as having a different underlying pattern."
"[7, 1]","[17, 5]","['3536', '12376', '72055', '53652', '8109']",72055,1. **Different floorplan:** C,"1. **Different floorplan:** C
2. **Why:** Floorplan C has a unique arrangement of rooms compared to the others. In particular, it features a central hallway with a staircase leading up to an upper level, which is not present in the other floorplans. The other floorplans have more symmetrical layouts with no visible staircases or upper levels."
"[17, 18]","[7, 1]","['21408', '12421', '21543', '31693', '46660']",12421,1. **Different floorplan:** D,"1. **Different floorplan:** D
2. **Why:** Floorplan D has a distinct arrangement of rooms compared to the others. In particular, the kitchen in D is located at the far right side, whereas in the other floorplans, the kitchen is either centrally located or towards the left side. Additionally, the living room in D is larger and more centrally positioned, which differs from the more compact and varied layouts in the other floorplans."
"[17, 18]","[7, 20]","['46660', '31693', '66935', '6955', '55305']",55305,1. **Different floorplan:** E,"1. **Different floorplan:** E
2. **Why:** Floorplan E has a unique arrangement where the common room and the master room are directly adjacent without any intervening space, which is not observed in the other floorplans. In contrast, the other floorplans have a more typical layout with additional spaces between the common room and the master room."
"[7, 1]","[17, 21]","['8109', '17550', '3536', '69704', '12376']",69704,1. **Different floorplan:** C,"1. **Different floorplan:** C
2. **Why:** Floorplan C has a unique arrangement where the master room (#FFA500) is positioned at the top right corner, which is not seen in the other floorplans. All other floorplans have the master room either in the bottom left or middle-left position. Additionally, the layout of the common rooms and living rooms in floorplan C differs significantly from the others, making it stand out as having a different underlying pattern."
"[17, 18]","[7, 20]","['70105', '46660', '51240', '54372', '21543']",54372,1. **Different floorplan:** B,"1. **Different floorplan:** B
2. **Why:** Floorplan B has a unique arrangement where the master room (#FFA500) is positioned in a way that it does not align with the typical central placement seen in the other floorplans. In contrast, the other floorplans have the master room centrally located, which suggests a more symmetrical and standard layout. Additionally, the positioning of the common room (#FFD700) and the living room (#EEE8AA) in relation to the entrance and the rest of the floorplan differs from the others, indicating a distinct pattern."
"[17, 21]","[7, 20]","['69704', '62549', '9795', '78147', '2425']",2425,1. **Different floorplan:** E,"1. **Different floorplan:** E
2. **Why:** Floorplan E has a unique arrangement where the living room and dining area are placed in a way that they do not align with the typical layout seen in the other four floorplans. In contrast, the other four floorplans have a more consistent pattern where the living room and dining area are adjacent and follow a similar spatial configuration. Floorplan E introduces an additional element (the small pink room) that disrupts this pattern, making it distinct from the others."
"[7, 1]","[17, 18]","['66316', '17550', '12421', '16951', '8109']",66316,1. **Different floorplan:** D,"1. **Different floorplan:** D
2. **Why:** Floorplan D has a unique arrangement where the master room (#FFA500) is positioned in a way that it does not align with the typical central placement seen in the other floorplans. In contrast, the other floorplans have the master room centrally located, which suggests a more symmetrical and standard layout. Additionally, the distribution of other rooms like the common room (#FFD700), living room (#EEE8AA), and balcony (#6B8E23) also differs from the others, indicating a distinct underlying pattern."
"[17, 5]","[7, 1]","['16951', '7913', '50221', '72055', '33045']",16951,1. **Different floorplan:** A,"1. **Different floorplan:** A
2. **Why:** Floorplan A has a unique arrangement where the master room (#FFA500) is positioned at the top left corner, which is not typical in the other floorplans. In contrast, the other floorplans have the master room (#FFA500) centrally located or towards the center-right, making it distinct from the others."
"[7, 1]","[17, 21]","['12421', '16951', '17550', '62454', '53652']",62454,1. **Different floorplan:** D,"1. **Different floorplan:** D
2. **Why:** Floorplan D has a unique arrangement where the living room and dining area are directly adjacent without any intervening space, unlike the other floorplans which typically have a corridor or another room between them. This direct adjacency is not seen in A, B, C, or E, making it stand out as having a different underlying pattern."
"[7, 3]","[17, 18]","['51240', '52457', '75828', '61767', '64781']",51240,1. **Different floorplan:** B,"1. **Different floorplan:** B
2. **Why:** Floorplan B has a unique arrangement where the master room (#FFA500) is positioned in a way that it does not align with the typical central placement seen in the other floorplans. In contrast, the other floorplans have the master room centrally located, which suggests a more symmetrical and standard layout. Additionally, the positioning of the common room (#FFD700) and the living room (#EEE8AA) in relation to the entrance and the rest of the rooms also differs from the others, indicating a distinct pattern."
"[17, 21]","[7, 20]","['62454', '69704', '2425', '78147', '40487']",2425,1. **Different floorplan:** C,"1. **Different floorplan:** C
2. **Why:** Floorplan C has a unique arrangement where the master room (#FFA500) is positioned in a way that it does not align with the typical central placement seen in the other floorplans. Additionally, the kitchen (#F08080) and dining area (#DA70D6) are placed in a manner that differs from the standard layout observed in A, B, D, and E, where these rooms are typically adjacent to the living room (#EEE8AA). The presence of a balcony (#6B8E23) in an unusual location also contributes to the distinctiveness of floorplan C."
"[17, 21]","[7, 1]","['62549', '78147', '9795', '62454', '8109']",8109,1. **Different floorplan:** E,"1. **Different floorplan:** E
2. **Why:** Floorplan E has a unique arrangement where the master room (#FFA500) is positioned in a way that it does not align with the typical placement of such rooms in the other floorplans. In contrast, the other floorplans have the master room either adjacent to or directly connected to the common room (#FFD700), which is a more standard configuration. Additionally, the layout of the living room (#EEE8AA) and the balcony (#6B8E23) in floorplan E also differ from the others, making it stand out as having a different underlying pattern."
"[7, 1]","[17, 5]","['53652', '7913', '12376', '8109', '12421']",7913,1. **Different floorplan:** B,"1. **Different floorplan:** B
2. **Why:** Floorplan B has a unique arrangement where the master room (#FFA500) is positioned in the center, surrounded by a common room (#FFD700), a living room (#EEE8AA), and a balcony (#6B8E23). This central placement of the master room is distinct from the other floorplans, which typically place the master room either at one end or in a corner. Additionally, the layout of the rooms around the master room in B is more symmetrical compared to the others, making it stand out as having a different underlying pattern."
"[17, 21]","[7, 1]","['8109', '69704', '9795', '62549', '62454']",8109,1. **Different floorplan:** A,"1. **Different floorplan:** A
2. **Why:** Floorplan A has a unique arrangement where the master room (#FFA500) is positioned in the lower left corner, which is not typical for the other floorplans. In contrast, the other floorplans have the master room in the upper right corner, maintaining a consistent pattern across B, C, D, and E. This distinct placement makes A stand out as having a different underlying pattern."
"[7, 1]","[17, 18]","['10825', '12421', '12376', '51240', '8109']",51240,1. **Different floorplan:** D,"1. **Different floorplan:** D
2. **Why:** Floorplan D has an additional section extending from the main body of the apartment, which is not present in the other floorplans. This extra section disrupts the uniformity of the spatial layout compared to A, B, C, and E, where all sections appear to be part of a continuous and symmetrical design."
"[17, 18]","[7, 20]","['70105', '21543', '66316', '2277', '66935']",2277,1. **Different floorplan:** C,"1. **Different floorplan:** C
2. **Why:** Floorplan C has a distinct arrangement of rooms compared to the others. It features a central rectangular area with two smaller rectangular sections extending from it, which is not present in the other floorplans. The other floorplans have more symmetrical and interconnected layouts, with rooms arranged around a central core or along a linear path. Floorplan C's layout is more fragmented and less cohesive in terms of room distribution and connectivity."
"[17, 18]","[7, 1]","['51240', '31693', '21543', '53652', '46660']",53652,1. **Different floorplan:** D,"1. **Different floorplan:** D
2. **Why:** Floorplan D has a unique arrangement where the master room (#FFA500) is positioned in a way that it does not align with the typical central placement seen in the other floorplans. In contrast, the other floorplans have the master room centrally located, which is a common pattern in residential designs. Additionally, the layout of the common rooms and living areas in D differs significantly from the others, making it stand out as having a different underlying pattern."
"[7, 1]","[17, 18]","['3536', '10825', '16951', '66316', '12421']",66316,1. **Different floorplan:** D,"1. **Different floorplan:** D
2. **Why:** Floorplan D has a unique arrangement where the kitchen is positioned in the center, surrounded by other rooms, unlike the other floorplans which have the kitchen either at one end or in a corner. This central placement of the kitchen sets it apart from the others."
"[17, 21]","[7, 3]","['69704', '61767', '9795', '40487', '62549']",61767,1. **Different floorplan:** B,"1. **Different floorplan:** B
2. **Why:** Floorplan B has a unique arrangement where the master room (#FFA500) is positioned in a way that it does not align with the typical central placement seen in the other floorplans. Additionally, the kitchen (#F08080) and dining area (#DA70D6) are placed in a manner that differs from the standard layout observed in A, C, D, and E. The presence of a large balcony (#6B8E23) at the front and the positioning of the common room (#FFD700) and living room (#EEE8AA) also contribute to the distinctiveness of floorplan B."
"[7, 1]","[17, 21]","['10825', '17550', '12421', '78147', '3536']",78147,1. **Different floorplan:** E,"1. **Different floorplan:** E
2. **Why:** Floorplan E has a unique arrangement where the master room (#FFA500) is positioned in a way that it does not align with the typical central placement seen in the other floorplans. In contrast, the other floorplans have the master room centrally located, which is a common pattern in residential designs. Additionally, the layout of the common rooms and living areas in E differs significantly from the others, suggesting a different underlying pattern."
"[7, 1]","[17, 18]","['16951', '17550', '12421', '66316', '3536']",66316,1. **Different floorplan:** D,"1. **Different floorplan:** D
2. **Why:** Floorplan D has a unique arrangement where the master room (#FFA500) is positioned in the center, surrounded by a common room (#FFD700), a living room (#EEE8AA), and a balcony (#6B8E23). This central placement of the master room is distinct from the other floorplans, which typically have the master room either at one end or centrally located but not surrounded by other rooms in this specific manner. Additionally, the layout of the remaining rooms around the master room in D is more compact compared to the other floorplans, suggesting a different underlying pattern."
"[17, 18]","[7, 20]","['66316', '54372', '21408', '51240', '46660']",54372,1. **Different floorplan:** C,"1. **Different floorplan:** C
2. **Why:** Floorplan C has a unique arrangement where the master room (#FFA500) is positioned in a way that it does not align with the typical central placement seen in the other floorplans. Additionally, the living room (#EEE8AA) and common room (#FFD700) are placed in a manner that differs from the symmetrical and consistent patterns observed in A, B, D, and E. The presence of the balcony (#6B8E23) and the positioning of the dining area (#DA70D6) also contribute to the distinctiveness of floorplan C."
"[17, 18]","[7, 3]","['61767', '51240', '66935', '31693', '66316']",61767,1. **Different floorplan:** D,"1. **Different floorplan:** D
2. **Why:** Floorplan D has a unique arrangement where the master room (#FFA500) is positioned in the center, surrounded by a living room (#EEE8AA), a balcony (#6B8E23), and a kitchen (#F08080). This central placement of the master room with surrounding rooms is distinct from the other floorplans, which typically have the master room either at one end or centrally but not surrounded by these specific room types in this manner."
"[17, 18]","[7, 1]","['10825', '31693', '70105', '21543', '21408']",10825,1. **Different floorplan:** E,"1. **Different floorplan:** E
2. **Why:** Floorplan E has a unique arrangement where the master room (#FFA500) is positioned in a way that it does not align with the typical central placement seen in the other floorplans. Additionally, the layout of the common rooms and living areas around the master room differs significantly from the others, suggesting a different underlying pattern."
"[17, 18]","[7, 3]","['21408', '66935', '52457', '6955', '51240']",52457,1. **Different floorplan:** C,"1. **Different floorplan:** C
2. **Why:** Floorplan C has a distinct layout compared to the others. It features a single large rectangular section with a vertical division in the middle, which is not present in the other floorplans. The other floorplans have more complex arrangements with multiple smaller sections and varying room types, making them more uniform in their overall design. Floorplan C's simplicity and central division set it apart from the rest."
"[7, 1]","[17, 18]","['53652', '16951', '31693', '12421', '3536']",31693,1. **Different floorplan:** C,"1. **Different floorplan:** C
2. **Why:** Floorplan C has a unique arrangement of rooms compared to the others. It features a central hallway with a staircase leading up, which is not present in the other floorplans. Additionally, the distribution of room types and their relative sizes differs significantly from the others, making it stand out as having a different underlying pattern."
"[17, 18]","[7, 3]","['51240', '66316', '6955', '52457', '66935']",52457,1. **Different floorplan:** D,"1. **Different floorplan:** D
2. **Why:** Floorplan D has a unique arrangement where the kitchen is positioned at the top right corner, which is not seen in the other floorplans. All other floorplans have the kitchen either in the bottom left or middle-left area, with the rest of the rooms distributed around it in a more symmetrical manner. This distinct placement makes D stand out from the others."
"[17, 21]","[7, 1]","['62549', '12421', '69704', '78147', '62454']",12421,1. **Different floorplan:** B,"1. **Different floorplan:** B
2. **Why:** Floorplan B has a unique arrangement where the master room (#FFA500) is positioned in a way that it does not align with the typical central placement seen in the other floorplans. In contrast, the other floorplans (A, C, D, and E) have the master room centrally located, which suggests a more symmetrical and standard layout. Floorplan B's deviation from this central positioning makes it stand out as having a different underlying pattern."
"[7, 1]","[17, 18]","['16951', '53652', '8109', '6955', '12376']",6955,1. **Different floorplan:** D,"1. **Different floorplan:** D
2. **Why:** Floorplan D has a unique arrangement where the master room (#FFA500) is positioned in the center, surrounded by a common room (#FFD700), a living room (#EEE8AA), and a balcony (#6B8E23). This central placement of the master room is distinct from the other floorplans, which typically place the master room either at one end or in a corner. Additionally, the layout of the remaining rooms around the master room in D is more compact compared to the other floorplans, suggesting a different underlying pattern."
"[7, 1]","[17, 18]","['53652', '3536', '17550', '66316', '12376']",66316,1. **Different floorplan:** D,"1. **Different floorplan:** D
2. **Why:** Floorplan D has a unique arrangement where the living room and dining area are directly adjacent without any intervening space, unlike the other floorplans which typically have a corridor or another room separating them. This direct adjacency is not seen in A, B, C, or E, making it distinct from the others."
"[17, 18]","[7, 20]","['21408', '31693', '2425', '6955', '46660']",2425,1. **Different floorplan:** C,"1. **Different floorplan:** C
2. **Why:** Floorplan C has a unique arrangement where the master room (#FFA500) is positioned in a way that it does not align with the typical central placement seen in the other floorplans. In contrast, the other floorplans have the master room centrally located, which suggests a more symmetrical and standard layout. Additionally, the positioning of the common room (#FFD700) and the living room (#EEE8AA) in relation to the entrance and the rest of the rooms also differs from the others, indicating a distinct pattern."
"[17, 18]","[7, 20]","['51240', '66935', '31693', '21543', '2425']",2425,1. **Different floorplan:** C,"1. **Different floorplan:** C
2. **Why:** Floorplan C has a distinct layout compared to the others. It lacks the symmetrical arrangement of rooms around a central axis seen in A, B, D, and E. Instead, it features a more linear progression from the entrance towards the back of the apartment, with the rooms arranged in a single line rather than a grid-like pattern. This unique layout sets it apart from the other floorplans."
"[7, 1]","[17, 21]","['12421', '8109', '3536', '9795', '16951']",9795,1. **Different floorplan:** C,"1. **Different floorplan:** C
2. **Why:** Floorplan C has a unique arrangement where the master room (#FFA500) is positioned at the top right corner, which is not seen in the other floorplans. All other floorplans have the master room either in the bottom left or middle-left position. Additionally, the layout of the common rooms and living rooms in floorplan C differs significantly from the others, making it stand out as having a different underlying pattern."
"[17, 21]","[7, 22]","['78147', '40679', '69704', '62454', '40487']",40679,1. **Different floorplan:** B,"1. **Different floorplan:** B
2. **Why:** Floorplan B has an additional hallway branching off from the main entrance, which is not present in the other floorplans. This extra hallway creates a unique pattern compared to A, C, D, and E, where the main entrance leads directly into the living room without any additional hallways."
"[7, 1]","[17, 5]","['53652', '10825', '33045', '16951', '3536']",33045,1. **Different floorplan:** C,"1. **Different floorplan:** C
2. **Why:** Floorplan C has a distinct arrangement of rooms compared to the others. It features a central rectangular area with two smaller rectangular sections extending from it, which is not present in the other floorplans. The other floorplans have more symmetrical and interconnected layouts, with rooms arranged around a central core or along a linear path. Floorplan C's layout is more fragmented and less cohesive in terms of room adjacency and flow, making it stand out as having a different underlying pattern."
"[7, 22]","[17, 5]","['23132', '40679', '79411', '31113', '50221']",50221,1. **Different floorplan:** E,"1. **Different floorplan:** E
2. **Why:** Floorplan E has a unique arrangement where the master room (#FFA500) is positioned in a way that it does not align with the typical central placement seen in the other floorplans. In contrast, the other floorplans have the master room centrally located, which is a common pattern in residential designs. Additionally, the distribution of other rooms and their relative sizes also differ from the others, making E stand out as having a different underlying pattern."
"[7, 1]","[17, 18]","['17550', '31693', '3536', '12421', '16951']",31693,1. **Different floorplan:** B,"1. **Different floorplan:** B
2. **Why:** Floorplan B has a unique configuration where the master room (#FFA500) is positioned in a way that it does not align with the typical placement of such rooms in the other floorplans. In contrast, the other floorplans (A, C, D, and E) have the master room located in a standard position adjacent to the living room (#EEE8AA), which is consistent across all of them. Floorplan B deviates from this pattern by placing the master room further away from the living room, making it stand out as having a different underlying floorplan pattern."
"[17, 21]","[7, 1]","['62454', '53652', '40487', '78147', '69704']",53652,1. **Different floorplan:** B,"1. **Different floorplan:** B
2. **Why:** Floorplan B has a unique arrangement where the master room (#FFA500) is positioned in a way that it does not align with the typical central placement seen in the other floorplans. Additionally, the kitchen (#F08080) and dining area (#DA70D6) are placed in a manner that differs from the standard layout observed in A, C, D, and E, where these rooms are more consistently positioned towards the center or one side of the floorplan."
"[17, 18]","[7, 22]","['40679', '46660', '21408', '70105', '66935']",40679,1. **Different floorplan:** C,"1. **Different floorplan:** C
2. **Why:** Floorplan C has a unique arrangement where the master room (#FFA500) is positioned in a way that it does not align with the typical central placement seen in the other floorplans. Additionally, the living room (#EEE8AA) and common room (#FFD700) are placed in a manner that differs from the symmetrical and consistent patterns observed in A, B, D, and E. The presence of the balcony (#6B8E23) and the positioning of the dining area (#DA70D6) also contribute to the distinctiveness of floorplan C."
"[17, 18]","[7, 20]","['6955', '66316', '2425', '21408', '21543']",2425,1. **Different floorplan:** C,"1. **Different floorplan:** C
2. **Why:** Floorplan C has a unique arrangement where the master room (#FFA500) is positioned in a way that it does not align with the typical central placement seen in the other floorplans. Additionally, the living room (#EEE8AA) and common room (#FFD700) are placed in a manner that differs from the symmetrical and consistent patterns observed in A, B, D, and E. The presence of the balcony (#6B8E23) and the positioning of the dining area (#DA70D6) also contribute to the distinctiveness of floorplan C."
"[17, 21]","[7, 1]","['10825', '62549', '62454', '78147', '9795']",10825,1. **Different floorplan:** B,"1. **Different floorplan:** B
2. **Why:** Floorplan B has a unique arrangement where the master room (#FFA500) is positioned in the top left corner, which is not typical for the other floorplans. In contrast, the other floorplans have the master room (#FFA500) either centrally located or in a more standard position towards the center or bottom right. This distinct placement makes floorplan B stand out from the others."
"[17, 5]","[7, 22]","['33045', '50221', '40679', '72055', '7913']",40679,1. **Different floorplan:** C,"1. **Different floorplan:** C
2. **Why:** Floorplan C has an irregular shape with a unique arrangement of rooms compared to the others. The other floorplans (A, B, D, and E) have more symmetrical and consistent layouts in terms of room placement and size, whereas C has a distinctively different configuration that deviates from the typical patterns observed in the other floorplans."
"[17, 21]","[7, 20]","['55305', '78147', '9795', '62454', '40487']",55305,1. **Different floorplan:** A,"1. **Different floorplan:** A
2. **Why:** Floorplan A has a unique arrangement where the common room (yellow) is directly adjacent to the master room (orange) without any intervening space, which is not observed in the other floorplans. In contrast, all other floorplans have a clear separation between the common room and the master room by at least one other room type, such as a living room or a balcony. This distinct adjacency in A suggests a different underlying pattern compared to the others."
"[17, 18]","[7, 22]","['21543', '31693', '46660', '79411', '21408']",79411,1. **Different floorplan:** E,"1. **Different floorplan:** E
2. **Why:** Floorplan E has a unique arrangement where the living room and dining area are directly adjacent without any intervening space, which is not present in the other floorplans. In contrast, floorplans A, B, C, and D all have a more traditional layout with a corridor separating the living room from the dining area."
"[7, 1]","[17, 18]","['53652', '17550', '3536', '21408', '10825']",21408,1. **Different floorplan:** D,"1. **Different floorplan:** D
2. **Why:** Floorplan D has a unique arrangement where the living room and dining area are separated by a large open space, unlike the other floorplans which have these areas adjacent to each other. Additionally, the kitchen in D is positioned differently compared to the others, which typically cluster around the central part of the floorplan. This distinct layout makes D stand out from the rest."
"[17, 18]","[7, 1]","['31693', '21543', '46660', '3536', '66935']",3536,1. **Different floorplan:** D,"1. **Different floorplan:** D
2. **Why:** Floorplan D has a unique configuration where the master room (#FFA500) is positioned in a way that it does not align with the typical layout seen in the other floorplans. In contrast, the other floorplans have the master room consistently placed in a similar position relative to the common room (#FFD700), living room (#EEE8AA), and other rooms. Floorplan D's master room is isolated and does not follow this pattern, making it stand out as having a different underlying floorplan pattern."
"[7, 3]","[17, 18]","['75828', '61767', '46660', '52457', '64781']",46660,1. **Different floorplan:** C,"1. **Different floorplan:** C
2. **Why:** Floorplan C has a unique arrangement where the master room (#FFA500) is positioned in the center, surrounded by a common room (#FFD700), a living room (#EEE8AA), and a balcony (#6B8E23). This central placement of the master room is distinct from the other floorplans, which typically have the master room either at one end or centrally located but not surrounded by other rooms in this specific manner."
"[17, 18]","[7, 3]","['21408', '52457', '66935', '66316', '70105']",52457,1. **Different floorplan:** B,"1. **Different floorplan:** B
2. **Why:** Floorplan B has a distinct arrangement of rooms compared to the others. It features a central hallway with a master room directly adjacent to it, which is not present in the other floorplans. The other floorplans have more symmetrical layouts with common rooms and living areas distributed around a central core, whereas B has a unique configuration that sets it apart from the rest."
"[17, 18]","[7, 20]","['21408', '55305', '51240', '31693', '6955']",55305,1. **Different floorplan:** C,"1. **Different floorplan:** C
2. **Why:** Floorplan C has a unique arrangement where the master room (#FFA500) is positioned in a way that it does not align with the typical central placement seen in the other floorplans. Additionally, the living room (#EEE8AA) and common room (#FFD700) are placed in a manner that differs from the symmetrical and consistent patterns observed in A, B, D, and E. The presence of a balcony (#6B8E23) at the far end also contributes to this distinctiveness."
"[7, 1]","[17, 18]","['53652', '3536', '66316', '12421', '12376']",66316,1. **Different floorplan:** C,"1. **Different floorplan:** C
2. **Why:** Floorplan C has a distinct arrangement of rooms compared to the others. It features a central hallway with a master room on one side and a common room on the opposite side, which is not present in the other floorplans. The other floorplans have more symmetrical layouts with multiple rooms branching off from a central area, making them more uniform in their design."
"[17, 18]","[7, 1]","['70105', '21408', '8109', '66935', '6955']",8109,1. **Different floorplan:** C,"1. **Different floorplan:** C
2. **Why:** Floorplan C has a unique arrangement where the master room (#FFA500) is positioned in a way that it does not align with the typical central placement seen in the other floorplans. In contrast, the other floorplans have the master room centrally located, which suggests a more symmetrical and standard layout. Additionally, the positioning of the common room (#FFD700) and the living room (#EEE8AA) in relation to the entrance and the rest of the rooms also differs from the others, indicating a distinct pattern."
"[7, 1]","[17, 18]","['6955', '53652', '3536', '10825', '16951']",6955,1. **Different floorplan:** A,"1. **Different floorplan:** A
2. **Why:** Floorplan A has a unique layout compared to the others. It features a central hallway with multiple rooms branching off in a more complex manner than the other plans. The presence of a large common room at the center and the way the rooms are arranged around it sets it apart from the simpler, more linear layouts of B, C, D, and E."
"[7, 1]","[17, 21]","['12376', '78147', '3536', '12421', '17550']",78147,1. **Different floorplan:** C,"1. **Different floorplan:** C
2. **Why:** Floorplan C has a unique arrangement where the master room (#FFA500) is positioned in the center, surrounded by a common room (#FFD700), a living room (#EEE8AA), and a balcony (#6B8E23). This central placement of the master room is distinct from the other floorplans, which typically place the master room either at one end or in a corner. Additionally, the kitchen (#F08080) and dining (#DA70D6) areas are located in different positions compared to the other floorplans, further indicating a different underlying pattern."
"[17, 21]","[7, 22]","['23132', '78147', '69704', '9795', '62454']",23132,1. **Different floorplan:** A,"1. **Different floorplan:** A
2. **Why:** Floorplan A has a unique arrangement where the common room (yellow) is directly adjacent to the master room (orange) without any intervening space, which is not observed in the other floorplans. In contrast, floorplans B, C, D, and E all have the common room separated from the master room by at least one other room type, such as a living room or a balcony. This distinct pattern makes floorplan A stand out."
"[17, 18]","[7, 20]","['31693', '66316', '70105', '2425', '51240']",2425,1. **Different floorplan:** E,"1. **Different floorplan:** E
2. **Why:** Floorplan E has an additional section extending from the main entrance that is not present in the other floorplans. This extra section disrupts the uniformity of the spatial layout compared to A, B, C, and D, which all have a more consistent and compact arrangement of rooms."
"[7, 1]","[17, 18]","['21543', '12421', '10825', '53652', '12376']",21543,1. **Different floorplan:** A,"1. **Different floorplan:** A
2. **Why:** Floorplan A has a unique arrangement of rooms compared to the others. It features a central common room with multiple smaller rooms branching off from it, which is not present in the other floorplans. The other floorplans have more uniform layouts with fewer variations in room types and sizes."
"[7, 1]","[17, 5]","['12421', '17550', '16951', '72055', '12376']",72055,1. **Different floorplan:** D,"1. **Different floorplan:** D
2. **Why:** Floorplan D has a unique arrangement where the living room and dining area are directly adjacent without any intervening space, unlike the other floorplans which typically have a corridor or another room separating them. This direct adjacency is not seen in A, B, C, or E, making it distinct from the others."
"[17, 18]","[7, 1]","['31693', '6955', '46660', '66316', '8109']",8109,1. **Different floorplan:** E,"1. **Different floorplan:** E
2. **Why:** Floorplan E has a unique arrangement where the master room (#FFA500) is positioned in a way that it does not align with the typical central placement seen in the other floorplans. In contrast, the other floorplans have the master room centrally located, which suggests a more symmetrical and standard layout. Additionally, the positioning of the common room (#FFD700) and the living room (#EEE8AA) in relation to the entrance and the rest of the rooms also differs from the others, indicating a distinct pattern."
"[17, 18]","[7, 22]","['6955', '46660', '70105', '40679', '21408']",40679,1. **Different floorplan:** D,"1. **Different floorplan:** D
2. **Why:** Floorplan D has a unique arrangement where the master room (#FFA500) is positioned in a way that it does not align with the common room (#FFD700) in the same manner as the other floorplans. In contrast, the other floorplans (A, B, C, and E) have the master room adjacent to the common room in a consistent pattern, which is disrupted in floorplan D. Additionally, the positioning of the dining room (#DA70D6) and the kitchen (#F08080) also differs significantly from the others, making D stand out as having a different underlying pattern."
"[7, 1]","[17, 18]","['53652', '66316', '8109', '12376', '10825']",66316,1. **Different floorplan:** B,"1. **Different floorplan:** B
2. **Why:** Floorplan B has a unique arrangement where the master room (#FFA500) is positioned in a way that it does not align with the typical central placement seen in the other floorplans. Additionally, the living room (#EEE8AA) and common room (#FFD700) are placed in a manner that differs from the symmetrical and consistent patterns observed in A, C, D, and E. The presence of a balcony (#6B8E23) at the far end also contributes to the distinctiveness of this floorplan."
"[7, 1]","[17, 18]","['12421', '8109', '12376', '10825', '66316']",66316,1. **Different floorplan:** E,"1. **Different floorplan:** E
2. **Why:** Floorplan E has an additional section that extends beyond the main entrance area, which is not present in the other floorplans. This extra section appears to be a separate unit or wing, making it distinct from the others. The other floorplans maintain a consistent layout with no such extension."
"[7, 1]","[17, 18]","['17550', '70105', '8109', '3536', '12421']",70105,1. **Different floorplan:** D,"1. **Different floorplan:** D
2. **Why:** Floorplan D has a unique arrangement where the master room (#FFA500) is positioned in a way that it does not align with the typical central placement seen in the other floorplans. In contrast, the other floorplans have the master room centrally located, which suggests a more symmetrical and standard layout. Additionally, the distribution of other rooms like the common room (#FFD700), living room (#EEE8AA), and balcony (#6B8E23) also differs from the others, indicating a distinct pattern."
"[17, 18]","[7, 22]","['66316', '21543', '70105', '31113', '21408']",31113,1. **Different floorplan:** E,"1. **Different floorplan:** E
2. **Why:** Floorplan E has a unique arrangement where the living room and dining area are directly adjacent without any intervening space, which is not observed in the other floorplans. In contrast, floorplans A, B, C, and D all have a more traditional layout with a corridor separating the living room from the dining area. This distinct feature makes floorplan E stand out as having a different underlying pattern compared to the others."
"[17, 18]","[7, 20]","['6955', '54372', '31693', '66316', '21408']",54372,1. **Different floorplan:** E,"1. **Different floorplan:** E
2. **Why:** Floorplan E has a unique arrangement where the living room and dining area are directly connected without any intervening space, unlike the other floorplans which have a corridor or another room separating them. This direct connection in E makes it stand out from the others."
"[7, 1]","[17, 5]","['10825', '17550', '53652', '12421', '7913']",7913,1. **Different floorplan:** E,"1. **Different floorplan:** E
2. **Why:** Floorplan E has a unique arrangement where the master room (#FFA500) is positioned in a way that it does not align with the typical central placement seen in the other floorplans. Additionally, the dining area (#DA70D6) is placed unusually close to the entrance, which deviates from the more standard positioning observed in A, B, C, and D. The other floorplans maintain a consistent pattern of room types and their relative positions around the entrance."
"[17, 18]","[7, 1]","['21408', '16951', '51240', '70105', '21543']",16951,1. **Different floorplan:** B,"1. **Different floorplan:** B
2. **Why:** Floorplan B has a distinct pattern where the master room (#FFA500) is located in a separate section compared to the other floorplans. In contrast, the other floorplans (A, C, D, and E) have the master room integrated into the main living area, which is consistent with the other four floorplans. This separation makes B stand out as having a different underlying pattern."
"[7, 1]","[17, 21]","['3536', '62454', '16951', '8109', '12421']",62454,1. **Different floorplan:** D,"1. **Different floorplan:** D
2. **Why:** Floorplan D has a unique arrangement where the master room (#FFA500) is positioned in a way that it does not align with the common room (#FFD700) in the same vertical line as seen in the other floorplans. Additionally, the kitchen (#F08080) and dining (#DA70D6) areas are placed differently compared to the others, creating a distinct pattern."
"[17, 18]","[7, 20]","['54372', '21408', '6955', '21543', '70105']",54372,1. **Different floorplan:** B,"1. **Different floorplan:** B
2. **Why:** Floorplan B has a unique arrangement where the master room (#FFA500) is positioned in the center, surrounded by other rooms, which is not typical in the other floorplans. The other floorplans have the master room either in a corner or along one side, making B stand out with its central placement."
"[7, 1]","[17, 18]","['31693', '10825', '53652', '12376', '3536']",31693,1. **Different floorplan:** E,"1. **Different floorplan:** E
2. **Why:** Floorplan E has a unique arrangement where the master room (#FFA500) is positioned in a way that it does not align with the typical central placement seen in the other floorplans. In contrast, the other floorplans have the master room centrally located, which is a common pattern in residential designs. Additionally, the overall layout of E appears more elongated and less symmetrical compared to the others, suggesting a different underlying pattern."
"[17, 5]","[7, 20]","['33045', '72055', '55305', '7913', '50221']",55305,1. **Different floorplan:** E,"1. **Different floorplan:** E
2. **Why:** Floorplan E has a unique arrangement where the living room and common room are directly adjacent without any intervening space, which is not observed in the other floorplans. In contrast, floorplans A, B, C, and D all have a more traditional layout with a corridor separating the living room from the common room."
"[7, 1]","[17, 5]","['12376', '53652', '16951', '10825', '72055']",72055,1. **Different floorplan:** E,"1. **Different floorplan:** E
2. **Why:** Floorplan E has a unique arrangement where the master room (#FFA500) is positioned in the center, surrounded by a large common room (#FFD700) and a smaller balcony (#6B8E23). This central placement of the master room with surrounding spaces is distinct from the other floorplans, which typically have the master room either at one end or centrally but not surrounded by such a configuration. Additionally, the presence of a separate dining area (#DA70D6) and a kitchen (#F08080) in a more linear arrangement further distinguishes it from the others."
"[7, 22]","[17, 18]","['31113', '23132', '79411', '40679', '21408']",21408,1. **Different floorplan:** E,"1. **Different floorplan:** E
2. **Why:** Floorplan E has a unique arrangement of rooms compared to the others. It features a large central open space with multiple smaller rooms branching off, which is distinct from the more compact and symmetrical layouts of A, B, C, and D. The presence of a large central area in E suggests it might be designed for a different purpose or style than the other floorplans, making it the one with a different underlying pattern."
"[17, 18]","[7, 1]","['51240', '66935', '66316', '12376', '6955']",12376,1. **Different floorplan:** D,"1. **Different floorplan:** D
2. **Why:** Floorplan D has a unique arrangement where the master room (#FFA500) is positioned in a way that it does not align with the typical central placement seen in the other floorplans. In contrast, the other floorplans have the master room centrally located, which suggests a more symmetrical and standard layout. Additionally, the positioning of the common room (#FFD700) and the living room (#EEE8AA) in relation to the entrance and the rest of the rooms also differs from the others, indicating a distinct pattern."
"[7, 1]","[17, 21]","['10825', '40487', '17550', '12421', '12376']",40487,1. **Different floorplan:** B,"1. **Different floorplan:** B
2. **Why:** Floorplan B has a unique arrangement where the master room (#FFA500) is positioned in a way that it does not align with the typical central placement seen in the other floorplans. In contrast, the other floorplans have the master room centrally located, which suggests a more symmetrical and standard layout. Additionally, the positioning of the common room (#FFD700) and the living room (#EEE8AA) in relation to the entrance and the rest of the rooms also differs from the others, indicating a distinct pattern."
"[7, 1]","[17, 18]","['17550', '53652', '10825', '12421', '70105']",70105,1. **Different floorplan:** E,"1. **Different floorplan:** E
2. **Why:** Floorplan E has a unique arrangement where the master room (#FFA500) is located in the upper right corner, which is not typical in the other floorplans. In contrast, the other floorplans have the master room positioned more centrally or towards the lower part of the floorplan. Additionally, the layout of the common rooms and living areas in floorplan E appears more compact and less symmetrical compared to the others, suggesting a different underlying pattern."
"[17, 18]","[7, 20]","['31693', '21543', '55305', '66935', '70105']",55305,1. **Different floorplan:** C,"1. **Different floorplan:** C
2. **Why:** Floorplan C has a distinct arrangement of rooms compared to the others. It features a central hallway with a staircase leading up, which is not present in the other floorplans. Additionally, the distribution of room types and their sizes differs significantly from the uniformity seen in A, B, D, and E."
"[7, 1]","[17, 5]","['7913', '3536', '8109', '10825', '16951']",7913,1. **Different floorplan:** B,"1. **Different floorplan:** B
2. **Why:** Floorplan B has a unique arrangement where the master room (#FFA500) is positioned in a way that it does not align with the typical central placement seen in the other floorplans. Additionally, the kitchen (#F08080) is placed at an angle compared to the other floorplans, which suggests a different underlying pattern. The other floorplans maintain a more consistent layout with the master room centrally located and the kitchen aligned along the same axis."
"[7, 22]","[17, 18]","['31113', '40679', '23132', '79411', '51240']",51240,1. **Different floorplan:** E,"1. **Different floorplan:** E
2. **Why:** Floorplan E has a unique arrangement where the living room and dining area are directly adjacent without any intervening space, which is not observed in the other floorplans. In contrast, floorplans A, B, C, and D all have a common pattern where the living room and dining area are separated by a hallway or another room type. This distinct layout makes floorplan E stand out from the others."
"[17, 21]","[7, 1]","['62549', '40487', '78147', '9795', '12421']",12421,1. **Different floorplan:** E,"1. **Different floorplan:** E
2. **Why:** Floorplan E has a unique arrangement where the master room (#FFA500) is positioned in a way that it does not align with the typical central placement seen in the other floorplans. In contrast, the other floorplans have the master room centrally located, which is a common pattern in apartment designs. Additionally, the layout of the common rooms and living areas in floorplan E differs from the more uniform distribution in the other floorplans."
"[17, 18]","[7, 22]","['31113', '66316', '31693', '70105', '21408']",31113,1. **Different floorplan:** E,"1. **Different floorplan:** E
2. **Why:** Floorplan E has a unique configuration where the main entrance leads directly into a large open space that appears to be a combination of a living room and a dining area, which is not present in the other floorplans. The other floorplans have more distinct separations between rooms, with clear boundaries and specific room types like bathrooms and kitchens. Floorplan E's layout suggests a more open concept, possibly a loft or a combined living-dining area, which sets it apart from the others."
"[7, 3]","[17, 21]","['64781', '62454', '61767', '75828', '52457']",62454,1. **Different floorplan:** E,"1. **Different floorplan:** E
2. **Why:** Floorplan E has a unique arrangement where the master room (#FFA500) is positioned in the upper right corner, which is not typical in the other floorplans. In contrast, the other floorplans have the master room either centrally located or in a more standard position towards the center or left side. This distinct placement makes E stand out from the others."
"[17, 18]","[7, 1]","['51240', '6955', '46660', '8109', '70105']",8109,1. **Different floorplan:** D,"1. **Different floorplan:** D
2. **Why:** Floorplan D has a unique arrangement where the master room (#FFA500) is positioned in a way that it does not align with the typical central placement seen in the other floorplans. In contrast, the other floorplans have the master room centrally located, which suggests a more symmetrical and standard layout. Additionally, the positioning of the common room (#FFD700) and the living room (#EEE8AA) in relation to the entrance and the rest of the rooms also differs from the others, indicating a distinct pattern."
"[17, 21]","[7, 22]","['62549', '9795', '23132', '78147', '69704']",23132,1. **Different floorplan:** C,"1. **Different floorplan:** C
2. **Why:** Floorplan C has a unique arrangement where the master room (#FFA500) is positioned in a way that it does not align with the typical central placement seen in the other floorplans. Additionally, the living room (#EEE8AA) and common room (#FFD700) are placed in a manner that differs from the symmetrical and consistent patterns observed in A, B, D, and E. The presence of a balcony (#6B8E23) at the top right corner also stands out due to its isolated position compared to the other floorplans."
"[17, 5]","[7, 1]","['33045', '10825', '7913', '50221', '72055']",10825,1. **Different floorplan:** B,"1. **Different floorplan:** B
2. **Why:** Floorplan B has a unique arrangement where the master room (#FFA500) is positioned in a way that it does not align with the typical central placement seen in the other floorplans. Additionally, the balcony (#6B8E23) is placed unusually close to the entrance, which deviates from the standard layout observed in A, C, D, and E."
"[17, 18]","[7, 22]","['31693', '21543', '79411', '66935', '70105']",79411,1. **Different floorplan:** C,"1. **Different floorplan:** C
2. **Why:** Floorplan C has a distinct arrangement of rooms compared to the others. It features a central hallway with a single room branching off to the right, which is not present in the other floorplans. The other floorplans have more symmetrical layouts with multiple rooms branching off from a central area, making them more uniform in their design."
"[17, 18]","[7, 1]","['21408', '66316', '53652', '46660', '51240']",53652,1. **Different floorplan:** C,"1. **Different floorplan:** C
2. **Why:** Floorplan C has a unique arrangement where the master room (#FFA500) is positioned in a way that it does not align with the typical central placement seen in the other floorplans. In contrast, the other floorplans have the master room centrally located, which suggests a more symmetrical and standard layout. Additionally, the positioning of the common room (#FFD700) and the living room (#EEE8AA) in relation to the entrance and the rest of the rooms also differs from the others, indicating a distinct pattern."
"[7, 1]","[17, 21]","['16951', '8109', '3536', '62454', '12376']",62454,1. **Different floorplan:** C,"1. **Different floorplan:** C
2. **Why:** Floorplan C has a unique arrangement where the master room (#FFA500) is positioned in the center, surrounded by a common room (#FFD700), a living room (#EEE8AA), and a balcony (#6B8E23). This central placement of the master room is distinct from the other floorplans, which typically place the master room either at one end or in a corner. Additionally, the spatial distribution of the other rooms around the master room in C is more symmetrical compared to the other floorplans, which have more varied and less symmetrical arrangements."
"[7, 1]","[17, 18]","['12376', '51240', '3536', '16951', '12421']",51240,1. **Different floorplan:** B,"1. **Different floorplan:** B
2. **Why:** Floorplan B has an additional hallway extending from the main entrance that splits into two separate rooms, which is not present in the other floorplans. This unique feature distinguishes it from A, C, D, and E, where the main entrance directly leads to a single large room or a combination of rooms without an additional hallway branching off."
"[7, 1]","[17, 21]","['3536', '10825', '12421', '62549', '17550']",62549,1. **Different floorplan:** D,"1. **Different floorplan:** D
2. **Why:** Floorplan D has a unique arrangement where the master room (#FFA500) is located in the upper right corner, which is not typical for the other floorplans. In contrast, the other floorplans have the master room positioned more centrally or towards the lower part of the floorplan. Additionally, the layout of the common rooms and living areas in floorplan D appears more compact and less symmetrical compared to the others, suggesting a different underlying pattern."
"[7, 1]","[17, 18]","['3536', '10825', '8109', '31693', '16951']",31693,1. **Different floorplan:** D,"1. **Different floorplan:** D
2. **Why:** Floorplan D has a unique arrangement where the kitchen and dining areas are placed in a way that they do not align with the common room and living room, which are typically adjacent in the other floorplans. Additionally, the placement of the bathroom and storage areas in relation to the main entrance and the rest of the rooms differs significantly from the others, suggesting a different underlying pattern."
"[17, 18]","[7, 3]","['70105', '66935', '61767', '6955', '31693']",61767,1. **Different floorplan:** E,"1. **Different floorplan:** E
2. **Why:** Floorplan E has a unique arrangement where the living room and dining area are directly adjacent without any intervening space, which is not present in the other floorplans. In contrast, the other floorplans have a more traditional layout with hallways separating the living and dining areas."
"[17, 18]","[7, 3]","['46660', '21543', '75828', '66316', '66935']",75828,1. **Different floorplan:** E,"1. **Different floorplan:** E
2. **Why:** Floorplan E has a unique arrangement where the master room (#FFA500) is positioned in a way that it does not align with the typical central placement seen in the other floorplans. In contrast, the other floorplans have the master room centrally located, which is a common pattern in apartment designs. Additionally, the layout of the common rooms and living areas in E differs significantly from the others, suggesting a different underlying pattern."
"[7, 1]","[17, 21]","['8109', '9795', '10825', '12421', '3536']",9795,1. **Different floorplan:** E,"1. **Different floorplan:** E
2. **Why:** Floorplan E has a unique arrangement where the master room (#FFA500) is positioned at the top right corner, which is not typical in the other floorplans. In contrast, the other floorplans have the master room (#FFA500) either centrally located or towards the bottom left, maintaining a more consistent pattern. Additionally, the layout of the common rooms and living rooms in floorplan E differs significantly from the others, making it stand out as having a different underlying pattern."
"[7, 1]","[17, 5]","['50221', '8109', '16951', '12376', '17550']",50221,1. **Different floorplan:** A,"1. **Different floorplan:** A
2. **Why:** Floorplan A has a unique arrangement where the master room (#FFA500) is positioned in the corner, unlike the other floorplans which place the master room more centrally or towards one side. Additionally, the layout of the common rooms and living areas in floorplan A appears more fragmented compared to the more cohesive layouts in B, C, D, and E."
"[17, 21]","[7, 20]","['9795', '78147', '69704', '2425', '40487']",2425,1. **Different floorplan:** D,"1. **Different floorplan:** D
2. **Why:** Floorplan D has a unique arrangement where the main entrance leads directly into a small room with a kitchen attached, which is not present in the other floorplans. The other floorplans have more complex layouts with multiple rooms leading off from the main entrance, and the kitchen is typically located further away from the entrance. Floorplan D's layout is simpler and more direct compared to the others."
"[17, 21]","[7, 20]","['40487', '78147', '54372', '9795', '62549']",54372,1. **Different floorplan:** C,"1. **Different floorplan:** C
2. **Why:** Floorplan C has a unique arrangement where the living room and common room are adjacent and form a larger open space compared to the other floorplans. In contrast, floorplans A, B, D, and E have the living room and common room separated by walls, creating distinct smaller spaces. This difference in the spatial layout makes C stand out from the others."
"[7, 1]","[17, 5]","['17550', '16951', '50221', '3536', '10825']",50221,1. **Different floorplan:** C,"1. **Different floorplan:** C
2. **Why:** Floorplan C has an additional room (pink room) that is not present in the other four floorplans. This extra room disrupts the uniformity of the spatial layout compared to A, B, D, and E, which all have a consistent arrangement of rooms without any additional elements."
"[17, 18]","[7, 1]","['31693', '21543', '51240', '46660', '10825']",10825,1. **Different floorplan:** E,"1. **Different floorplan:** E
2. **Why:** Floorplan E has a unique arrangement where the master room (#FFA500) is positioned in a way that it does not align with the typical central placement seen in the other floorplans. Additionally, the kitchen (#F08080) is located at an unusual position compared to the standard layout, which suggests a different underlying pattern."
"[7, 1]","[17, 21]","['78147', '8109', '12421', '17550', '10825']",78147,1. **Different floorplan:** C,"1. **Different floorplan:** C
2. **Why:** Floorplan C has a unique arrangement where the master room (#FFA500) is positioned in the top right corner, which is not seen in the other floorplans. All other floorplans have the master room in the bottom left corner. This distinct placement makes it the one with a different underlying pattern."
"[17, 18]","[7, 20]","['31693', '21408', '46660', '66316', '2277']",2277,1. **Different floorplan:** E,"1. **Different floorplan:** E
2. **Why:** Floorplan E has a unique arrangement where the living room and dining area are directly adjacent without any intervening space, which is not observed in the other floorplans. In contrast, the other floorplans have a more traditional layout with hallways or additional spaces separating the living and dining areas."
"[17, 18]","[7, 1]","['70105', '66316', '31693', '12421', '6955']",12421,1. **Different floorplan:** D,"1. **Different floorplan:** D
2. **Why:** Floorplan D has a unique arrangement where the master room (#FFA500) is positioned in a way that it does not align with the typical central placement seen in the other floorplans. In contrast, the other floorplans have the master room centrally located, which suggests a more symmetrical and standard layout. Additionally, the positioning of the common room (#FFD700) and the living room (#EEE8AA) in relation to the entrance and the rest of the rooms also differs from the others, indicating a distinct pattern."
"[7, 1]","[17, 18]","['12376', '51240', '3536', '12421', '53652']",51240,1. **Different floorplan:** B,"1. **Different floorplan:** B
2. **Why:** Floorplan B has an additional hallway extending from the main entrance that splits into two smaller hallways, which is not present in the other floorplans. This unique feature distinguishes it from A, C, D, and E, where the main entrance leads directly into the living room without any additional hallways branching off."
"[17, 18]","[7, 1]","['66316', '12421', '21408', '70105', '51240']",12421,1. **Different floorplan:** E,"1. **Different floorplan:** E
2. **Why:** Floorplan E has a unique arrangement where the master room (#FFA500) is positioned in a way that it does not align with the typical central placement seen in the other floorplans. In contrast, the other floorplans have the master room centrally located, which is a common pattern in apartment designs. Additionally, the layout of the common rooms and living areas in floorplan E differs from the others, suggesting a different underlying pattern."
"[7, 20]","[17, 18]","['54372', '2277', '55305', '2425', '46660']",46660,1. **Different floorplan:** E,"1. **Different floorplan:** E
2. **Why:** Floorplan E has a unique arrangement where the master room (#FFA500) is positioned in a way that it does not align with the typical central placement seen in the other floorplans. In contrast, the other floorplans have the master room centrally located, which is a common pattern in residential designs. Additionally, the layout of the common rooms and living areas in E differs significantly from the others, suggesting a different underlying pattern."
"[7, 1]","[17, 21]","['8109', '3536', '10825', '12376', '9795']",9795,1. **Different floorplan:** E,"1. **Different floorplan:** E
2. **Why:** Floorplan E has a unique arrangement where the master room (#FFA500) is positioned in a way that it does not align with the typical central placement seen in the other floorplans. In contrast, the other floorplans have the master room centrally located, which is a common pattern in residential designs. Additionally, the layout of the common room (#FFD700), living room (#EEE8AA), and kitchen (#F08080) in floorplan E differs from the more uniform distribution in the other floorplans."
"[17, 18]","[7, 20]","['66935', '2425', '31693', '51240', '70105']",2425,1. **Different floorplan:** B,"1. **Different floorplan:** B
2. **Why:** Floorplan B has a unique arrangement where the master room (#FFA500) is positioned in a way that it does not align with the typical central placement seen in the other floorplans. Additionally, the living room (#EEE8AA) and common room (#FFD700) are placed in a manner that differs from the symmetrical and consistent patterns observed in A, C, D, and E. The presence of the balcony (#6B8E23) and the positioning of the dining area (#DA70D6) also contribute to the distinctiveness of floorplan B compared to the others."
"[17, 18]","[7, 1]","['8109', '21408', '21543', '51240', '66935']",8109,1. **Different floorplan:** E,"1. **Different floorplan:** E
2. **Why:** Floorplan E has a unique arrangement where the master room (#FFA500) is positioned in a way that it does not align with the typical central placement seen in the other floorplans. In contrast, the other floorplans have the master room centrally located, which suggests a more symmetrical and standard layout. Additionally, the positioning of the dining area (#DA70D6) and the kitchen (#F08080) in relation to the entrance and the rest of the rooms also differs from the others, indicating a distinct pattern."
"[17, 18]","[7, 20]","['21408', '6955', '31693', '21543', '55305']",55305,1. **Different floorplan:** E,"1. **Different floorplan:** E
2. **Why:** Floorplan E has a distinct arrangement of rooms compared to the others. It features a central open space with a balcony extending from it, which is not present in the other floorplans. The other floorplans have more symmetrical layouts with common rooms, living rooms, and bathrooms arranged around a central core, whereas E has a unique configuration that sets it apart."
"[7, 1]","[17, 18]","['3536', '53652', '8109', '6955', '16951']",6955,1. **Different floorplan:** D,"1. **Different floorplan:** D
2. **Why:** Floorplan D has a unique arrangement where the master room (#FFA500) is positioned in a way that it does not align with the typical central placement seen in the other floorplans. Additionally, the kitchen (#F08080) is located at an unusual position compared to the standard layout, which suggests a different underlying pattern."
"[17, 21]","[7, 20]","['69704', '55305', '62549', '78147', '9795']",55305,1. **Different floorplan:** B,"1. **Different floorplan:** B
2. **Why:** Floorplan B has a unique arrangement where the master room (#FFA500) is positioned in a way that it does not align with the typical central placement seen in the other floorplans. In contrast, the other floorplans have the master room centrally located, which suggests a more symmetrical and standard layout. Additionally, the positioning of the common room (#FFD700) and the living room (#EEE8AA) in relation to the entrance and the rest of the floor plan in B differs from the consistent patterns observed in A, C, D, and E."
"[17, 18]","[7, 22]","['31693', '40679', '70105', '66316', '66935']",40679,1. **Different floorplan:** B,"1. **Different floorplan:** B
2. **Why:** Floorplan B has an additional hallway extending from the main entrance that splits into two paths, leading to different areas. This extra hallway is not present in the other floorplans, which maintain a more straightforward layout with fewer branches."
"[17, 18]","[7, 22]","['6955', '66316', '21543', '46660', '79411']",79411,1. **Different floorplan:** E,"1. **Different floorplan:** E
2. **Why:** Floorplan E has a unique arrangement where the living room and dining area are directly adjacent without any intervening space, which is not observed in the other floorplans. In contrast, the other floorplans have a more traditional layout with hallways separating the living and dining areas."
"[7, 1]","[17, 21]","['12376', '78147', '12421', '17550', '10825']",78147,1. **Different floorplan:** B,"1. **Different floorplan:** B
2. **Why:** Floorplan B has a unique arrangement where the master room (#FFA500) is positioned in a way that it does not align with the typical central placement seen in the other floorplans. In contrast, the other floorplans have the master room centrally located, which suggests a more symmetrical and standard layout. Additionally, the positioning of the common room (#FFD700) and the living room (#EEE8AA) in relation to the entrance and the rest of the rooms also differs from the others, indicating a distinct pattern."
"[17, 21]","[7, 3]","['62549', '75828', '78147', '69704', '62454']",75828,1. **Different floorplan:** B,"1. **Different floorplan:** B
2. **Why:** Floorplan B has a unique arrangement where the master room (#FFA500) is positioned in the center, surrounded by other rooms, which is not typical in the other floorplans. The other floorplans have the master room either at one end or in a corner, with the rest of the rooms distributed around it in a more symmetrical manner."
"[7, 1]","[17, 5]","['7913', '16951', '17550', '10825', '12376']",7913,1. **Different floorplan:** B,"1. **Different floorplan:** B
2. **Why:** Floorplan B has a unique arrangement where the master room (#FFA500) is positioned in the center, surrounded by a common room (#FFD700), a living room (#EEE8AA), and a balcony (#6B8E23). This central placement of the master room is distinct from the other floorplans, which typically have the master room either at one end or centrally located but not surrounded by other rooms in this specific manner."
"[17, 21]","[7, 20]","['62454', '2425', '9795', '69704', '78147']",2425,1. **Different floorplan:** B,"1. **Different floorplan:** B
2. **Why:** Floorplan B has a unique arrangement where the master room (#FFA500) is positioned in a way that it does not align with the typical central placement seen in the other floorplans. Additionally, the living room (#EEE8AA) and common room (#FFD700) are placed in a manner that differs from the symmetrical and consistent layout found in A, C, D, and E. The presence of a balcony (#6B8E23) in an unusual position also contributes to the distinctiveness of floorplan B."
"[17, 18]","[7, 20]","['51240', '66935', '55305', '46660', '6955']",55305,1. **Different floorplan:** C,"1. **Different floorplan:** C
2. **Why:** Floorplan C has a distinct arrangement of rooms compared to the others. It features a central hallway with a master room directly connected to it, which is not present in the other floorplans. The other floorplans have more symmetrical layouts with common rooms and living areas distributed around a central core, whereas C has a unique central hallway configuration."
"[7, 3]","[17, 21]","['40487', '52457', '64781', '61767', '75828']",40487,1. **Different floorplan:** E,"1. **Different floorplan:** E
2. **Why:** Floorplan E has a unique arrangement where the living room and dining area are adjacent but not directly connected by a common wall, unlike the other floorplans which have a more consistent layout with rooms typically sharing walls. This suggests a different underlying pattern compared to the others."
"[17, 18]","[7, 3]","['66316', '51240', '64781', '21408', '31693']",64781,1. **Different floorplan:** C,"1. **Different floorplan:** C
2. **Why:** Floorplan C has a unique arrangement where the master room (#FFA500) is positioned in a way that it does not align with the typical central placement seen in the other floorplans. Additionally, the living room (#EEE8AA) and common room (#FFD700) are placed in a manner that differs from the symmetrical and consistent patterns observed in A, B, D, and E. The presence of the balcony (#6B8E23) and the positioning of the dining area (#DA70D6) also contribute to the distinctiveness of floorplan C."
"[7, 1]","[17, 5]","['12421', '10825', '16951', '72055', '53652']",72055,1. **Different floorplan:** D,"1. **Different floorplan:** D
2. **Why:** Floorplan D has a unique arrangement where the master room (#FFA500) is positioned in the center, surrounded by smaller rooms of varying types. In contrast, the other floorplans (A, B, C, and E) have the master room (#FFA500) located towards one side of the floorplan, typically adjacent to the main entrance. This central placement of the master room in D distinguishes it from the others."
"[7, 1]","[17, 18]","['12376', '16951', '51240', '3536', '8109']",51240,1. **Different floorplan:** C,"1. **Different floorplan:** C
2. **Why:** Floorplan C has a unique arrangement where the master room (#FFA500) is positioned in a way that it does not align with the typical central placement seen in the other floorplans. Additionally, the living room (#EEE8AA) and common room (#FFD700) are placed in a manner that differs from the symmetrical and consistent patterns observed in A, B, D, and E. The presence of a balcony (#6B8E23) at the far end also contributes to the distinctiveness of this floorplan."
"[17, 18]","[7, 20]","['46660', '54372', '31693', '66935', '70105']",54372,1. **Different floorplan:** C,"1. **Different floorplan:** C
2. **Why:** Floorplan C has a unique arrangement where the master room (#FFA500) is positioned in a way that it does not align with the typical central placement seen in the other floorplans. In contrast, the other floorplans have the master room centrally located, which suggests a more symmetrical and standard layout. Additionally, the positioning of the common room (#FFD700) and the living room (#EEE8AA) in relation to the entrance and the rest of the rooms also differs from the others, indicating a distinct pattern."
"[17, 21]","[7, 1]","['8109', '40487', '69704', '9795', '62454']",8109,1. **Different floorplan:** A,"1. **Different floorplan:** A
2. **Why:** Floorplan A has a unique arrangement where the master room (#FFA500) is positioned in the bottom left corner, which is not typical for the other floorplans. In contrast, the other floorplans have the master room in the top right corner, maintaining a consistent pattern across B, C, D, and E. This distinct placement makes A stand out as having a different underlying pattern."
"[17, 18]","[7, 3]","['21543', '46660', '66935', '66316', '64781']",64781,1. **Different floorplan:** E,"1. **Different floorplan:** E
2. **Why:** Floorplan E has a unique arrangement where the master room (#FFA500) is positioned in a way that it does not align with the typical central placement seen in the other floorplans. In contrast, the other floorplans have the master room centrally located, which is a common pattern in apartment designs. Additionally, the layout of the common rooms and living areas in E differs significantly from the others, making it stand out as having a different underlying pattern."
"[17, 21]","[7, 3]","['9795', '40487', '61767', '78147', '62454']",61767,1. **Different floorplan:** C,"1. **Different floorplan:** C
2. **Why:** Floorplan C has a unique arrangement where the master room (#FFA500) is positioned in a way that it does not align with the typical central placement seen in the other floorplans. Additionally, the kitchen (#F08080) and dining area (#DA70D6) are placed in a manner that differs from the standard layout observed in A, B, D, and E, where these rooms are typically adjacent to the living room (#EEE8AA). The presence of a balcony (#6B8E23) in an unusual position also contributes to the distinctiveness of floorplan C."
"[7, 1]","[17, 18]","['6955', '8109', '53652', '3536', '12376']",6955,1. **Different floorplan:** D,"1. **Different floorplan:** D
2. **Why:** Floorplan D has a unique arrangement where the master room (#FFA500) is positioned in a way that it does not align with the typical central placement seen in the other floorplans. In contrast, the other floorplans have the master room centrally located, which suggests a more symmetrical and standard layout. Additionally, the distribution of other rooms around the master room in D appears less uniform compared to the others."
"[7, 22]","[17, 18]","['70105', '31113', '40679', '79411', '23132']",70105,1. **Different floorplan:** E,"1. **Different floorplan:** E
2. **Why:** Floorplan E has a unique layout compared to the others. It features a single large open space with no distinct rooms separated by walls, unlike the other floorplans which have clearly defined rooms such as living rooms, bathrooms, and kitchens. This suggests a different underlying pattern where the space is more open and possibly designed for a specific purpose like a studio apartment or a large living area without traditional room divisions."
"[17, 21]","[7, 1]","['78147', '9795', '62454', '62549', '16951']",16951,1. **Different floorplan:** E,"1. **Different floorplan:** E
2. **Why:** Floorplan E has a unique arrangement where the master room (#FFA500) is positioned in a way that it does not align with the typical central placement seen in the other floorplans. In contrast, the other floorplans have the master room centrally located, which suggests a more symmetrical and standard layout. Additionally, the positioning of the common room (#FFD700) and the living room (#EEE8AA) in relation to the entrance and the rest of the rooms also differs from the others, indicating a distinct pattern."
"[17, 21]","[7, 20]","['62549', '69704', '40487', '54372', '9795']",54372,1. **Different floorplan:** D,"1. **Different floorplan:** D
2. **Why:** Floorplan D has a unique arrangement where the living room is directly connected to the kitchen without any intervening space, unlike the other floorplans which have a clear separation between the living room and the kitchen by a hallway or another room. This direct connection in D makes it stand out from the others."
"[17, 18]","[7, 3]","['61767', '66316', '31693', '51240', '46660']",61767,1. **Different floorplan:** D,"1. **Different floorplan:** D
2. **Why:** Floorplan D has a unique arrangement where the master room (#FFA500) is positioned in a way that it does not align with the typical central placement seen in the other floorplans. Additionally, the kitchen (#F08080) is unusually placed towards the back, which deviates from the more centralized kitchen layouts observed in A, B, C, and E. The other floorplans maintain a consistent pattern with the master room centrally located and the kitchen closer to the front."
"[17, 21]","[7, 1]","['40487', '62454', '3536', '69704', '9795']",3536,1. **Different floorplan:** C,"1. **Different floorplan:** C
2. **Why:** Floorplan C has a unique arrangement where the master room (#FFA500) is positioned at the bottom left corner, which is not seen in the other floorplans. All other floorplans have the master room either at the top or right side, making C distinct from the others."
"[17, 18]","[7, 20]","['2425', '46660', '70105', '6955', '66316']",2425,1. **Different floorplan:** E,"1. **Different floorplan:** E
2. **Why:** Floorplan E has a unique arrangement where the master room (#FFA500) is positioned in a way that it does not align with the typical central placement seen in the other floorplans. In contrast, the other floorplans have the master room centrally located, which is a common pattern in residential designs. Additionally, the layout of the common rooms and living areas in floorplan E differs from the more uniform distribution in the other floorplans, suggesting a different underlying pattern."
"[17, 21]","[7, 3]","['52457', '40487', '62549', '69704', '9795']",52457,1. **Different floorplan:** C,"1. **Different floorplan:** C
2. **Why:** Floorplan C has a unique arrangement where the master room (#FFA500) is positioned in the center, surrounded by a common room (#FFD700), a living room (#EEE8AA), and a balcony (#6B8E23). This central placement of the master room is distinct from the other floorplans, which typically have the master room either at one end or centrally but not surrounded by other rooms in this specific configuration."
"[17, 18]","[7, 20]","['55305', '6955', '66935', '31693', '51240']",55305,1. **Different floorplan:** B,"1. **Different floorplan:** B
2. **Why:** Floorplan B has a unique arrangement where the master room (#FFA500) is positioned in the center, surrounded by other rooms, which is not typical in the other floorplans. The other floorplans have the master room either in one corner or adjacent to another room, but not centrally located with such symmetry."
"[17, 21]","[7, 1]","['62454', '62549', '9795', '12421', '40487']",12421,1. **Different floorplan:** B,"1. **Different floorplan:** B
2. **Why:** Floorplan B has an additional section extending from the main entrance that is not present in the other floorplans. This extra section disrupts the uniformity of the spatial layout compared to A, C, D, and E, which maintain a consistent pattern throughout their layouts."
"[17, 21]","[7, 3]","['69704', '62549', '78147', '61767', '9795']",61767,1. **Different floorplan:** D,"1. **Different floorplan:** D
2. **Why:** Floorplan D has a unique arrangement where the master room (#FFA500) is positioned in a way that it does not align with the typical central placement seen in the other floorplans. In contrast, the other floorplans have the master room centrally located, which suggests a more symmetrical and standard layout. Additionally, the positioning of the common room (#FFD700) and the living room (#EEE8AA) in relation to the entrance and the rest of the rooms also differs from the others, indicating a distinct pattern."
"[7, 1]","[17, 5]","['8109', '17550', '16951', '50221', '3536']",50221,1. **Different floorplan:** D,"1. **Different floorplan:** D
2. **Why:** Floorplan D has a unique arrangement where the master room (#FFA500) is positioned in the center, surrounded by a common room (#FFD700), a living room (#EEE8AA), and a balcony (#6B8E23). This central placement of the master room is distinct from the other floorplans, which typically have the master room either at one end or centrally located but not surrounded by other rooms in this specific manner."
"[17, 21]","[7, 1]","['40487', '8109', '78147', '62549', '62454']",8109,1. **Different floorplan:** B,"1. **Different floorplan:** B
2. **Why:** Floorplan B has a unique arrangement where the master room (#FFA500) is positioned in a way that it does not align with the typical central placement seen in the other floorplans. Additionally, the kitchen (#F08080) is located at an unusual position compared to the others, which suggests a different underlying pattern."
"[7, 1]","[17, 18]","['70105', '8109', '10825', '12421', '16951']",70105,1. **Different floorplan:** E,"1. **Different floorplan:** E
2. **Why:** Floorplan E has a unique arrangement where the master room (#FFA500) is positioned in a way that it does not align with the typical central placement seen in the other floorplans. In contrast, the other floorplans have the master room centrally located, which suggests a more symmetrical and standard layout. Additionally, the positioning of the common room (#FFD700) and the living room (#EEE8AA) in relation to the entrance and the rest of the rooms also differs from the others, indicating a distinct pattern."
"[7, 1]","[17, 18]","['46660', '17550', '3536', '53652', '10825']",46660,1. **Different floorplan:** C,"1. **Different floorplan:** C
2. **Why:** Floorplan C has a unique arrangement where the master room (#FFA500) is positioned in the center, surrounded by a common room (#FFD700), a living room (#EEE8AA), and a balcony (#6B8E23). This central placement of the master room is distinct from the other floorplans, which typically place the master room either at one end or in a corner. Additionally, the spatial distribution of the other rooms around the master room in C is more symmetrical compared to the other floorplans, which have more varied and less symmetrical layouts."
"[17, 18]","[7, 20]","['31693', '46660', '21543', '21408', '2277']",2277,1. **Different floorplan:** E,"1. **Different floorplan:** E
2. **Why:** Floorplan E has a unique arrangement where the living room and dining area are directly adjacent without any intervening space, which is not observed in the other floorplans. In contrast, floorplans A, B, C, and D all have a common pattern where the living room and dining area are separated by a hallway or another room type. This distinct layout makes floorplan E stand out from the others."
"[17, 21]","[7, 3]","['78147', '75828', '62454', '9795', '69704']",75828,1. **Different floorplan:** B,"1. **Different floorplan:** B
2. **Why:** Floorplan B has a unique arrangement where the master room (#FFA500) is positioned in the center, surrounded by a common room (#FFD700), a living room (#EEE8AA), and a balcony (#6B8E23). This central placement of the master room is not seen in the other floorplans, which typically have the master room either at one end or centrally located but not surrounded by other rooms in this specific manner."
"[17, 21]","[7, 1]","['78147', '40487', '9795', '62454', '10825']",10825,1. **Different floorplan:** E,"1. **Different floorplan:** E
2. **Why:** Floorplan E has a unique arrangement where the master room (#FFA500) is positioned in a way that it does not align with the typical central placement seen in the other floorplans. In contrast, the other floorplans have the master room centrally located, which is a common pattern observed in the remaining four floorplans."
"[17, 21]","[7, 3]","['52457', '78147', '69704', '62549', '62454']",52457,1. **Different floorplan:** A,"1. **Different floorplan:** A
2. **Why:** Floorplan A has a unique arrangement where the master room (#FFA500) is positioned at the top right corner, which is not seen in the other floorplans. All other floorplans have the master room either in the center or towards the bottom left, making A distinct from the rest."
"[7, 1]","[17, 5]","['12376', '53652', '8109', '16951', '33045']",33045,1. **Different floorplan:** E,"1. **Different floorplan:** E
2. **Why:** Floorplan E has a unique arrangement where the master room (#FFA500) is positioned in a way that it does not align with the typical central placement seen in the other floorplans. Additionally, the dining area (#DA70D6) is placed unusually close to the entrance, which deviates from the more standard layouts observed in A, B, C, and D."
"[7, 1]","[17, 21]","['12376', '40487', '16951', '8109', '12421']",40487,1. **Different floorplan:** B,"1. **Different floorplan:** B
2. **Why:** Floorplan B has a unique arrangement where the master room (#FFA500) is positioned in a way that it does not align with the typical central placement seen in the other floorplans. In contrast, the other floorplans have the master room centrally located, which suggests a more symmetrical and standard layout. Additionally, the positioning of the common room (#FFD700) and the living room (#EEE8AA) in relation to the entrance and the rest of the rooms also differs from the others, indicating a distinct pattern."
"[7, 1]","[17, 5]","['12376', '16951', '10825', '53652', '33045']",33045,1. **Different floorplan:** E,"1. **Different floorplan:** E
2. **Why:** Floorplan E has a unique arrangement where the master room (#FFA500) is positioned in a way that it does not align with the typical central placement seen in the other floorplans. Additionally, the dining area (#DA70D6) is placed unusually close to the entrance, which deviates from the more standard layouts observed in A, B, C, and D. The other floorplans maintain a consistent pattern of placing the master room centrally and the dining area further away from the entrance."
"[7, 1]","[17, 18]","['3536', '12376', '16951', '10825', '21408']",21408,1. **Different floorplan:** E,"1. **Different floorplan:** E
2. **Why:** Floorplan E has a more complex and irregular layout compared to the others. The other floorplans (A, B, C, and D) have a more consistent and symmetrical arrangement of rooms, with clear and distinct sections for different functions such as living, dining, kitchen, and bathrooms. Floorplan E, however, features a more intricate design with multiple interconnected spaces and a less uniform distribution of room types, which suggests a different underlying pattern."
"[17, 21]","[7, 3]","['9795', '62454', '64781', '40487', '78147']",64781,1. **Different floorplan:** C,"1. **Different floorplan:** C
2. **Why:** Floorplan C has a unique arrangement where the master room (#FFA500) is positioned in a way that it does not align with the typical central placement seen in the other floorplans. In contrast, the other floorplans have the master room centrally located, which suggests a more symmetrical and standard layout. Additionally, the positioning of the common room (#FFD700) and the living room (#EEE8AA) in relation to the entrance and the rest of the rooms also differs from the others, indicating a distinct pattern."
"[7, 1]","[17, 21]","['17550', '10825', '16951', '69704', '12421']",69704,1. **Different floorplan:** D,"1. **Different floorplan:** D
2. **Why:** Floorplan D has a unique arrangement where the master room (#FFA500) is positioned in a way that it does not align with the common room (#FFD700) and the living room (#EEE8AA) in the same horizontal line as seen in the other floorplans. Additionally, the kitchen (#F08080) and dining (#DA70D6) areas are placed differently compared to the others, suggesting a distinct layout pattern."
"[7, 1]","[17, 18]","['16951', '51240', '12421', '17550', '12376']",51240,1. **Different floorplan:** B,"1. **Different floorplan:** B
2. **Why:** Floorplan B has an additional hallway branching off from the main entrance, which is not present in the other floorplans. This extra hallway creates a unique pattern compared to A, C, D, and E, where the main entrance leads directly into the living room without any additional hallways."
"[17, 18]","[7, 1]","['70105', '17550', '6955', '21408', '66935']",17550,1. **Different floorplan:** D,"1. **Different floorplan:** D
2. **Why:** Floorplan D has a unique arrangement where the master room (#FFA500) is positioned in a way that it does not align with the typical central placement seen in the other floorplans. In contrast, the other floorplans have the master room centrally located, which suggests a more symmetrical and standard layout. Additionally, the positioning of the common room (#FFD700) and the living room (#EEE8AA) in relation to the entrance and the rest of the rooms also differs from the others, indicating a distinct pattern."
"[17, 18]","[7, 1]","['21408', '46660', '70105', '66316', '12421']",12421,1. **Different floorplan:** E,"1. **Different floorplan:** E
2. **Why:** Floorplan E has a unique arrangement where the master room (#FFA500) is positioned in a way that it does not align with the typical central placement seen in the other floorplans. In contrast, the other floorplans have the master room centrally located, which is a common pattern in apartment designs. Additionally, the overall layout of E appears more compact and less symmetrical compared to the others, suggesting a different underlying pattern."
"[7, 1]","[17, 21]","['9795', '8109', '3536', '10825', '53652']",9795,1. **Different floorplan:** C,"1. **Different floorplan:** C
2. **Why:** Floorplan C has a unique arrangement where the master room (#FFA500) is positioned at the top right corner, which is not seen in the other floorplans. All other floorplans have the master room either in the bottom left or the top left corner, with the rest of the rooms arranged around it in a consistent manner. This distinct placement of the master room makes floorplan C stand out from the others."
"[17, 18]","[7, 20]","['66935', '21543', '66316', '54372', '70105']",54372,1. **Different floorplan:** B,"1. **Different floorplan:** B
2. **Why:** Floorplan B has a unique arrangement where the master room (#FFA500) is positioned centrally and directly accessible from the main entrance, which is not the case in the other floorplans. The other floorplans have the master room either adjacent to or at the end of a corridor, but not directly accessible from the main entrance like in B. This central placement of the master room in B suggests a different underlying pattern compared to the others."
"[17, 18]","[7, 1]","['10825', '66935', '21543', '70105', '51240']",10825,1. **Different floorplan:** E,"1. **Different floorplan:** E
2. **Why:** Floorplan E has a unique arrangement where the master room (#FFA500) is positioned in a way that it does not align with the typical central placement seen in the other floorplans. In contrast, the other floorplans have the master room centrally located, which suggests a more symmetrical and standard layout. Additionally, the positioning of the dining area (#DA70D6) and the kitchen (#F08080) in relation to the entrance and the rest of the rooms also differs from the others, indicating a distinct pattern."
"[7, 1]","[17, 5]","['12376', '3536', '10825', '53652', '33045']",33045,1. **Different floorplan:** E,"1. **Different floorplan:** E
2. **Why:** Floorplan E has a unique arrangement where the common room and the master room are adjacent to each other in a way that differs from the other floorplans. In contrast, floorplans A, B, C, and D all have the common room and the master room separated by at least one other room type, creating a more distinct separation between these two rooms compared to floorplan E."
"[17, 21]","[7, 1]","['69704', '40487', '62549', '53652', '78147']",53652,1. **Different floorplan:** D,"1. **Different floorplan:** D
2. **Why:** Floorplan D has a unique arrangement where the kitchen is positioned in the center, surrounded by other rooms, which differs from the other floorplans where the kitchen is typically located at one end or side of the apartment. Additionally, the layout of the other rooms around the kitchen in D appears more compact compared to the more spread-out arrangements in A, B, C, and E."
"[17, 18]","[7, 3]","['46660', '70105', '66316', '21543', '52457']",52457,1. **Different floorplan:** E,"1. **Different floorplan:** E
2. **Why:** Floorplan E has a distinct arrangement of rooms compared to the others. It features a single large room with a smaller room attached at one end, which is not present in the other floorplans. The other floorplans have more varied and complex layouts with multiple interconnected rooms of varying sizes."
"[17, 21]","[7, 20]","['9795', '78147', '2277', '62454', '40487']",2277,1. **Different floorplan:** C,"1. **Different floorplan:** C
2. **Why:** Floorplan C has a unique arrangement where the master room (#FFA500) is positioned in the center, surrounded by a living room (#EEE8AA), a balcony (#6B8E23), and a kitchen (#F08080). This central placement of the master room with surrounding rooms is distinct from the other floorplans, which typically have the master room either at one end or centrally located but not surrounded by multiple rooms in this specific configuration."
"[17, 18]","[7, 1]","['21543', '66935', '8109', '21408', '6955']",8109,1. **Different floorplan:** C,"1. **Different floorplan:** C
2. **Why:** Floorplan C has a distinct arrangement of rooms compared to the others. It features a central hallway with a staircase leading up, which is not present in the other floorplans. Additionally, the distribution of room types and their relative sizes differs significantly from the uniformity seen in A, B, D, and E."
"[7, 1]","[17, 18]","['8109', '16951', '3536', '66316', '10825']",66316,1. **Different floorplan:** D,"1. **Different floorplan:** D
2. **Why:** Floorplan D has a unique arrangement where the master room (#FFA500) is positioned in a way that it does not align with the typical central placement seen in the other floorplans. In contrast, the other floorplans have the master room centrally located, which suggests a more symmetrical and standard layout. Additionally, the positioning of the common room (#FFD700) and the living room (#EEE8AA) in relation to the entrance and the rest of the rooms also differs from the others, indicating a distinct pattern."
"[17, 18]","[7, 20]","['66316', '6955', '70105', '31693', '2277']",2277,1. **Different floorplan:** E,"1. **Different floorplan:** E
2. **Why:** Floorplan E has a unique arrangement where the master room (#FFA500) is positioned in a way that it does not align with the typical central placement seen in the other floorplans. In contrast, the other floorplans have the master room centrally located, which is a common pattern in apartment designs. Additionally, the overall layout of E appears more compact and less symmetrical compared to the others, suggesting a different underlying pattern."
"[7, 1]","[17, 18]","['8109', '3536', '12421', '17550', '51240']",51240,1. **Different floorplan:** E,"1. **Different floorplan:** E
2. **Why:** Floorplan E has an additional section extending from the main structure, which is not present in the other floorplans. This extra section disrupts the uniformity of the spatial layout compared to A, B, C, and D, where all sections appear to be part of a continuous and symmetrical design."
"[17, 5]","[7, 3]","['75828', '33045', '7913', '72055', '50221']",75828,1. **Different floorplan:** E,"1. **Different floorplan:** E
2. **Why:** Floorplan E has an additional room (pink-colored room) that is not present in any of the other floorplans. This extra room disrupts the uniformity of the spatial layout compared to A, B, C, and D, which all have consistent room arrangements without such an outlier."
"[17, 18]","[7, 22]","['79411', '66316', '46660', '21543', '21408']",79411,1. **Different floorplan:** E,"1. **Different floorplan:** E
2. **Why:** Floorplan E has a unique arrangement where the living room and dining area are directly connected without any intervening space, which is not present in the other floorplans. In contrast, floorplans A, B, C, and D all have a common pattern where the living room and dining area are separated by a hallway or another room. This distinct layout makes floorplan E stand out from the others."
"[17, 21]","[7, 3]","['69704', '52457', '78147', '9795', '40487']",52457,1. **Different floorplan:** B,"1. **Different floorplan:** B
2. **Why:** Floorplan B has a unique arrangement where the master room (#FFA500) is positioned in a way that it does not align with the typical central placement seen in the other floorplans. In contrast, the other floorplans have the master room centrally located, which suggests a more symmetrical and standard layout. Additionally, the positioning of the common room (#FFD700) and the living room (#EEE8AA) in relation to the entrance and the rest of the rooms also differs from the others, indicating a distinct pattern."
"[17, 18]","[7, 22]","['66316', '79411', '70105', '51240', '21543']",79411,1. **Different floorplan:** E,"1. **Different floorplan:** E
2. **Why:** Floorplan E has a unique arrangement where the master room (#FFA500) is positioned in a way that it does not align with the typical central placement seen in the other floorplans. In contrast, the other floorplans have the master room centrally located, which suggests a more symmetrical and standard layout. Additionally, the distribution of other rooms around the master room in E is less uniform compared to the others, indicating a different underlying pattern."
"[17, 18]","[7, 1]","['66316', '8109', '6955', '31693', '21408']",8109,1. **Different floorplan:** E,"1. **Different floorplan:** E
2. **Why:** Floorplan E has a unique arrangement where the living room and dining area are directly connected without any intervening space, unlike the other floorplans which have a corridor or another room separating them. This direct connection in E makes it stand out from the others."
"[17, 21]","[7, 22]","['62549', '62454', '23132', '78147', '69704']",23132,1. **Different floorplan:** C,"1. **Different floorplan:** C
2. **Why:** Floorplan C has a unique arrangement where the master room (#FFA500) is positioned in a way that it does not align with the typical central placement seen in the other floorplans. Additionally, the living room (#EEE8AA) and common room (#FFD700) are placed in a manner that differs from the symmetrical and consistent patterns observed in A, B, D, and E. The presence of a balcony (#6B8E23) at the top right corner also stands out due to its isolated position compared to the other floorplans."
"[17, 18]","[7, 3]","['66935', '21408', '61767', '51240', '70105']",61767,1. **Different floorplan:** C,"1. **Different floorplan:** C
2. **Why:** Floorplan C has a unique arrangement where the master room (#FFA500) is positioned in a way that it does not align with the typical central placement seen in the other floorplans. In contrast, the other floorplans have the master room centrally located, which suggests a more symmetrical and standard layout. Additionally, the positioning of the common room (#FFD700) and the living room (#EEE8AA) in relation to the entrance and the rest of the rooms also differs from the others, indicating a distinct pattern."
"[7, 22]","[17, 18]","['40679', '23132', '79411', '46660', '31113']",46660,1. **Different floorplan:** D,"1. **Different floorplan:** D
2. **Why:** Floorplan D has a unique arrangement where the master room (#FFA500) is positioned in a way that it does not align with the typical central placement seen in the other floorplans. In contrast, the other floorplans (A, B, C, and E) have the master room centrally located, which suggests a more symmetrical and standard layout. Floorplan D's master room is placed off-center, making it stand out from the others."
"[7, 1]","[17, 18]","['12421', '8109', '51240', '53652', '17550']",51240,1. **Different floorplan:** C,"1. **Different floorplan:** C
2. **Why:** Floorplan C has a unique arrangement where the master room (#FFA500) is positioned in a way that it does not align with the typical central placement seen in the other floorplans. Additionally, the kitchen (#F08080) and dining area (#DA70D6) are placed in a manner that differs from the standard layout observed in A, B, D, and E, where these rooms are more consistently located towards the center or one side of the floorplan. The presence of a balcony (#6B8E23) in an unusual position also contributes to the distinctiveness of floorplan C."
"[7, 1]","[17, 5]","['50221', '3536', '12421', '16951', '17550']",50221,1. **Different floorplan:** B,"1. **Different floorplan:** B
2. **Why:** Floorplan B has a unique arrangement where the master room (#FFA500) is positioned in a way that it does not align with the typical central placement seen in the other floorplans. In contrast, the other floorplans have the master room centrally located, which suggests a more symmetrical and standard layout. Additionally, the positioning of the common room (#FFD700) and the living room (#EEE8AA) in relation to the entrance and the rest of the rooms also differs from the others, indicating a distinct pattern."
"[7, 1]","[17, 5]","['12421', '50221', '8109', '53652', '17550']",50221,1. **Different floorplan:** B,"1. **Different floorplan:** B
2. **Why:** Floorplan B has an additional section extending from the main entrance that is not present in the other floorplans. This extra section disrupts the uniformity of the spatial layout compared to A, C, D, and E, which maintain a consistent pattern of rooms and spaces around the main entrance."
"[17, 18]","[7, 3]","['64781', '21543', '46660', '66935', '51240']",64781,1. **Different floorplan:** E,"1. **Different floorplan:** E
2. **Why:** Floorplan E has a unique arrangement where the master room (#FFA500) is positioned in a way that it does not align with the typical central placement seen in the other floorplans. In contrast, the other floorplans have the master room centrally located, which is a common pattern in apartment designs. Additionally, the distribution of other rooms like the common room (#FFD700), living room (#EEE8AA), and kitchen (#F08080) also differs significantly from the others, suggesting a different underlying pattern."
"[17, 18]","[7, 1]","['66935', '70105', '51240', '46660', '3536']",3536,1. **Different floorplan:** E,"1. **Different floorplan:** E
2. **Why:** Floorplan E has a distinct vertical arrangement with a large common room at the top, followed by a smaller master room, and then a series of smaller rooms below. This vertical sequence is different from the horizontal arrangements in floors A, B, C, and D, which all have a more balanced distribution of room sizes and types across the floor."
"[7, 1]","[17, 5]","['12376', '10825', '12421', '8109', '33045']",33045,1. **Different floorplan:** E,"1. **Different floorplan:** E
2. **Why:** Floorplan E has a unique arrangement where the living room and dining area are placed side by side with a balcony directly adjacent to them, which is not seen in the other floorplans. The other floorplans have the living room and dining area separated by a common room or kitchen, making E distinct in this configuration."
"[17, 18]","[7, 3]","['75828', '46660', '6955', '31693', '66935']",75828,1. **Different floorplan:** E,"1. **Different floorplan:** E
2. **Why:** Floorplan E has a unique arrangement where the master room (#FFA500) is positioned in a way that it does not align with the typical central placement seen in the other floorplans. In contrast, the other floorplans have the master room centrally located, which is a common pattern in apartment designs. Additionally, the layout of the common rooms and living areas in E differs from the more uniform distribution in A, B, C, and D."
"[7, 1]","[17, 21]","['16951', '53652', '12421', '10825', '9795']",9795,1. **Different floorplan:** E,"1. **Different floorplan:** E
2. **Why:** Floorplan E has a unique arrangement where the master room (#FFA500) is positioned in a way that it does not align with the typical central placement seen in the other floorplans. In contrast, the other floorplans have the master room centrally located, which suggests a more symmetrical and standard layout. Floorplan E's master room is placed off-center, making it stand out from the others."
"[17, 18]","[7, 1]","['21543', '70105', '46660', '53652', '51240']",53652,1. **Different floorplan:** D,"1. **Different floorplan:** D
2. **Why:** Floorplan D has a unique arrangement where the master room (#FFA500) is positioned in a way that it does not align with the typical central placement seen in the other floorplans. Additionally, the kitchen (#F08080) is unusually large and occupies a significant portion of the floorplan, which deviates from the more compact and balanced layouts observed in A, B, C, and E."
"[7, 3]","[17, 21]","['52457', '62549', '75828', '61767', '64781']",62549,1. **Different floorplan:** B,"1. **Different floorplan:** B
2. **Why:** Floorplan B has a unique arrangement where the master room (#FFA500) is positioned in the center, surrounded by a common room (#FFD700), a living room (#EEE8AA), and a balcony (#6B8E23). This central placement of the master room is not seen in the other floorplans, which typically have the master room either at one end or centrally but not surrounded by other rooms in this specific configuration."
"[7, 1]","[17, 5]","['53652', '12376', '16951', '50221', '10825']",50221,1. **Different floorplan:** D,"1. **Different floorplan:** D
2. **Why:** Floorplan D has a unique arrangement where the master room (#FFA500) is positioned in a way that it does not align with the typical central placement seen in the other floorplans. Additionally, the kitchen (#F08080) is located at an unusual position compared to the standard layout, which suggests a different underlying pattern."
"[7, 3]","[17, 5]","['61767', '64781', '50221', '52457', '75828']",50221,1. **Different floorplan:** C,"1. **Different floorplan:** C
2. **Why:** Floorplan C has a unique arrangement where the master room (#FFA500) is positioned in the center, surrounded by a common room (#FFD700), a living room (#EEE8AA), and a balcony (#6B8E23). This central placement of the master room is distinct from the other floorplans, which typically place the master room either at one end or in a corner. Additionally, the spatial distribution of the rooms around the master room in C is more symmetrical compared to the others, making it stand out as having a different underlying pattern."
"[7, 1]","[17, 18]","['12421', '53652', '6955', '16951', '17550']",6955,1. **Different floorplan:** C,"1. **Different floorplan:** C
2. **Why:** Floorplan C has a unique arrangement of rooms compared to the others. It features a central hallway with a staircase leading up, which is not present in the other floorplans. Additionally, the distribution of room types and their relative sizes differs significantly from the others, making it stand out as having a different underlying pattern."
"[7, 1]","[17, 18]","['8109', '21408', '17550', '53652', '10825']",21408,1. **Different floorplan:** B,"1. **Different floorplan:** B
2. **Why:** Floorplan B has an additional section extending from the main entrance that is not present in the other floorplans. This extra section disrupts the uniformity of the spatial layout compared to A, C, D, and E, which maintain a consistent pattern of rooms and spaces around the main entrance."
"[7, 1]","[17, 5]","['3536', '10825', '12376', '16951', '50221']",50221,1. **Different floorplan:** E,"1. **Different floorplan:** E
2. **Why:** Floorplan E has an additional section with a green color (#6B8E23), which appears to be a balcony, that is not present in the other floorplans. This extra section disrupts the uniformity of the spatial layout compared to A, B, C, and D, where the patterns seem more consistent without such an addition."
"[17, 21]","[7, 1]","['62454', '69704', '10825', '62549', '9795']",10825,1. **Different floorplan:** C,"1. **Different floorplan:** C
2. **Why:** Floorplan C has a unique arrangement where the master room (#FFA500) is positioned in the center, surrounded by a common room (#FFD700), a living room (#EEE8AA), and a balcony (#6B8E23). This central placement of the master room is distinct from the other floorplans, which typically place the master room either at one end or in a corner. Additionally, the kitchen (#F08080) and dining (#DA70D6) areas are located in different positions compared to the other floorplans, further indicating a different underlying pattern."
"[17, 18]","[7, 22]","['70105', '6955', '66935', '46660', '79411']",79411,1. **Different floorplan:** E,"1. **Different floorplan:** E
2. **Why:** Floorplan E has a unique arrangement where the living room and dining area are swapped in position compared to the other floorplans. In all other floorplans (A, B, C, and D), the living room is positioned to the left of the dining area, whereas in E, it is to the right. This distinct placement makes E stand out from the others."
"[17, 21]","[7, 22]","['9795', '79411', '62549', '69704', '62454']",79411,1. **Different floorplan:** B,"1. **Different floorplan:** B
2. **Why:** Floorplan B has a unique arrangement where the master room (#FFA500) is positioned in a way that it does not align with the typical central placement seen in the other floorplans. Additionally, the living room (#EEE8AA) and common room (#FFD700) are placed in a manner that differs from the symmetrical and consistent patterns observed in A, C, D, and E. The presence of a balcony (#6B8E23) at the front and a kitchen (#F08080) at the back also contributes to the distinctiveness of floorplan B."
"[7, 1]","[17, 21]","['12421', '10825', '17550', '62549', '53652']",62549,1. **Different floorplan:** D,"1. **Different floorplan:** D
2. **Why:** Floorplan D has a unique arrangement where the living room and dining area are directly adjacent without any intervening space, unlike the other floorplans which typically have a corridor or another room separating them. This direct adjacency is not seen in A, B, C, or E, making it stand out with a different underlying pattern."
"[17, 18]","[7, 3]","['70105', '66316', '75828', '66935', '21543']",75828,1. **Different floorplan:** E,"1. **Different floorplan:** E
2. **Why:** Floorplan E has a unique arrangement where the master room (#FFA500) is positioned in a way that it does not align with the typical central placement seen in the other floorplans. In contrast, the other floorplans have the master room centrally located, which is a common pattern in apartment designs. Additionally, the distribution of other rooms around the master room in E is less symmetrical compared to the others, suggesting a different underlying pattern."
"[17, 21]","[7, 3]","['62549', '9795', '62454', '40487', '75828']",75828,1. **Different floorplan:** E,"1. **Different floorplan:** E
2. **Why:** Floorplan E has a distinct arrangement of rooms compared to the others. It features a central open space with a dining area and a kitchen directly connected, which is not present in the other floorplans. The other floorplans have more varied layouts with different room configurations around a central core, making them more uniform in their design."
"[7, 1]","[17, 18]","['21408', '16951', '3536', '10825', '12421']",21408,1. **Different floorplan:** A,"1. **Different floorplan:** A
2. **Why:** Floorplan A has a unique layout compared to the others. It features a more complex arrangement with multiple interconnected rooms, including a large common area and several smaller rooms, which differ significantly from the simpler and more uniform layouts of the other floorplans (B, C, D, and E). The other floorplans have a more consistent and symmetrical design, with fewer variations in room size and shape."
"[17, 18]","[7, 1]","['51240', '66935', '46660', '12376', '70105']",12376,1. **Different floorplan:** D,"1. **Different floorplan:** D
2. **Why:** Floorplan D has a unique arrangement where the master room (#FFA500) is positioned in a way that it does not align with the typical central placement seen in the other floorplans. In contrast, the other floorplans have the master room centrally located, which suggests a more symmetrical and standard layout. Additionally, the positioning of the common room (#FFD700) and the living room (#EEE8AA) in relation to the entrance and the rest of the rooms also differs from the others, indicating a distinct pattern."
"[7, 1]","[17, 18]","['3536', '6955', '12376', '17550', '8109']",6955,1. **Different floorplan:** B,"1. **Different floorplan:** B
2. **Why:** Floorplan B has a unique arrangement of rooms compared to the others. It features a central hallway with a staircase leading up to an upper level, which is not present in the other floorplans. The other floorplans have more uniform layouts with no distinct central staircases."
"[7, 1]","[17, 5]","['17550', '12421', '53652', '16951', '72055']",72055,1. **Different floorplan:** E,"1. **Different floorplan:** E
2. **Why:** Floorplan E has a unique arrangement where the master room (#FFA500) is positioned in a way that it does not align with the typical central placement seen in the other floorplans. Additionally, the layout of the common rooms and living areas around the master room differs significantly from the others, suggesting a different underlying pattern."
"[17, 18]","[7, 1]","['51240', '17550', '6955', '21408', '31693']",17550,1. **Different floorplan:** E,"1. **Different floorplan:** E
2. **Why:** Floorplan E has a distinct arrangement of rooms compared to the others. It features a single large open space with a smaller room attached at one end, which is not present in the other floorplans. The other floorplans have more varied and complex layouts with multiple connected rooms of varying sizes."
"[17, 18]","[7, 22]","['66316', '21408', '46660', '6955', '23132']",23132,1. **Different floorplan:** E,"1. **Different floorplan:** E
2. **Why:** Floorplan E has a distinct layout compared to the others. It features a central open space with a U-shaped arrangement of rooms around it, which is not present in the other floorplans. The other floorplans have more traditional layouts with a series of connected rooms leading from the entrance, whereas E has a more symmetrical and centralized design."
"[7, 1]","[17, 18]","['3536', '66935', '10825', '16951', '12376']",66935,1. **Different floorplan:** B,"1. **Different floorplan:** B
2. **Why:** Floorplan B is the only one that has an additional room (pink room) that is not present in the other four floorplans. This extra room disrupts the uniformity of the spatial layout compared to A, C, D, and E, which all have consistent room arrangements without any additional rooms."
"[7, 1]","[17, 18]","['17550', '51240', '10825', '8109', '12421']",51240,1. **Different floorplan:** B,"1. **Different floorplan:** B
2. **Why:** Floorplan B has an additional hallway extending from the main entrance that splits into two smaller hallways, which is not present in the other floorplans. This unique feature distinguishes it from A, C, D, and E, where the main entrance leads directly into the living room without any additional hallways branching off."
"[7, 1]","[17, 5]","['12421', '8109', '12376', '72055', '53652']",72055,1. **Different floorplan:** D,"1. **Different floorplan:** D
2. **Why:** Floorplan D has a unique arrangement where the master room (#FFA500) is positioned in the center, surrounded by a large common room (#FFD700) and a smaller balcony (#6B8E23). This central placement of the master room with surrounding spaces is distinct from the other floorplans, which typically have the master room either at one end or centrally but not surrounded by such a configuration. Additionally, the dining area (#DA70D6) is placed separately, which further distinguishes it from the more integrated layouts of the other floorplans."
"[17, 18]","[7, 22]","['21543', '46660', '70105', '31113', '21408']",31113,1. **Different floorplan:** E,"1. **Different floorplan:** E
2. **Why:** Floorplan E has a unique arrangement where the living room and dining area are directly connected without any intervening space, which is not present in the other floorplans. In contrast, floorplans A, B, C, and D all have a common pattern where the living room and dining area are separated by a hallway or another room, creating a more traditional flow from the entrance into the living and dining areas."
"[17, 18]","[7, 3]","['46660', '70105', '51240', '52457', '21408']",52457,1. **Different floorplan:** D,"1. **Different floorplan:** D
2. **Why:** Floorplan D has a unique configuration where the master room (#FFA500) is positioned in a way that it does not align with the typical layout seen in the other floorplans. In contrast, the other floorplans have the master room consistently placed in a similar position relative to the common room (#FFD700), living room (#EEE8AA), and other rooms. Floorplan D's master room is isolated and does not follow this pattern, making it stand out as having a different underlying floorplan pattern."
"[17, 21]","[7, 1]","['62454', '78147', '17550', '69704', '9795']",17550,1. **Different floorplan:** C,"1. **Different floorplan:** C
2. **Why:** Floorplan C has a unique arrangement where the master room (#FFA500) is positioned in the center, surrounded by a common room (#FFD700), a living room (#EEE8AA), and a balcony (#6B8E23). This central placement of the master room is distinct from the other floorplans, which typically place the master room either at one end or in a corner. Additionally, the kitchen (#F08080) and dining (#DA70D6) areas are located in different positions compared to the other floorplans, making it clear that C has a different underlying pattern."
"[17, 18]","[7, 3]","['66316', '66935', '46660', '21408', '75828']",75828,1. **Different floorplan:** E,"1. **Different floorplan:** E
2. **Why:** Floorplan E has a unique arrangement where the master room (#FFA500) is positioned in the center, surrounded by a common room (#FFD700), a living room (#EEE8AA), and a balcony (#6B8E23). This central placement of the master room with surrounding rooms is distinct from the other floorplans, which typically have the master room either at one end or centrally located but not surrounded by other rooms in this specific manner."
"[17, 18]","[7, 22]","['46660', '66935', '51240', '66316', '79411']",79411,1. **Different floorplan:** E,"1. **Different floorplan:** E
2. **Why:** Floorplan E has a unique arrangement where the master room (#FFA500) is positioned in a way that it does not align with the typical central placement seen in the other floorplans. In contrast, the other floorplans have the master room centrally located, which is a common pattern in residential designs. Additionally, the overall layout of E appears more compact and symmetrical compared to the others, suggesting a different underlying design philosophy."
"[17, 21]","[7, 20]","['9795', '55305', '78147', '40487', '69704']",55305,1. **Different floorplan:** B,"1. **Different floorplan:** B
2. **Why:** Floorplan B has a unique arrangement where the master room (#FFA500) is positioned in a way that it does not align with the typical central placement seen in the other floorplans. Additionally, the living room (#EEE8AA) and common room (#FFD700) are placed in a manner that differs from the symmetrical and consistent patterns observed in A, C, D, and E. The presence of a balcony (#6B8E23) in an unusual location further distinguishes it from the others."
"[7, 1]","[17, 18]","['12421', '66316', '3536', '16951', '8109']",66316,1. **Different floorplan:** C,"1. **Different floorplan:** C
2. **Why:** Floorplan C has a unique arrangement where the master room (#FFA500) is positioned at the top right corner, which is not typical in the other floorplans. In contrast, the other floorplans have the master room either centrally located or towards the bottom left, maintaining a more consistent pattern."
"[7, 1]","[17, 5]","['12376', '17550', '12421', '33045', '16951']",33045,1. **Different floorplan:** D,"1. **Different floorplan:** D
2. **Why:** Floorplan D has a unique arrangement where the master room (#FFA500) is positioned in a way that it does not align with the typical central placement seen in the other floorplans. Additionally, the kitchen (#F08080) is placed in an unusual location compared to the others, which suggests a different underlying pattern."
"[17, 18]","[7, 22]","['31693', '40679', '21408', '51240', '6955']",40679,1. **Different floorplan:** B,"1. **Different floorplan:** B
2. **Why:** Floorplan B has an additional section extending from the main entrance that is not present in the other floorplans. This extra section disrupts the uniformity of the spatial layout compared to A, C, D, and E, which all have a consistent pattern of rooms arranged around a central core."
"[17, 21]","[7, 20]","['69704', '40487', '9795', '2277', '62454']",2277,1. **Different floorplan:** D,"1. **Different floorplan:** D
2. **Why:** Floorplan D has a unique arrangement where the kitchen is positioned in the center with a large open space around it, which is not typical in the other floorplans. The other floorplans have the kitchen either at one end or integrated into a more compact layout. Additionally, the presence of a separate dining area in D, which is not present in the others, further distinguishes it from the rest."
"[17, 21]","[7, 3]","['9795', '62549', '62454', '40487', '64781']",64781,1. **Different floorplan:** E,"1. **Different floorplan:** E
2. **Why:** Floorplan E has a unique arrangement where the master room (#FFA500) is positioned in a way that it does not align with the typical central placement seen in the other floorplans. In contrast, the other floorplans have the master room centrally located, which is a common pattern in residential designs. Additionally, the overall layout of E appears more compact and less symmetrical compared to the others, suggesting a different underlying design philosophy."
"[7, 1]","[17, 18]","['51240', '10825', '53652', '17550', '12376']",51240,1. **Different floorplan:** A,"1. **Different floorplan:** A
2. **Why:** Floorplan A has a unique arrangement where the master room (#FFA500) is positioned in the corner, unlike the other floorplans which place the master room more centrally or towards one side. Additionally, the layout of the common rooms and living areas in floorplan A appears more fragmented compared to the more cohesive layouts in B, C, D, and E."
"[17, 5]","[7, 3]","['7913', '52457', '50221', '72055', '33045']",52457,1. **Different floorplan:** B,"1. **Different floorplan:** B
2. **Why:** Floorplan B has a unique arrangement where the master room (#FFA500) is positioned in a way that it does not align with the common room (#FFD700) and the living room (#EEE8AA) in the same horizontal line as seen in the other floorplans. Additionally, the balcony (#6B8E23) is placed in an isolated section, which is not typical in the other floorplans where the balcony is usually adjacent to the living area. This distinct placement makes floorplan B stand out from the others."
"[17, 21]","[7, 1]","['78147', '40487', '62549', '69704', '8109']",8109,1. **Different floorplan:** E,"1. **Different floorplan:** E
2. **Why:** Floorplan E has a unique arrangement where the master room (#FFA500) is positioned in a way that it does not align with the typical central placement seen in the other floorplans. In contrast, the other floorplans have the master room centrally located, which suggests a more symmetrical and standard layout. Additionally, the positioning of the common room (#FFD700) and the living room (#EEE8AA) in relation to the entrance and the rest of the rooms also differs from the others, indicating a distinct pattern."
"[17, 18]","[7, 1]","['66935', '31693', '21408', '16951', '70105']",16951,1. **Different floorplan:** D,"1. **Different floorplan:** D
2. **Why:** Floorplan D has a unique arrangement where the master room (#FFA500) is positioned vertically at the top, unlike the other floorplans which have the master room horizontally aligned with the common room (#FFD700). Additionally, the kitchen (#F08080) in D is located at the bottom right corner, whereas it is typically found adjacent to the dining area in the other floorplans. This vertical orientation of the master room and the placement of the kitchen make D stand out from the others."
"[17, 21]","[7, 22]","['62549', '40487', '9795', '78147', '31113']",31113,1. **Different floorplan:** E,"1. **Different floorplan:** E
2. **Why:** Floorplan E has a unique arrangement where the living room and dining area are combined into one large space, which is not present in the other floorplans. In contrast, floorplans A, B, C, and D each have distinct layouts with separate living rooms and dining areas."
"[7, 20]","[17, 21]","['2425', '54372', '69704', '2277', '55305']",69704,1. **Different floorplan:** C,"1. **Different floorplan:** C
2. **Why:** Floorplan C has a unique arrangement where the master room (#FFA500) is positioned in the center, surrounded by a common room (#FFD700), a living room (#EEE8AA), and a balcony (#6B8E23). This central placement of the master room is distinct from the other floorplans, which typically have the master room either at one end or centrally located but not surrounded by other rooms in this specific manner. Additionally, the spatial distribution of the other rooms around the master room in C is more compact compared to the other floorplans, suggesting a different underlying pattern."
"[17, 18]","[7, 3]","['21408', '66935', '75828', '46660', '70105']",75828,1. **Different floorplan:** C,"1. **Different floorplan:** C
2. **Why:** Floorplan C has a unique arrangement where the master room (#FFA500) is positioned in the center, surrounded by a common room (#FFD700), a living room (#EEE8AA), and a balcony (#6B8E23). This central placement of the master room is distinct from the other floorplans, which typically have the master room either at one end or centrally located but not surrounded by other rooms in this specific manner. Additionally, the spatial distribution of the other rooms around the master room in C is more compact compared to the more spread-out layouts in A, B, D, and E."
"[17, 18]","[7, 20]","['51240', '66316', '70105', '2277', '31693']",2277,1. **Different floorplan:** E,"1. **Different floorplan:** E
2. **Why:** Floorplan E has a distinct arrangement of rooms compared to the others. It features a single large open space with a smaller room attached at one end, which is not present in the other floorplans. The other floorplans have more varied and complex layouts with multiple connected rooms of varying sizes."
"[7, 1]","[17, 5]","['3536', '33045', '16951', '12421', '53652']",33045,1. **Different floorplan:** B,"1. **Different floorplan:** B
2. **Why:** Floorplan B has a unique arrangement where the master room (#FFA500) is positioned in a way that it does not align with the typical central placement seen in the other floorplans. Additionally, the living room (#EEE8AA) and common room (#FFD700) are placed in a manner that differs from the symmetrical and consistent patterns observed in A, C, D, and E. The presence of a small balcony (#6B8E23) at the top right corner also stands out as an unusual feature compared to the other floorplans."
"[7, 1]","[17, 21]","['12376', '16951', '12421', '10825', '62454']",62454,1. **Different floorplan:** E,"1. **Different floorplan:** E
2. **Why:** Floorplan E has a unique arrangement where the master room (#FFA500) is positioned in the top right corner, which is not seen in any of the other floorplans. All other floorplans have the master room in the bottom left corner. This distinct placement makes it the one with a different underlying pattern."
"[7, 22]","[17, 21]","['79411', '40679', '31113', '62549', '23132']",62549,1. **Different floorplan:** D,"1. **Different floorplan:** D
2. **Why:** Floorplan D has a unique layout compared to the others. It features a large central open space that appears to be a living area, which is not present in the other floorplans. The rest of the floorplans have more distinct room divisions with clear boundaries between different areas such as bedrooms, bathrooms, and kitchens. Floorplan D's central open space suggests a different design philosophy, possibly aiming for a more spacious and open living environment."
"[7, 1]","[17, 5]","['53652', '33045', '10825', '17550', '8109']",33045,1. **Different floorplan:** B,"1. **Different floorplan:** B
2. **Why:** Floorplan B has a unique arrangement where the master room (#FFA500) is positioned in a way that it does not align with the typical central placement seen in the other floorplans. Additionally, the living room (#EEE8AA) and common room (#FFD700) are placed in a manner that differs from the symmetrical and consistent patterns observed in A, C, D, and E. The presence of a balcony (#6B8E23) in an unusual location also contributes to the distinctiveness of floorplan B."
"[17, 18]","[7, 22]","['21543', '40679', '46660', '6955', '31693']",40679,1. **Different floorplan:** E,"1. **Different floorplan:** E
2. **Why:** Floorplan E has a distinct layout compared to the others. It features a single large open space with a smaller room attached at one end, which is not present in the other floorplans. The other floorplans have more complex layouts with multiple rooms and corridors, making them more similar to each other in terms of overall structure."
"[7, 1]","[17, 21]","['10825', '62454', '53652', '16951', '12376']",62454,1. **Different floorplan:** C,"1. **Different floorplan:** C
2. **Why:** Floorplan C has a unique arrangement where the master room (#FFA500) is positioned in the center, surrounded by a common room (#FFD700), a living room (#EEE8AA), and a balcony (#6B8E23). This central placement of the master room is distinct from the other floorplans, which typically place the master room either at one end or in a corner. Additionally, the spatial distribution of the other rooms around the master room in C is more symmetrical compared to the other floorplans, which have a more varied and less symmetrical layout."
"[17, 21]","[7, 20]","['54372', '40487', '62549', '78147', '62454']",54372,1. **Different floorplan:** A,"1. **Different floorplan:** A
2. **Why:** Floorplan A has a unique arrangement of rooms compared to the others. It features a central common room with multiple smaller rooms branching off from it, which is not present in the other floorplans. The other floorplans have a more linear or symmetrical layout with a clear path from the entrance to the main living areas, whereas A has a more complex and less predictable layout."
"[17, 21]","[7, 1]","['9795', '12421', '62454', '69704', '40487']",12421,1. **Different floorplan:** B,"1. **Different floorplan:** B
2. **Why:** Floorplan B has a unique arrangement where the master room (#FFA500) is positioned in a way that it does not align with the typical central placement seen in the other floorplans. Additionally, the kitchen (#F08080) and dining area (#DA70D6) are placed in a manner that differs from the others, creating a distinct pattern."
"[17, 18]","[7, 22]","['21408', '66935', '31113', '51240', '31693']",31113,1. **Different floorplan:** E,"1. **Different floorplan:** E
2. **Why:** Floorplan E has a unique arrangement where the master room (#FFA500) is positioned in a way that it does not align with the typical central placement seen in the other floorplans. In contrast, the other floorplans have the master room centrally located, which is a common pattern in apartment designs. Additionally, the overall layout of E appears more compact and less symmetrical compared to the others, suggesting a different underlying pattern."
"[17, 18]","[7, 20]","['6955', '31693', '46660', '66935', '54372']",54372,1. **Different floorplan:** E,"1. **Different floorplan:** E
2. **Why:** Floorplan E has a unique arrangement where the master room (#FFA500) is positioned in the center, surrounded by a common room (#FFD700), a living room (#EEE8AA), and a balcony (#6B8E23). This central placement of the master room is distinct from the other floorplans, which typically have the master room either at one end or centrally located but not surrounded by other rooms in this specific manner."
"[7, 1]","[17, 18]","['53652', '3536', '46660', '8109', '17550']",46660,1. **Different floorplan:** C,"1. **Different floorplan:** C
2. **Why:** Floorplan C has a distinct arrangement of rooms compared to the others. It features a central hallway with a master room on one side and a common room on the opposite side, which is not present in the other floorplans. The other floorplans have more symmetrical layouts with multiple rooms branching off from a central area, making them more uniform in their design."
"[7, 1]","[17, 21]","['17550', '12376', '8109', '9795', '53652']",9795,1. **Different floorplan:** D,"1. **Different floorplan:** D
2. **Why:** Floorplan D has a unique arrangement where the master room (#FFA500) is positioned in a way that it does not align with the common room (#FFD700) and the living room (#EEE8AA) in the same horizontal line as seen in the other floorplans. Additionally, the kitchen (#F08080) and dining (#DA70D6) areas are placed differently compared to the rest, creating a distinct pattern."
"[17, 18]","[7, 22]","['66316', '40679', '51240', '66935', '21408']",40679,1. **Different floorplan:** E,"1. **Different floorplan:** E
2. **Why:** Floorplan E has a unique arrangement where the master room (#FFA500) is positioned in a way that it does not align with the typical central placement seen in the other floorplans. In contrast, the other floorplans have the master room centrally located, which is a common pattern in apartment designs. Additionally, the layout of the common rooms and living areas in E differs significantly from the others, suggesting a different underlying pattern."
"[17, 18]","[7, 1]","['53652', '70105', '46660', '31693', '66935']",53652,1. **Different floorplan:** E,"1. **Different floorplan:** E
2. **Why:** Floorplan E has a unique arrangement where the master room (#FFA500) is positioned in a way that it does not align with the typical central placement seen in the other floorplans. In contrast, the other floorplans have the master room centrally located, which is a common pattern in residential designs. Additionally, the layout of the common rooms and living areas in E differs significantly from the others, suggesting a different underlying pattern."
"[7, 1]","[17, 5]","['16951', '53652', '12376', '3536', '50221']",50221,1. **Different floorplan:** E,"1. **Different floorplan:** E
2. **Why:** Floorplan E has a unique arrangement where the master room (#FFA500) is positioned in a way that it does not align with the typical central placement seen in the other floorplans. Additionally, the dining area (#DA70D6) is placed unusually close to the entrance, which deviates from the more standard layouts observed in A, B, C, and D. The other floorplans maintain a consistent pattern of placing the master room centrally and the dining area further away from the entrance."
"[17, 18]","[7, 22]","['46660', '31693', '40679', '21543', '66316']",40679,1. **Different floorplan:** C,"1. **Different floorplan:** C
2. **Why:** Floorplan C has a unique arrangement where the master room (#FFA500) is positioned in a way that it does not align with the typical central placement seen in the other floorplans. Additionally, the living room (#EEE8AA) and common room (#FFD700) are placed in a manner that differs from the symmetrical and consistent patterns observed in A, B, D, and E. The presence of the balcony (#6B8E23) and the positioning of the dining area (#DA70D6) also contribute to the distinct layout of C compared to the others."
"[17, 18]","[7, 1]","['16951', '21408', '70105', '66316', '66935']",16951,1. **Different floorplan:** B,"1. **Different floorplan:** B
2. **Why:** Floorplan B has an additional hallway branching off from the main entrance that is not present in the other floorplans. This extra hallway creates a unique pattern compared to A, C, D, and E, which all have a more straightforward layout with no such additional hallway."
"[7, 3]","[17, 5]","['64781', '33045', '52457', '75828', '61767']",33045,1. **Different floorplan:** C,"1. **Different floorplan:** C
2. **Why:** Floorplan C has a unique arrangement where the master room (#FFA500) is positioned in the center, surrounded by other rooms, which is not typical in the other floorplans. In contrast, the other floorplans have the master room either at one end or in a corner, with the rest of the rooms distributed around it in a more symmetrical manner. This central placement of the master room in C stands out as the distinguishing feature."
"[7, 1]","[17, 21]","['9795', '10825', '17550', '12421', '8109']",9795,1. **Different floorplan:** C,"1. **Different floorplan:** C
2. **Why:** Floorplan C has a unique arrangement where the master room (#FFA500) is positioned in a way that it does not align with the typical central placement seen in the other floorplans. In contrast, the other floorplans have the master room centrally located, which suggests a more symmetrical and standard layout. Additionally, the positioning of the common room (#FFD700) and the living room (#EEE8AA) in relation to the entrance and the rest of the rooms also differs from the others, indicating a distinct pattern."
"[17, 18]","[7, 22]","['6955', '51240', '46660', '31693', '23132']",23132,1. **Different floorplan:** E,"1. **Different floorplan:** E
2. **Why:** Floorplan E has a unique layout compared to the others. It features a single large open space with no distinct rooms, which is unlike the other floorplans that have clearly defined rooms such as living rooms, bedrooms, and kitchens. The other floorplans (A, B, C, and D) all have a more traditional layout with separate rooms, making E stand out as having a different underlying pattern."
"[17, 21]","[7, 3]","['64781', '40487', '78147', '62549', '69704']",64781,1. **Different floorplan:** A,"1. **Different floorplan:** A
2. **Why:** Floorplan A has a unique arrangement where the common room (yellow) is directly adjacent to the main entrance, which is not the case in the other floorplans. In contrast, the other floorplans have the main entrance leading into a hallway or another room before reaching the common area. This distinctive feature makes floorplan A stand out from the others."
"[7, 22]","[17, 5]","['23132', '31113', '40679', '79411', '72055']",72055,1. **Different floorplan:** E,"1. **Different floorplan:** E
2. **Why:** Floorplan E has a unique arrangement where the living room and dining area are combined into one large space, which is not present in the other floorplans. In contrast, the other floorplans have distinct separate living rooms and dining areas. Additionally, the overall layout of E appears more compact and integrated compared to the others, suggesting a different underlying pattern."
"[7, 1]","[17, 18]","['17550', '8109', '10825', '53652', '46660']",46660,1. **Different floorplan:** E,"1. **Different floorplan:** E
2. **Why:** Floorplan E has a unique arrangement where the master room (#FFA500) is positioned in a way that it does not align with the typical central placement seen in the other floorplans. Additionally, the kitchen (#F08080) and dining area (#DA70D6) are placed in a manner that differs from the standard layout observed in A, B, C, and D, where these rooms are typically adjacent to the living room (#EEE8AA). The presence of a separate storage area (#DDA0DD) in a different location also contributes to the distinctiveness of floorplan E."
"[17, 18]","[7, 22]","['79411', '21408', '70105', '51240', '31693']",79411,1. **Different floorplan:** B,"1. **Different floorplan:** B
2. **Why:** Floorplan B has an additional section extending from the main entrance that is not present in the other floorplans. This extra section disrupts the uniformity of the underlying pattern shared by A, C, D, and E. The other floorplans maintain a consistent layout with no such extension."
"[17, 18]","[7, 3]","['21543', '46660', '6955', '21408', '75828']",75828,1. **Different floorplan:** E,"1. **Different floorplan:** E
2. **Why:** Floorplan E has a distinct arrangement of rooms compared to the others. It features a single large common room with a smaller adjacent room, which is not typical in the other floorplans where the common room is often larger and more centrally located. Additionally, the layout of the other rooms around this central area is unique to E, making it stand out from the rest."
"[17, 21]","[7, 1]","['9795', '78147', '62549', '40487', '10825']",10825,1. **Different floorplan:** E,"1. **Different floorplan:** E
2. **Why:** Floorplan E has a unique arrangement where the master room (#FFA500) is positioned in the center, surrounded by a common room (#FFD700), a living room (#EEE8AA), and a balcony (#6B8E23). This central placement of the master room is distinct from the other floorplans, which typically have the master room either at one end or centrally located but not surrounded by other rooms in this specific manner. Additionally, the dining area (#DA70D6) is placed in a way that it does not connect directly to the main entrance, unlike the other floorplans where the dining area is more accessible."
"[17, 18]","[7, 3]","['31693', '21543', '6955', '52457', '46660']",52457,1. **Different floorplan:** D,"1. **Different floorplan:** D
2. **Why:** Floorplan D has a unique arrangement where the kitchen is positioned at the top right corner, which is not seen in the other floorplans. All other floorplans have the kitchen either at the bottom left or the bottom right, with the rest of the rooms arranged around it in a more symmetrical manner. This distinct placement makes D stand out from the others."
"[7, 1]","[17, 18]","['16951', '12421', '8109', '66316', '10825']",66316,1. **Different floorplan:** D,"1. **Different floorplan:** D
2. **Why:** Floorplan D has a unique arrangement where the master room (#FFA500) is positioned in a way that it does not align with the common room (#FFD700) and the living room (#EEE8AA) in the same horizontal line as seen in the other floorplans. Additionally, the kitchen (#F08080) and dining (#DA70D6) areas are placed differently compared to the others, suggesting a distinct layout pattern."
"[17, 18]","[7, 20]","['31693', '66935', '2277', '6955', '21408']",2277,1. **Different floorplan:** E,"1. **Different floorplan:** E
2. **Why:** Floorplan E has a unique arrangement where the master room (#FFA500) is positioned in a way that it does not align with the typical central placement seen in the other floorplans. In contrast, the other floorplans have the master room centrally located, which suggests a more symmetrical and standard layout. Additionally, the distribution of other rooms around the master room in E is less uniform compared to the others, indicating a different underlying pattern."
"[17, 18]","[7, 3]","['21408', '64781', '66935', '66316', '21543']",64781,1. **Different floorplan:** D,"1. **Different floorplan:** D
2. **Why:** Floorplan D has a distinct arrangement of rooms compared to the others. It lacks the central common room and the symmetrical distribution of rooms around it, which is present in the other floorplans. Instead, it features a more linear layout with a smaller kitchen and a different configuration of the living room and dining area."
"[17, 21]","[7, 22]","['79411', '62549', '9795', '62454', '78147']",79411,1. **Different floorplan:** B,"1. **Different floorplan:** B
2. **Why:** Floorplan B has a unique arrangement where the master room (#FFA500) is positioned in a way that it does not align with the typical central placement seen in the other floorplans. Additionally, the kitchen (#F08080) is located at the far end of the floorplan, which is less common compared to the other floorplans where the kitchen is usually closer to the entrance. This distinct placement makes floorplan B stand out from the others."
"[7, 1]","[17, 21]","['78147', '10825', '12376', '3536', '12421']",78147,1. **Different floorplan:** D,"1. **Different floorplan:** D
2. **Why:** Floorplan D has a unique arrangement where the master room (#FFA500) is positioned in the upper right corner, which is not typical for the other floorplans. In contrast, the other floorplans have the master room in the lower left or central position. Additionally, the layout of the common rooms and living rooms in floorplan D differs significantly from the others, making it stand out as having a different underlying pattern."
"[17, 21]","[7, 20]","['69704', '62549', '78147', '62454', '2277']",2277,1. **Different floorplan:** E,"1. **Different floorplan:** E
2. **Why:** Floorplan E has a unique arrangement where the living room and dining area are directly adjacent without any intervening space, which is not observed in the other floorplans. In contrast, floorplans A, B, C, and D all have a more traditional layout with a corridor separating the living room from the dining area. This distinct feature makes floorplan E stand out as having a different underlying pattern compared to the others."
"[17, 21]","[7, 22]","['78147', '69704', '62454', '79411', '40487']",79411,1. **Different floorplan:** D,"1. **Different floorplan:** D
2. **Why:** Floorplan D has a unique arrangement where the living room and kitchen are directly connected without any intervening space, unlike the other floorplans which have a clear separation between the living room and kitchen. This direct connection in D creates a different underlying pattern compared to the others."
"[17, 18]","[7, 3]","['31693', '75828', '51240', '21543', '6955']",75828,1. **Different floorplan:** B,"1. **Different floorplan:** B
2. **Why:** Floorplan B has a unique arrangement where the master room (#FFA500) is positioned in a way that it does not align with the typical central placement seen in the other floorplans. Additionally, the living room (#EEE8AA) and common room (#FFD700) are placed in a manner that differs from the symmetrical and consistent patterns observed in A, C, D, and E. The presence of the balcony (#6B8E23) and the positioning of the dining area (#DA70D6) also contribute to the distinctiveness of floorplan B compared to the others."
"[7, 1]","[17, 5]","['8109', '10825', '53652', '12376', '7913']",7913,1. **Different floorplan:** E,"1. **Different floorplan:** E
2. **Why:** Floorplan E has a unique arrangement where the master room (#FFA500) is positioned in a way that it does not align with the typical central placement seen in the other floorplans. In contrast, the other floorplans have the master room centrally located, which is a common pattern in residential designs. Additionally, the layout of the common rooms and living areas in E differs significantly from the others, suggesting a different underlying pattern."
"[17, 21]","[7, 22]","['78147', '9795', '69704', '31113', '62454']",31113,1. **Different floorplan:** D,"1. **Different floorplan:** D
2. **Why:** Floorplan D has a unique arrangement where the kitchen is positioned in a way that it does not align with the typical layout seen in the other four floorplans. In contrast, the other four floorplans have kitchens that are consistently placed either adjacent to the living room or the master room, maintaining a standard spatial relationship. Floorplan D deviates from this by having the kitchen separated from the main living areas, which suggests a different underlying pattern."
"[17, 18]","[7, 1]","['46660', '17550', '21408', '21543', '51240']",17550,1. **Different floorplan:** E,"1. **Different floorplan:** E
2. **Why:** Floorplan E has a unique arrangement where the master room (#FFA500) is positioned in a way that it does not align with the typical central placement seen in the other floorplans. In contrast, the other floorplans have the master room centrally located, which is a common pattern in apartment designs. Additionally, the layout of the common rooms and living areas in floorplan E differs from the others, suggesting a different underlying pattern."
"[17, 18]","[7, 22]","['31693', '66935', '6955', '66316', '23132']",23132,1. **Different floorplan:** E,"1. **Different floorplan:** E
2. **Why:** Floorplan E has a unique arrangement where the common room and the master room are directly adjacent without any intervening space, which is not observed in the other floorplans. In contrast, floorplans A, B, C, and D all have a more traditional layout with additional spaces between the common room and the master room."
"[17, 21]","[7, 1]","['3536', '62549', '9795', '40487', '78147']",3536,1. **Different floorplan:** B,"1. **Different floorplan:** B
2. **Why:** Floorplan B has a unique arrangement where the master room (#FFA500) is positioned in a way that it does not align with the typical central placement seen in the other floorplans. Additionally, the kitchen (#F08080) and dining area (#DA70D6) are placed in a manner that differs from the others, creating a distinct pattern."
"[17, 18]","[7, 20]","['21408', '55305', '66935', '70105', '21543']",55305,1. **Different floorplan:** E,"1. **Different floorplan:** E
2. **Why:** Floorplan E has a unique arrangement where the master room (#FFA500) is positioned in a way that it does not align with the typical central placement seen in the other floorplans. In contrast, the other floorplans have the master room centrally located, which suggests a more symmetrical and standard layout. Additionally, the positioning of the common room (#FFD700) and the living room (#EEE8AA) in relation to the entrance and the rest of the rooms also differs from the others, indicating a distinct pattern."
"[7, 22]","[17, 5]","['79411', '31113', '40679', '23132', '7913']",7913,1. **Different floorplan:** E,"1. **Different floorplan:** E
2. **Why:** Floorplan E has a unique arrangement where the common room and the master room are adjacent to each other in a way that differs from the other floorplans. In contrast, floorplans A, B, C, and D all have the common room and the master room separated by at least one other room type, creating a more distinct separation between these two rooms compared to floorplan E."
"[17, 18]","[7, 22]","['21408', '66316', '6955', '79411', '31693']",79411,1. **Different floorplan:** D,"1. **Different floorplan:** D
2. **Why:** Floorplan D has a unique arrangement where the living room and dining area are directly adjacent without any intervening space, unlike the other floorplans which typically have a corridor or another room separating them. This direct adjacency is not present in the other floorplans, making it distinct from the others."
"[17, 21]","[7, 3]","['64781', '62454', '69704', '9795', '78147']",64781,1. **Different floorplan:** A,"1. **Different floorplan:** A
2. **Why:** Floorplan A has a unique arrangement where the common room (yellow) is located in the lower left corner, which is not typical for the other floorplans. In contrast, the other floorplans have the common room positioned more centrally or towards the top, with the master room (orange) and living room (light yellow) forming a more consistent pattern around it. Additionally, the placement of the balcony (green) and bathroom (blue) also differs significantly from the others, making A stand out as having a different underlying pattern."
"[17, 18]","[7, 20]","['21408', '2277', '70105', '31693', '46660']",2277,1. **Different floorplan:** E,"1. **Different floorplan:** E
2. **Why:** Floorplan E has a unique arrangement where the master room (#FFA500) is positioned in a way that it does not align with the typical central placement seen in the other floorplans. In contrast, the other floorplans have the master room centrally located, which is a common pattern observed in the remaining four floorplans."
"[17, 18]","[7, 20]","['21408', '66316', '21543', '55305', '51240']",55305,1. **Different floorplan:** E,"1. **Different floorplan:** E
2. **Why:** Floorplan E has a unique arrangement where the master room (#FFA500) is positioned in a way that it does not align with the typical central placement seen in the other floorplans. In contrast, the other floorplans have the master room centrally located, which is a common pattern in apartment designs. Additionally, the overall layout of E appears more compact and less symmetrical compared to the others, suggesting a different underlying pattern."
"[17, 18]","[7, 3]","['66935', '61767', '6955', '70105', '51240']",61767,1. **Different floorplan:** B,"1. **Different floorplan:** B
2. **Why:** Floorplan B has a unique arrangement where the master room (#FFA500) is positioned in a way that it does not align with the typical central placement seen in the other floorplans. Additionally, the living room (#EEE8AA) and common room (#FFD700) are placed in a manner that differs from the symmetrical and consistent patterns observed in A, C, D, and E. The presence of the balcony (#6B8E23) and the positioning of the dining area (#DA70D6) also contribute to the distinctiveness of floorplan B compared to the others."
"[17, 18]","[7, 3]","['66316', '6955', '66935', '21408', '64781']",64781,1. **Different floorplan:** E,"1. **Different floorplan:** E
2. **Why:** Floorplan E has a unique arrangement where the master room (#FFA500) is positioned in a way that it does not align with the typical central placement seen in the other floorplans. In contrast, the other floorplans have the master room centrally located, which is a common pattern observed in the other four floorplans. This deviation from the central placement makes E stand out as having a different underlying pattern."
"[17, 18]","[7, 1]","['46660', '21408', '17550', '51240', '70105']",17550,1. **Different floorplan:** B,"1. **Different floorplan:** B
2. **Why:** Floorplan B has a unique arrangement where the master room (#FFA500) is positioned in the center, surrounded by other rooms, which is not typical in the other floorplans. In contrast, the other floorplans have the master room either at one end or in a corner, with the rest of the rooms distributed around it in a more symmetrical manner. This central placement of the master room in B stands out as the distinguishing feature."
"[17, 18]","[7, 22]","['21543', '66316', '21408', '46660', '40679']",40679,1. **Different floorplan:** E,"1. **Different floorplan:** E
2. **Why:** Floorplan E has a unique arrangement where the master room (#FFA500) is positioned in a way that it does not align with the typical central placement seen in the other floorplans. In contrast, the other floorplans have the master room centrally located, which is a common pattern in apartment designs. Additionally, the layout of the common rooms and living areas in floorplan E differs significantly from the others, suggesting a different underlying pattern."
"[17, 18]","[7, 22]","['40679', '6955', '21543', '70105', '31693']",40679,1. **Different floorplan:** E,"1. **Different floorplan:** E
2. **Why:** Floorplan E has a unique arrangement where the living room and dining area are directly adjacent without any intervening space, which is not observed in the other floorplans. In contrast, floorplans A, B, C, and D all have a common pattern where the living room and dining area are separated by a hallway or another room type, such as a common room or storage. This distinct layout makes floorplan E stand out from the others."
"[17, 18]","[7, 20]","['31693', '66935', '51240', '70105', '55305']",55305,1. **Different floorplan:** E,"1. **Different floorplan:** E
2. **Why:** Floorplan E has a unique arrangement where the living room and dining area are directly adjacent without any intervening space, which is not observed in the other floorplans. In contrast, the other floorplans have a more traditional layout with hallways separating the living and dining areas."
"[17, 18]","[7, 20]","['31693', '2425', '21408', '46660', '66316']",2425,1. **Different floorplan:** B,"1. **Different floorplan:** B
2. **Why:** Floorplan B has a unique arrangement where the master room (#FFA500) is positioned in a way that it does not align with the typical central placement seen in the other floorplans. Additionally, the living room (#EEE8AA) and common room (#FFD700) are placed in a manner that differs from the symmetrical and consistent patterns observed in A, C, D, and E. The presence of the balcony (#6B8E23) and the positioning of the dining area (#DA70D6) also contribute to the distinctiveness of floorplan B."
"[17, 18]","[7, 3]","['6955', '31693', '66316', '21543', '52457']",52457,1. **Different floorplan:** E,"1. **Different floorplan:** E
2. **Why:** Floorplan E has a distinct arrangement of rooms compared to the others. It features a single large room with a smaller room attached to it, which is not present in the other floorplans. The other floorplans have more complex layouts with multiple interconnected rooms, making them more similar to each other in terms of overall structure."
"[7, 3]","[17, 21]","['64781', '61767', '52457', '9795', '75828']",9795,1. **Different floorplan:** C,"1. **Different floorplan:** C
2. **Why:** Floorplan C has a distinct arrangement of rooms compared to the others. It features a central hallway with a staircase leading up, which is not present in the other floorplans. Additionally, the distribution of room types and their relative sizes differs significantly from the more uniform layouts of A, B, D, and E."
"[7, 1]","[17, 21]","['3536', '78147', '53652', '8109', '12421']",78147,1. **Different floorplan:** D,"1. **Different floorplan:** D
2. **Why:** Floorplan D has a unique arrangement where the master room (#FFA500) is positioned in a way that it does not align with the typical central placement seen in the other floorplans. In contrast, the other floorplans have the master room centrally located, which suggests a more symmetrical and standard layout. Additionally, the positioning of the common room (#FFD700) and the living room (#EEE8AA) in relation to the entrance and the rest of the rooms also differs from the others, indicating a distinct pattern."
"[17, 18]","[7, 1]","['12376', '6955', '31693', '21543', '66935']",12376,1. **Different floorplan:** C,"1. **Different floorplan:** C
2. **Why:** Floorplan C has a distinct arrangement of rooms compared to the others. It features a central hallway with a master room directly connected to it, which is not present in the other floorplans. The other floorplans have more symmetrical layouts with multiple rooms branching off from a central area, whereas C has a linear progression of spaces leading to the main entrance."
"[17, 5]","[7, 1]","['7913', '33045', '17550', '72055', '50221']",17550,1. **Different floorplan:** C,"1. **Different floorplan:** C
2. **Why:** Floorplan C has a unique arrangement where the master room (#FFA500) is positioned at the top right corner, which is not typical in the other floorplans. In contrast, the other floorplans have the master room either centrally located or towards the bottom left, maintaining a more consistent pattern."
"[7, 1]","[17, 5]","['50221', '12421', '16951', '8109', '10825']",50221,1. **Different floorplan:** A,"1. **Different floorplan:** A
2. **Why:** Floorplan A has a unique arrangement where the master room (#FFA500) is positioned in the corner, unlike the other floorplans where the master room is typically placed centrally or near the center. Additionally, the layout of the common rooms and living areas in floorplan A does not follow the same pattern as the other floorplans, which have more symmetrical and consistent room placements."
"[17, 21]","[7, 20]","['9795', '78147', '2277', '62454', '62549']",2277,1. **Different floorplan:** C,"1. **Different floorplan:** C
2. **Why:** Floorplan C has a unique arrangement where the master room (#FFA500) is positioned in the center, surrounded by a living room (#EEE8AA) and a balcony (#6B8E23). This central placement of the master room with additional rooms around it is distinct from the other floorplans, which typically have the master room either at one end or centrally but not surrounded by other rooms in this specific manner."
"[17, 18]","[7, 1]","['70105', '31693', '6955', '12376', '21408']",12376,1. **Different floorplan:** D,"1. **Different floorplan:** D
2. **Why:** Floorplan D has a unique arrangement where the master room (#FFA500) is positioned in a way that it does not align with the typical central placement seen in the other floorplans. In contrast, the other floorplans have the master room centrally located, which suggests a more symmetrical and standard layout. Additionally, the positioning of the common room (#FFD700) and the living room (#EEE8AA) in relation to the entrance and the rest of the rooms also differs from the others, indicating a distinct pattern."
"[17, 18]","[7, 1]","['66935', '70105', '53652', '21543', '66316']",53652,1. **Different floorplan:** C,"1. **Different floorplan:** C
2. **Why:** Floorplan C has a unique arrangement where the master room (#FFA500) is positioned in a way that it does not align with the typical central placement seen in the other floorplans. Additionally, the living room (#EEE8AA) and common room (#FFD700) are placed in a manner that differs from the symmetrical and consistent patterns observed in A, B, D, and E. The presence of a balcony (#6B8E23) at the top right corner also stands out due to its size and position compared to the other floorplans."
"[17, 18]","[7, 22]","['70105', '21543', '31113', '51240', '66935']",31113,1. **Different floorplan:** C,"1. **Different floorplan:** C
2. **Why:** Floorplan C has a distinct arrangement of rooms compared to the others. It features a central rectangular area with a smaller room attached to one side, which is not present in the other floorplans. The rest of the floorplans have a more symmetrical and consistent layout with larger, interconnected spaces."
"[17, 21]","[7, 1]","['40487', '53652', '78147', '9795', '69704']",53652,1. **Different floorplan:** B,"1. **Different floorplan:** B
2. **Why:** Floorplan B has a unique arrangement where the master room (#FFA500) is positioned in a way that it does not align with the typical central placement seen in the other floorplans. Additionally, the kitchen (#F08080) and dining area (#DA70D6) are placed in a manner that differs from the others, creating a distinct pattern."
"[7, 1]","[17, 18]","['3536', '8109', '12376', '46660', '53652']",46660,1. **Different floorplan:** D,"1. **Different floorplan:** D
2. **Why:** Floorplan D has a unique arrangement where the kitchen is positioned in the center, surrounded by other rooms, which differs from the other floorplans where the kitchen is typically located at one end or another side of the layout. Additionally, the presence of a large balcony in the center of D also sets it apart from the others, which do not have such a prominent central feature."
"[7, 1]","[17, 5]","['7913', '8109', '16951', '17550', '10825']",7913,1. **Different floorplan:** C,"1. **Different floorplan:** C
2. **Why:** Floorplan C has a unique arrangement where the master room (#FFA500) is positioned at the top right corner, which is not seen in the other floorplans. All other floorplans have the master room either in the bottom left or middle-left area. This distinct placement makes it stand out from the others."
"[17, 18]","[7, 1]","['6955', '21408', '46660', '21543', '8109']",8109,1. **Different floorplan:** E,"1. **Different floorplan:** E
2. **Why:** Floorplan E has a unique arrangement where the master room (#FFA500) is positioned in a way that it does not align with the typical central placement seen in the other floorplans. In contrast, the other floorplans have the master room centrally located, which suggests a more symmetrical and standard layout. Additionally, the distribution of other rooms like the common room (#FFD700), living room (#EEE8AA), and kitchen (#F08080) also follows a consistent pattern across A, B, C, and D, but not in E."
"[17, 18]","[7, 3]","['66935', '75828', '6955', '21543', '66316']",75828,1. **Different floorplan:** B,"1. **Different floorplan:** B
2. **Why:** Floorplan B has a unique arrangement where the master room (#FFA500) is positioned in the center, surrounded by other rooms, which is not typical in the other floorplans. In contrast, the other floorplans have the master room either at one end or in a corner, with the rest of the rooms distributed around it in a more symmetrical manner. This central placement of the master room in B makes it stand out from the others."
"[17, 18]","[7, 1]","['6955', '66316', '51240', '31693', '12376']",12376,1. **Different floorplan:** E,"1. **Different floorplan:** E
2. **Why:** Floorplan E has a unique arrangement where the master room (#FFA500) is positioned in a way that it does not align with the typical central placement seen in the other floorplans. In contrast, the other floorplans have the master room centrally located, which is a common pattern in residential designs. Additionally, the overall layout of E appears more compact and less symmetrical compared to the others, suggesting a different underlying pattern."
"[17, 18]","[7, 22]","['6955', '51240', '66935', '46660', '31113']",31113,1. **Different floorplan:** B,"1. **Different floorplan:** B
2. **Why:** Floorplan B has a unique arrangement where the master room (#FFA500) is positioned in a way that it does not align with the typical central placement seen in the other floorplans. Additionally, the living room (#EEE8AA) and common room (#FFD700) are placed in a manner that differs from the symmetrical and consistent patterns observed in A, C, D, and E. The presence of the balcony (#6B8E23) and the positioning of the dining area (#DA70D6) also contribute to the distinctiveness of floorplan B compared to the others."
"[17, 21]","[7, 3]","['62454', '78147', '69704', '64781', '62549']",64781,1. **Different floorplan:** D,"1. **Different floorplan:** D
2. **Why:** Floorplan D has a unique arrangement where the kitchen is positioned in a way that it does not align with the typical layout seen in the other four floorplans. In contrast, the other four floorplans have kitchens that are consistently placed in a similar position relative to the main entrance and other rooms. Floorplan D's kitchen is more isolated and does not follow the same pattern as the others, making it stand out as having a different underlying pattern."
"[7, 1]","[17, 5]","['50221', '8109', '12376', '16951', '10825']",50221,1. **Different floorplan:** D,"1. **Different floorplan:** D
2. **Why:** Floorplan D has a unique arrangement where the master room (#FFA500) is positioned at the top right corner, which is not seen in the other floorplans. All other floorplans have the master room either in the center or towards the bottom left, making D stand out with its distinct placement."
"[17, 18]","[7, 22]","['46660', '66935', '40679', '6955', '31693']",40679,1. **Different floorplan:** E,"1. **Different floorplan:** E
2. **Why:** Floorplan E has a unique arrangement where the master room (#FFA500) is positioned in the center, surrounded by other rooms, which is not typical in the other floorplans. In contrast, the other floorplans have the master room either at one end or in a corner, with the rest of the rooms distributed around it in a more symmetrical manner. This central placement of the master room in E stands out as different from the others."
"[17, 18]","[7, 3]","['70105', '75828', '51240', '6955', '46660']",75828,1. **Different floorplan:** E,"1. **Different floorplan:** E
2. **Why:** Floorplan E has a unique arrangement where the master room (#FFA500) is positioned in a way that it does not align with the typical central placement seen in the other floorplans. In contrast, the other floorplans have the master room centrally located, which is a common pattern in apartment designs. Additionally, the layout of the common rooms and living areas in E differs from the more uniform distribution in A, B, C, and D."
"[7, 1]","[17, 18]","['66935', '10825', '3536', '12421', '53652']",66935,1. **Different floorplan:** C,"1. **Different floorplan:** C
2. **Why:** Floorplan C has a unique arrangement where the master room (#FFA500) is positioned in the center, surrounded by a common room (#FFD700), a living room (#EEE8AA), and a balcony (#6B8E23). This central placement of the master room is distinct from the other floorplans, which typically place the master room either at one end or in a corner. Additionally, the kitchen (#F08080) and dining (#DA70D6) areas are located in different positions compared to the other floorplans, making C stand out with its different underlying pattern."
"[17, 21]","[7, 22]","['62454', '78147', '31113', '40487', '9795']",31113,1. **Different floorplan:** C,"1. **Different floorplan:** C
2. **Why:** Floorplan C has a unique arrangement where the living room and common room are not adjacent to each other in the same row, unlike the other floorplans which have these rooms directly connected. Additionally, the kitchen and storage areas in C are positioned differently compared to the others, making it distinct from the rest."
"[7, 1]","[17, 18]","['21543', '16951', '12421', '53652', '8109']",21543,1. **Different floorplan:** A,"1. **Different floorplan:** A
2. **Why:** Floorplan A has a more complex and irregular layout compared to the others. The rooms are not aligned in a consistent manner, and there are multiple small sections that do not follow a typical rectangular or symmetrical design. In contrast, floorplans B, C, D, and E have simpler, more uniform layouts with clearly defined rectangular shapes and consistent room arrangements."
"[17, 18]","[7, 1]","['6955', '21408', '3536', '66935', '66316']",3536,1. **Different floorplan:** C,"1. **Different floorplan:** C
2. **Why:** Floorplan C has a distinct arrangement of rooms compared to the others. It features a large central living area with a balcony directly connected to it, which is not present in the other floorplans. Additionally, the kitchen and dining areas are positioned differently, with the kitchen being larger and more centrally located in C, whereas in the other floorplans, the kitchen and dining areas are smaller and more compact. The overall layout of C is more open and less compartmentalized than the others, making it unique in terms of spatial organization."
"[17, 5]","[7, 1]","['3536', '72055', '33045', '7913', '50221']",3536,1. **Different floorplan:** E,"1. **Different floorplan:** E
2. **Why:** Floorplan E has an additional room (green-colored room) that is not present in any of the other floorplans. This green room is located at the far right side of the floorplan and does not have a corresponding room in A, B, C, or D. The presence of this unique room suggests that it has a different underlying pattern compared to the others."
"[17, 21]","[7, 1]","['16951', '40487', '69704', '78147', '62549']",16951,1. **Different floorplan:** E,"1. **Different floorplan:** E
2. **Why:** Floorplan E has a unique arrangement where the master room (#FFA500) is positioned in a way that it does not align with the typical central placement seen in the other floorplans. In contrast, the other floorplans have the master room centrally located, which suggests a more symmetrical and standard layout. Additionally, the positioning of the common room (#FFD700) and the living room (#EEE8AA) in relation to the entrance and the rest of the rooms also differs from the others, indicating a distinct pattern."
"[7, 22]","[17, 5]","['33045', '79411', '31113', '40679', '23132']",33045,1. **Different floorplan:** E,"1. **Different floorplan:** E
2. **Why:** Floorplan E has a unique layout compared to the others. It features a single large open space with no distinct rooms separated by walls, unlike the other floorplans which have clearly defined rooms such as living rooms, bathrooms, and kitchens. This suggests a different underlying pattern where the space is more open and possibly designed for a specific purpose like a studio apartment or a large living area without traditional room divisions."
"[17, 21]","[7, 20]","['2425', '62549', '40487', '69704', '9795']",2425,1. **Different floorplan:** A,"1. **Different floorplan:** A
2. **Why:** Floorplan A has a unique arrangement of rooms compared to the others. It features a central common room with multiple smaller rooms branching off from it, which is not present in the other floorplans. The other floorplans have more uniform layouts with larger, contiguous spaces for living areas and bathrooms, whereas A has a more fragmented layout with smaller, distinct sections."
"[17, 18]","[7, 22]","['23132', '31693', '21408', '66935', '70105']",23132,1. **Different floorplan:** C,"1. **Different floorplan:** C
2. **Why:** Floorplan C has a unique arrangement where the master room (#FFA500) is positioned in a way that it does not align with the typical central placement seen in the other floorplans. Additionally, the living room (#EEE8AA) and common room (#FFD700) are placed in a manner that differs from the symmetrical and consistent patterns observed in A, B, D, and E. The presence of a large balcony (#6B8E23) at one end also contributes to the distinctiveness of this floorplan."
"[7, 1]","[17, 21]","['3536', '12421', '8109', '17550', '9795']",9795,1. **Different floorplan:** E,"1. **Different floorplan:** E
2. **Why:** Floorplan E has a unique arrangement where the master room (#FFA500) is positioned in a way that it does not align with the typical central placement seen in the other floorplans. In contrast, the other floorplans have the master room centrally located, which suggests a more symmetrical and standard layout. Additionally, the positioning of the common room (#FFD700) and the living room (#EEE8AA) in relation to the entrance and the rest of the rooms also differs from the others, indicating a distinct pattern."
"[17, 21]","[7, 22]","['62454', '62549', '69704', '40679', '9795']",40679,1. **Different floorplan:** D,"1. **Different floorplan:** D
2. **Why:** Floorplan D has an additional section extending from the main entrance that is not present in the other floorplans. This extra section disrupts the uniformity of the spatial layout compared to A, B, C, and E, which maintain a consistent pattern throughout their main structures."
"[17, 18]","[7, 22]","['31693', '70105', '6955', '23132', '66935']",23132,1. **Different floorplan:** E,"1. **Different floorplan:** E
2. **Why:** Floorplan E has a unique arrangement where the master room (#FFA500) is positioned in a way that it does not align with the typical central placement seen in the other floorplans. In contrast, the other floorplans have the master room centrally located, which suggests a more symmetrical and standard layout. Additionally, the positioning of the common room (#FFD700) and the living room (#EEE8AA) in relation to the entrance and the rest of the rooms also differs from the others, indicating a distinct pattern."
"[7, 3]","[17, 18]","['31693', '61767', '52457', '64781', '75828']",31693,1. **Different floorplan:** C,"1. **Different floorplan:** C
2. **Why:** Floorplan C has a distinct layout compared to the others. It features a single large rectangular section with a smaller section attached at one end, which is not present in the other floorplans. The other floorplans have more complex arrangements with multiple connected sections, making them more uniform in their overall design."
"[17, 18]","[7, 22]","['23132', '51240', '21408', '66316', '31693']",23132,1. **Different floorplan:** E,"1. **Different floorplan:** E
2. **Why:** Floorplan E has a unique arrangement where the master room (#FFA500) is positioned in a way that it does not align with the typical central placement seen in the other floorplans. In contrast, the other floorplans have the master room centrally located, which is a common pattern observed in the remaining four floorplans."
"[17, 18]","[7, 22]","['6955', '70105', '21408', '46660', '79411']",79411,1. **Different floorplan:** E,"1. **Different floorplan:** E
2. **Why:** Floorplan E has a unique arrangement where the living room and dining area are directly adjacent without any intervening space, which is not observed in the other floorplans. In contrast, floorplans A, B, C, and D all have a common pattern where the living room and dining area are separated by a hallway or another room. This distinct layout makes floorplan E stand out from the others."
"[7, 1]","[17, 18]","['53652', '10825', '6955', '12421', '3536']",6955,1. **Different floorplan:** E,"1. **Different floorplan:** E
2. **Why:** Floorplan E has a unique arrangement where the master room (#FFA500) is positioned in a way that it does not align with the typical central placement seen in the other floorplans. In contrast, the other floorplans have the master room centrally located, which is a common pattern observed in the remaining four floorplans."
"[7, 1]","[17, 21]","['12421', '8109', '17550', '40487', '16951']",40487,1. **Different floorplan:** D,"1. **Different floorplan:** D
2. **Why:** Floorplan D has a unique arrangement where the master room (#FFA500) is positioned in a way that it does not align with the common room (#FFD700) and the living room (#EEE8AA) in the same horizontal line as seen in the other floorplans. Additionally, the kitchen (#F08080) and dining (#DA70D6) areas are placed differently compared to the rest, creating a distinct pattern."
"[17, 18]","[7, 3]","['6955', '31693', '21543', '52457', '70105']",52457,1. **Different floorplan:** D,"1. **Different floorplan:** D
2. **Why:** Floorplan D has a distinct pattern where the main entrance leads directly into a large kitchen area without any connecting rooms leading off it. In contrast, all other floorplans (A, B, C, and E) have additional rooms branching off from the main entrance, which is not the case in floorplan D. This unique layout makes it stand out as having a different underlying pattern compared to the others."
"[7, 1]","[17, 5]","['53652', '12421', '10825', '72055', '3536']",72055,1. **Different floorplan:** E,"1. **Different floorplan:** E
2. **Why:** Floorplan E has a unique arrangement where the master room (#FFA500) is positioned in a way that it does not align with the typical central placement seen in the other floorplans. Additionally, the kitchen (#F08080) is placed at an unusual location compared to the standard layout where it would typically be adjacent to the dining area. This deviation from the expected spatial relationships suggests a different underlying pattern."
"[7, 1]","[17, 21]","['69704', '12376', '8109', '10825', '17550']",69704,1. **Different floorplan:** B,"1. **Different floorplan:** B
2. **Why:** Floorplan B has a unique arrangement where the master room (#FFA500) is positioned in a way that it does not align with the typical central placement seen in the other floorplans. In contrast, the other floorplans have the master room centrally located, which suggests a more symmetrical and standard layout. Additionally, the positioning of the common room (#FFD700) and the living room (#EEE8AA) in relation to the entrance and the rest of the rooms also differs from the others, indicating a distinct pattern."
"[7, 1]","[17, 18]","['53652', '8109', '70105', '12421', '3536']",70105,1. **Different floorplan:** C,"1. **Different floorplan:** C
2. **Why:** Floorplan C has a distinct layout compared to the others. It features a central hallway with rooms branching off in a more symmetrical and organized manner, unlike the more irregular and fragmented layouts seen in A, B, D, and E. The presence of a large central area surrounded by smaller rooms is unique to C, making it stand out from the rest."
"[7, 1]","[17, 18]","['21543', '16951', '3536', '12421', '10825']",21543,1. **Different floorplan:** C,"1. **Different floorplan:** C
2. **Why:** Floorplan C has a distinct arrangement of rooms compared to the others. It features a large central common area with multiple smaller rooms branching off, which is not typical in the other floorplans. The other floorplans have more uniform layouts with fewer variations in room size and shape."
"[7, 1]","[17, 21]","['3536', '9795', '53652', '10825', '16951']",9795,1. **Different floorplan:** B,"1. **Different floorplan:** B
2. **Why:** Floorplan B has a unique arrangement where the master room (#FFA500) is positioned in a way that it does not align with the typical central placement seen in the other floorplans. Additionally, the living room (#EEE8AA) and common room (#FFD700) are placed in a manner that differs from the symmetrical and consistent patterns observed in A, C, D, and E. The presence of the balcony (#6B8E23) and the positioning of the dining area (#DA70D6) also contribute to the distinctiveness of floorplan B compared to the others."
"[17, 18]","[7, 20]","['51240', '46660', '66316', '2277', '6955']",2277,1. **Different floorplan:** E,"1. **Different floorplan:** E
2. **Why:** Floorplan E has a unique arrangement where the master room (#FFA500) is positioned in a way that it does not align with the typical central placement seen in the other floorplans. In contrast, the other floorplans have the master room centrally located, which suggests a more symmetrical and standard layout. Additionally, the positioning of the common room (#FFD700) and the living room (#EEE8AA) in relation to the entrance and the rest of the rooms also differs from the others, indicating a distinct pattern."
"[7, 1]","[17, 21]","['10825', '8109', '12376', '78147', '12421']",78147,1. **Different floorplan:** D,"1. **Different floorplan:** D
2. **Why:** Floorplan D has a unique arrangement where the master room (#FFA500) is positioned in the center, surrounded by a large common room (#FFD700) and a smaller living room (#EEE8AA). This central placement of the master room with surrounding spaces is distinct from the other floorplans, which typically have the master room either at one end or centrally but not surrounded by such a configuration. Additionally, the presence of a large balcony (#6B8E23) and a separate dining area (#DA70D6) in D also contributes to its uniqueness compared to the others."
"[17, 21]","[7, 1]","['40487', '78147', '9795', '8109', '62454']",8109,1. **Different floorplan:** D,"1. **Different floorplan:** D
2. **Why:** Floorplan D has a unique arrangement where the master room (#FFA500) is positioned in a way that it does not align with the common room (#FFD700) and the living room (#EEE8AA) in the same horizontal line as seen in the other floorplans. Additionally, the kitchen (#F08080) and dining (#DA70D6) areas are placed differently compared to the others, creating a distinct pattern."
"[17, 18]","[7, 22]","['51240', '66316', '40679', '66935', '70105']",40679,1. **Different floorplan:** C,"1. **Different floorplan:** C
2. **Why:** Floorplan C has a unique arrangement where the master room (#FFA500) is positioned in a way that it does not align with the typical central placement seen in the other floorplans. In contrast, the other floorplans have the master room centrally located, which suggests a more symmetrical and standard layout. Additionally, the positioning of the common room (#FFD700) and the living room (#EEE8AA) in relation to the entrance and the rest of the rooms also differs from the others, indicating a distinct pattern."
"[17, 18]","[7, 22]","['21408', '66316', '66935', '51240', '23132']",23132,1. **Different floorplan:** E,"1. **Different floorplan:** E
2. **Why:** Floorplan E has a distinct layout compared to the others. It lacks the central common room and the symmetrical arrangement of rooms around it. Instead, it features a more linear arrangement with a single entrance leading directly into a larger space that appears to be a combination of a living room and a dining area, followed by a smaller room that could be a kitchen or a study. This linear layout is not present in the other floorplans, which all have a more symmetrical and central common room design."
"[17, 21]","[7, 1]","['40487', '12376', '78147', '62549', '62454']",12376,1. **Different floorplan:** B,"1. **Different floorplan:** B
2. **Why:** Floorplan B has a unique arrangement where the master room (#FFA500) is positioned in a way that it does not align with the typical central placement seen in the other floorplans. Additionally, the kitchen (#F08080) is located at an unusual position compared to the standard layout, which suggests a different underlying pattern."
"[7, 22]","[17, 21]","['79411', '23132', '62454', '31113', '40679']",62454,1. **Different floorplan:** C,"1. **Different floorplan:** C
2. **Why:** Floorplan C has a unique arrangement where the master room (#FFA500) is positioned in a way that it does not align with the typical central placement seen in the other floorplans. In contrast, the other floorplans have the master room centrally located, which is a common pattern in residential designs. Additionally, the overall layout of C appears more compact and less symmetrical compared to the others, suggesting a different underlying design philosophy."
"[17, 18]","[7, 22]","['6955', '70105', '51240', '46660', '31113']",31113,1. **Different floorplan:** E,"1. **Different floorplan:** E
2. **Why:** Floorplan E has a unique arrangement where the master room (#FFA500) is positioned in a way that it does not align with the typical central placement seen in the other floorplans. In contrast, the other floorplans have the master room centrally located, which is a common pattern in residential designs. Additionally, the layout of the common rooms and living areas in E differs significantly from the others, suggesting a different underlying pattern."
"[17, 18]","[7, 1]","['17550', '46660', '21543', '21408', '66935']",17550,1. **Different floorplan:** E,"1. **Different floorplan:** E
2. **Why:** Floorplan E has a unique arrangement where the master room (#FFA500) is positioned in a way that it does not align with the typical central placement seen in the other floorplans. In contrast, the other floorplans have the master room centrally located, which is a common pattern in residential designs. Additionally, the distribution of other rooms like the common room (#FFD700), living room (#EEE8AA), and kitchen (#F08080) also follows a more uniform pattern across the other floorplans, making E stand out due to its deviation from this pattern."
"[17, 21]","[7, 1]","['78147', '40487', '69704', '16951', '62454']",16951,1. **Different floorplan:** D,"1. **Different floorplan:** D
2. **Why:** Floorplan D has a unique arrangement where the master room (#FFA500) is positioned in a way that it does not align with the typical central placement seen in the other floorplans. In contrast, the other floorplans have the master room centrally located, which suggests a more symmetrical and standard layout. Additionally, the positioning of the kitchen (#F08080) and the living room (#EEE8AA) in relation to the entrance and the rest of the rooms also differs from the others, indicating a distinct pattern."
"[17, 18]","[7, 22]","['66935', '46660', '31693', '6955', '23132']",23132,1. **Different floorplan:** E,"1. **Different floorplan:** E
2. **Why:** Floorplan E has a unique layout compared to the others. It features a central open space with a single entrance leading directly into this area, which is not present in the other floorplans. The other floorplans have more complex layouts with multiple entrances and distinct sections, such as a kitchen, living room, and bedrooms, which are not as clearly defined in floorplan E."
"[17, 21]","[7, 22]","['79411', '40487', '62454', '62549', '78147']",79411,1. **Different floorplan:** A,"1. **Different floorplan:** A
2. **Why:** Floorplan A has a unique arrangement where the common room (yellow) is directly adjacent to the master room (orange) without any intervening space, which is not observed in the other floorplans. In contrast, floorplans B, C, D, and E all have the common room separated from the master room by at least one other room type, such as a living room or a balcony. This distinct configuration makes floorplan A stand out as having a different underlying pattern compared to the others."
"[7, 1]","[17, 18]","['51240', '16951', '12376', '10825', '8109']",51240,1. **Different floorplan:** A,"1. **Different floorplan:** A
2. **Why:** Floorplan A has a unique arrangement where the master room (#FFA500) is positioned in the corner, unlike the other floorplans which have the master room centrally located. Additionally, the living room (#EEE8AA) in A is larger and more spread out compared to the others, which have smaller and more compact living rooms. This distinct layout makes A stand out from the rest."
"[17, 21]","[7, 3]","['64781', '78147', '9795', '69704', '40487']",64781,1. **Different floorplan:** A,"1. **Different floorplan:** A
2. **Why:** Floorplan A has a unique arrangement where the common room (yellow) is directly adjacent to the main entrance, which is not the case in the other floorplans. In contrast, the other floorplans have the main entrance leading into a hallway or another room before reaching the common area. This distinctive feature makes floorplan A stand out from the others."
"[17, 21]","[7, 1]","['40487', '69704', '10825', '78147', '62454']",10825,1. **Different floorplan:** C,"1. **Different floorplan:** C
2. **Why:** Floorplan C has a unique arrangement where the master room (#FFA500) is positioned in a way that it does not align with the typical central placement seen in the other floorplans. Additionally, the kitchen (#F08080) and dining area (#DA70D6) are placed in a manner that differs from the standard layout observed in A, B, D, and E. The presence of a balcony (#6B8E23) in an unusual location also contributes to the distinctiveness of floorplan C."
"[17, 18]","[7, 3]","['46660', '66316', '64781', '21543', '51240']",64781,1. **Different floorplan:** E,"1. **Different floorplan:** E
2. **Why:** Floorplan E has a unique arrangement where the master room (#FFA500) is positioned in a way that it does not align with the typical central placement seen in the other floorplans. Additionally, the dining area (#DA70D6) is placed unusually close to the entrance, which deviates from the standard layout observed in A, B, C, and D."
"[17, 18]","[7, 3]","['21408', '52457', '46660', '6955', '66935']",52457,1. **Different floorplan:** B,"1. **Different floorplan:** B
2. **Why:** Floorplan B has a distinct arrangement of rooms compared to the others. It features a single large common room with a smaller adjacent room, which is not typical in the other floorplans where the common room is usually larger and more centrally located. Additionally, the placement of the entrance and the overall symmetry of the layout differ from the other plans, making it stand out as having a different underlying pattern."
"[17, 21]","[7, 20]","['78147', '40487', '62454', '54372', '69704']",54372,1. **Different floorplan:** D,"1. **Different floorplan:** D
2. **Why:** Floorplan D has a unique arrangement where the living room and dining area are directly connected without any intervening space, unlike the other floorplans which have a clear separation between the living room and dining area. This direct connection in D creates a different underlying pattern compared to A, B, C, and E, where there is typically a hallway or another room separating the living room from the dining area."
"[17, 21]","[7, 22]","['78147', '9795', '40679', '62549', '40487']",40679,1. **Different floorplan:** C,"1. **Different floorplan:** C
2. **Why:** Floorplan C has a unique arrangement of rooms compared to the others. It features a central hallway with a staircase leading up, which is not present in the other floorplans. Additionally, the distribution of room types and their relative sizes differs significantly from the uniformity seen in A, B, D, and E."
"[17, 18]","[7, 1]","['31693', '16951', '66316', '70105', '46660']",16951,1. **Different floorplan:** B,"1. **Different floorplan:** B
2. **Why:** Floorplan B has a unique arrangement where the master room (#FFA500) is positioned in a way that it does not align with the typical central placement seen in the other floorplans. Additionally, the living room (#EEE8AA) and common room (#FFD700) are placed in a manner that differs from the symmetrical and consistent patterns observed in A, C, D, and E. The presence of the balcony (#6B8E23) and the positioning of the dining area (#DA70D6) also contribute to the distinctiveness of floorplan B."
"[17, 21]","[7, 1]","['78147', '69704', '62454', '40487', '8109']",8109,1. **Different floorplan:** E,"1. **Different floorplan:** E
2. **Why:** Floorplan E has a unique arrangement where the master room (#FFA500) is positioned in a way that it does not align with the typical central placement seen in the other floorplans. In contrast, the other floorplans have the master room centrally located, which suggests a more symmetrical and standard layout. Additionally, the positioning of the common room (#FFD700) and the living room (#EEE8AA) in relation to the entrance and the rest of the rooms also differs from the others, indicating a distinct pattern."
"[17, 18]","[7, 1]","['3536', '70105', '66935', '66316', '46660']",3536,1. **Different floorplan:** B,"1. **Different floorplan:** B
2. **Why:** Floorplan B has an additional room (pink room) that is not present in the other four floorplans. This extra room disrupts the uniformity of the spatial layout compared to A, C, D, and E, which all have a consistent arrangement of rooms without any additional elements."
"[7, 1]","[17, 21]","['8109', '12421', '10825', '62549', '16951']",62549,1. **Different floorplan:** D,"1. **Different floorplan:** D
2. **Why:** Floorplan D has a unique arrangement where the master room (#FFA500) is positioned in a way that it does not align with the typical central placement seen in the other floorplans. In contrast, the other floorplans have the master room centrally located, which suggests a more symmetrical and standard layout. Additionally, the distribution of other rooms like the common room (#FFD700), living room (#EEE8AA), balcony (#6B8E23), bathroom (#ADD8E6), kitchen (#F08080), storage (#DDA0DD), and dining (#DA70D6) appears consistent across the other floorplans, further supporting that D has a different underlying pattern."
"[17, 18]","[7, 3]","['66316', '61767', '51240', '46660', '70105']",61767,1. **Different floorplan:** B,"1. **Different floorplan:** B
2. **Why:** Floorplan B has a unique arrangement where the master room (#FFA500) is positioned in a way that it does not align with the typical central placement seen in the other floorplans. Additionally, the living room (#EEE8AA) and common room (#FFD700) are placed in a manner that differs from the symmetrical and consistent patterns observed in A, C, D, and E. The presence of the balcony (#6B8E23) and the positioning of the dining area (#DA70D6) also contribute to the distinctiveness of floorplan B."
"[17, 18]","[7, 22]","['46660', '21543', '66935', '40679', '21408']",40679,1. **Different floorplan:** E,"1. **Different floorplan:** E
2. **Why:** Floorplan E has a unique arrangement where the living room and dining area are directly adjacent without any intervening space, which is not observed in the other floorplans. In contrast, floorplans A, B, C, and D all have a more traditional layout with a corridor separating the living room from the dining area."
"[7, 1]","[17, 21]","['9795', '12421', '16951', '53652', '17550']",9795,1. **Different floorplan:** B,"1. **Different floorplan:** B
2. **Why:** Floorplan B has a unique arrangement where the master room (#FFA500) is positioned in a way that it does not align with the typical central placement seen in the other floorplans. In contrast, the other floorplans have the master room centrally located, which suggests a more symmetrical and standard layout. Additionally, the positioning of the common room (#FFD700) and the living room (#EEE8AA) in relation to the entrance and the rest of the rooms also differs from the others, indicating a distinct pattern."
"[17, 21]","[7, 1]","['78147', '62454', '9795', '40487', '17550']",17550,1. **Different floorplan:** E,"1. **Different floorplan:** E
2. **Why:** Floorplan E has a unique arrangement where the master room (#FFA500) is positioned in a way that it does not align with the typical central placement seen in the other floorplans. In contrast, the other floorplans have the master room centrally located, which suggests a more symmetrical and standard layout. Additionally, the positioning of the common room (#FFD700) and the living room (#EEE8AA) in relation to the entrance and the rest of the rooms also differs from the others, indicating a distinct pattern."
"[17, 18]","[7, 22]","['40679', '46660', '66316', '66935', '51240']",40679,1. **Different floorplan:** E,"1. **Different floorplan:** E
2. **Why:** Floorplan E has a unique arrangement where the master room (#FFA500) is positioned in a way that it does not align with the typical central placement seen in the other floorplans. In contrast, the other floorplans have the master room centrally located, which is a common pattern in residential designs. Additionally, the distribution of other rooms like the common room (#FFD700), living room (#EEE8AA), and kitchen (#F08080) also differs from the others, suggesting a distinct underlying pattern."
"[17, 18]","[7, 20]","['21543', '66935', '55305', '70105', '51240']",55305,1. **Different floorplan:** C,"1. **Different floorplan:** C
2. **Why:** Floorplan C has a distinct arrangement of rooms compared to the others. It features a central open space surrounded by smaller rooms, which is not typical in the other floorplans. The other floorplans have more symmetrical and interconnected layouts with larger common areas."
"[17, 18]","[7, 3]","['66316', '21408', '21543', '66935', '61767']",61767,1. **Different floorplan:** B,"1. **Different floorplan:** B
2. **Why:** Floorplan B has a unique arrangement where the master room (#FFA500) is positioned in a way that it does not align with the typical central placement seen in the other floorplans. Additionally, the living room (#EEE8AA) and common room (#FFD700) are placed in a manner that differs from the symmetrical and consistent patterns observed in A, C, D, and E. The presence of a balcony (#6B8E23) in an unusual location also contributes to the distinctiveness of floorplan B."
"[17, 18]","[7, 20]","['51240', '6955', '46660', '21408', '2425']",2425,1. **Different floorplan:** E,"1. **Different floorplan:** E
2. **Why:** Floorplan E has a unique arrangement where the master room (#FFA500) is positioned in a way that it does not align with the typical central placement seen in the other floorplans. In contrast, the other floorplans have the master room centrally located, which is a common pattern in residential designs. Additionally, the overall layout of E appears more compact and less symmetrical compared to the others, suggesting a different underlying pattern."
"[17, 21]","[7, 22]","['23132', '69704', '40487', '78147', '9795']",23132,1. **Different floorplan:** A,"1. **Different floorplan:** A
2. **Why:** Floorplan A has a unique layout compared to the others. It features a central common room with multiple smaller rooms branching off from it, which is not present in the other floorplans. The other floorplans have more uniform layouts with larger, single-purpose rooms like living rooms, kitchens, and bathrooms. Floorplan A's design is more complex and fragmented, making it stand out as having a different underlying pattern."
"[17, 18]","[7, 1]","['21543', '46660', '6955', '31693', '53652']",53652,1. **Different floorplan:** E,"1. **Different floorplan:** E
2. **Why:** Floorplan E has a unique arrangement where the master room (#FFA500) is positioned in a way that it does not align with the typical central placement seen in the other floorplans. In contrast, the other floorplans have the master room centrally located, which is a common pattern observed in the remaining four floorplans."
"[7, 3]","[17, 21]","['69704', '75828', '52457', '64781', '61767']",69704,1. **Different floorplan:** C,"1. **Different floorplan:** C
2. **Why:** Floorplan C has a unique arrangement where the master room (#FFA500) is positioned in the top right corner, which is not seen in the other floorplans. All other floorplans have the master room in a more central or left-side position. Additionally, the layout of the common rooms and living rooms in floorplan C differs significantly from the others, making it stand out as having a different underlying pattern."
"[7, 1]","[17, 5]","['3536', '53652', '16951', '8109', '72055']",72055,1. **Different floorplan:** E,"1. **Different floorplan:** E
2. **Why:** Floorplan E has a unique arrangement where the common room and living room are combined into one large space, which is not seen in the other floorplans. In contrast, the other floorplans have distinct separations between the common room and living room areas. Additionally, the overall layout of E appears more compact and integrated compared to the others, suggesting a different underlying pattern."
"[17, 18]","[7, 3]","['46660', '21543', '66316', '6955', '75828']",75828,1. **Different floorplan:** E,"1. **Different floorplan:** E
2. **Why:** Floorplan E has a unique arrangement where the master room (#FFA500) is positioned in the upper right corner, which is not typical in the other floorplans. In contrast, the other floorplans have the master room in the lower left or central position, with the common room (#FFD700) occupying a significant portion of the space. Additionally, the layout of the living room (#EEE8AA), balcony (#6B8E23), and kitchen (#F08080) differs significantly from the others, making it clear that floorplan E has a different underlying pattern."
"[7, 1]","[17, 5]","['50221', '8109', '53652', '3536', '12376']",50221,1. **Different floorplan:** D,"1. **Different floorplan:** D
2. **Why:** Floorplan D has a unique arrangement where the master room (#FFA500) is positioned in a way that it does not align with the typical central placement seen in the other floorplans. In contrast, the other floorplans have the master room centrally located, which suggests a more symmetrical and standard layout. Additionally, the distribution of other rooms around the master room in D appears less uniform compared to the others."
"[7, 1]","[17, 18]","['66935', '53652', '17550', '12421', '8109']",66935,1. **Different floorplan:** B,"1. **Different floorplan:** B
2. **Why:** Floorplan B has a unique arrangement where the master room (#FFA500) is positioned in a way that it does not align with the typical central placement seen in the other floorplans. Additionally, the living room (#EEE8AA) and common room (#FFD700) are placed in a manner that differs from the symmetrical and consistent patterns observed in A, C, D, and E. The presence of the balcony (#6B8E23) and the positioning of the dining area (#DA70D6) also contribute to the distinctiveness of floorplan B compared to the others."
"[17, 18]","[7, 3]","['66935', '46660', '52457', '66316', '31693']",52457,1. **Different floorplan:** C,"1. **Different floorplan:** C
2. **Why:** Floorplan C has a unique arrangement where the master room (#FFA500) is positioned at the top right corner, which is not seen in the other floorplans. All other floorplans have the master room either in the center or towards the bottom left, making C stand out with its distinct placement."
"[17, 18]","[7, 20]","['66935', '31693', '70105', '55305', '21408']",55305,1. **Different floorplan:** E,"1. **Different floorplan:** E
2. **Why:** Floorplan E has a unique arrangement where the living room and dining area are directly connected without any intervening space, which is not present in the other floorplans. In contrast, floorplans A, B, C, and D all have a common pattern where the living room and dining area are separated by a hallway or another room, creating a more traditional flow from the entrance into the living and dining areas."
"[7, 1]","[17, 5]","['12421', '7913', '8109', '10825', '3536']",7913,1. **Different floorplan:** E,"1. **Different floorplan:** E
2. **Why:** Floorplan E has a unique arrangement where the master room (#FFA500) is positioned in a way that it does not align with the typical central placement seen in the other floorplans. In contrast, the other floorplans have the master room centrally located, which is a common pattern in residential designs. Additionally, the overall layout of E appears more elongated and less symmetrical compared to the others, suggesting a different underlying pattern."
"[7, 1]","[17, 18]","['53652', '16951', '17550', '10825', '21543']",21543,1. **Different floorplan:** E,"1. **Different floorplan:** E
2. **Why:** Floorplan E has a unique arrangement where the living room and dining area are placed side by side in a linear fashion, which is distinct from the other floorplans. In contrast, floorplans A, B, C, and D all have the living room and dining area positioned in a more compact, U-shaped configuration with the kitchen and other rooms surrounding them. This linear layout in E sets it apart from the others."
"[7, 1]","[17, 18]","['16951', '53652', '3536', '8109', '51240']",51240,1. **Different floorplan:** E,"1. **Different floorplan:** E
2. **Why:** Floorplan E has a unique arrangement where the living room and dining area are adjacent and form a continuous space, which is not present in the other floorplans. In contrast, the other floorplans have distinct separations between the living room and dining area, with the living room typically being larger and positioned further from the entrance compared to the dining area."
"[7, 1]","[17, 18]","['6955', '53652', '10825', '8109', '12421']",6955,1. **Different floorplan:** A,"1. **Different floorplan:** A
2. **Why:** Floorplan A has a unique arrangement where the master room (#FFA500) is located in the top left corner, which is not typical for the other floorplans. In contrast, the other floorplans have the master room positioned more centrally or towards the bottom right, maintaining a consistent pattern across B, C, D, and E."
"[17, 18]","[7, 3]","['21543', '31693', '6955', '70105', '75828']",75828,1. **Different floorplan:** E,"1. **Different floorplan:** E
2. **Why:** Floorplan E has a distinct arrangement of rooms compared to the others. It features a single large common room with a smaller adjacent room, which is not present in the other floorplans. The other floorplans have more varied and complex layouts with multiple interconnected rooms of varying sizes."
"[7, 1]","[17, 5]","['3536', '53652', '17550', '33045', '10825']",33045,1. **Different floorplan:** D,"1. **Different floorplan:** D
2. **Why:** Floorplan D has a unique arrangement where the living room and dining area are directly adjacent without any intervening space, unlike the other floorplans which typically have a corridor or another room separating them. This direct adjacency is not seen in A, B, C, or E, making it distinct from the others."
"[17, 18]","[7, 3]","['21543', '31693', '21408', '46660', '75828']",75828,1. **Different floorplan:** E,"1. **Different floorplan:** E
2. **Why:** Floorplan E has a distinct arrangement of rooms compared to the others. It features a single large common room with a smaller adjacent room, which is not typical in the other floorplans where the common room is often larger and more centrally located. Additionally, the layout of the other floorplans shows a more consistent pattern of having a larger common area followed by smaller rooms, whereas E deviates from this pattern."
"[17, 21]","[7, 3]","['78147', '62549', '69704', '61767', '62454']",61767,1. **Different floorplan:** D,"1. **Different floorplan:** D
2. **Why:** Floorplan D has a unique arrangement where the master room (#FFA500) is positioned in a way that it does not align with the common room (#FFD700) and the living room (#EEE8AA) in the same horizontal line as seen in the other floorplans. Additionally, the kitchen (#F08080) and dining (#DA70D6) areas are placed differently compared to the rest, creating a distinct pattern."
"[7, 1]","[17, 5]","['7913', '8109', '12421', '3536', '17550']",7913,1. **Different floorplan:** D,"1. **Different floorplan:** D
2. **Why:** Floorplan D has a unique arrangement where the master room (#FFA500) is positioned in a way that it does not align with the typical central placement seen in the other floorplans. In contrast, the other floorplans have the master room centrally located, which suggests a more symmetrical and standard layout. Additionally, the positioning of the common room (#FFD700) and the living room (#EEE8AA) in relation to the entrance and the rest of the rooms also differs from the others, indicating a distinct pattern."
"[7, 1]","[17, 21]","['8109', '17550', '12376', '12421', '69704']",69704,1. **Different floorplan:** E,"1. **Different floorplan:** E
2. **Why:** Floorplan E has a unique arrangement where the living room and dining area are swapped in position compared to the other floorplans. In all other floorplans (A, B, C, and D), the living room is positioned to the left of the dining area, whereas in E, it is to the right. This distinct spatial configuration makes E stand out from the others."
"[17, 21]","[7, 20]","['9795', '40487', '69704', '62549', '2277']",2277,1. **Different floorplan:** E,"1. **Different floorplan:** E
2. **Why:** Floorplan E has a unique configuration where the living room and dining area are combined into one large space with no clear separation between them, unlike the other floorplans which have distinct rooms separated by walls. Additionally, the kitchen in E is positioned differently compared to the others, which typically have the kitchen adjacent to the dining area but not directly connected to it."
"[17, 18]","[7, 1]","['3536', '21408', '21543', '70105', '66316']",3536,1. **Different floorplan:** B,"1. **Different floorplan:** B
2. **Why:** Floorplan B has an additional section extending from the main body of the floorplan, which is not present in the other four floorplans (A, C, D, and E). This extra section disrupts the uniformity of the spatial layout compared to the others, making it stand out as having a different underlying pattern."
"[17, 18]","[7, 22]","['21408', '46660', '31113', '70105', '66935']",31113,1. **Different floorplan:** E,"1. **Different floorplan:** E
2. **Why:** Floorplan E has a unique arrangement where the master room (#FFA500) is positioned in a way that it does not align with the typical central placement seen in the other floorplans. In contrast, the other floorplans have the master room centrally located, which suggests a more symmetrical and standard layout. Additionally, the positioning of the common room (#FFD700) and the living room (#EEE8AA) in relation to the entrance and the rest of the rooms also differs from the others, indicating a distinct pattern."
"[17, 21]","[7, 22]","['40679', '62549', '40487', '69704', '62454']",40679,1. **Different floorplan:** A,"1. **Different floorplan:** A
2. **Why:** Floorplan A has a unique arrangement where the common room (yellow) is directly adjacent to the master room (orange) without any intervening space, which is not observed in the other floorplans. In contrast, floorplans B, C, D, and E all have the common room separated from the master room by at least one other room type, such as a living room or a balcony. This distinct configuration makes floorplan A stand out with a different underlying pattern compared to the others."
"[17, 18]","[7, 20]","['51240', '21543', '66935', '2425', '46660']",2425,1. **Different floorplan:** D,"1. **Different floorplan:** D
2. **Why:** Floorplan D has a unique arrangement where the master room (#FFA500) is positioned in a way that it does not align with the typical central placement seen in the other floorplans. In contrast, the other floorplans have the master room centrally located, which suggests a more symmetrical and standard layout. Additionally, the distribution of other rooms like the common room (#FFD700), living room (#EEE8AA), and balcony (#6B8E23) also differs from the others, indicating a distinct underlying pattern."
"[17, 18]","[7, 1]","['10825', '70105', '21408', '46660', '6955']",10825,1. **Different floorplan:** E,"1. **Different floorplan:** E
2. **Why:** Floorplan E has a unique arrangement where the master room (#FFA500) is positioned in a way that it does not align with the typical central placement seen in the other floorplans. In contrast, the other floorplans have the master room centrally located, which is a common pattern in residential designs. Additionally, the layout of the common rooms and living areas in E differs significantly from the others, suggesting a different underlying pattern."
"[17, 18]","[7, 3]","['64781', '51240', '21408', '66316', '46660']",64781,1. **Different floorplan:** B,"1. **Different floorplan:** B
2. **Why:** Floorplan B has a unique arrangement where the master room (#FFA500) is positioned in a way that it does not align with the typical central placement seen in the other floorplans. Additionally, the living room (#EEE8AA) and common room (#FFD700) are placed in a manner that differs from the symmetrical and consistent patterns observed in A, C, D, and E. The presence of the balcony (#6B8E23) and the positioning of the dining area (#DA70D6) also contribute to the distinctiveness of floorplan B compared to the others."
"[7, 1]","[17, 21]","['62454', '17550', '10825', '16951', '12421']",62454,1. **Different floorplan:** D,"1. **Different floorplan:** D
2. **Why:** Floorplan D has a unique arrangement where the master room (#FFA500) is positioned in a way that it does not align with the typical central placement seen in the other floorplans. In contrast, the other floorplans have the master room centrally located, which suggests a more symmetrical and standard layout. Additionally, the positioning of the common room (#FFD700) and the living room (#EEE8AA) in relation to the entrance and the rest of the rooms also differs from the others, indicating a distinct pattern."
"[7, 1]","[17, 21]","['78147', '17550', '16951', '8109', '3536']",78147,1. **Different floorplan:** E,"1. **Different floorplan:** E
2. **Why:** Floorplan E has a unique arrangement where the master room (#FFA500) is positioned in a way that it does not align with the typical central placement seen in the other floorplans. In contrast, the other floorplans have the master room centrally located, which is a common pattern in apartment designs. Additionally, the layout of the common rooms and living areas in E differs significantly from the others, suggesting a different underlying pattern."
"[7, 1]","[17, 21]","['12421', '62454', '8109', '3536', '12376']",62454,1. **Different floorplan:** D,"1. **Different floorplan:** D
2. **Why:** Floorplan D has a unique arrangement where the master room (#FFA500) is positioned in a way that it does not align with the typical central placement seen in the other floorplans. In contrast, the other floorplans have the master room centrally located, which suggests a more symmetrical and standard layout. Additionally, the positioning of the common room (#FFD700) and the living room (#EEE8AA) in relation to the entrance and the rest of the rooms also differs from the others, indicating a distinct pattern."
"[17, 18]","[7, 1]","['46660', '66316', '70105', '8109', '21543']",8109,1. **Different floorplan:** C,"1. **Different floorplan:** C
2. **Why:** Floorplan C has a unique arrangement where the master room (#FFA500) is positioned in a way that it does not align with the typical central placement seen in the other floorplans. Additionally, the living room (#EEE8AA) and common room (#FFD700) are placed in a manner that differs from the symmetrical and consistent patterns observed in A, B, D, and E. The presence of the balcony (#6B8E23) and bathroom (#ADD8E6) also contributes to a distinct layout compared to the others."
"[17, 18]","[7, 3]","['66316', '46660', '6955', '61767', '66935']",61767,1. **Different floorplan:** D,"1. **Different floorplan:** D
2. **Why:** Floorplan D has a unique configuration where the master room (#FFA500) is positioned in a way that it does not align with the typical layout seen in the other four floorplans. In contrast, the other four floorplans have the master room consistently placed in a similar position relative to the common room (#FFD700), living room (#EEE8AA), balcony (#6B8E23), and bathroom (#ADD8E6). The positioning of the master room in floorplan D disrupts this uniformity, suggesting a different underlying pattern."
"[17, 18]","[7, 20]","['6955', '66316', '21408', '54372', '66935']",54372,1. **Different floorplan:** D,"1. **Different floorplan:** D
2. **Why:** Floorplan D has a unique arrangement where the master room (#FFA500) is positioned in a way that it does not align with the common room (#FFD700) in the same manner as the other floorplans. In contrast, the other floorplans (A, B, C, and E) have the master room adjacent to the common room in a consistent pattern, either directly connected or separated by a single room type. Floorplan D breaks this pattern by having the master room further away from the common room compared to the others."
"[7, 1]","[17, 5]","['50221', '12376', '10825', '12421', '8109']",50221,1. **Different floorplan:** A,"1. **Different floorplan:** A
2. **Why:** Floorplan A has a unique arrangement where the master room (#FFA500) is positioned in the corner, unlike the other floorplans which place the master room more centrally or towards one side. Additionally, the layout of the common rooms and living areas in floorplan A appears more compact compared to the others, suggesting a different underlying pattern."
"[17, 18]","[7, 22]","['6955', '51240', '23132', '70105', '66935']",23132,1. **Different floorplan:** E,"1. **Different floorplan:** E
2. **Why:** Floorplan E has a unique arrangement where the master room (#FFA500) is positioned in a way that it does not align with the typical central placement seen in the other floorplans. In contrast, the other floorplans have the master room centrally located, which suggests a more symmetrical and standard layout. Additionally, the positioning of the common room (#FFD700) and the living room (#EEE8AA) in relation to the entrance and the rest of the rooms also differs from the others, indicating a distinct pattern."
"[7, 1]","[17, 18]","['3536', '10825', '8109', '51240', '16951']",51240,1. **Different floorplan:** D,"1. **Different floorplan:** D
2. **Why:** Floorplan D has an additional section extending from the main body of the apartment, which is not present in the other floorplans. This extra section disrupts the uniformity of the spatial layout compared to A, B, C, and E, where all sections appear to be part of a continuous and symmetrical design."
"[17, 21]","[7, 1]","['9795', '69704', '12376', '62454', '40487']",12376,1. **Different floorplan:** C,"1. **Different floorplan:** C
2. **Why:** Floorplan C has a unique arrangement where the master room (#FFA500) is positioned in the center, surrounded by a common room (#FFD700), a living room (#EEE8AA), and a balcony (#6B8E23). This central placement of the master room is distinct from the other floorplans, which typically place the master room either at one end or in a corner. Additionally, the kitchen (#F08080) and dining (#DA70D6) areas are located in different positions compared to the other floorplans, making it clear that C has a different underlying pattern."
"[17, 18]","[7, 22]","['66935', '21543', '6955', '31693', '23132']",23132,1. **Different floorplan:** E,"1. **Different floorplan:** E
2. **Why:** Floorplan E has a unique layout compared to the others. It features a single large open space with no internal divisions, which is distinct from the other floorplans that have more defined sections such as rooms separated by walls. The other floorplans (A, B, C, and D) all show a typical apartment layout with multiple rooms and corridors, whereas E appears to be a single large open area without any internal partitions."
"[7, 1]","[17, 5]","['12421', '12376', '50221', '8109', '3536']",50221,1. **Different floorplan:** E,"1. **Different floorplan:** E
2. **Why:** Floorplan E has a unique configuration where the master room (#FFA500) is positioned in a way that it does not align with the typical placement of such rooms in the other floorplans. In contrast, the other floorplans (A, B, C, and D) have the master room located in a standard position adjacent to the living room (#EEE8AA), which is consistent across all of them. Floorplan E places the master room further away from the living room and has a different arrangement of the other rooms around it, making it distinct from the others."
"[17, 18]","[7, 20]","['21543', '46660', '55305', '31693', '66316']",55305,1. **Different floorplan:** C,"1. **Different floorplan:** C
2. **Why:** Floorplan C has a distinct layout compared to the others. It features a central open space with a balcony extending from one side, which is not present in the other floorplans. The rest of the floorplans have more symmetrical and interconnected layouts with multiple rooms leading off a central area, whereas C has a more linear arrangement with a clear separation between the central open space and the surrounding rooms."
"[7, 1]","[17, 21]","['3536', '12376', '8109', '9795', '17550']",9795,1. **Different floorplan:** D,"1. **Different floorplan:** D
2. **Why:** Floorplan D has a unique arrangement where the master room (#FFA500) is positioned in a way that it does not align with the common room (#FFD700) in the same vertical line as seen in the other floorplans. Additionally, the kitchen (#F08080) and dining (#DA70D6) areas are placed differently compared to the others, suggesting a distinct layout pattern."
"[7, 1]","[17, 21]","['53652', '10825', '16951', '62454', '17550']",62454,1. **Different floorplan:** D,"1. **Different floorplan:** D
2. **Why:** Floorplan D has a unique arrangement where the master room (#FFA500) is positioned in a way that it does not align with the typical central placement seen in the other floorplans. In contrast, the other floorplans (A, B, C, and E) have the master room centrally located, which is a common pattern in residential designs. Floorplan D deviates from this by placing the master room towards one side, making it stand out as having a different underlying pattern."
"[7, 1]","[17, 18]","['17550', '46660', '12376', '3536', '53652']",46660,1. **Different floorplan:** D,"1. **Different floorplan:** D
2. **Why:** Floorplan D has a unique arrangement where the master room (#FFA500) is positioned in a way that it does not align with the typical central placement seen in the other floorplans. In contrast, the other floorplans have the master room centrally located, which is a common pattern in residential designs. Additionally, the distribution of other rooms like the common room (#FFD700), living room (#EEE8AA), and kitchen (#F08080) also differs significantly from the others, making D stand out as having a different underlying pattern."
"[17, 21]","[7, 1]","['9795', '40487', '69704', '3536', '62549']",3536,1. **Different floorplan:** D,"1. **Different floorplan:** D
2. **Why:** Floorplan D has a unique configuration where the master room (#FFA500) is positioned in a way that it does not align with the typical placement of such rooms in the other floorplans. In contrast, the other floorplans (A, B, C, and E) have the master room located in a standard position adjacent to the living room (#EEE8AA), which is consistent across all of them. Floorplan D deviates from this pattern by placing the master room further away from the living room, making it stand out as having a different underlying pattern."
"[17, 5]","[7, 1]","['33045', '8109', '72055', '50221', '7913']",8109,1. **Different floorplan:** B,"1. **Different floorplan:** B
2. **Why:** Floorplan B has a unique arrangement where the master room (#FFA500) is positioned in a way that it does not align with the typical central placement seen in the other floorplans. Additionally, the balcony (#6B8E23) is placed at an angle that disrupts the symmetry observed in the other floorplans. This suggests a different underlying pattern compared to A, C, D, and E."
"[7, 1]","[17, 5]","['33045', '12376', '3536', '10825', '12421']",33045,1. **Different floorplan:** C,"1. **Different floorplan:** C
2. **Why:** Floorplan C has a unique arrangement where the master room (#FFA500) is positioned in the center, surrounded by a common room (#FFD700), a living room (#EEE8AA), and a balcony (#6B8E23). This central placement of the master room is distinct from the other floorplans, which typically have the master room either at one end or centrally located but not surrounded by other rooms in this specific manner. Additionally, the spatial distribution of the other rooms around the master room in C is more compact compared to the other floorplans, suggesting a different underlying pattern."
"[7, 1]","[17, 5]","['12421', '33045', '10825', '53652', '17550']",33045,1. **Different floorplan:** B,"1. **Different floorplan:** B
2. **Why:** Floorplan B has a unique arrangement where the master room (#FFA500) is positioned in a way that it does not align with the typical central placement seen in the other floorplans. Additionally, the living room (#EEE8AA) and common room (#FFD700) are placed in a manner that differs from the symmetrical and consistent patterns observed in A, C, D, and E. The presence of a balcony (#6B8E23) in an unusual location also contributes to the distinctiveness of floorplan B."
"[7, 1]","[17, 18]","['16951', '12421', '12376', '70105', '8109']",70105,1. **Different floorplan:** D,"1. **Different floorplan:** D
2. **Why:** Floorplan D has a unique arrangement where the master room (#FFA500) is positioned in a way that it does not align with the typical central placement seen in the other floorplans. Additionally, the kitchen (#F08080) is located in an unusual position compared to the others, which suggests a different underlying pattern."
"[17, 21]","[7, 20]","['78147', '2277', '69704', '62549', '9795']",2277,1. **Different floorplan:** B,"1. **Different floorplan:** B
2. **Why:** Floorplan B has an additional section extending from the main entrance that is not present in the other floorplans. This extra section disrupts the uniformity of the spatial layout compared to A, C, D, and E, which maintain a consistent pattern of rooms and corridors."
"[17, 18]","[7, 1]","['17550', '51240', '66935', '6955', '46660']",17550,1. **Different floorplan:** E,"1. **Different floorplan:** E
2. **Why:** Floorplan E has a unique arrangement where the master room (#FFA500) is positioned in a way that it does not align with the typical central placement seen in the other floorplans. In contrast, the other floorplans have the master room centrally located, which suggests a more symmetrical and standard layout. Additionally, the positioning of the dining area (#DA70D6) and the kitchen (#F08080) in relation to the entrance and the rest of the rooms also differs from the others, indicating a distinct pattern."
"[17, 18]","[7, 20]","['6955', '66935', '55305', '51240', '70105']",55305,1. **Different floorplan:** C,"1. **Different floorplan:** C
2. **Why:** Floorplan C has a unique arrangement where the master room (#FFA500) is positioned in a way that it does not align with the typical central placement seen in the other floorplans. In contrast, the other floorplans have the master room centrally located, which suggests a more symmetrical and standard layout. Additionally, the positioning of the common room (#FFD700) and the living room (#EEE8AA) in relation to the entrance and the rest of the rooms also differs from the others, indicating a distinct pattern."
"[7, 1]","[17, 21]","['17550', '69704', '12421', '3536', '12376']",69704,1. **Different floorplan:** D,"1. **Different floorplan:** D
2. **Why:** Floorplan D has a unique arrangement where the master room (#FFA500) is positioned in a way that it does not align with the typical central placement seen in the other floorplans. In contrast, the other floorplans have the master room centrally located, which suggests a more symmetrical and standard layout. Additionally, the positioning of the common room (#FFD700) and the living room (#EEE8AA) in relation to the entrance and the rest of the rooms also differs from the others, indicating a distinct pattern."
"[17, 21]","[7, 20]","['55305', '9795', '40487', '62549', '78147']",55305,1. **Different floorplan:** A,"1. **Different floorplan:** A
2. **Why:** Floorplan A has a unique arrangement where the common room (yellow) is directly adjacent to the master room (orange) without any intervening space, which is not observed in the other floorplans. In contrast, all other floorplans have a clear separation between the common room and the master room by at least one other room type, such as a living room or a balcony. This distinct adjacency in A suggests a different underlying pattern compared to the others."
"[17, 18]","[7, 20]","['51240', '6955', '21543', '2425', '21408']",2425,1. **Different floorplan:** D,"1. **Different floorplan:** D
2. **Why:** Floorplan D has a unique arrangement where the living room is positioned in a way that it does not align with the typical central placement seen in the other floorplans. In contrast, the other floorplans (A, B, C, and E) have the living room centrally located, which is a common pattern in apartment layouts. Floorplan D's living room is placed more towards one side, making it stand out from the others."
"[7, 1]","[17, 18]","['17550', '21408', '12421', '16951', '8109']",21408,1. **Different floorplan:** B,"1. **Different floorplan:** B
2. **Why:** Floorplan B has an additional section extending from the main entrance that is not present in the other floorplans. This extra section disrupts the uniformity of the spatial layout compared to A, C, D, and E, which all have a more consistent and compact arrangement of rooms around the central core."
"[7, 1]","[17, 5]","['8109', '12421', '3536', '72055', '53652']",72055,1. **Different floorplan:** C,"1. **Different floorplan:** C
2. **Why:** Floorplan C has a unique arrangement where the master room (#FFA500) is positioned at the top right corner, which is not seen in the other floorplans. All other floorplans have the master room either in the center or towards the bottom left, making C stand out with its distinct placement."
"[7, 1]","[17, 5]","['72055', '17550', '8109', '10825', '16951']",72055,1. **Different floorplan:** E,"1. **Different floorplan:** E
2. **Why:** Floorplan E has a unique arrangement where the master room (#FFA500) is positioned in a way that it does not align with the typical central placement seen in the other floorplans. In contrast, the other floorplans have the master room centrally located, which suggests a more symmetrical and standard layout. Floorplan E's master room is placed towards one side, making it stand out from the others."
"[17, 18]","[7, 3]","['64781', '66935', '46660', '31693', '70105']",64781,1. **Different floorplan:** A,"1. **Different floorplan:** A
2. **Why:** Floorplan A has a unique arrangement where the common room (yellow) is directly adjacent to the entrance and extends into a long corridor with multiple smaller rooms branching off, which is not present in the other floorplans. The other floorplans have more symmetrical layouts with the entrance leading into a central area that then branches out into various rooms, but without the long corridor and direct connection from the entrance to the common room."
"[17, 18]","[7, 3]","['21408', '61767', '46660', '66316', '51240']",61767,1. **Different floorplan:** E,"1. **Different floorplan:** E
2. **Why:** Floorplan E has a unique arrangement where the master room (#FFA500) is positioned in a way that it does not align with the typical central placement seen in the other floorplans. In contrast, the other floorplans have the master room centrally located, which is a common pattern in residential designs. Additionally, the layout of the common rooms and living areas in E differs significantly from the others, suggesting a different underlying pattern."
"[7, 22]","[17, 18]","['31113', '23132', '66316', '79411', '40679']",66316,1. **Different floorplan:** E,"1. **Different floorplan:** E
2. **Why:** Floorplan E has an additional section extending from the main entrance that is not present in the other floorplans. This extra section disrupts the uniformity of the underlying pattern shared by A, B, C, and D. The other floorplans maintain a consistent layout with no such extension."
"[17, 21]","[7, 20]","['40487', '78147', '2277', '69704', '62549']",2277,1. **Different floorplan:** C,"1. **Different floorplan:** C
2. **Why:** Floorplan C has a unique arrangement where the master room (#FFA500) is positioned in the center, surrounded by a living room (#EEE8AA), a balcony (#6B8E23), and a kitchen (#F08080). This central placement of the master room with surrounding rooms is distinct from the other floorplans, which typically have the master room either at one end or centrally located but not surrounded by multiple rooms in this specific configuration."
"[17, 21]","[7, 3]","['69704', '40487', '52457', '62549', '78147']",52457,1. **Different floorplan:** C,"1. **Different floorplan:** C
2. **Why:** Floorplan C has a unique arrangement where the master room (#FFA500) is positioned in the center, surrounded by a common room (#FFD700) and a balcony (#6B8E23). This central placement of the master room is distinct from the other floorplans, which typically have the master room either at one end or centrally located but not surrounded by a common room and a balcony in this specific configuration."
"[7, 20]","[17, 21]","['54372', '55305', '2425', '40487', '2277']",40487,1. **Different floorplan:** D,"1. **Different floorplan:** D
2. **Why:** Floorplan D has a unique arrangement where the master room (#FFA500) is positioned in a way that it does not align with the common room (#FFD700) in the same manner as the other floorplans. In contrast, the other floorplans (A, B, C, and E) have the master room adjacent to the common room in a consistent pattern, which is disrupted in floorplan D. Additionally, the positioning of the balcony (#6B8E23) and the kitchen (#F08080) also differs significantly from the others, making D stand out as having a different underlying pattern."
"[17, 21]","[7, 1]","['78147', '62454', '62549', '53652', '69704']",53652,1. **Different floorplan:** D,"1. **Different floorplan:** D
2. **Why:** Floorplan D has a unique arrangement where the master room (#FFA500) is positioned in the upper right corner, which is not typical compared to the other floorplans. In contrast, the other floorplans have the master room in more central positions, either directly above or adjacent to the living room (#EEE8AA). This distinct placement makes D stand out from the others."
"[17, 5]","[7, 1]","['72055', '7913', '33045', '50221', '12376']",12376,1. **Different floorplan:** E,"1. **Different floorplan:** E
2. **Why:** Floorplan E has a unique arrangement where the master room (#FFA500) is positioned in a way that it does not align with the typical central placement seen in the other floorplans. In contrast, the other floorplans have the master room centrally located, which suggests a more symmetrical and standard layout. Additionally, the positioning of the balcony and other rooms around the master room in E differs from the consistent patterns observed in A, B, C, and D."
"[7, 1]","[17, 5]","['17550', '53652', '33045', '8109', '12376']",33045,1. **Different floorplan:** C,"1. **Different floorplan:** C
2. **Why:** Floorplan C is the only one that does not have a continuous hallway running from the main entrance to the opposite side of the apartment. Instead, it features a T-shaped layout with two perpendicular hallways, which is distinct from the linear hallway patterns in A, B, D, and E."
"[17, 18]","[7, 20]","['21543', '21408', '51240', '54372', '46660']",54372,1. **Different floorplan:** B,"1. **Different floorplan:** B
2. **Why:** Floorplan B has a unique arrangement where the master room (#FFA500) is positioned in a way that it does not align with the typical central placement seen in the other floorplans. Additionally, the living room (#EEE8AA) and common room (#FFD700) are placed in a manner that differs from the symmetrical and consistent patterns observed in A, C, D, and E. The presence of the balcony (#6B8E23) and the positioning of the dining area (#DA70D6) also contribute to the distinctiveness of floorplan B."
"[17, 21]","[7, 22]","['62454', '79411', '40487', '9795', '62549']",79411,1. **Different floorplan:** B,"1. **Different floorplan:** B
2. **Why:** Floorplan B has a unique arrangement where the master room (#FFA500) is positioned in a way that it does not align with the typical central placement seen in the other floorplans. Additionally, the kitchen (#F08080) and dining area (#DA70D6) are placed in a manner that differs from the others, creating a distinct pattern."
"[7, 1]","[17, 18]","['10825', '3536', '21543', '53652', '16951']",21543,1. **Different floorplan:** C,"1. **Different floorplan:** C
2. **Why:** Floorplan C has a unique arrangement of rooms compared to the others. It features a central hallway with a staircase leading up, which is not present in the other floorplans. Additionally, the distribution of room types and their relative sizes differs significantly from the others, making it stand out as having a different underlying pattern."
"[7, 1]","[17, 5]","['53652', '8109', '16951', '72055', '17550']",72055,1. **Different floorplan:** D,"1. **Different floorplan:** D
2. **Why:** Floorplan D has a unique arrangement where the master room (#FFA500) is positioned in a way that it does not align with the common room (#FFD700) in the same vertical or horizontal line as seen in the other floorplans. Additionally, the kitchen (#F08080) and dining (#DA70D6) areas are placed differently compared to the other floorplans, which have a more consistent layout. This suggests that floorplan D has a different underlying pattern."
"[17, 18]","[7, 22]","['66316', '23132', '66935', '6955', '46660']",23132,1. **Different floorplan:** E,"1. **Different floorplan:** E
2. **Why:** Floorplan E has a unique arrangement where the master room (#FFA500) is positioned in a way that it does not align with the typical central placement seen in the other floorplans. In contrast, the other floorplans have the master room centrally located, which suggests a more symmetrical and standard layout. Floorplan E's master room is placed towards one side, making it stand out from the others."
"[17, 21]","[7, 22]","['9795', '62549', '62454', '31113', '40487']",31113,1. **Different floorplan:** D,"1. **Different floorplan:** D
2. **Why:** Floorplan D has a unique arrangement where the living room and dining area are positioned in a way that they do not align with the typical layout seen in the other four floorplans. In contrast, the other four floorplans have a more consistent layout where the living room and dining area are adjacent and follow a similar pattern. Floorplan D breaks this pattern by having the dining area separated from the living room and positioned differently, which makes it stand out as having a different underlying pattern."
"[7, 1]","[17, 21]","['8109', '40487', '10825', '3536', '12376']",40487,1. **Different floorplan:** D,"1. **Different floorplan:** D
2. **Why:** Floorplan D has a unique arrangement where the master room (#FFA500) is positioned in a way that it does not align with the typical central placement seen in the other floorplans. In contrast, the other floorplans have the master room centrally located, which suggests a more symmetrical and standard layout. Additionally, the positioning of the common room (#FFD700) and the living room (#EEE8AA) in relation to the entrance and the rest of the rooms also differs from the others, indicating a distinct pattern."
"[7, 20]","[17, 18]","['2277', '51240', '55305', '2425', '54372']",51240,1. **Different floorplan:** B,"1. **Different floorplan:** B
2. **Why:** Floorplan B has a unique arrangement where the master room (#FFA500) is positioned in a way that it does not align with the typical central placement seen in the other floorplans. Additionally, the living room (#EEE8AA) and common room (#FFD700) are placed in a manner that differs from the symmetrical and consistent patterns observed in A, C, D, and E. The presence of the balcony (#6B8E23) and the positioning of the dining area (#DA70D6) also contribute to the distinctiveness of floorplan B compared to the others."
"[7, 1]","[17, 21]","['40487', '3536', '10825', '8109', '53652']",40487,1. **Different floorplan:** B,"1. **Different floorplan:** B
2. **Why:** Floorplan B has a unique arrangement where the master room (#FFA500) is positioned in the center, surrounded by a common room (#FFD700), a living room (#EEE8AA), and a balcony (#6B8E23). This central placement of the master room is distinct from the other floorplans, which typically have the master room either at one end or centrally located but not surrounded by other rooms in this specific manner."
"[7, 1]","[17, 18]","['66935', '10825', '17550', '3536', '16951']",66935,1. **Different floorplan:** D,"1. **Different floorplan:** D
2. **Why:** Floorplan D has a unique arrangement where the master room (#FFA500) is positioned in the center, surrounded by a common room (#FFD700), a living room (#EEE8AA), and a balcony (#6B8E23). This central placement of the master room is distinct from the other floorplans, which typically have the master room either at one end or centrally located but not surrounded by other rooms in this specific manner."
"[17, 18]","[7, 3]","['6955', '31693', '51240', '64781', '46660']",64781,1. **Different floorplan:** D,"1. **Different floorplan:** D
2. **Why:** Floorplan D has a unique arrangement where the kitchen is positioned in a way that it does not align with the typical layout seen in the other floorplans. In contrast, the other floorplans have kitchens that are consistently placed either adjacent to the living room or the dining area, maintaining a standard spatial relationship. Floorplan D deviates from this by having the kitchen separated from the main living areas, which suggests a different underlying pattern."
"[7, 20]","[17, 21]","['2277', '54372', '62549', '55305', '2425']",62549,1. **Different floorplan:** C,"1. **Different floorplan:** C
2. **Why:** Floorplan C has a distinct layout compared to the others. It features a single large central room with a smaller room attached to it, which is not present in the other floorplans. The other floorplans have more complex layouts with multiple interconnected rooms, making them more similar to each other."
"[7, 1]","[17, 21]","['17550', '3536', '8109', '62549', '53652']",62549,1. **Different floorplan:** D,"1. **Different floorplan:** D
2. **Why:** Floorplan D has a unique arrangement where the master room (#FFA500) is positioned in a way that it does not align with the typical central placement seen in the other floorplans. Additionally, the kitchen (#F08080) is located at an unusual position compared to the standard layout, which suggests a different underlying pattern."
"[17, 18]","[7, 20]","['70105', '51240', '21543', '66316', '54372']",54372,1. **Different floorplan:** E,"1. **Different floorplan:** E
2. **Why:** Floorplan E has a unique arrangement where the master room (#FFA500) is positioned in the center, surrounded by a balcony (#6B8E23), which is not typical in the other floorplans. In contrast, the other floorplans have the master room (#FFA500) either adjacent to the entrance or in a corner, with the balcony (#6B8E23) placed elsewhere. This central placement of the master room and the surrounding balcony makes floorplan E distinct from the others."
"[17, 18]","[7, 20]","['54372', '21408', '31693', '66316', '66935']",54372,1. **Different floorplan:** B,"1. **Different floorplan:** B
2. **Why:** Floorplan B has a unique arrangement where the master room (#FFA500) is positioned in the center, surrounded by other rooms, which is not typical compared to the other floorplans. In contrast, the other floorplans have the master room either at one end or centrally located but with a more symmetrical distribution of other room types around it."
"[17, 18]","[7, 20]","['51240', '55305', '31693', '66935', '46660']",55305,1. **Different floorplan:** C,"1. **Different floorplan:** C
2. **Why:** Floorplan C has a unique arrangement where the master room (#FFA500) is positioned in a way that it does not align with the typical central placement seen in the other floorplans. In contrast, the other floorplans have the master room centrally located, which suggests a more symmetrical and standard layout. Additionally, the positioning of the common room (#FFD700) and the living room (#EEE8AA) in relation to the entrance and the rest of the rooms also differs from the others, indicating a distinct pattern."
"[17, 21]","[7, 22]","['9795', '40679', '62454', '78147', '62549']",40679,1. **Different floorplan:** B,"1. **Different floorplan:** B
2. **Why:** Floorplan B has an additional hallway branching off from the main entrance that is not present in the other floorplans. This extra hallway disrupts the uniformity of the spatial layout compared to A, C, D, and E, which all have a more straightforward and consistent arrangement of rooms around a central core."
"[17, 18]","[7, 20]","['66316', '2277', '21408', '66935', '21543']",2277,1. **Different floorplan:** C,"1. **Different floorplan:** C
2. **Why:** Floorplan C has a unique arrangement where the master room (#FFA500) is positioned in a way that it does not align with the typical central placement seen in the other floorplans. Additionally, the living room (#EEE8AA) and common room (#FFD700) are placed in a manner that differs from the symmetrical and consistent patterns observed in A, B, D, and E. The presence of the balcony (#6B8E23) and the positioning of the dining area (#DA70D6) also contribute to the distinctiveness of floorplan C."
"[17, 21]","[7, 22]","['9795', '69704', '31113', '62549', '62454']",31113,1. **Different floorplan:** C,"1. **Different floorplan:** C
2. **Why:** Floorplan C has a unique arrangement where the master room (#FFA500) is positioned in the center, surrounded by a living room (#EEE8AA) and a balcony (#6B8E23). This central placement of the master room with surrounding spaces is distinct from the other floorplans, which typically have the master room either at one end or centrally located but not surrounded by multiple rooms in this manner. Additionally, the spatial distribution of the other rooms (common room, dining, kitchen, and storage) around the master room in C is more compact and symmetrical compared to the more scattered layouts in A, B, D, and E."
"[17, 18]","[7, 3]","['21408', '75828', '46660', '51240', '6955']",75828,1. **Different floorplan:** C,"1. **Different floorplan:** C
2. **Why:** Floorplan C has a distinct arrangement of rooms compared to the others. It features a central rectangular area with a smaller room attached to one side, which is not present in the other floorplans. The rest of the floorplans have a more symmetrical and interconnected layout, with multiple rooms branching off from a central area, whereas C has a unique configuration that sets it apart."
"[17, 21]","[7, 1]","['62549', '69704', '40487', '12376', '9795']",12376,1. **Different floorplan:** D,"1. **Different floorplan:** D
2. **Why:** Floorplan D has a unique arrangement where the master room (#FFA500) is positioned in the center, surrounded by a common room (#FFD700), a living room (#EEE8AA), and a balcony (#6B8E23). This central placement of the master room is distinct from the other floorplans, which typically place the master room either at one end or in a corner. Additionally, the kitchen (#F08080) and dining (#DA70D6) areas are located in separate sections, creating a more compartmentalized layout compared to the other floorplans, which have a more open flow between these spaces."
"[7, 1]","[17, 5]","['33045', '8109', '53652', '3536', '17550']",33045,1. **Different floorplan:** D,"1. **Different floorplan:** D
2. **Why:** Floorplan D has a unique arrangement where the master room (#FFA500) is positioned in a way that it does not align with the typical central placement seen in the other floorplans. In contrast, the other floorplans have the master room centrally located, which suggests a more symmetrical and standard layout. Additionally, the positioning of the common room (#FFD700) and the living room (#EEE8AA) in relation to the entrance and the rest of the rooms also differs from the others, indicating a distinct pattern."
"[17, 18]","[7, 22]","['21408', '51240', '40679', '66935', '31693']",40679,1. **Different floorplan:** E,"1. **Different floorplan:** E
2. **Why:** Floorplan E has a unique arrangement where the master room (#FFA500) is positioned in a way that it does not align with the typical central placement seen in the other floorplans. In contrast, the other floorplans have the master room centrally located, which suggests a more symmetrical and standard layout. Floorplan E's master room is placed towards one side, making it stand out from the others."
"[17, 21]","[7, 1]","['62454', '9795', '40487', '69704', '53652']",53652,1. **Different floorplan:** E,"1. **Different floorplan:** E
2. **Why:** Floorplan E has a unique arrangement where the living room and dining area are placed side by side in a linear fashion, which is distinct from the other floorplans. In contrast, floorplans A, B, C, and D all have the living room and dining area positioned in a more traditional L-shaped configuration, with the living room typically being larger and the dining area smaller, and they are often separated by a kitchen or another common room. Floorplan E's layout is more compact and linear compared to the others, making it stand out as having a different underlying pattern."
"[17, 18]","[7, 22]","['46660', '70105', '79411', '21408', '66935']",79411,1. **Different floorplan:** C,"1. **Different floorplan:** C
2. **Why:** Floorplan C has a distinct layout compared to the others. It features a central hallway with rooms branching off in a linear fashion, which is different from the more complex and interconnected layouts seen in A, B, D, and E. The other floorplans have more intricate patterns with multiple intersections and varying room sizes, making them more complex than C."
"[17, 21]","[7, 3]","['62454', '9795', '62549', '75828', '69704']",75828,1. **Different floorplan:** D,"1. **Different floorplan:** D
2. **Why:** Floorplan D has a unique arrangement where the kitchen is located in the center, surrounded by other rooms, which differs from the other floorplans where the kitchen is typically placed along one side or corner. Additionally, the layout of the other rooms around the kitchen in D appears more symmetrical compared to the others, suggesting a different underlying pattern."
"[17, 18]","[7, 3]","['61767', '66316', '51240', '31693', '21408']",61767,1. **Different floorplan:** E,"1. **Different floorplan:** E
2. **Why:** Floorplan E has a unique arrangement where the living room and dining area are directly connected without any intervening space, which is not present in the other floorplans. In contrast, floorplans A, B, C, and D all have a common pattern where the living room and dining area are separated by a hallway or another room. This distinct layout makes floorplan E stand out from the others."
"[7, 1]","[17, 5]","['72055', '53652', '8109', '12421', '17550']",72055,1. **Different floorplan:** C,"1. **Different floorplan:** C
2. **Why:** Floorplan C has a distinct arrangement of rooms compared to the others. It features a central hallway with a master room directly connected to it, which is not present in the other floorplans. The other floorplans have more symmetrical layouts with multiple common rooms and bathrooms distributed around a central area, whereas C has a unique central hallway configuration."
"[17, 21]","[7, 20]","['78147', '62549', '40487', '62454', '2277']",2277,1. **Different floorplan:** E,"1. **Different floorplan:** E
2. **Why:** Floorplan E has a unique arrangement where the living room and dining area are combined into one large space, which is not present in the other floorplans. In contrast, floorplans A, B, C, and D each have distinct layouts with separate living rooms and dining areas. Additionally, floorplan E has a different orientation of the kitchen and storage areas compared to the others."
"[7, 1]","[17, 21]","['12376', '78147', '53652', '16951', '10825']",78147,1. **Different floorplan:** C,"1. **Different floorplan:** C
2. **Why:** Floorplan C has a unique arrangement where the master room (#FFA500) is positioned in the top right corner, which is not typical in the other floorplans. In contrast, the other floorplans have the master room either in the center or towards the bottom left, maintaining a more consistent pattern. Additionally, the layout of the common rooms and living areas in C differs significantly from the others, making it stand out as having a different underlying pattern."
"[17, 21]","[7, 3]","['62454', '62549', '40487', '61767', '9795']",61767,1. **Different floorplan:** D,"1. **Different floorplan:** D
2. **Why:** Floorplan D has a unique arrangement where the master room (#FFA500) is positioned in a way that it does not align with the typical central placement seen in the other floorplans. In contrast, the other floorplans have the master room centrally located, which is a common pattern in residential designs. Additionally, the layout of the common rooms and living areas in D differs significantly from the others, suggesting a different underlying pattern."
"[17, 21]","[7, 3]","['62454', '61767', '78147', '69704', '9795']",61767,1. **Different floorplan:** B,"1. **Different floorplan:** B
2. **Why:** Floorplan B has a unique arrangement where the master room (#FFA500) is positioned in a way that it does not align with the typical central placement seen in the other floorplans. Additionally, the living room (#EEE8AA) and common room (#FFD700) are placed in a manner that differs from the symmetrical and consistent patterns observed in A, C, D, and E. The presence of the balcony (#6B8E23) and the positioning of the dining area (#DA70D6) also contribute to the distinctiveness of floorplan B."
"[17, 21]","[7, 1]","['12421', '69704', '78147', '40487', '62549']",12421,1. **Different floorplan:** E,"1. **Different floorplan:** E
2. **Why:** Floorplan E has an additional section extending from the main entrance that is not present in the other floorplans. This extra section disrupts the uniformity of the spatial layout compared to A, B, C, and D, which maintain a consistent pattern throughout their layouts."
"[7, 20]","[17, 18]","['54372', '2425', '31693', '55305', '2277']",31693,1. **Different floorplan:** C,"1. **Different floorplan:** C
2. **Why:** Floorplan C has a unique arrangement where the master room (#FFA500) is positioned in a way that it does not align with the typical central placement seen in the other floorplans. Additionally, the living room (#EEE8AA) and common room (#FFD700) are placed in a manner that differs from the symmetrical and consistent patterns observed in A, B, D, and E. The presence of the balcony (#6B8E23) and the positioning of the dining area (#DA70D6) also contribute to the distinctiveness of floorplan C."
"[17, 18]","[7, 22]","['21408', '66935', '40679', '6955', '21543']",40679,1. **Different floorplan:** C,"1. **Different floorplan:** C
2. **Why:** Floorplan C has a unique arrangement where the master room (#FFA500) is positioned in a way that it does not align with the typical central placement seen in the other floorplans. Additionally, the living room (#EEE8AA) and common room (#FFD700) are placed in a manner that differs from the symmetrical and consistent patterns observed in A, B, D, and E. The presence of the balcony (#6B8E23) and the positioning of the dining area (#DA70D6) also contribute to the distinctiveness of floorplan C."
"[17, 18]","[7, 1]","['31693', '6955', '21543', '12421', '46660']",12421,1. **Different floorplan:** E,"1. **Different floorplan:** E
2. **Why:** Floorplan E has a unique arrangement where the master room (#FFA500) is positioned in a way that it does not align with the typical central placement seen in the other floorplans. In contrast, the other floorplans have the master room centrally located, which is a common pattern in residential designs. Additionally, the overall layout of E appears more compact and less symmetrical compared to the others, suggesting a different underlying pattern."
"[17, 18]","[7, 20]","['2277', '21543', '6955', '46660', '70105']",2277,1. **Different floorplan:** E,"1. **Different floorplan:** E
2. **Why:** Floorplan E has a unique arrangement where the master room (#FFA500) is positioned in a way that it does not align with the typical central placement seen in the other floorplans. In contrast, the other floorplans have the master room centrally located, which suggests a more symmetrical and standard layout. Floorplan E's master room is placed towards one side, making it stand out from the others."
"[7, 1]","[17, 5]","['3536', '16951', '17550', '12421', '72055']",72055,1. **Different floorplan:** E,"1. **Different floorplan:** E
2. **Why:** Floorplan E has a unique arrangement where the common room and the master room are not adjacent to each other in a linear fashion like the other floorplans. Instead, they are separated by a balcony and a storage area, which creates a distinct pattern compared to the others. In contrast, floorplans A, B, C, and D all have the common room and the master room directly adjacent to each other, forming a continuous corridor-like layout."
"[17, 18]","[7, 3]","['61767', '66935', '31693', '21543', '66316']",61767,1. **Different floorplan:** C,"1. **Different floorplan:** C
2. **Why:** Floorplan C has a unique arrangement where the master room (#FFA500) is positioned in the center, surrounded by a common room (#FFD700), a living room (#EEE8AA), and a balcony (#6B8E23). This central placement of the master room is distinct from the other floorplans, which typically place the master room either at one end or in a corner. Additionally, the spatial distribution of the other rooms around the master room in C is more symmetrical compared to the other floorplans, which have more varied and less symmetrical arrangements."
"[7, 1]","[17, 5]","['8109', '12421', '3536', '7913', '16951']",7913,1. **Different floorplan:** C,"1. **Different floorplan:** C
2. **Why:** Floorplan C has a unique arrangement where the master room (#FFA500) is positioned at the top right corner, which is not typical in the other floorplans. In contrast, the other floorplans have the master room either centrally located or towards the bottom left, maintaining a more consistent pattern."
"[17, 18]","[7, 22]","['6955', '46660', '31693', '70105', '31113']",31113,1. **Different floorplan:** C,"1. **Different floorplan:** C
2. **Why:** Floorplan C has a unique layout compared to the others. It features a central hallway with a T-shape configuration, which is distinct from the more symmetrical and grid-like patterns in A, B, D, and E. The other floorplans have a more uniform distribution of rooms around a central core, whereas C has a more linear arrangement with a clear division between the entrance and the rest of the space."
"[7, 1]","[17, 18]","['53652', '10825', '6955', '12376', '3536']",6955,1. **Different floorplan:** E,"1. **Different floorplan:** E
2. **Why:** Floorplan E has a unique arrangement where the master room (#FFA500) is positioned in a way that it does not align with the typical central placement seen in the other floorplans. In contrast, the other floorplans have the master room centrally located, which is a common pattern in residential designs. Additionally, the overall layout of E appears more compact and less symmetrical compared to the others, suggesting a different underlying design philosophy."
"[17, 18]","[7, 22]","['21408', '31693', '40679', '70105', '51240']",40679,1. **Different floorplan:** E,"1. **Different floorplan:** E
2. **Why:** Floorplan E has a unique arrangement where the master room (#FFA500) is positioned in a way that it does not align with the typical central placement seen in the other floorplans. In contrast, the other floorplans have the master room centrally located, which is a common pattern in apartment designs. Additionally, the layout of the common rooms and living areas in floorplan E differs from the others, suggesting a different underlying pattern."
"[17, 5]","[7, 3]","['50221', '72055', '33045', '64781', '7913']",64781,1. **Different floorplan:** D,"1. **Different floorplan:** D
2. **Why:** Floorplan D has a unique arrangement where the master room (#FFA500) is positioned in a way that it does not align with the typical central placement seen in the other floorplans. In contrast, the other floorplans have the master room centrally located, which suggests a more symmetrical and standard layout. Additionally, the positioning of the common room (#FFD700) and the living room (#EEE8AA) in relation to the entrance and the rest of the rooms also differs from the others, indicating a distinct pattern."
"[17, 18]","[7, 3]","['70105', '46660', '75828', '21408', '31693']",75828,1. **Different floorplan:** E,"1. **Different floorplan:** E
2. **Why:** Floorplan E has a unique arrangement where the master room (#FFA500) is positioned in a way that it does not align with the typical central placement seen in the other floorplans. In contrast, the other floorplans have the master room centrally located, which is a common pattern in residential designs. Additionally, the layout of the common rooms and living areas in E differs significantly from the others, suggesting a different underlying pattern."
"[7, 1]","[17, 18]","['53652', '6955', '16951', '12421', '8109']",6955,1. **Different floorplan:** B,"1. **Different floorplan:** B
2. **Why:** Floorplan B has a unique arrangement where the master room (#FFA500) is positioned in a way that it does not align with the typical central placement seen in the other floorplans. Additionally, the living room (#EEE8AA) and common room (#FFD700) are placed in a manner that differs from the symmetrical and consistent patterns observed in A, C, D, and E. The presence of a balcony (#6B8E23) in an unusual location further distinguishes it from the others."
"[17, 18]","[7, 1]","['16951', '46660', '31693', '21408', '51240']",16951,1. **Different floorplan:** E,"1. **Different floorplan:** E
2. **Why:** Floorplan E has a unique arrangement where the living room and dining area are directly adjacent without any intervening space, which is not observed in the other floorplans. In contrast, floorplans A, B, C, and D all have a more traditional layout with a corridor separating the living room from the dining area."
"[7, 1]","[17, 21]","['12376', '16951', '10825', '40487', '8109']",40487,1. **Different floorplan:** D,"1. **Different floorplan:** D
2. **Why:** Floorplan D has a unique arrangement where the master room (#FFA500) is positioned in a way that it does not align with the typical central placement seen in the other floorplans. In contrast, the other floorplans have the master room centrally located, which suggests a more symmetrical and standard layout. Floorplan D's master room is placed off-center, making it stand out from the others."
"[17, 18]","[7, 1]","['6955', '12376', '70105', '21543', '21408']",12376,1. **Different floorplan:** E,"1. **Different floorplan:** E
2. **Why:** Floorplan E has a unique arrangement where the master room (#FFA500) is positioned in a way that it does not align with the typical central placement seen in the other floorplans. In contrast, the other floorplans have the master room centrally located, which is a common pattern in apartment designs. Additionally, the overall layout of E appears more compact and less symmetrical compared to the others, suggesting a different underlying pattern."
"[7, 1]","[17, 21]","['12376', '53652', '40487', '16951', '3536']",40487,1. **Different floorplan:** E,"1. **Different floorplan:** E
2. **Why:** Floorplan E has a unique arrangement where the master room (#FFA500) is positioned in the center, surrounded by a large common room (#FFD700) and a smaller balcony (#6B8E23). This central placement of the master room with a surrounding common area and balcony is distinct from the other floorplans, which typically have the master room either at one end or centrally located but not surrounded by such a configuration. The other floorplans (A, B, C, and D) maintain a more consistent pattern with the master room being either at one end or centrally located without the surrounding common room and balcony arrangement seen in E."
"[17, 21]","[7, 22]","['78147', '62549', '9795', '69704', '31113']",31113,1. **Different floorplan:** E,"1. **Different floorplan:** E
2. **Why:** Floorplan E has a unique arrangement where the living room and dining area are positioned in a way that they do not align with the typical layout seen in the other four floorplans. In contrast, the other four floorplans have a more consistent layout where the living room and dining area are adjacent and follow a similar pattern. Floorplan E introduces an additional element (the pink room) that disrupts this pattern, making it distinct from the others."
"[7, 3]","[17, 18]","['61767', '52457', '64781', '21543', '75828']",21543,1. **Different floorplan:** D,"1. **Different floorplan:** D
2. **Why:** Floorplan D has a unique arrangement where the master room (#FFA500) is positioned in the center, surrounded by a large common room (#FFD700) and a smaller living room (#EEE8AA). This central placement of the master room with surrounding spaces is distinct from the other floorplans, which typically have the master room either at one end or centrally but not surrounded by such a configuration. Additionally, the presence of a large balcony (#6B8E23) and a separate dining area (#DA70D6) in D also contributes to its uniqueness compared to the others."
"[7, 3]","[17, 18]","['75828', '52457', '66935', '64781', '61767']",66935,1. **Different floorplan:** C,"1. **Different floorplan:** C
2. **Why:** Floorplan C has a unique arrangement of rooms compared to the others. In particular, it features a central hallway with a staircase leading up to an upper level, which is not present in the other floorplans. This central staircase and the layout around it make it distinct from the more symmetrical and linear designs of the other floorplans."
"[17, 18]","[7, 22]","['31113', '51240', '70105', '6955', '21543']",31113,1. **Different floorplan:** E,"1. **Different floorplan:** E
2. **Why:** Floorplan E has a unique arrangement where the master room (#FFA500) is positioned in a way that it does not align with the typical central placement seen in the other floorplans. Additionally, the kitchen (#F08080) and dining area (#DA70D6) are placed in a manner that differs from the standard layout observed in A, B, C, and D. The presence of a balcony (#6B8E23) at the far end also contributes to the distinctiveness of E's layout compared to the others."
"[7, 22]","[17, 21]","['40487', '23132', '40679', '31113', '79411']",40487,1. **Different floorplan:** E,"1. **Different floorplan:** E
2. **Why:** Floorplan E has a unique arrangement where the living room and dining area are directly adjacent without any intervening space, which is not observed in the other floorplans. In contrast, floorplans A, B, C, and D all have a common pattern where the living room and dining area are separated by a hallway or another room type, such as a storage or kitchen. This distinct layout makes floorplan E stand out from the others."
"[17, 21]","[7, 1]","['69704', '62549', '16951', '78147', '9795']",16951,1. **Different floorplan:** C,"1. **Different floorplan:** C
2. **Why:** Floorplan C has a unique arrangement where the master room (#FFA500) is positioned in a way that it does not align with the typical central placement seen in the other floorplans. In contrast, the other floorplans have the master room centrally located, which suggests a more symmetrical and standard layout. Additionally, the positioning of the common room (#FFD700) and the living room (#EEE8AA) in relation to the entrance and the rest of the rooms also differs from the others, indicating a distinct pattern."
"[7, 1]","[17, 5]","['17550', '3536', '16951', '7913', '53652']",7913,1. **Different floorplan:** D,"1. **Different floorplan:** D
2. **Why:** Floorplan D has a unique arrangement where the kitchen is positioned in the center, surrounded by other rooms, which differs from the other floorplans where the kitchen is typically located at one end or another side of the apartment. Additionally, the layout of the other rooms around the kitchen in D appears more compact compared to the more spread-out arrangements in A, B, C, and E."
"[7, 1]","[17, 21]","['3536', '17550', '53652', '78147', '8109']",78147,1. **Different floorplan:** D,"1. **Different floorplan:** D
2. **Why:** Floorplan D has a unique arrangement where the master room (#FFA500) is positioned in a way that it does not align with the typical central placement seen in the other floorplans. In contrast, the other floorplans (A, B, C, and E) have the master room centrally located, which suggests a more symmetrical and standard layout. Floorplan D's master room is placed off-center, making it stand out from the others."
"[7, 1]","[17, 21]","['53652', '69704', '10825', '3536', '12421']",69704,1. **Different floorplan:** D,"1. **Different floorplan:** D
2. **Why:** Floorplan D has a unique arrangement where the master room (#FFA500) is positioned in a way that it does not align with the typical central placement seen in the other floorplans. In contrast, the other floorplans have the master room centrally located, which suggests a more symmetrical and standard layout. Additionally, the distribution of other rooms like the common room (#FFD700), living room (#EEE8AA), and balcony (#6B8E23) appears consistent across the other floorplans but is disrupted in floorplan D."
"[17, 18]","[7, 20]","['21408', '55305', '21543', '46660', '6955']",55305,1. **Different floorplan:** B,"1. **Different floorplan:** B
2. **Why:** Floorplan B has a distinct arrangement of rooms compared to the others. It features a central hallway with a staircase leading up, which is not present in the other floorplans. Additionally, the distribution of room types and their relative sizes differs significantly from the others, making it stand out as having a different underlying pattern."
"[7, 1]","[17, 18]","['16951', '3536', '70105', '8109', '10825']",70105,1. **Different floorplan:** C,"1. **Different floorplan:** C
2. **Why:** Floorplan C has a unique arrangement of rooms compared to the others. In particular, it features a central hallway with a T-junction, which is not present in the other floorplans. The other floorplans have more symmetrical layouts with fewer distinct pathways."
"[17, 18]","[7, 1]","['46660', '31693', '17550', '6955', '21408']",17550,1. **Different floorplan:** E,"1. **Different floorplan:** E
2. **Why:** Floorplan E has a unique arrangement where the master room (#FFA500) is positioned in a way that it does not align with the typical central placement seen in the other floorplans. In contrast, the other floorplans have the master room centrally located, which is a common pattern in apartment designs. Additionally, the layout of the common rooms and living areas in E differs significantly from the others, suggesting a different underlying pattern."
"[17, 18]","[7, 3]","['21543', '70105', '61767', '6955', '46660']",61767,1. **Different floorplan:** C,"1. **Different floorplan:** C
2. **Why:** Floorplan C has a distinct layout compared to the others. It features a single large room with a balcony attached to one side, which is not present in the other floorplans. The rest of the floorplans have more complex layouts with multiple rooms and different configurations around the main entrance."
"[17, 21]","[7, 20]","['62549', '9795', '54372', '78147', '69704']",54372,1. **Different floorplan:** C,"1. **Different floorplan:** C
2. **Why:** Floorplan C has a unique arrangement where the living room is positioned in the center with the master room directly above it, which is not seen in the other floorplans. In contrast, floorplans A, B, D, and E all have the living room adjacent to the entrance and the master room either directly above or to one side of the living room, maintaining a consistent pattern."
"[17, 18]","[7, 22]","['51240', '66316', '79411', '70105', '46660']",79411,1. **Different floorplan:** C,"1. **Different floorplan:** C
2. **Why:** Floorplan C has a distinct arrangement of rooms compared to the others. It features a central hallway with a single entrance leading directly into it, which is not present in the other floorplans. The other floorplans have more complex layouts with multiple entrances and varying room configurations around the perimeter."
"[17, 18]","[7, 1]","['8109', '21543', '51240', '46660', '6955']",8109,1. **Different floorplan:** E,"1. **Different floorplan:** E
2. **Why:** Floorplan E has a unique arrangement where the master room (#FFA500) is positioned in a way that it does not align with the typical central placement seen in the other floorplans. In contrast, the other floorplans have the master room centrally located, which suggests a more symmetrical and standard layout. Additionally, the distribution of other rooms like the common room (#FFD700), living room (#EEE8AA), and kitchen (#F08080) also follows a consistent pattern across A, B, C, and D, but not in E."
"[7, 1]","[17, 18]","['10825', '66935', '16951', '53652', '17550']",66935,1. **Different floorplan:** B,"1. **Different floorplan:** B
2. **Why:** Floorplan B has an additional room (pink room) that is not present in the other four floorplans. This extra room disrupts the uniformity of the spatial layout compared to A, C, D, and E, which all have a consistent arrangement of rooms without any additional elements."
"[7, 1]","[17, 5]","['16951', '3536', '72055', '10825', '17550']",72055,1. **Different floorplan:** C,"1. **Different floorplan:** C
2. **Why:** Floorplan C has a unique arrangement where the master room (#FFA500) is positioned in the center, surrounded by a common room (#FFD700), a living room (#EEE8AA), and a balcony (#6B8E23). This central placement of the master room is distinct from the other floorplans, which typically place the master room either at one end or in a corner. Additionally, the spatial distribution of the other rooms around the master room in C is more symmetrical compared to the other floorplans, which have more varied and less symmetrical arrangements."
"[7, 1]","[17, 18]","['53652', '12421', '17550', '12376', '6955']",6955,1. **Different floorplan:** E,"1. **Different floorplan:** E
2. **Why:** Floorplan E has a unique configuration where the main entrance leads directly into a large open space that appears to be a combination of a living room and a dining area, which is not present in the other floorplans. The other floorplans have more distinct separations between rooms, with clear boundaries and specific room types like bathrooms and kitchens. Floorplan E's layout suggests a more open concept, possibly a combined living-dining area, which sets it apart from the others."
"[17, 18]","[7, 1]","['8109', '51240', '70105', '21543', '66316']",8109,1. **Different floorplan:** E,"1. **Different floorplan:** E
2. **Why:** Floorplan E has a unique arrangement where the master room (#FFA500) is positioned in a way that it does not align with the typical central placement seen in the other floorplans. In contrast, the other floorplans have the master room centrally located, which suggests a more symmetrical and standard layout. Additionally, the distribution of other rooms like the common room (#FFD700), living room (#EEE8AA), and kitchen (#F08080) appears consistent across the other floorplans but is notably different in floorplan E."
"[7, 1]","[17, 18]","['3536', '51240', '16951', '10825', '12376']",51240,1. **Different floorplan:** B,"1. **Different floorplan:** B
2. **Why:** Floorplan B has an additional section extending from the main entrance that is not present in the other floorplans. This extra section disrupts the uniformity of the spatial layout compared to A, C, D, and E, which all have a more consistent and compact arrangement of rooms around the central core."
"[17, 18]","[7, 22]","['51240', '21543', '66935', '23132', '6955']",23132,1. **Different floorplan:** D,"1. **Different floorplan:** D
2. **Why:** Floorplan D has a unique arrangement where the living room and dining area are directly adjacent without any intervening space, unlike the other floorplans which typically have a corridor or another room separating them. This direct adjacency is not present in the other floorplans, making it distinct from the others."
"[17, 21]","[7, 20]","['54372', '9795', '62549', '62454', '78147']",54372,1. **Different floorplan:** A,"1. **Different floorplan:** A
2. **Why:** Floorplan A has a unique arrangement where the common room (yellow) is located in the upper left corner, which is not typical for the other floorplans. In contrast, the other floorplans have the common room positioned more centrally or towards the lower part of the floorplan. Additionally, the layout of the master room (orange) and the living room (light yellow) in floorplan A is distinct from the others, suggesting a different underlying pattern."
"[17, 18]","[7, 1]","['8109', '6955', '21543', '70105', '66935']",8109,1. **Different floorplan:** E,"1. **Different floorplan:** E
2. **Why:** Floorplan E has a unique arrangement of rooms compared to the others. Specifically, the placement of the dining room and the kitchen is reversed in relation to the main entrance compared to the other floorplans. In all other floorplans (A, B, C, and D), the dining room is positioned to the right of the entrance, while the kitchen is to the left. However, in floorplan E, the dining room is to the left of the entrance, and the kitchen is to the right. This reversal in the spatial layout of the dining and kitchen areas makes it distinct from the rest."
"[7, 1]","[17, 21]","['8109', '3536', '12421', '40487', '53652']",40487,1. **Different floorplan:** D,"1. **Different floorplan:** D
2. **Why:** Floorplan D has a unique arrangement where the master room (#FFA500) is positioned in the center, surrounded by a common room (#FFD700), a living room (#EEE8AA), and a balcony (#6B8E23). This central placement of the master room is distinct from the other floorplans, which typically have the master room either at one end or centrally located but not surrounded by other rooms in this specific manner."
"[17, 21]","[7, 3]","['64781', '62454', '40487', '69704', '62549']",64781,1. **Different floorplan:** E,"1. **Different floorplan:** E
2. **Why:** Floorplan E has a unique arrangement where the master room (#FFA500) is positioned in a way that it does not align with the typical central placement seen in the other floorplans. Additionally, the kitchen (#F08080) is located at the far end of the floorplan, which is less common compared to the other floorplans where the kitchen is usually closer to the entrance. This distinct placement makes E stand out from the others."
"[17, 21]","[7, 1]","['9795', '62454', '69704', '78147', '8109']",8109,1. **Different floorplan:** E,"1. **Different floorplan:** E
2. **Why:** Floorplan E has a unique arrangement where the master room (#FFA500) is positioned in a way that it does not align with the typical central placement seen in the other floorplans. In contrast, the other floorplans have the master room centrally located, which suggests a more symmetrical and standard layout. Additionally, the positioning of the common room (#FFD700) and the living room (#EEE8AA) in relation to the entrance and the rest of the rooms also differs from the others, indicating a distinct pattern."
"[17, 5]","[7, 20]","['54372', '33045', '50221', '7913', '72055']",54372,1. **Different floorplan:** C,"1. **Different floorplan:** C
2. **Why:** Floorplan C has a unique arrangement where the master room (#FFA500) is positioned in the center, surrounded by a common room (#FFD700), a living room (#EEE8AA), and a balcony (#6B8E23). This central placement of the master room is distinct from the other floorplans, which typically have the master room either at one end or centrally but not surrounded by other rooms in this specific manner."
"[7, 1]","[17, 5]","['17550', '72055', '3536', '12421', '53652']",72055,1. **Different floorplan:** C,"1. **Different floorplan:** C
2. **Why:** Floorplan C has a unique arrangement where the master room (#FFA500) is positioned at the bottom left corner, which is not typical in the other floorplans. In contrast, the other floorplans have the master room either centrally located or towards the top right, maintaining a more consistent pattern."
"[17, 21]","[7, 3]","['40487', '62454', '61767', '69704', '9795']",61767,1. **Different floorplan:** C,"1. **Different floorplan:** C
2. **Why:** Floorplan C has a unique arrangement where the master room (#FFA500) is positioned in a way that it does not align with the typical central placement seen in the other floorplans. Additionally, the kitchen (#F08080) and dining area (#DA70D6) are placed in a manner that differs from the standard layout observed in A, B, D, and E, where these rooms are more consistently positioned towards the center or one side of the floorplan."
"[17, 18]","[7, 20]","['31693', '54372', '6955', '70105', '21408']",54372,1. **Different floorplan:** E,"1. **Different floorplan:** E
2. **Why:** Floorplan E has a unique arrangement where the master room (#FFA500) is positioned in a way that it does not align with the typical central placement seen in the other floorplans. In contrast, the other floorplans have the master room centrally located, which suggests a more symmetrical and standard layout. Additionally, the positioning of the dining area (#DA70D6) and the kitchen (#F08080) in relation to the entrance and the rest of the rooms also differs from the others, indicating a distinct pattern."
"[7, 1]","[17, 21]","['16951', '12421', '3536', '62454', '17550']",62454,1. **Different floorplan:** C,"1. **Different floorplan:** C
2. **Why:** Floorplan C has a unique arrangement where the master room (#FFA500) is positioned at the top right corner, which is not seen in the other floorplans. All other floorplans have the master room either at the bottom left or the top left, with the rest of the rooms arranged around it in a consistent manner. Floorplan C deviates from this pattern by placing the master room in a different location, making it stand out as having a different underlying pattern."
"[17, 21]","[7, 1]","['16951', '9795', '78147', '69704', '62454']",16951,1. **Different floorplan:** B,"1. **Different floorplan:** B
2. **Why:** Floorplan B has a unique arrangement where the master room (#FFA500) is positioned in a way that it does not align with the typical central placement seen in the other floorplans. In contrast, the other floorplans have the master room centrally located, which suggests a more symmetrical and standard layout. Additionally, the positioning of the common room (#FFD700) and the living room (#EEE8AA) in relation to the entrance and the rest of the rooms also differs from the others, indicating a distinct pattern."
"[17, 18]","[7, 1]","['6955', '21408', '46660', '53652', '51240']",53652,1. **Different floorplan:** D,"1. **Different floorplan:** D
2. **Why:** Floorplan D has a unique arrangement where the master room (#FFA500) is positioned in a way that it does not align with the typical central placement seen in the other floorplans. In contrast, the other floorplans have the master room centrally located, which suggests a more symmetrical and standard layout. Additionally, the positioning of the common room (#FFD700) and the living room (#EEE8AA) in relation to the entrance and the rest of the rooms also differs from the others, indicating a distinct pattern."
"[17, 21]","[7, 3]","['62549', '40487', '75828', '62454', '69704']",75828,1. **Different floorplan:** C,"1. **Different floorplan:** C
2. **Why:** Floorplan C has a unique arrangement where the master room (#FFA500) is positioned in the center, surrounded by a common room (#FFD700) and a living room (#EEE8AA). This central placement of the master room is not seen in the other floorplans, which typically have the master room either at one end or in a corner. Additionally, the spatial distribution of the other rooms around the master room in C is distinct from the more linear or clustered arrangements in A, B, D, and E."
"[17, 18]","[7, 22]","['66316', '40679', '6955', '51240', '21543']",40679,1. **Different floorplan:** B,"1. **Different floorplan:** B
2. **Why:** Floorplan B has a unique arrangement where the master room (#FFA500) is positioned in a way that it does not align with the typical central placement seen in the other floorplans. Additionally, the living room (#EEE8AA) and common room (#FFD700) are placed in a manner that differs from the symmetrical and consistent patterns observed in A, C, D, and E. The presence of the balcony (#6B8E23) and the positioning of the dining area (#DA70D6) also contribute to the distinctiveness of floorplan B compared to the others."
"[17, 18]","[7, 20]","['31693', '2277', '6955', '51240', '46660']",2277,1. **Different floorplan:** D,"1. **Different floorplan:** D
2. **Why:** Floorplan D has a unique arrangement where the master room (#FFA500) is positioned in a way that it does not align with the typical central placement seen in the other floorplans. In contrast, the other floorplans have the master room centrally located, which suggests a more symmetrical and standard layout. Additionally, the positioning of the common room (#FFD700) and the living room (#EEE8AA) in relation to the entrance and the rest of the rooms also differs from the others, indicating a distinct pattern."
"[7, 1]","[17, 5]","['7913', '3536', '12421', '17550', '16951']",7913,1. **Different floorplan:** B,"1. **Different floorplan:** B
2. **Why:** Floorplan B has a unique arrangement where the master room (#FFA500) is positioned in a way that it does not align with the typical central placement seen in the other floorplans. Additionally, the kitchen (#F08080) is placed at an angle compared to the rest, which disrupts the uniformity of the spatial layout observed in A, C, D, and E."
"[7, 1]","[17, 5]","['50221', '16951', '53652', '17550', '10825']",50221,1. **Different floorplan:** A,"1. **Different floorplan:** A
2. **Why:** Floorplan A has a unique arrangement where the master room (#FFA500) is positioned in the corner, unlike the other floorplans which place the master room more centrally or towards one side. Additionally, the layout of the common rooms and living areas around the master room differs significantly from the others, suggesting a different underlying pattern."
"[17, 18]","[7, 20]","['51240', '70105', '21408', '46660', '55305']",55305,1. **Different floorplan:** E,"1. **Different floorplan:** E
2. **Why:** Floorplan E has a unique arrangement where the living room and dining area are directly adjacent without any intervening space, which is not observed in the other floorplans. In contrast, floorplans A, B, C, and D all have a more traditional layout with a corridor separating the living room from the dining area."
"[7, 1]","[17, 5]","['12421', '10825', '72055', '53652', '17550']",72055,1. **Different floorplan:** C,"1. **Different floorplan:** C
2. **Why:** Floorplan C has a unique arrangement of rooms compared to the others. It features a central hallway with a staircase leading up to an upper level, which is not present in the other floorplans. Additionally, the distribution of room types and their relative sizes differs significantly from the uniformity observed in A, B, D, and E."
"[7, 3]","[17, 18]","['70105', '61767', '52457', '75828', '64781']",70105,1. **Different floorplan:** C,"1. **Different floorplan:** C
2. **Why:** Floorplan C has a distinct layout compared to the others. It features a single large rectangular section with a smaller section attached at one end, which is not present in the other floorplans. The other floorplans have more complex arrangements with multiple connected sections, making them more uniform in their overall design."
"[17, 18]","[7, 1]","['70105', '16951', '6955', '46660', '31693']",16951,1. **Different floorplan:** E,"1. **Different floorplan:** E
2. **Why:** Floorplan E has a unique arrangement where the master room (#FFA500) is positioned in a way that it does not align with the typical central placement seen in the other floorplans. In contrast, the other floorplans have the master room centrally located, which suggests a more symmetrical and standard layout. Floorplan E's master room is placed towards one side, making it stand out from the others."
"[7, 1]","[17, 5]","['16951', '10825', '53652', '3536', '50221']",50221,1. **Different floorplan:** E,"1. **Different floorplan:** E
2. **Why:** Floorplan E has a unique arrangement where the master room (#FFA500) is positioned in a way that it does not align with the typical central placement seen in the other floorplans. Additionally, the dining area (#DA70D6) is placed unusually close to the entrance, which deviates from the more standard layouts observed in A, B, C, and D."
"[17, 18]","[7, 1]","['66316', '21543', '12376', '51240', '21408']",12376,1. **Different floorplan:** E,"1. **Different floorplan:** E
2. **Why:** Floorplan E has a unique arrangement where the living room and dining area are directly connected without any intervening space, which is not present in the other floorplans. In contrast, floorplans A, B, C, and D all have a common pattern where the living room and dining area are separated by a hallway or another room. This distinct layout makes floorplan E stand out from the others."
"[7, 1]","[17, 18]","['66935', '10825', '53652', '8109', '17550']",66935,1. **Different floorplan:** C,"1. **Different floorplan:** C
2. **Why:** Floorplan C has a unique arrangement where the master room (#FFA500) is positioned in a way that it does not align with the typical central placement seen in the other floorplans. In contrast, the other floorplans have the master room centrally located, which suggests a more symmetrical and standard layout. Additionally, the positioning of the common room (#FFD700) and the living room (#EEE8AA) in relation to the entrance and the rest of the rooms also differs from the others, indicating a distinct pattern."
"[17, 18]","[7, 22]","['21408', '23132', '66935', '31693', '21543']",23132,1. **Different floorplan:** B,"1. **Different floorplan:** B
2. **Why:** Floorplan B has a distinct arrangement of rooms compared to the others. It features a central hallway with a master room directly connected to it, which is not present in the other floorplans. The other floorplans have more symmetrical layouts with common rooms and living areas distributed around a central core, whereas B has a unique central hallway configuration."
"[17, 18]","[7, 20]","['66935', '55305', '21408', '70105', '51240']",55305,1. **Different floorplan:** E,"1. **Different floorplan:** E
2. **Why:** Floorplan E has a unique arrangement where the master room (#FFA500) is positioned in a way that it does not align with the typical central placement seen in the other floorplans. In contrast, the other floorplans have the master room centrally located, which is a common pattern in apartment designs. Additionally, the layout of the common rooms and living areas in E differs from the more uniform distribution in A, B, C, and D."
"[7, 20]","[17, 18]","['55305', '2277', '54372', '66935', '2425']",66935,1. **Different floorplan:** E,"1. **Different floorplan:** E
2. **Why:** Floorplan E has a unique arrangement where the master room (#FFA500) is positioned in a way that it does not align with the typical central placement seen in the other floorplans. In contrast, the other floorplans have the master room centrally located, which suggests a more symmetrical and standard layout. Additionally, the positioning of the common room (#FFD700) and the living room (#EEE8AA) in relation to the entrance and the rest of the rooms also differs from the others, indicating a distinct pattern."
"[17, 18]","[7, 20]","['66935', '31693', '66316', '54372', '46660']",54372,1. **Different floorplan:** B,"1. **Different floorplan:** B
2. **Why:** Floorplan B has a unique arrangement where the master room (#FFA500) is positioned in a way that it does not align with the typical central placement seen in the other floorplans. In contrast, the other floorplans have the master room centrally located, which suggests a more symmetrical and standard layout. Additionally, the positioning of the common room (#FFD700) and the living room (#EEE8AA) in relation to the entrance and the rest of the rooms also differs from the others, indicating a distinct pattern."
"[17, 21]","[7, 22]","['40487', '62549', '62454', '23132', '69704']",23132,1. **Different floorplan:** D,"1. **Different floorplan:** D
2. **Why:** Floorplan D has a unique layout compared to the others. In contrast to the other floorplans which have a more symmetrical and consistent arrangement of rooms, D features an irregular shape with a distinct lack of symmetry in the placement of rooms. Additionally, the entrance in D leads directly into a smaller room, which is not the case in the other floorplans where the entrance typically opens into a larger common area like a living room or dining area. This irregularity in layout makes D stand out as having a different underlying pattern."
"[17, 21]","[7, 22]","['62454', '62549', '69704', '40679', '78147']",40679,1. **Different floorplan:** D,"1. **Different floorplan:** D
2. **Why:** Floorplan D has an additional section extending from the main entrance that is not present in the other floorplans. This extra section disrupts the uniformity of the spatial layout compared to A, B, C, and E, which maintain a consistent pattern throughout their main structures."
"[17, 21]","[7, 3]","['69704', '62549', '78147', '9795', '64781']",64781,1. **Different floorplan:** E,"1. **Different floorplan:** E
2. **Why:** Floorplan E has a unique arrangement where the master room (#FFA500) is positioned in a way that it does not align with the typical central placement seen in the other floorplans. In contrast, the other floorplans have the master room centrally located, which is a common pattern in residential designs. Additionally, the overall layout of E appears more compact and less symmetrical compared to the others, suggesting a different underlying pattern."
"[17, 21]","[7, 20]","['69704', '2277', '9795', '78147', '40487']",2277,1. **Different floorplan:** B,"1. **Different floorplan:** B
2. **Why:** Floorplan B has a unique arrangement where the master room (#FFA500) is positioned in the center, surrounded by other rooms, which is not typical in the other floorplans. The other floorplans have the master room either at one end or in a corner, with the rest of the rooms distributed around it in a more symmetrical manner."
"[7, 1]","[17, 18]","['46660', '8109', '3536', '10825', '16951']",46660,1. **Different floorplan:** C,"1. **Different floorplan:** C
2. **Why:** Floorplan C has a unique arrangement where the master room (#FFA500) is positioned at the top right corner, which is not seen in the other floorplans. All other floorplans have the master room either in the bottom left or middle-left area, with the rest of the rooms arranged around it in a more symmetrical manner. This distinct placement makes floorplan C stand out from the others."
"[17, 21]","[7, 3]","['75828', '62454', '78147', '9795', '62549']",75828,1. **Different floorplan:** E,"1. **Different floorplan:** E
2. **Why:** Floorplan E has a unique arrangement where the master room (#FFA500) is positioned in a way that it does not align with the typical central placement seen in the other floorplans. In contrast, the other floorplans have the master room centrally located, which suggests a more symmetrical and standard layout. Additionally, the distribution of other rooms like the common room (#FFD700), living room (#EEE8AA), and kitchen (#F08080) also follows a consistent pattern across A, B, C, and D, but not in E."
"[7, 1]","[17, 18]","['16951', '66316', '53652', '3536', '8109']",66316,1. **Different floorplan:** D,"1. **Different floorplan:** D
2. **Why:** Floorplan D has a unique arrangement where the master room (#FFA500) is positioned in a way that it does not align with the typical central placement seen in the other floorplans. In contrast, the other floorplans have the master room centrally located, which suggests a more symmetrical and standard layout. Additionally, the positioning of the common room (#FFD700) and the living room (#EEE8AA) in relation to the entrance and the rest of the rooms also differs from the others, indicating a distinct pattern."
"[17, 18]","[7, 3]","['21408', '31693', '21543', '66316', '61767']",61767,1. **Different floorplan:** E,"1. **Different floorplan:** E
2. **Why:** Floorplan E has a unique arrangement where the living room and dining area are directly adjacent without any intervening space, which is not present in the other floorplans. In contrast, floorplans A, B, C, and D all have a common pattern where the living room and dining area are separated by a hallway or another room, creating a more traditional flow from the entrance into the living and dining areas."
"[17, 18]","[7, 1]","['66935', '21543', '53652', '46660', '66316']",53652,1. **Different floorplan:** C,"1. **Different floorplan:** C
2. **Why:** Floorplan C has a unique arrangement where the master room (#FFA500) is positioned in a way that it does not align with the typical central placement seen in the other floorplans. Additionally, the living room (#EEE8AA) and common room (#FFD700) are placed in a manner that differs from the symmetrical and consistent patterns observed in A, B, D, and E. The presence of a balcony (#6B8E23) at the top right corner also stands out as an unusual feature compared to the other floorplans."
"[17, 21]","[7, 20]","['78147', '9795', '40487', '62549', '2277']",2277,1. **Different floorplan:** E,"1. **Different floorplan:** E
2. **Why:** Floorplan E has a unique configuration where the main entrance leads directly into a large open space that appears to be a combination of a living room and a dining area, with no distinct separation between them. In contrast, floorplans A, B, C, and D all have clear separations between the living room and dining areas, typically with a kitchen in between. This makes E stand out as having a different underlying pattern compared to the others."
"[17, 18]","[7, 3]","['21408', '52457', '66316', '31693', '46660']",52457,1. **Different floorplan:** B,"1. **Different floorplan:** B
2. **Why:** Floorplan B has a distinct arrangement of rooms compared to the others. It features a central hallway with a master room directly connected to it, which is not present in the other floorplans. The other floorplans have more symmetrical layouts with common rooms and living areas distributed around a central core, whereas B has a unique central hallway configuration."
"[17, 18]","[7, 1]","['6955', '12421', '66316', '31693', '46660']",12421,1. **Different floorplan:** B,"1. **Different floorplan:** B
2. **Why:** Floorplan B has a unique arrangement where the master room (#FFA500) is positioned in a way that it does not align with the typical central placement seen in the other floorplans. In contrast, the other floorplans have the master room centrally located, which suggests a more symmetrical and standard layout. Additionally, the positioning of the common room (#FFD700) and the living room (#EEE8AA) in relation to the entrance and the rest of the rooms also differs from the others, indicating a distinct pattern."
"[7, 1]","[17, 18]","['10825', '12421', '66935', '53652', '12376']",66935,1. **Different floorplan:** C,"1. **Different floorplan:** C
2. **Why:** Floorplan C has an additional room (pink room) that is not present in the other four floorplans. This extra room disrupts the uniformity of the spatial layout compared to A, B, D, and E, which all have a consistent arrangement of rooms without any additional elements."
"[17, 18]","[7, 1]","['21543', '70105', '21408', '12376', '66935']",12376,1. **Different floorplan:** D,"1. **Different floorplan:** D
2. **Why:** Floorplan D has a unique arrangement where the master room (#FFA500) is positioned in a way that it does not align with the typical central placement seen in the other floorplans. In contrast, the other floorplans have the master room centrally located, which is a common pattern in residential designs. Additionally, the overall layout of D appears more compact and less symmetrical compared to the others, suggesting a different underlying design philosophy."
"[7, 1]","[17, 21]","['12376', '3536', '16951', '12421', '62454']",62454,1. **Different floorplan:** E,"1. **Different floorplan:** E
2. **Why:** Floorplan E has a unique arrangement where the master room (#FFA500) is positioned in the top right corner, which is not typical for the other floorplans. In contrast, the other floorplans have the master room (#FFA500) either in the bottom left or the top left corner, maintaining a consistent pattern across A, B, C, and D."
"[17, 18]","[7, 1]","['3536', '66935', '21408', '31693', '46660']",3536,1. **Different floorplan:** B,"1. **Different floorplan:** B
2. **Why:** Floorplan B is the only one that has an additional room (pink room) that is not present in the other four floorplans. This extra room disrupts the uniformity of the spatial layout and room types compared to A, C, D, and E, which all have consistent patterns without any additional rooms."
"[17, 21]","[7, 22]","['69704', '40487', '78147', '62549', '23132']",23132,1. **Different floorplan:** E,"1. **Different floorplan:** E
2. **Why:** Floorplan E has a unique layout compared to the others. It features a central open space with multiple smaller rooms branching off from it, which is distinct from the more linear or grid-like patterns seen in A, B, C, and D. The other floorplans have a more consistent arrangement of rooms along one or two axes, whereas E has a more radial design."
"[17, 18]","[7, 1]","['66935', '70105', '21408', '31693', '17550']",17550,1. **Different floorplan:** E,"1. **Different floorplan:** E
2. **Why:** Floorplan E has a unique arrangement where the master room (#FFA500) is positioned in a way that it does not align with the typical central placement seen in the other floorplans. In contrast, the other floorplans have the master room centrally located, which is a common pattern in residential designs. Additionally, the overall layout of E appears more elongated and less symmetrical compared to the others, suggesting a different underlying pattern."
"[17, 21]","[7, 1]","['9795', '78147', '12421', '62454', '69704']",12421,1. **Different floorplan:** C,"1. **Different floorplan:** C
2. **Why:** Floorplan C has a unique arrangement where the master room (#FFA500) is positioned in a way that it does not align with the typical central placement seen in the other floorplans. Additionally, the living room (#EEE8AA) and common room (#FFD700) are placed in a manner that differs from the symmetrical and consistent patterns observed in A, B, D, and E. The presence of the balcony (#6B8E23) and the positioning of the dining area (#DA70D6) also contribute to the distinctiveness of floorplan C."
"[7, 1]","[17, 21]","['8109', '16951', '10825', '40487', '3536']",40487,1. **Different floorplan:** E,"1. **Different floorplan:** E
2. **Why:** Floorplan E has a unique arrangement where the master room (#FFA500) is positioned in a way that it does not align with the typical central placement seen in the other floorplans. In contrast, the other floorplans have the master room centrally located, which is a common pattern in residential designs. Additionally, the overall layout of E appears more elongated and less symmetrical compared to the others, suggesting a different underlying pattern."
"[17, 18]","[7, 22]","['51240', '46660', '66316', '21408', '40679']",40679,1. **Different floorplan:** E,"1. **Different floorplan:** E
2. **Why:** Floorplan E has a unique arrangement where the master room (#FFA500) is positioned in a way that it does not align with the typical central placement seen in the other floorplans. In contrast, the other floorplans have the master room centrally located, which is a common pattern in residential designs. Additionally, the overall layout of E appears more compact and irregular compared to the others, suggesting a different underlying pattern."
"[7, 1]","[17, 18]","['12421', '12376', '53652', '46660', '16951']",46660,1. **Different floorplan:** D,"1. **Different floorplan:** D
2. **Why:** Floorplan D has a unique arrangement where the kitchen is positioned in the center, surrounded by other rooms, unlike the other floorplans which have the kitchen either at one end or in a corner. Additionally, the layout of the other rooms around the kitchen in D appears more symmetrical compared to the others, suggesting a different underlying pattern."
"[17, 18]","[7, 20]","['21543', '6955', '54372', '51240', '31693']",54372,1. **Different floorplan:** E,"1. **Different floorplan:** E
2. **Why:** Floorplan E has a distinct arrangement of rooms compared to the others. It features a single large open space with a smaller room attached at one end, which is not present in the other floorplans. The other floorplans have more varied and complex layouts with multiple connected rooms of varying sizes."
"[7, 1]","[17, 21]","['62549', '3536', '8109', '16951', '12421']",62549,1. **Different floorplan:** B,"1. **Different floorplan:** B
2. **Why:** Floorplan B has a unique arrangement where the master room (#FFA500) is positioned in the center, surrounded by a common room (#FFD700), a living room (#EEE8AA), and a balcony (#6B8E23). This central placement of the master room is distinct from the other floorplans, which typically have the master room either at one end or centrally but not surrounded by other rooms in this specific configuration."
"[17, 21]","[7, 20]","['9795', '62454', '2425', '78147', '62549']",2425,1. **Different floorplan:** C,"1. **Different floorplan:** C
2. **Why:** Floorplan C has a unique arrangement where the master room (#FFA500) is positioned in a way that it does not align with the typical central placement seen in the other floorplans. Additionally, the living room (#EEE8AA) and common room (#FFD700) are placed in a manner that differs from the symmetrical and consistent patterns observed in A, B, D, and E. The presence of a separate balcony (#6B8E23) in a different location also contributes to the distinctiveness of floorplan C."
"[17, 18]","[7, 22]","['6955', '46660', '40679', '21408', '31693']",40679,1. **Different floorplan:** C,"1. **Different floorplan:** C
2. **Why:** Floorplan C has a unique arrangement where the master room (#FFA500) is positioned in a way that it does not align with the typical central placement seen in the other floorplans. Additionally, the living room (#EEE8AA) and common room (#FFD700) are placed in a manner that differs from the symmetrical and consistent patterns observed in A, B, D, and E. The presence of a balcony (#6B8E23) at the far end also contributes to the distinctiveness of this floorplan."
"[7, 1]","[17, 18]","['53652', '12376', '12421', '16951', '66935']",66935,1. **Different floorplan:** E,"1. **Different floorplan:** E
2. **Why:** Floorplan E has a unique arrangement where the master room (#FFA500) is positioned in a way that it does not align with the typical central placement seen in the other floorplans. Additionally, the presence of a small pink room (storage) in the corner of E is not found in the other floorplans, which have more symmetrical and consistent layouts."
"[7, 1]","[17, 18]","['17550', '70105', '8109', '3536', '16951']",70105,1. **Different floorplan:** D,"1. **Different floorplan:** D
2. **Why:** Floorplan D has a unique arrangement where the master room (#FFA500) is positioned in a way that it does not align with the typical central placement seen in the other floorplans. In contrast, the other floorplans have the master room centrally located, which is a common pattern in residential designs. Additionally, the distribution of other rooms like the common room (#FFD700), living room (#EEE8AA), and storage (#DDA0DD) differs significantly from the others, suggesting a different underlying pattern."
"[17, 18]","[7, 22]","['23132', '66316', '21408', '70105', '51240']",23132,1. **Different floorplan:** E,"1. **Different floorplan:** E
2. **Why:** Floorplan E has a unique arrangement where the master room (#FFA500) is positioned in a way that it does not align with the typical central placement seen in the other floorplans. In contrast, the other floorplans have the master room centrally located, which is a common pattern in residential designs. Additionally, the overall layout of E appears more elongated and less symmetrical compared to the others, suggesting a different underlying pattern."
"[7, 1]","[17, 5]","['7913', '12421', '3536', '17550', '53652']",7913,1. **Different floorplan:** C,"1. **Different floorplan:** C
2. **Why:** Floorplan C has a unique arrangement where the master room (#FFA500) is positioned at the top right corner, which is not seen in the other floorplans. All other floorplans have the master room either in the bottom left or middle-left position. This distinct placement makes it stand out from the others."
"[17, 5]","[7, 1]","['50221', '7913', '53652', '33045', '72055']",53652,1. **Different floorplan:** C,"1. **Different floorplan:** C
2. **Why:** Floorplan C has a unique arrangement where the master room (#FFA500) is positioned in a way that it does not align with the typical central placement seen in the other floorplans. Additionally, the living room (#EEE8AA) and common room (#FFD700) are placed in a manner that differs from the symmetrical and consistent patterns observed in A, B, D, and E. The presence of a balcony (#6B8E23) at the top right corner also stands out due to its isolated position compared to the other floorplans."
"[17, 18]","[7, 1]","['21543', '31693', '66316', '46660', '10825']",10825,1. **Different floorplan:** E,"1. **Different floorplan:** E
2. **Why:** Floorplan E has a distinct layout compared to the others. It features a single large room with a balcony attached, which is not present in the other floorplans. The other floorplans have more complex layouts with multiple rooms and different configurations around the main entrance."
"[7, 1]","[17, 21]","['12376', '10825', '78147', '53652', '3536']",78147,1. **Different floorplan:** E,"1. **Different floorplan:** E
2. **Why:** Floorplan E has a unique arrangement where the master room (#FFA500) is positioned in a way that it does not align with the typical central placement seen in the other floorplans. In contrast, the other floorplans have the master room centrally located, which is a common pattern in residential designs. Additionally, the layout of the common rooms and living areas in E is more compact and less symmetrical compared to the others, suggesting a different underlying design philosophy."
"[17, 18]","[7, 1]","['21408', '12376', '21543', '66935', '66316']",12376,1. **Different floorplan:** B,"1. **Different floorplan:** B
2. **Why:** Floorplan B has a unique arrangement where the master room (#FFA500) is positioned in a way that it does not align with the typical central placement seen in the other floorplans. In contrast, the other floorplans (A, C, D, and E) have the master room centrally located, which suggests a more symmetrical and standard layout. Floorplan B's deviation from this central positioning makes it stand out as having a different underlying pattern."
"[7, 1]","[17, 5]","['8109', '3536', '33045', '10825', '17550']",33045,1. **Different floorplan:** C,"1. **Different floorplan:** C
2. **Why:** Floorplan C is the only one that does not have a continuous flow from the main entrance into a common room, followed by a living room, and then a dining area. Instead, it has a separate bathroom and storage area immediately adjacent to the entrance, which disrupts the typical sequential flow found in the other floorplans."
"[17, 18]","[7, 20]","['51240', '66316', '6955', '46660', '55305']",55305,1. **Different floorplan:** E,"1. **Different floorplan:** E
2. **Why:** Floorplan E has a unique arrangement where the living room and dining area are directly adjacent without any intervening space, which is not observed in the other floorplans. In contrast, floorplans A, B, C, and D all have a common pattern where the living room and dining area are separated by a hallway or another room type, such as a common room or storage. This distinct layout makes floorplan E stand out from the others."
"[17, 18]","[7, 22]","['31693', '70105', '66935', '51240', '31113']",31113,1. **Different floorplan:** E,"1. **Different floorplan:** E
2. **Why:** Floorplan E has a unique arrangement where the living room and dining area are directly adjacent without any intervening space, which is not observed in the other floorplans. In contrast, floorplans A, B, C, and D all have a common pattern where the living room and dining area are separated by a hallway or another room type, such as a storage or kitchen. This distinct layout makes floorplan E stand out from the others."
"[17, 21]","[7, 1]","['78147', '62549', '12376', '69704', '9795']",12376,1. **Different floorplan:** C,"1. **Different floorplan:** C
2. **Why:** Floorplan C has a unique arrangement where the master room (#FFA500) is positioned in a way that it does not align with the typical central placement seen in the other floorplans. In contrast, the other floorplans have the master room centrally located, which suggests a more symmetrical and standard layout. Additionally, the positioning of the common room (#FFD700) and the living room (#EEE8AA) in relation to the entrance and the rest of the rooms also differs from the others, indicating a distinct pattern."
"[17, 18]","[7, 1]","['66935', '21543', '21408', '12421', '51240']",12421,1. **Different floorplan:** D,"1. **Different floorplan:** D
2. **Why:** Floorplan D has a unique arrangement where the master room (#FFA500) is positioned in a way that it does not align with the typical central placement seen in the other floorplans. In contrast, the other floorplans have the master room centrally located, which suggests a more symmetrical and standard layout. Additionally, the distribution of other rooms like the common room (#FFD700), living room (#EEE8AA), and balcony (#6B8E23) also differs from the others, indicating a distinct underlying pattern."
"[17, 18]","[7, 3]","['31693', '64781', '66316', '51240', '46660']",64781,1. **Different floorplan:** D,"1. **Different floorplan:** D
2. **Why:** Floorplan D has an additional section extending from the main entrance that is not present in the other floorplans. This extra section disrupts the uniformity of the spatial layout compared to A, B, C, and E, which all have a more consistent and symmetrical arrangement of rooms around the central axis."
"[7, 1]","[17, 5]","['53652', '8109', '72055', '12421', '10825']",72055,1. **Different floorplan:** C,"1. **Different floorplan:** C
2. **Why:** Floorplan C has a unique arrangement where the master room (#FFA500) is positioned in the center, surrounded by other rooms, which is not typical in the other floorplans. In contrast, floorplans A, B, D, and E have the master room (#FFA500) located at one of the corners, with the rest of the rooms arranged around it in a more standard layout. This central positioning of the master room in C suggests a different underlying pattern compared to the others."
"[7, 1]","[17, 18]","['12376', '12421', '70105', '8109', '17550']",70105,1. **Different floorplan:** C,"1. **Different floorplan:** C
2. **Why:** Floorplan C has a unique arrangement of rooms compared to the others. In particular, it features a central hallway with a T-junction, which is not present in the other floorplans. The other floorplans have more symmetrical layouts with fewer distinct pathways."
