base_cluster,other_cluster,options,outlier_id,predicted_id,raw_response
"[17, 21]","[7, 3]","['62454', '9795', '69704', '62549', '64781']",64781,1. **Different floorplan:** E,"1. **Different floorplan:** E
2. **Why:** Floorplan E is the only one that does not have a symmetrical layout with respect to the main entrance. The other floorplans (A, B, C, and D) all appear to be mirror images of each other along the vertical axis passing through the main entrance, indicating a consistent underlying pattern. Floorplan E, however, has a unique arrangement of rooms and hallways that deviates from this symmetry, suggesting it has a different underlying pattern."
"[7, 1]","[17, 21]","['40487', '3536', '53652', '12421', '10825']",40487,1. **Different floorplan:** B,"1. **Different floorplan:** B
2. **Why:** Floorplan B is the only one that has a distinct arrangement of rooms compared to the others. In particular, it has a large central room with a smaller room attached to it, which is not present in the other floorplans. The other floorplans have more uniform layouts with similar room sizes and arrangements around a central core."
"[17, 18]","[7, 22]","['23132', '21408', '6955', '66935', '21543']",23132,1. **Different floorplan:** B,"1. **Different floorplan:** B
2. **Why:** Floorplan B is the only one that does not have a symmetrical layout with respect to the main entrance. The other floorplans (A, C, D, and E) appear to be mirror images of each other along the vertical axis passing through the main entrance, indicating a consistent underlying pattern. Floorplan B, however, has a unique arrangement of rooms and hallways that deviates from this symmetry, suggesting it has a different underlying pattern."
"[17, 18]","[7, 1]","['70105', '21408', '66316', '12376', '21543']",12376,1. **Different floorplan:** C,"1. **Different floorplan:** C
2. **Why:** Floorplan C is the only one that does not have a symmetrical layout with respect to the main entrance. The other floorplans (A, B, D, and E) all appear to be mirror images of each other along the vertical axis passing through the main entrance, indicating a consistent underlying pattern. Floorplan C, however, has a unique arrangement of rooms and hallways that deviates from this symmetry, suggesting it has a different underlying pattern."
"[17, 18]","[7, 20]","['2425', '66316', '21408', '46660', '21543']",2425,1. **Different floorplan:** C,"1. **Different floorplan:** C
2. **Why:** Floorplan C is the only one that does not have a symmetrical layout with respect to the main entrance. The other floorplans (A, B, D, and E) appear to be mirror images of each other along the vertical axis passing through the main entrance, indicating a consistent underlying pattern. Floorplan C, however, shows a unique arrangement of rooms and hallways that deviates from this symmetry, suggesting it has a different underlying pattern."
"[7, 1]","[17, 21]","['3536', '16951', '62549', '10825', '12421']",62549,1. **Different floorplan:** C,"1. **Different floorplan:** C
2. **Why:** Floorplan C is the only one that does not have a symmetrical arrangement of rooms around the central axis defined by the main entrance. The other floorplans (A, B, D, and E) all exhibit a mirrored symmetry in their room layouts, with similar room types and sizes on either side of the entrance. Floorplan C breaks this symmetry, making it distinct from the others."
"[7, 1]","[17, 21]","['62454', '53652', '12421', '17550', '8109']",62454,1. **Different floorplan:** B,"1. **Different floorplan:** B
2. **Why:** Floorplan B is the only one that has a distinct arrangement of rooms compared to the others. In particular, it has a unique configuration where the living area (yellow) is directly connected to the kitchen (orange) without any intermediate spaces, unlike the other floorplans which have additional rooms (green, blue, pink) between the living area and the kitchen. This makes B stand out as having a different underlying pattern from the rest."
"[17, 18]","[7, 3]","['52457', '66316', '31693', '6955', '46660']",52457,1. **Different floorplan:** C,"1. **Different floorplan:** C
2. **Why:** Floorplan C is the only one that does not have a continuous hallway running from the main entrance to the far end of the apartment. Instead, it features a T-shaped layout with two intersecting hallways, which is distinct from the linear hallway patterns in the other floorplans (A, B, D, and E)."
"[17, 18]","[7, 3]","['70105', '31693', '52457', '51240', '21543']",52457,1. **Different floorplan:** C,"1. **Different floorplan:** C
2. **Why:** Floorplan C is the only one that does not have a continuous hallway running from the main entrance to the opposite side of the floorplan. In contrast, floors A, B, D, and E all feature a continuous hallway that extends from the main entrance to the far end of the floorplan, which is a consistent pattern in the other four."
"[7, 1]","[17, 21]","['53652', '3536', '12376', '8109', '62549']",62549,1. **Different floorplan:** E,"1. **Different floorplan:** E
2. **Why:** Floorplan E is the only one that does not have a symmetrical layout with respect to the main entrance. The other four floorplans (A, B, C, and D) appear to have a consistent pattern where the rooms are arranged in a similar manner around the central axis defined by the main entrance. Floorplan E has a more irregular arrangement of rooms, which suggests it might have a different underlying pattern compared to the others."
"[17, 21]","[7, 1]","['78147', '62549', '69704', '12376', '62454']",12376,1. **Different floorplan:** D,"1. **Different floorplan:** D
2. **Why:** Floorplan D is the only one that does not have a symmetrical layout with respect to the main entrance. The other four floorplans (A, B, C, and E) appear to be mirror images of each other along the vertical axis passing through the main entrance, indicating a consistent underlying pattern. Floorplan D, however, has a unique arrangement of rooms and hallways that deviates from this symmetry, suggesting it has a different underlying pattern."
"[17, 18]","[7, 20]","['66316', '31693', '51240', '2425', '66935']",2425,1. **Different floorplan:** D,"1. **Different floorplan:** D
2. **Why:** Floorplan D is the only one that does not have a symmetrical layout with respect to the main entrance. The other floorplans (A, B, C, and E) all appear to be mirror images of each other along the vertical axis passing through the main entrance, indicating a consistent underlying pattern. Floorplan D, however, has a unique arrangement of rooms and hallways that deviates from this symmetry, suggesting it has a different underlying pattern."
"[17, 21]","[7, 20]","['55305', '62454', '69704', '9795', '78147']",55305,1. **Different floorplan:** A,"1. **Different floorplan:** A
2. **Why:** Floorplan A is the only one that does not have a symmetrical layout with respect to the main entrance. The other floorplans (B, C, D, and E) all appear to be mirror images of each other along the vertical axis passing through the main entrance, indicating a consistent underlying pattern. Floorplan A, however, has a unique arrangement of rooms and hallways that deviates from this symmetry, suggesting it has a different underlying pattern."
"[17, 18]","[7, 3]","['31693', '21408', '66316', '66935', '75828']",75828,1. **Different floorplan:** B,"1. **Different floorplan:** B
2. **Why:** Floorplan B is the only one that has a distinct arrangement of rooms compared to the others. In particular, it features a large central room with a smaller room attached to it, which is not present in the other floorplans. The other floorplans have a more consistent layout with larger rooms and smaller annexes, making B stand out due to its unique configuration."
"[17, 21]","[7, 22]","['69704', '31113', '62549', '40487', '78147']",31113,1. **Different floorplan:** B,"1. **Different floorplan:** B
2. **Why:** Floorplan B is the only one that does not have a symmetrical layout with respect to the main entrance. The other floorplans (A, C, D, and E) all appear to be mirror images of each other along the vertical axis passing through the main entrance, indicating a consistent underlying pattern. Floorplan B, however, has a unique arrangement of rooms and hallways that deviates from this symmetry, suggesting it has a different underlying pattern."
"[7, 1]","[17, 18]","['70105', '8109', '12376', '12421', '3536']",70105,1. **Different floorplan:** E,"1. **Different floorplan:** E
2. **Why:** Floorplan E is the only one that does not have a continuous hallway running from the main entrance to the far end of the apartment. Instead, it has a more compact layout with rooms clustered together, which is distinct from the other floorplans that all feature a longer hallway extending from the entrance."
"[17, 21]","[7, 1]","['8109', '40487', '69704', '62549', '62454']",8109,1. **Different floorplan:** A,"1. **Different floorplan:** A
2. **Why:** Floorplan A is the only one that does not have a symmetrical layout with respect to the main entrance. The other floorplans (B, C, D, and E) appear to be mirror images of each other along the vertical axis passing through the main entrance, indicating a consistent underlying pattern. Floorplan A deviates from this symmetry, suggesting it has a different underlying pattern."
"[17, 18]","[7, 3]","['66316', '66935', '6955', '75828', '51240']",75828,1. **Different floorplan:** D,"1. **Different floorplan:** D
2. **Why:** Floorplan D is the only one that does not have a symmetrical layout with respect to the main entrance. The other floorplans (A, B, C, and E) all appear to be mirror images of each other along the vertical axis passing through the main entrance, indicating a consistent underlying pattern. Floorplan D, however, has a unique arrangement of rooms and hallways that deviates from this symmetry, suggesting it has a different underlying pattern."
"[17, 18]","[7, 22]","['66935', '46660', '70105', '23132', '21543']",23132,1. **Different floorplan:** C,"1. **Different floorplan:** C
2. **Why:** Floorplan C is the only one that does not have a symmetrical layout with respect to the main entrance. The other floorplans (A, B, D, and E) all appear to be mirror images of each other along the vertical axis passing through the main entrance, indicating a consistent underlying pattern. Floorplan C, however, has a unique arrangement of rooms and hallways that deviates from this symmetry, suggesting it has a different underlying pattern."
"[17, 18]","[7, 3]","['70105', '6955', '66316', '21408', '61767']",61767,1. **Different floorplan:** E,"1. **Different floorplan:** E
2. **Why:** Floorplan E is the only one that does not have a continuous hallway running from the main entrance to the back of the apartment. Instead, it features a more complex layout with multiple turns and dead ends, which is distinct from the simpler, more linear patterns in A, B, C, and D."
"[17, 18]","[7, 1]","['6955', '66935', '3536', '31693', '70105']",3536,1. **Different floorplan:** C,"1. **Different floorplan:** C
2. **Why:** Floorplan C is the only one that does not have a symmetrical layout with respect to the main entrance. The other floorplans (A, B, D, and E) appear to be mirror images of each other along the vertical axis passing through the main entrance, indicating a consistent underlying pattern. Floorplan C, however, has a unique arrangement of rooms and hallways that deviates from this symmetry, suggesting it has a different underlying pattern."
"[17, 21]","[7, 1]","['9795', '69704', '62549', '40487', '17550']",17550,1. **Different floorplan:** E,"1. **Different floorplan:** E
2. **Why:** Floorplan E is the only one that does not have a symmetrical layout with respect to the main entrance. The other four floorplans (A, B, C, and D) appear to be mirror images of each other along the vertical axis passing through the main entrance, indicating a consistent underlying pattern. Floorplan E, however, has a unique arrangement of rooms and hallways that deviates from this symmetry, suggesting it has a different underlying pattern."
"[17, 18]","[7, 1]","['51240', '70105', '31693', '17550', '46660']",17550,1. **Different floorplan:** C,"1. **Different floorplan:** C
2. **Why:** Floorplan C is the only one that does not have a continuous hallway running from the main entrance to the back of the apartment. Instead, it has a more compact arrangement with rooms directly connected without a clear central hallway, which distinguishes it from the other floorplans that all feature a similar layout with a central hallway."
"[7, 1]","[17, 18]","['3536', '46660', '12376', '10825', '17550']",46660,1. **Different floorplan:** B,"1. **Different floorplan:** B
2. **Why:** Floorplan B is the only one that has an additional room (pink) that is not present in the other four floorplans. This extra room disrupts the uniformity of the spatial layout compared to A, C, D, and E, which all have a consistent arrangement of rooms without any additional elements."
"[17, 18]","[7, 1]","['12376', '6955', '21543', '21408', '46660']",12376,1. **Different floorplan:** E,"1. **Different floorplan:** E
2. **Why:** Floorplan E is the only one that does not have a symmetrical layout with respect to the main entrance. The other floorplans (A, B, C, and D) all exhibit a similar pattern where the rooms are arranged in a way that is mirrored across the main entrance line, creating a balanced and symmetrical design. Floorplan E, however, has an asymmetrical arrangement of rooms around the main entrance, which sets it apart from the others."
"[7, 20]","[17, 21]","['54372', '2425', '2277', '55305', '9795']",9795,1. **Different floorplan:** E,"1. **Different floorplan:** E
2. **Why:** Floorplan E is the only one that does not have a symmetrical layout with respect to the main entrance. The other floorplans (A, B, C, and D) all appear to be mirror images of each other along the vertical axis passing through the main entrance, indicating a consistent underlying pattern. Floorplan E, however, has a unique arrangement of rooms and hallways that deviates from this symmetry, suggesting it has a different underlying pattern."
"[7, 3]","[17, 21]","['64781', '78147', '75828', '61767', '52457']",78147,1. **Different floorplan:** E,"1. **Different floorplan:** E
2. **Why:** Floorplan E is the only one that does not have a symmetrical layout with respect to the main entrance. The other floorplans (A, B, C, and D) all exhibit a similar pattern where the rooms are arranged in a way that is mirrored across the main entrance line. Floorplan E has a unique arrangement of rooms that deviates from this symmetry, making it distinct from the others."
"[7, 1]","[17, 5]","['17550', '53652', '12421', '33045', '16951']",33045,1. **Different floorplan:** D,"1. **Different floorplan:** D
2. **Why:** Floorplan D is the only one that does not have a continuous hallway running from the main entrance to the back of the apartment. Instead, it features a more complex arrangement with multiple rooms branching off from the main entrance, which is not present in the other floorplans."
"[17, 18]","[7, 22]","['21408', '23132', '66935', '46660', '6955']",23132,1. **Different floorplan:** B,"1. **Different floorplan:** B
2. **Why:** Floorplan B is the only one that does not have a symmetrical layout with respect to the main entrance. The other floorplans (A, C, D, and E) all appear to be mirror images of each other along the vertical axis passing through the main entrance, indicating a consistent underlying pattern. Floorplan B, however, has a unique arrangement of rooms and hallways that deviates from this symmetry, suggesting it has a different underlying pattern."
"[17, 18]","[7, 3]","['51240', '21408', '31693', '46660', '64781']",64781,1. **Different floorplan:** E,"1. **Different floorplan:** E
2. **Why:** Floorplan E is the only one that does not have a symmetrical layout with respect to the main entrance. The other floorplans (A, B, C, and D) all appear to be mirror images of each other along the vertical axis passing through the main entrance, indicating a consistent underlying pattern. Floorplan E, however, has a unique arrangement of rooms and hallways that deviates from this symmetry, suggesting it has a different underlying pattern."
"[17, 18]","[7, 20]","['2425', '21543', '21408', '70105', '51240']",2425,1. **Different floorplan:** B,"1. **Different floorplan:** B
2. **Why:** Floorplan B is the only one that does not have a symmetrical layout with respect to the main entrance. The other floorplans (A, C, D, and E) appear to be mirror images of each other along the vertical axis passing through the main entrance, indicating a consistent underlying pattern. Floorplan B, however, shows a distinct asymmetry in the placement of rooms and the overall layout around the main entrance, making it the outlier."
"[7, 1]","[17, 21]","['12376', '10825', '3536', '78147', '16951']",78147,1. **Different floorplan:** C,"1. **Different floorplan:** C
2. **Why:** Floorplan C is the only one that does not have a symmetrical layout with respect to the main entrance. The other floorplans (A, B, D, and E) appear to be mirror images of each other along the vertical axis passing through the main entrance, indicating a consistent underlying pattern. Floorplan C, however, has a unique arrangement of rooms and hallways that deviates from this symmetry, suggesting it has a different underlying pattern."
"[7, 22]","[17, 21]","['31113', '23132', '78147', '79411', '40679']",78147,1. **Different floorplan:** C,"1. **Different floorplan:** C
2. **Why:** Floorplan C is the only one that does not have a symmetrical layout with respect to the main entrance. The other floorplans (A, B, D, and E) appear to be mirror images of each other along the vertical axis passing through the main entrance, indicating a consistent underlying pattern. Floorplan C, however, has a unique arrangement of rooms and hallways that deviates from this symmetry, suggesting it has a different underlying pattern."
"[7, 1]","[17, 18]","['17550', '16951', '8109', '51240', '12376']",51240,1. **Different floorplan:** D,"1. **Different floorplan:** D
2. **Why:** Floorplan D is the only one that does not have a continuous hallway running from the main entrance to the back of the apartment. Instead, it features a T-shaped layout with a central room branching off into two smaller rooms, which is distinct from the linear hallway patterns in the other floorplans."
"[7, 1]","[17, 21]","['10825', '8109', '53652', '62549', '12376']",62549,1. **Different floorplan:** D,"1. **Different floorplan:** D
2. **Why:** Floorplan D is the only one that does not have a continuous hallway running from the main entrance to the back of the apartment. Instead, it features a more complex layout with multiple turns and dead ends, which is distinct from the simpler, linear patterns seen in the other floorplans."
"[7, 1]","[17, 21]","['62549', '8109', '12421', '12376', '16951']",62549,1. **Different floorplan:** E,"1. **Different floorplan:** E
2. **Why:** Floorplan E is the only one that does not have a symmetrical arrangement of rooms around the central corridor. All other floorplans (A, B, C, and D) exhibit a consistent pattern where the rooms are symmetrically placed with respect to the central corridor, which runs vertically in most cases. Floorplan E deviates from this symmetry by having the living area and bedrooms arranged in a way that breaks the vertical symmetry, making it distinct from the others."
"[17, 18]","[7, 20]","['54372', '66935', '51240', '6955', '21543']",54372,1. **Different floorplan:** B,"1. **Different floorplan:** B
2. **Why:** Floorplan B is the only one that does not have a symmetrical layout with respect to the main entrance. The other floorplans (A, C, D, and E) all appear to be mirror images of each other along the vertical axis passing through the main entrance, indicating a consistent underlying pattern. Floorplan B, however, has a unique arrangement of rooms and hallways that deviates from this symmetry, suggesting it has a different underlying pattern."
"[7, 1]","[17, 18]","['66316', '12376', '17550', '3536', '16951']",66316,1. **Different floorplan:** D,"1. **Different floorplan:** D
2. **Why:** Floorplan D is the only one that does not have a symmetrical arrangement of rooms around the central axis. All other floorplans (A, B, C, and E) appear to have a similar layout with rooms symmetrically placed around a central point, which is evident from the consistent distribution of room types and their relative sizes. Floorplan D, however, has an asymmetrical arrangement, making it distinct from the others."
"[17, 18]","[7, 1]","['46660', '21543', '21408', '53652', '6955']",53652,1. **Different floorplan:** D,"1. **Different floorplan:** D
2. **Why:** Floorplan D is the only one that does not have a symmetrical layout with respect to the main entrance. The other floorplans (A, B, C, and E) all appear to be mirror images of each other along the vertical axis passing through the main entrance, indicating a consistent underlying pattern. Floorplan D, however, has a unique arrangement of rooms and hallways that deviates from this symmetry, suggesting it has a different underlying pattern."
"[7, 1]","[17, 5]","['10825', '8109', '17550', '12421', '33045']",33045,1. **Different floorplan:** E,"1. **Different floorplan:** E
2. **Why:** Floorplan E is the only one that does not have a continuous hallway running from the main entrance to the back of the apartment. Instead, it features a more open layout with a large living area and a separate dining area, which is distinct from the other floorplans that all have a more traditional hallway layout connecting the entrance to the back of the apartment."
"[17, 18]","[7, 20]","['55305', '51240', '21543', '21408', '31693']",55305,1. **Different floorplan:** E,"1. **Different floorplan:** E
2. **Why:** Floorplan E is the only one that does not have a continuous hallway running from the main entrance to the far end of the apartment. All other floorplans (A, B, C, and D) have a continuous hallway that extends from the main entrance to the opposite side of the apartment, which is a common design feature in many apartment layouts. Floorplan E breaks this pattern by having a more complex layout with multiple rooms and no clear continuous hallway."
"[17, 18]","[7, 20]","['66935', '2277', '70105', '31693', '51240']",2277,1. **Different floorplan:** B,"1. **Different floorplan:** B
2. **Why:** Floorplan B is the only one that does not have a symmetrical layout with respect to the main entrance. The other floorplans (A, C, D, and E) all appear to be mirror images of each other along the vertical axis passing through the main entrance, indicating a consistent underlying pattern. Floorplan B, however, has a unique arrangement of rooms and hallways that deviates from this symmetry, suggesting it has a different underlying pattern."
"[17, 18]","[7, 1]","['21408', '66316', '8109', '31693', '66935']",8109,1. **Different floorplan:** C,"1. **Different floorplan:** C
2. **Why:** Floorplan C is the only one that does not have a symmetrical layout with respect to the main entrance. The other floorplans (A, B, D, and E) all appear to be mirror images of each other along the vertical axis passing through the main entrance, indicating a consistent underlying pattern. Floorplan C, however, has a unique arrangement of rooms and hallways that deviates from this symmetry, suggesting it has a different underlying pattern."
"[17, 18]","[7, 20]","['46660', '2277', '66316', '31693', '6955']",2277,1. **Different floorplan:** B,"1. **Different floorplan:** B
2. **Why:** Floorplan B is the only one that does not have a symmetrical layout with respect to the main entrance. The other floorplans (A, C, D, and E) all appear to be mirror images of each other along the vertical axis passing through the main entrance, indicating a consistent underlying pattern. Floorplan B, however, has a unique arrangement of rooms and hallways that deviates from this symmetry, suggesting it has a different underlying pattern."
"[17, 18]","[7, 22]","['31693', '51240', '31113', '66935', '46660']",31113,1. **Different floorplan:** B,"1. **Different floorplan:** B
2. **Why:** Floorplan B is the only one that has a distinct arrangement of rooms compared to the others. In particular, it has a unique configuration where the living area and bedrooms are not aligned in a typical linear or grid-like pattern. The presence of a large open space with a different orientation and the placement of the main entrance at the bottom right corner make it stand out from the other floorplans, which all have a more uniform and symmetrical layout."
"[17, 18]","[7, 22]","['21543', '23132', '66316', '21408', '6955']",23132,1. **Different floorplan:** B,"1. **Different floorplan:** B
2. **Why:** Floorplan B is the only one that does not have a symmetrical layout with respect to the main entrance. The other floorplans (A, C, D, and E) all appear to be mirror images of each other along the vertical axis passing through the main entrance, indicating a consistent underlying pattern. Floorplan B, however, has a unique arrangement of rooms and hallways that deviates from this symmetry, suggesting it has a different underlying pattern."
"[17, 18]","[7, 1]","['21543', '66935', '12376', '51240', '6955']",12376,1. **Different floorplan:** C,"1. **Different floorplan:** C
2. **Why:** Floorplan C is the only one that does not have a continuous hallway running from the main entrance to the far end of the apartment. In contrast, floors A, B, D, and E all feature a continuous hallway that extends from the main entrance to the opposite side of the apartment, which is a consistent pattern in the other four floorplans."
"[7, 20]","[17, 18]","['55305', '54372', '21543', '2425', '2277']",21543,1. **Different floorplan:** C,"1. **Different floorplan:** C
2. **Why:** Floorplan C is the only one that does not have a symmetrical layout with respect to the main entrance. The other floorplans (A, B, D, and E) appear to be mirror images of each other along the vertical axis passing through the main entrance, indicating a consistent underlying pattern. Floorplan C, however, has a unique arrangement of rooms and hallways that deviates from this symmetry, suggesting it has a different underlying pattern."
"[17, 18]","[7, 22]","['21543', '51240', '23132', '21408', '70105']",23132,1. **Different floorplan:** C,"1. **Different floorplan:** C
2. **Why:** Floorplan C is the only one that does not have a symmetrical layout with respect to the main entrance. The other floorplans (A, B, D, and E) all appear to be mirror images of each other along the vertical axis passing through the main entrance, indicating a consistent underlying pattern. Floorplan C, however, has a unique arrangement of rooms and hallways that deviates from this symmetry, suggesting it has a different underlying pattern."
"[17, 21]","[7, 3]","['78147', '75828', '40487', '62454', '69704']",75828,1. **Different floorplan:** B,"1. **Different floorplan:** B
2. **Why:** Floorplan B is the only one that has a distinct arrangement of rooms compared to the others. In contrast to the other floorplans, which have a consistent layout with a central hallway leading to various rooms, floorplan B has a more complex and irregular layout. The presence of multiple small rooms and a different distribution of space around the central area makes it stand out from the others."
"[17, 21]","[7, 3]","['52457', '62549', '9795', '62454', '69704']",52457,1. **Different floorplan:** B,"1. **Different floorplan:** B
2. **Why:** Floorplan B is the only one that does not have a symmetrical layout with respect to the main entrance. The other floorplans (A, C, D, and E) appear to be mirror images of each other along the vertical axis passing through the main entrance, indicating a consistent underlying pattern. Floorplan B, however, has a unique arrangement of rooms and hallways that deviates from this symmetry, suggesting it has a different underlying pattern."
"[17, 18]","[7, 20]","['66316', '2425', '21543', '21408', '66935']",2425,1. **Different floorplan:** B,"1. **Different floorplan:** B
2. **Why:** Floorplan B is the only one that has a distinct arrangement of rooms compared to the others. In particular, the placement of the yellow room (which appears to be a living area) and the orange room (which could be a bedroom) in relation to the entrance differs significantly from the other floorplans. The other floorplans maintain a more consistent layout with similar room arrangements and sizes around the entrance."
"[17, 18]","[7, 22]","['23132', '70105', '66316', '31693', '21543']",23132,1. **Different floorplan:** C,"1. **Different floorplan:** C
2. **Why:** Floorplan C is the only one that does not have a symmetrical layout with respect to the main entrance. The other floorplans (A, B, D, and E) all appear to be mirror images of each other along the vertical axis passing through the main entrance, indicating a consistent underlying pattern. Floorplan C, however, has a unique arrangement of rooms and hallways that deviates from this symmetry, suggesting it has a different underlying pattern."
"[17, 18]","[7, 3]","['51240', '66316', '64781', '31693', '21543']",64781,1. **Different floorplan:** C,"1. **Different floorplan:** C
2. **Why:** Floorplan C is the only one that does not have a symmetrical layout with respect to the main entrance. The other floorplans (A, B, D, and E) all appear to be mirror images of each other along the vertical axis passing through the main entrance, indicating a consistent underlying pattern. Floorplan C, however, has a unique arrangement of rooms and hallways that deviates from this symmetry, suggesting it has a different underlying pattern."
"[17, 21]","[7, 3]","['9795', '78147', '40487', '69704', '61767']",61767,1. **Different floorplan:** E,"1. **Different floorplan:** E
2. **Why:** Floorplan E is the only one that does not have a continuous hallway running from the main entrance to the back of the apartment. Instead, it features a more complex layout with multiple turns and a lack of a direct path from the entrance to the rear. The other floorplans (A, B, C, and D) all have a continuous hallway or a similar linear layout from the entrance to the back, which is consistent across them."
"[7, 1]","[17, 5]","['72055', '10825', '12376', '16951', '3536']",72055,1. **Different floorplan:** E,"1. **Different floorplan:** E
2. **Why:** Floorplan E is the only one that does not have a symmetrical layout with respect to the main entrance. The other floorplans (A, B, C, and D) all appear to be mirror images of each other along the vertical axis passing through the main entrance, indicating a consistent underlying pattern. Floorplan E, however, has a unique arrangement of rooms and hallways that deviates from this symmetry, suggesting it has a different underlying pattern."
"[17, 18]","[7, 3]","['31693', '66316', '51240', '6955', '52457']",52457,1. **Different floorplan:** E,"1. **Different floorplan:** E
2. **Why:** Floorplan E is the only one that does not have a symmetrical layout with respect to the main entrance. The other floorplans (A, B, C, and D) all exhibit a similar pattern where the rooms are arranged in a way that is mirrored across the main entrance line. Floorplan E has a unique arrangement of rooms that deviates from this symmetry, making it distinct from the others."
"[17, 18]","[7, 3]","['64781', '66935', '31693', '70105', '66316']",64781,1. **Different floorplan:** C,"1. **Different floorplan:** C
2. **Why:** Floorplan C is the only one that does not have a continuous hallway running from the main entrance to the far end of the apartment. Instead, it features a T-shaped layout with two perpendicular hallways meeting at a central point, which is distinct from the linear hallway patterns in the other floorplans."
"[17, 18]","[7, 22]","['70105', '6955', '66316', '21408', '31113']",31113,1. **Different floorplan:** E,"1. **Different floorplan:** E
2. **Why:** Floorplan E is the only one that does not have a continuous hallway running from the main entrance to the far end of the apartment. All other floorplans (A, B, C, and D) have a continuous hallway that extends from the main entrance to the opposite side of the apartment, which is a common design feature in many apartment layouts. Floorplan E breaks this pattern by having a more complex arrangement with multiple rooms and no clear continuous hallway."
"[7, 1]","[17, 5]","['8109', '50221', '3536', '10825', '12421']",50221,1. **Different floorplan:** B,"1. **Different floorplan:** B
2. **Why:** Floorplan B is the only one that does not have a symmetrical layout with respect to the main entrance. The other floorplans (A, C, D, and E) all appear to be mirror images of each other along the vertical axis passing through the main entrance, indicating a consistent underlying pattern. Floorplan B, however, has a unique arrangement of rooms and hallways that deviates from this symmetry, suggesting it has a different underlying pattern."
"[17, 21]","[7, 1]","['62549', '40487', '12376', '9795', '78147']",12376,1. **Different floorplan:** C,"1. **Different floorplan:** C
2. **Why:** Floorplan C is the only one that does not have a symmetrical arrangement of rooms around the central corridor. In contrast, floorplans A, B, D, and E all exhibit a symmetrical layout with rooms evenly distributed on either side of the central corridor, which is consistent across all four. Floorplan C has an asymmetrical distribution of rooms, making it distinct from the others."
"[17, 18]","[7, 20]","['21543', '54372', '46660', '66316', '6955']",54372,1. **Different floorplan:** E,"1. **Different floorplan:** E
2. **Why:** Floorplan E is the only one that does not have a symmetrical layout with respect to the main entrance. The other floorplans (A, B, C, and D) all appear to be mirror images of each other along the vertical axis passing through the main entrance, indicating a consistent underlying pattern. Floorplan E deviates from this symmetry, suggesting it has a different underlying pattern."
"[17, 21]","[7, 22]","['62454', '40487', '9795', '62549', '40679']",40679,1. **Different floorplan:** E,"1. **Different floorplan:** E
2. **Why:** Floorplan E is the only one that includes an additional section with a different layout compared to the others. While the other floorplans (A, B, C, and D) maintain a consistent pattern of rooms and corridors, floorplan E has an extra section that extends outward from the main structure, which disrupts the uniformity of the layout. This extra section does not follow the same pattern as the rest of the floorplan, making it distinct."
"[7, 1]","[17, 21]","['16951', '69704', '10825', '3536', '8109']",69704,1. **Different floorplan:** D,"1. **Different floorplan:** D
2. **Why:** Floorplan D is the only one that does not have a symmetrical layout with respect to the main entrance. The other floorplans (A, B, C, and E) appear to be mirror images of each other along the vertical axis passing through the main entrance, indicating a consistent underlying pattern. Floorplan D, however, has a unique arrangement of rooms and hallways that deviates from this symmetry, suggesting it has a different underlying pattern."
"[17, 18]","[7, 3]","['21408', '6955', '70105', '31693', '52457']",52457,1. **Different floorplan:** E,"1. **Different floorplan:** E
2. **Why:** Floorplan E is the only one that does not have a symmetrical layout with respect to the main entrance. The other floorplans (A, B, C, and D) all exhibit a similar pattern where the rooms are arranged in a way that is mirrored across the main entrance line. Floorplan E has a unique arrangement of rooms that deviates from this symmetry, making it distinct from the others."
"[17, 18]","[7, 1]","['66935', '31693', '70105', '51240', '12421']",12421,1. **Different floorplan:** E,"1. **Different floorplan:** E
2. **Why:** Floorplan E is the only one that does not have a continuous hallway running from the main entrance to the far end of the apartment. Instead, it features a more complex layout with multiple turns and dead ends, which is distinct from the other floorplans that maintain a more linear path."
"[7, 20]","[17, 5]","['7913', '2425', '55305', '54372', '2277']",7913,1. **Different floorplan:** B,"1. **Different floorplan:** B
2. **Why:** Floorplan B is the only one that has a distinct arrangement of rooms compared to the others. The other floorplans (A, C, D, and E) all have a similar layout with a central hallway leading to various rooms, including a living area, bedrooms, and bathrooms. Floorplan B, however, has a more complex and irregular layout with additional features like a small kitchenette and a different distribution of spaces around the central hallway. This makes it stand out from the rest in terms of spatial organization and room types."
"[7, 1]","[17, 21]","['12421', '8109', '3536', '12376', '62549']",62549,1. **Different floorplan:** E,"1. **Different floorplan:** E
2. **Why:** Floorplan E is the only one that does not have a symmetrical layout with respect to the main entrance. The other floorplans (A, B, C, and D) all appear to be mirror images of each other along the vertical axis passing through the main entrance, indicating a consistent underlying pattern. Floorplan E deviates from this symmetry, suggesting it has a different underlying pattern."
"[17, 18]","[7, 3]","['31693', '75828', '66316', '46660', '21543']",75828,1. **Different floorplan:** C,"1. **Different floorplan:** C
2. **Why:** Floorplan C is the only one that does not have a symmetrical layout with respect to the main entrance. The other floorplans (A, B, D, and E) all appear to be mirror images of each other along the vertical axis passing through the main entrance, indicating a consistent underlying pattern. Floorplan C, however, has a unique arrangement of rooms and hallways that deviates from this symmetry, suggesting it has a different underlying pattern."
"[17, 21]","[7, 22]","['40487', '31113', '78147', '62454', '69704']",31113,1. **Different floorplan:** B,"1. **Different floorplan:** B
2. **Why:** Floorplan B is the only one that has a distinct arrangement of rooms compared to the others. In particular, it features a central hallway with a staircase leading up, which is not present in the other floorplans. The other floorplans have more uniform layouts with similar room configurations and sizes."
"[7, 1]","[17, 18]","['3536', '53652', '17550', '31693', '12376']",31693,1. **Different floorplan:** D,"1. **Different floorplan:** D
2. **Why:** Floorplan D is the only one that does not have a continuous hallway running vertically from the main entrance. In contrast, floors A, B, C, and E all feature a vertical hallway that extends from the main entrance up to the top level, which is a consistent pattern in those plans. Floorplan D breaks this pattern by having a different arrangement of rooms and hallways around the central area, making it distinct from the others."
"[7, 1]","[17, 5]","['7913', '8109', '16951', '53652', '12421']",7913,1. **Different floorplan:** C,"1. **Different floorplan:** C
2. **Why:** Floorplan C is the only one that does not have a continuous hallway running from the main entrance to the back of the apartment. Instead, it features a more complex arrangement with multiple turns and dead ends, which is distinct from the simpler linear layouts in A, B, D, and E."
"[7, 3]","[17, 5]","['61767', '7913', '64781', '52457', '75828']",7913,1. **Different floorplan:** E,"1. **Different floorplan:** E
2. **Why:** Floorplan E is the only one that does not have a continuous hallway running from the main entrance to the back of the apartment. Instead, it features a more complex arrangement with multiple rooms branching off from the entrance area, which is distinct from the other floorplans that maintain a linear flow."
"[7, 1]","[17, 5]","['12421', '16951', '7913', '10825', '53652']",7913,1. **Different floorplan:** C,"1. **Different floorplan:** C
2. **Why:** Floorplan C is the only one that does not have a symmetrical layout with respect to the main entrance. The other floorplans (A, B, D, and E) all appear to be mirror images of each other along the vertical axis passing through the main entrance, indicating a consistent underlying pattern. Floorplan C, however, has a unique arrangement of rooms and hallways that deviates from this symmetry, suggesting it has a different underlying pattern."
"[7, 1]","[17, 21]","['3536', '62549', '10825', '12376', '53652']",62549,1. **Different floorplan:** B,"1. **Different floorplan:** B
2. **Why:** Floorplan B is the only one that does not have a symmetrical layout with respect to the main entrance. The other floorplans (A, C, D, and E) appear to be mirror images of each other along the vertical axis passing through the main entrance, indicating a consistent underlying pattern. Floorplan B, however, has a unique arrangement of rooms and hallways that deviates from this symmetry, suggesting it has a different underlying pattern."
"[7, 1]","[17, 21]","['12376', '53652', '3536', '78147', '17550']",78147,1. **Different floorplan:** C,"1. **Different floorplan:** C
2. **Why:** Floorplan C is the only one that does not have a symmetrical layout with respect to the main entrance. The other floorplans (A, B, D, and E) appear to be mirror images of each other along the vertical axis passing through the main entrance, indicating a consistent underlying pattern. Floorplan C, however, has a unique arrangement of rooms and hallways that deviates from this symmetry, suggesting it has a different underlying pattern."
"[17, 18]","[7, 22]","['23132', '31693', '70105', '21408', '21543']",23132,1. **Different floorplan:** C,"1. **Different floorplan:** C
2. **Why:** Floorplan C is the only one that does not have a continuous hallway running from the main entrance to the far end of the apartment. Instead, it features a T-shaped layout with a central room branching off from the main entrance, which is distinct from the linear layouts in A, B, D, and E."
"[17, 18]","[7, 1]","['8109', '21543', '21408', '66316', '51240']",8109,1. **Different floorplan:** E,"1. **Different floorplan:** E
2. **Why:** Floorplan E is the only one that does not have a symmetrical layout with respect to the main entrance. The other floorplans (A, B, C, and D) all exhibit a similar pattern where the rooms are arranged in a way that is mirrored across the main entrance line. Floorplan E deviates from this symmetry by having a unique arrangement of rooms around the entrance, which sets it apart from the others."
"[17, 18]","[7, 1]","['3536', '66935', '31693', '51240', '21543']",3536,1. **Different floorplan:** C,"1. **Different floorplan:** C
2. **Why:** Floorplan C is the only one that does not have a continuous hallway running from the main entrance to the opposite side of the floorplan. In contrast, floorplans A, B, D, and E all feature a continuous hallway that extends from the main entrance to the far end of the floorplan, which is a consistent pattern in those designs."
"[17, 18]","[7, 22]","['66935', '70105', '31113', '51240', '21408']",31113,1. **Different floorplan:** E,"1. **Different floorplan:** E
2. **Why:** Floorplan E is the only one that does not have a symmetrical layout with respect to the main entrance. The other floorplans (A, B, C, and D) all appear to be mirror images of each other along the vertical axis passing through the main entrance, indicating a consistent underlying pattern. Floorplan E, however, has a unique arrangement of rooms and hallways that deviates from this symmetry, suggesting it has a different underlying pattern."
"[7, 1]","[17, 18]","['53652', '51240', '17550', '16951', '3536']",51240,1. **Different floorplan:** E,"1. **Different floorplan:** E
2. **Why:** Floorplan E is the only one that does not have a symmetrical layout with respect to the main entrance. The other floorplans (A, B, C, and D) all appear to be mirror images of each other along the vertical axis passing through the main entrance, indicating a consistent underlying pattern. Floorplan E, however, has a unique arrangement of rooms and hallways that deviates from this symmetry, suggesting it has a different underlying pattern."
"[7, 1]","[17, 18]","['17550', '8109', '16951', '10825', '21408']",21408,1. **Different floorplan:** E,"1. **Different floorplan:** E
2. **Why:** Floorplan E is the only one that does not follow the same pattern as the others. The other four floorplans (A, B, C, and D) all have a similar layout where the living area (yellow) is adjacent to the kitchen (green), and the bedrooms (pink) are located at the far end of the building. Floorplan E deviates from this pattern by having the living area and kitchen in a different arrangement, with the living area being more centrally located and the kitchen positioned differently compared to the other floorplans. Additionally, the bedroom in E is placed in a way that it does not follow the typical linear sequence seen in A, B, C, and D."
"[17, 21]","[7, 1]","['78147', '40487', '69704', '10825', '62549']",10825,1. **Different floorplan:** D,"1. **Different floorplan:** D
2. **Why:** Floorplan D is the only one that does not have a symmetrical layout with respect to the main entrance. The other four floorplans (A, B, C, and E) appear to be mirror images of each other along the vertical axis passing through the main entrance, indicating a consistent underlying pattern. Floorplan D, however, has a unique arrangement of rooms and hallways that deviates from this symmetry, suggesting it has a different underlying pattern."
"[7, 1]","[17, 18]","['8109', '53652', '10825', '6955', '17550']",6955,1. **Different floorplan:** D,"1. **Different floorplan:** D
2. **Why:** Floorplan D is the only one that does not have a continuous hallway running from the main entrance to the back of the apartment. Instead, it features a more complex layout with multiple turns and dead ends, which is distinct from the other floorplans that maintain a more linear path."
"[17, 21]","[7, 20]","['62549', '62454', '55305', '9795', '78147']",55305,1. **Different floorplan:** C,"1. **Different floorplan:** C
2. **Why:** Floorplan C is the only one that does not have a symmetrical layout with respect to the main entrance. The other floorplans (A, B, D, and E) all appear to be mirror images of each other along the vertical axis passing through the main entrance, indicating a consistent underlying pattern. Floorplan C, however, has a unique arrangement of rooms and hallways that deviates from this symmetry, suggesting it has a different underlying pattern."
"[7, 3]","[17, 18]","['52457', '66316', '61767', '64781', '75828']",66316,1. **Different floorplan:** B,"1. **Different floorplan:** B
2. **Why:** Floorplan B is the only one that does not have a symmetrical layout with respect to the main entrance. The other floorplans (A, C, D, and E) all appear to be mirror images of each other along the vertical axis passing through the main entrance, indicating a consistent underlying pattern. Floorplan B, however, has a unique arrangement of rooms and hallways that deviates from this symmetry, suggesting it has a different underlying pattern."
"[7, 1]","[17, 21]","['53652', '17550', '62454', '3536', '16951']",62454,1. **Different floorplan:** C,"1. **Different floorplan:** C
2. **Why:** Floorplan C is the only one that does not have a symmetrical layout with respect to the main entrance. The other floorplans (A, B, D, and E) appear to be mirror images of each other along the vertical axis passing through the main entrance, indicating a consistent underlying pattern. Floorplan C, however, shows a distinct asymmetry in the placement of rooms and the overall layout, making it stand out from the others."
"[17, 18]","[7, 1]","['70105', '6955', '66316', '3536', '66935']",3536,1. **Different floorplan:** D,"1. **Different floorplan:** D
2. **Why:** Floorplan D is the only one that does not have a continuous hallway running from the main entrance to the far end of the apartment. Instead, it features a large open space with no clear division into smaller rooms leading directly from the entrance. The other floorplans (A, B, C, and E) all have a consistent pattern of rooms branching off from a central hallway, which is disrupted in floorplan D."
"[7, 1]","[17, 18]","['16951', '53652', '17550', '66935', '8109']",66935,1. **Different floorplan:** D,"1. **Different floorplan:** D
2. **Why:** Floorplan D is the only one that does not have a symmetrical layout with respect to the main entrance. The other four floorplans (A, B, C, and E) all appear to be mirror images of each other along the vertical axis passing through the main entrance, indicating a consistent underlying pattern. Floorplan D, however, has a unique arrangement of rooms and hallways that deviates from this symmetry, suggesting it has a different underlying pattern."
"[7, 1]","[17, 5]","['8109', '72055', '10825', '16951', '3536']",72055,1. **Different floorplan:** E,"1. **Different floorplan:** E
2. **Why:** Floorplan E is the only one that does not have a continuous hallway running from the main entrance to the far end of the apartment. Instead, it features a more complex layout with multiple turns and dead ends, which is distinct from the simpler, linear patterns in the other floorplans."
"[17, 21]","[7, 20]","['62454', '54372', '62549', '69704', '78147']",54372,1. **Different floorplan:** B,"1. **Different floorplan:** B
2. **Why:** Floorplan B is the only one that has a distinct arrangement of rooms compared to the others. In particular, it features a central hallway with a U-shaped configuration around it, which is not present in the other floorplans. The other floorplans have more symmetrical layouts with rooms arranged around a central core or along a linear path."
"[17, 21]","[7, 20]","['9795', '62454', '69704', '2277', '62549']",2277,1. **Different floorplan:** D,"1. **Different floorplan:** D
2. **Why:** Floorplan D is the only one that contains a central hallway with multiple rooms branching off from it, which is not present in the other floorplans. The other floorplans have more compact layouts without a central hallway."
"[17, 21]","[7, 3]","['9795', '78147', '62549', '61767', '62454']",61767,1. **Different floorplan:** D,"1. **Different floorplan:** D
2. **Why:** Floorplan D is the only one that does not have a symmetrical layout with respect to the main entrance. The other floorplans (A, B, C, and E) all appear to be mirror images of each other along the vertical axis passing through the main entrance, indicating a consistent underlying pattern. Floorplan D, however, has a unique arrangement of rooms and hallways that deviates from this symmetry, suggesting it has a different underlying pattern."
"[17, 18]","[7, 20]","['55305', '31693', '70105', '66935', '66316']",55305,1. **Different floorplan:** C,"1. **Different floorplan:** C
2. **Why:** Floorplan C is the only one that does not have a symmetrical layout with respect to the main entrance. The other floorplans (A, B, D, and E) appear to be mirror images of each other along the vertical axis passing through the main entrance, indicating a consistent underlying pattern. Floorplan C, however, shows a unique arrangement of rooms and hallways that deviates from this symmetry, suggesting it has a different underlying pattern."
"[17, 18]","[7, 22]","['31693', '70105', '66935', '21543', '31113']",31113,1. **Different floorplan:** E,"1. **Different floorplan:** E
2. **Why:** Floorplan E is the only one that does not have a symmetrical layout with respect to the main entrance. The other floorplans (A, B, C, and D) all exhibit a similar pattern where the rooms are arranged in a way that is mirrored across the main entrance line. Floorplan E has a unique arrangement of rooms that deviates from this symmetry, making it stand out as having a different underlying pattern."
"[17, 21]","[7, 20]","['40487', '54372', '62549', '62454', '69704']",54372,1. **Different floorplan:** B,"1. **Different floorplan:** B
2. **Why:** Floorplan B is the only one that has a distinct arrangement of rooms compared to the others. In particular, it features a central hallway with a U-shaped configuration, which is not present in the other floorplans. The other floorplans have more symmetrical layouts with rooms arranged around a central core or along a linear path."
"[17, 21]","[7, 22]","['62454', '31113', '40487', '9795', '69704']",31113,1. **Different floorplan:** B,"1. **Different floorplan:** B
2. **Why:** Floorplan B is the only one that has a distinct arrangement of rooms compared to the others. In all other floorplans (A, C, D, and E), the living area (yellow) is consistently positioned at the front, with the bedrooms (green) and bathrooms (orange) behind it. However, in floorplan B, the living area is not at the front but rather towards the back, with the bedrooms and bathrooms arranged differently around it. This unique configuration sets floorplan B apart from the rest."
"[7, 20]","[17, 5]","['55305', '2277', '54372', '2425', '33045']",33045,1. **Different floorplan:** E,"1. **Different floorplan:** E
2. **Why:** Floorplan E is the only one that does not have a symmetrical layout with respect to the main entrance. The other four floorplans (A, B, C, and D) all exhibit a similar pattern where the rooms are arranged in a way that is mirrored across the main entrance line. Floorplan E has a unique arrangement of rooms that deviates from this symmetry, making it stand out as having a different underlying pattern."
"[17, 18]","[7, 22]","['6955', '21408', '31693', '79411', '51240']",79411,1. **Different floorplan:** D,"1. **Different floorplan:** D
2. **Why:** Floorplan D is the only one that does not have a symmetrical layout with respect to the main entrance. The other floorplans (A, B, C, and E) all appear to be mirror images of each other along the vertical axis passing through the main entrance, indicating a consistent underlying pattern. Floorplan D, however, has a unique arrangement of rooms and hallways that deviates from this symmetry, suggesting it has a different underlying pattern."
"[17, 21]","[7, 20]","['2277', '40487', '9795', '62454', '62549']",2277,1. **Different floorplan:** A,"1. **Different floorplan:** A
2. **Why:** Floorplan A is the only one that does not have a symmetrical layout with respect to the main entrance. The other floorplans (B, C, D, and E) appear to be mirror images of each other along the vertical axis passing through the main entrance, indicating a consistent underlying pattern. Floorplan A deviates from this symmetry, suggesting it has a different underlying pattern."
"[17, 18]","[7, 20]","['46660', '66316', '6955', '31693', '55305']",55305,1. **Different floorplan:** E,"1. **Different floorplan:** E
2. **Why:** Floorplan E is the only one that does not have a symmetrical layout with respect to the main entrance. The other floorplans (A, B, C, and D) all exhibit a similar pattern where the rooms are arranged in a way that is mirrored across the main entrance line. Floorplan E has an asymmetrical arrangement of rooms around the main entrance, which sets it apart from the others."
"[7, 1]","[17, 5]","['33045', '12376', '53652', '16951', '17550']",33045,1. **Different floorplan:** D,"1. **Different floorplan:** D
2. **Why:** Floorplan D is the only one that does not have a symmetrical layout with respect to the main entrance. The other floorplans (A, B, C, and E) all appear to be mirror images of each other along the vertical axis passing through the main entrance, indicating a consistent underlying pattern. Floorplan D, however, has a unique arrangement of rooms and hallways that deviates from this symmetry, suggesting it has a different underlying pattern."
"[17, 21]","[7, 20]","['62549', '2425', '9795', '40487', '62454']",2425,1. **Different floorplan:** B,"1. **Different floorplan:** B
2. **Why:** Floorplan B is the only one that has a distinct arrangement of rooms compared to the others. In particular, it has a unique configuration where the living area (yellow) is directly connected to the kitchen (orange) without any intermediate spaces like a hallway or dining area, which is not present in the other floorplans. This direct connection makes B stand out from the rest, indicating a different underlying pattern."
"[17, 21]","[7, 3]","['62549', '75828', '69704', '78147', '9795']",75828,1. **Different floorplan:** B,"1. **Different floorplan:** B
2. **Why:** Floorplan B is the only one that does not have a symmetrical layout with respect to the main entrance. The other four floorplans (A, C, D, and E) all appear to be mirror images of each other along the vertical axis passing through the main entrance, indicating a consistent underlying pattern. Floorplan B, however, has a unique arrangement of rooms and hallways that deviates from this symmetry, suggesting it has a different underlying pattern."
"[7, 1]","[17, 5]","['33045', '12421', '12376', '53652', '16951']",33045,1. **Different floorplan:** E,"1. **Different floorplan:** E
2. **Why:** Floorplan E is the only one that does not have a symmetrical arrangement of rooms around the central corridor. All other floorplans (A, B, C, and D) exhibit a consistent pattern where the rooms are symmetrically placed with respect to the central corridor, which runs vertically in most cases. Floorplan E deviates from this symmetry by having the living area and bedrooms arranged in a way that breaks the vertical symmetry, making it distinct from the others."
"[7, 22]","[17, 18]","['31693', '40679', '31113', '79411', '23132']",31693,1. **Different floorplan:** E,"1. **Different floorplan:** E
2. **Why:** Floorplan E is the only one that does not have a symmetrical layout with respect to the main entrance. All other floorplans (A, B, C, and D) appear to be mirror images of each other along the vertical axis passing through the main entrance, indicating a symmetrical design. Floorplan E, however, has a unique arrangement of rooms and hallways that deviates from this symmetry, making it distinct from the others."
"[17, 21]","[7, 1]","['40487', '9795', '17550', '62549', '78147']",17550,1. **Different floorplan:** C,"1. **Different floorplan:** C
2. **Why:** Floorplan C is the only one that does not have a symmetrical layout with respect to the main entrance. The other floorplans (A, B, D, and E) appear to be mirror images of each other along the vertical axis passing through the main entrance, indicating a consistent underlying pattern. Floorplan C, however, shows a distinct asymmetry in the placement of rooms and spaces around the main entrance, suggesting a different underlying pattern."
"[7, 1]","[17, 18]","['12421', '70105', '17550', '3536', '12376']",70105,1. **Different floorplan:** D,"1. **Different floorplan:** D
2. **Why:** Floorplan D is the only one that does not have a continuous hallway running from the main entrance to the back of the apartment. Instead, it features a large open space that appears to be a living area with a kitchen directly adjacent to it, which is not present in the other floorplans. The other floorplans all have a more traditional layout with hallways connecting various rooms."
"[17, 18]","[7, 1]","['21408', '66316', '46660', '8109', '21543']",8109,1. **Different floorplan:** D,"1. **Different floorplan:** D
2. **Why:** Floorplan D is the only one that does not have a symmetrical layout with respect to the main entrance. The other floorplans (A, B, C, and E) appear to be mirror images of each other along the vertical axis passing through the main entrance, indicating a consistent underlying pattern. Floorplan D, however, shows a distinct asymmetry in the placement of rooms and the overall layout around the main entrance, making it unique compared to the others."
"[17, 21]","[7, 20]","['9795', '55305', '40487', '62454', '62549']",55305,1. **Different floorplan:** B,"1. **Different floorplan:** B
2. **Why:** Floorplan B is the only one that does not have a symmetrical layout with respect to the main entrance. The other floorplans (A, C, D, and E) all appear to be mirror images of each other along the vertical axis passing through the main entrance, indicating a consistent underlying pattern. Floorplan B, however, shows a distinct asymmetry in the placement of rooms and the overall shape around the main entrance, making it the outlier."
"[7, 1]","[17, 21]","['8109', '12376', '62454', '12421', '16951']",62454,1. **Different floorplan:** C,"1. **Different floorplan:** C
2. **Why:** Floorplan C is the only one that does not have a symmetrical layout with respect to the main entrance. The other floorplans (A, B, D, and E) appear to be mirror images of each other along the vertical axis passing through the main entrance, indicating a consistent underlying pattern. Floorplan C, however, shows a distinct asymmetry in the placement of rooms and the overall layout, making it the outlier."
"[17, 18]","[7, 1]","['66935', '31693', '3536', '21408', '21543']",3536,1. **Different floorplan:** C,"1. **Different floorplan:** C
2. **Why:** Floorplan C is the only one that does not have a symmetrical layout with respect to the main entrance. The other floorplans (A, B, D, and E) appear to be mirror images of each other along the vertical axis passing through the main entrance, indicating a consistent underlying pattern. Floorplan C, however, has a unique arrangement of rooms and hallways that deviates from this symmetry, suggesting it has a different underlying pattern."
"[7, 1]","[17, 18]","['53652', '12421', '12376', '3536', '70105']",70105,1. **Different floorplan:** E,"1. **Different floorplan:** E
2. **Why:** Floorplan E is the only one that does not have a continuous hallway running from the main entrance to the back of the apartment. Instead, it features a more complex layout with multiple turns and dead ends, which is distinct from the other floorplans that maintain a more linear path."
"[17, 18]","[7, 3]","['21408', '66935', '51240', '61767', '21543']",61767,1. **Different floorplan:** D,"1. **Different floorplan:** D
2. **Why:** Floorplan D is the only one that does not have a continuous hallway running from the main entrance to the far end of the building. Instead, it features a more complex layout with multiple turns and dead ends, which is distinct from the simpler, linear patterns in the other floorplans."
"[7, 1]","[17, 21]","['17550', '53652', '8109', '12421', '78147']",78147,1. **Different floorplan:** E,"1. **Different floorplan:** E
2. **Why:** Floorplan E is the only one that does not have a symmetrical layout with respect to the main entrance. The other four floorplans (A, B, C, and D) all exhibit a similar pattern where the rooms are arranged in a way that is mirrored across the main entrance line. Floorplan E deviates from this symmetry by having a different arrangement of rooms around the main entrance compared to the others."
"[17, 18]","[7, 20]","['21543', '55305', '46660', '51240', '66316']",55305,1. **Different floorplan:** A,"1. **Different floorplan:** A
2. **Why:** Floorplan A is the only one that does not have a symmetrical layout with respect to the main entrance. The other floorplans (B, C, D, and E) all appear to be mirror images of each other along the vertical axis passing through the main entrance, indicating a consistent underlying pattern. Floorplan A, however, has a unique arrangement of rooms and hallways that deviates from this symmetry, suggesting it has a different underlying pattern."
"[17, 18]","[7, 22]","['6955', '70105', '66935', '21543', '79411']",79411,1. **Different floorplan:** E,"1. **Different floorplan:** E
2. **Why:** Floorplan E is the only one that does not have a symmetrical layout with respect to the main entrance. The other floorplans (A, B, C, and D) all exhibit a similar pattern where the rooms are arranged in a way that is mirrored across the main entrance line. Floorplan E has a unique arrangement of rooms that deviates from this symmetry, making it distinct from the others."
"[17, 18]","[7, 3]","['46660', '52457', '21543', '31693', '70105']",52457,1. **Different floorplan:** B,"1. **Different floorplan:** B
2. **Why:** Floorplan B is the only one that does not have a symmetrical layout with respect to the main entrance. The other floorplans (A, C, D, and E) all appear to be mirror images of each other along the vertical axis passing through the main entrance, indicating a consistent underlying pattern. Floorplan B, however, has a unique arrangement of rooms and hallways that deviates from this symmetry, suggesting it has a different underlying pattern."
"[17, 21]","[7, 3]","['62454', '52457', '78147', '40487', '9795']",52457,1. **Different floorplan:** B,"1. **Different floorplan:** B
2. **Why:** Floorplan B is the only one that has a distinct arrangement of rooms compared to the others. In all other floorplans (A, C, D, and E), the living area (yellow) is consistently positioned in the center with the kitchen (green) to the left and the bedrooms (pink) to the right. However, in floorplan B, the living area is split into two sections, with the kitchen directly adjacent to it, which is not seen in the other floorplans. This unique configuration makes B stand out from the rest."
"[17, 18]","[7, 1]","['31693', '21408', '70105', '8109', '51240']",8109,1. **Different floorplan:** D,"1. **Different floorplan:** D
2. **Why:** Floorplan D is the only one that does not have a symmetrical layout with respect to the main entrance. The other floorplans (A, B, C, and E) all appear to be mirror images of each other along the vertical axis passing through the main entrance, indicating a consistent underlying pattern. Floorplan D, however, has a unique arrangement of rooms and hallways that deviates from this symmetry, suggesting it has a different underlying pattern."
"[17, 21]","[7, 20]","['62454', '62549', '55305', '78147', '40487']",55305,1. **Different floorplan:** C,"1. **Different floorplan:** C
2. **Why:** Floorplan C is the only one that does not have a symmetrical layout with respect to the main entrance. The other floorplans (A, B, D, and E) appear to be mirror images of each other along the vertical axis passing through the main entrance, indicating a consistent underlying pattern. Floorplan C, however, has a unique arrangement of rooms and hallways that deviates from this symmetry, suggesting it has a different underlying pattern."
"[17, 21]","[7, 1]","['40487', '12421', '69704', '9795', '62549']",12421,1. **Different floorplan:** B,"1. **Different floorplan:** B
2. **Why:** Floorplan B is the only one that has a distinct arrangement of rooms compared to the others. In all other floorplans (A, C, D, and E), the living area (yellow) is consistently positioned at the back of the building with the kitchen (orange) and bedrooms (green) adjacent to it. However, in floorplan B, the living area is placed closer to the entrance, and the kitchen is positioned further back, which is not the case in the other floorplans. This unique configuration makes floorplan B stand out from the rest."
"[7, 1]","[17, 21]","['40487', '12376', '8109', '53652', '17550']",40487,1. **Different floorplan:** D,"1. **Different floorplan:** D
2. **Why:** Floorplan D is the only one that does not have a continuous hallway running from the main entrance to the back of the apartment. Instead, it features a more complex layout with multiple turns and a lack of a direct path to the back, which distinguishes it from the other floorplans that maintain a more linear flow."
"[17, 18]","[7, 1]","['51240', '31693', '21408', '3536', '66935']",3536,1. **Different floorplan:** D,"1. **Different floorplan:** D
2. **Why:** Floorplan D is the only one that does not have a continuous hallway running from the main entrance to the far end of the apartment. Instead, it features a large open space with no visible hallway leading to another part of the apartment. The other floorplans (A, B, C, and E) all have hallways connecting the main entrance to other rooms, which is consistent across them."
"[17, 21]","[7, 20]","['69704', '62549', '9795', '2425', '62454']",2425,1. **Different floorplan:** D,"1. **Different floorplan:** D
2. **Why:** Floorplan D is the only one that does not have a symmetrical layout with respect to the main entrance. The other four floorplans (A, B, C, and E) all exhibit a similar pattern where the rooms are arranged in a way that is mirrored across the main entrance line. Floorplan D has an asymmetrical arrangement of rooms around the main entrance, which sets it apart from the others."
"[7, 1]","[17, 21]","['3536', '53652', '69704', '16951', '12376']",69704,1. **Different floorplan:** C,"1. **Different floorplan:** C
2. **Why:** Floorplan C is the only one that does not have a symmetrical arrangement of rooms around the central axis. All other floorplans (A, B, D, and E) appear to have a mirrored or symmetrical layout with respect to their central axes, which is indicated by the main entrances being aligned in a way that suggests symmetry. Floorplan C deviates from this pattern, making it stand out as having a different underlying floorplan."
"[7, 1]","[17, 18]","['31693', '8109', '17550', '10825', '3536']",31693,1. **Different floorplan:** E,"1. **Different floorplan:** E
2. **Why:** Floorplan E is the only one that does not have a symmetrical layout with respect to the main entrance. The other floorplans (A, B, C, and D) all appear to be mirror images of each other along the vertical axis passing through the main entrance, indicating a consistent underlying pattern. Floorplan E, however, has a unique arrangement of rooms and hallways that deviates from this symmetry, suggesting it has a different underlying pattern."
"[17, 5]","[7, 22]","['7913', '23132', '72055', '33045', '50221']",23132,1. **Different floorplan:** B,"1. **Different floorplan:** B
2. **Why:** Floorplan B is the only one that does not have a symmetrical layout with respect to the main entrance. The other floorplans (A, C, D, and E) all appear to be mirror images of each other along the vertical axis passing through the main entrance, indicating a consistent underlying pattern. Floorplan B, however, has a unique arrangement of rooms and hallways that deviates from this symmetry, suggesting it has a different underlying pattern."
"[17, 21]","[7, 3]","['69704', '9795', '40487', '62549', '64781']",64781,1. **Different floorplan:** E,"1. **Different floorplan:** E
2. **Why:** Floorplan E is the only one that does not have a symmetrical layout with respect to the main entrance. The other floorplans (A, B, C, and D) all appear to be mirror images of each other along the vertical axis passing through the main entrance, indicating a consistent underlying pattern. Floorplan E, however, has a unique arrangement of rooms and hallways that deviates from this symmetry, suggesting it has a different underlying pattern."
"[17, 21]","[7, 3]","['69704', '62454', '9795', '52457', '40487']",52457,1. **Different floorplan:** D,"1. **Different floorplan:** D
2. **Why:** Floorplan D is the only one that does not have a symmetrical layout with respect to the main entrance. The other floorplans (A, B, C, and E) all appear to be mirror images of each other along the vertical axis passing through the main entrance, indicating a consistent underlying pattern. Floorplan D, however, has a unique arrangement of rooms and hallways that deviates from this symmetry, making it the one with a different underlying pattern."
"[7, 1]","[17, 21]","['53652', '10825', '40487', '8109', '12421']",40487,1. **Different floorplan:** C,"1. **Different floorplan:** C
2. **Why:** Floorplan C is the only one that does not have a symmetrical layout with respect to the main entrance. The other floorplans (A, B, D, and E) appear to be mirror images of each other along the vertical axis passing through the main entrance, indicating a consistent underlying pattern. Floorplan C, however, has a unique arrangement of rooms and hallways that deviates from this symmetry, suggesting it has a different underlying pattern."
"[17, 18]","[7, 1]","['31693', '51240', '21543', '66316', '16951']",16951,1. **Different floorplan:** E,"1. **Different floorplan:** E
2. **Why:** Floorplan E is the only one that does not have a symmetrical layout with respect to the main entrance. The other floorplans (A, B, C, and D) all exhibit a similar pattern where the rooms are arranged in a way that is mirrored across the main entrance line. Floorplan E has a unique arrangement of rooms that deviates from this symmetry, making it distinct from the others."
"[17, 21]","[7, 22]","['78147', '9795', '40487', '31113', '69704']",31113,1. **Different floorplan:** D,"1. **Different floorplan:** D
2. **Why:** Floorplan D is the only one that does not have a continuous hallway running from the main entrance to the back of the apartment. Instead, it features a more complex layout with multiple turns and a lack of a direct path to the back, which distinguishes it from the other floorplans that all appear to have a linear or near-linear hallway pattern."
"[17, 18]","[7, 1]","['12376', '46660', '66316', '51240', '31693']",12376,1. **Different floorplan:** E,"1. **Different floorplan:** E
2. **Why:** Floorplan E is the only one that does not have a continuous hallway running from the main entrance to the back of the apartment. Instead, it has a more complex layout with multiple turns and dead ends, which is distinct from the other floorplans that maintain a more linear path."
"[17, 18]","[7, 20]","['66316', '6955', '55305', '21408', '46660']",55305,1. **Different floorplan:** C,"1. **Different floorplan:** C
2. **Why:** Floorplan C is the only one that does not have a symmetrical layout with respect to the main entrance. The other floorplans (A, B, D, and E) all appear to be mirror images of each other along the vertical axis passing through the main entrance, indicating a consistent underlying pattern. Floorplan C, however, has a unique arrangement of rooms and hallways that deviates from this symmetry, suggesting it has a different underlying pattern."
"[17, 21]","[7, 3]","['62454', '75828', '69704', '9795', '40487']",75828,1. **Different floorplan:** B,"1. **Different floorplan:** B
2. **Why:** Floorplan B is the only one that has a distinct arrangement of rooms compared to the others. In all other floorplans (A, C, D, and E), the living area (yellow) is consistently positioned at the back of the apartment, with the bedrooms (green) and bathrooms (blue) arranged in a similar manner. However, in floorplan B, the living area is placed more centrally and the bedroom is located closer to the entrance, which is not seen in the other floorplans. This unique configuration makes it stand out from the rest."
"[7, 1]","[17, 18]","['12376', '17550', '53652', '12421', '21408']",21408,1. **Different floorplan:** E,"1. **Different floorplan:** E
2. **Why:** Floorplan E is the only one that does not follow the same pattern as the others. The other four floorplans (A, B, C, and D) all have a similar layout where the living area is centrally located with bedrooms and bathrooms surrounding it. Floorplan E deviates from this pattern by having a more complex arrangement with additional spaces and a different distribution of rooms around the central area."
"[7, 1]","[17, 21]","['8109', '3536', '62454', '17550', '12376']",62454,1. **Different floorplan:** C,"1. **Different floorplan:** C
2. **Why:** Floorplan C is the only one that does not have a symmetrical layout with respect to the main entrance. The other floorplans (A, B, D, and E) appear to be mirror images of each other along the vertical axis passing through the main entrance, indicating a consistent underlying pattern. Floorplan C, however, shows a distinct asymmetry in the placement of rooms and the overall layout, making it the outlier."
"[7, 1]","[17, 5]","['17550', '12421', '53652', '33045', '12376']",33045,1. **Different floorplan:** D,"1. **Different floorplan:** D
2. **Why:** Floorplan D is the only one that does not have a continuous hallway running from the main entrance to the back of the apartment. Instead, it features a T-shaped layout with two distinct sections branching off from the main entrance, which is unique compared to the other floorplans that maintain a more linear progression."
"[17, 5]","[7, 20]","['7913', '33045', '2277', '72055', '50221']",2277,1. **Different floorplan:** C,"1. **Different floorplan:** C
2. **Why:** Floorplan C is the only one that does not have a symmetrical layout with respect to the main entrance. The other floorplans (A, B, D, and E) appear to be mirror images of each other along the vertical axis passing through the main entrance, indicating a consistent underlying pattern. Floorplan C, however, has a unique arrangement of rooms and hallways that deviates from this symmetry, suggesting it has a different underlying pattern."
"[17, 18]","[7, 3]","['66935', '31693', '46660', '75828', '21543']",75828,1. **Different floorplan:** D,"1. **Different floorplan:** D
2. **Why:** Floorplan D is the only one that does not have a symmetrical layout with respect to the main entrance. The other floorplans (A, B, C, and E) all exhibit a similar pattern where the rooms are arranged in a way that is mirrored across the main entrance line, creating a balanced and symmetrical design. Floorplan D, however, has an asymmetrical arrangement of rooms around the main entrance, which sets it apart from the others."
"[17, 18]","[7, 20]","['31693', '70105', '21408', '2425', '46660']",2425,1. **Different floorplan:** D,"1. **Different floorplan:** D
2. **Why:** Floorplan D is the only one that does not have a symmetrical layout with respect to the main entrance. The other four floorplans (A, B, C, and E) all exhibit a similar pattern where the rooms are arranged in a way that is mirrored across the main entrance line. Floorplan D has a unique arrangement of rooms that deviates from this symmetry, making it distinct from the others."
"[17, 21]","[7, 1]","['78147', '9795', '62454', '62549', '12421']",12421,1. **Different floorplan:** E,"1. **Different floorplan:** E
2. **Why:** Floorplan E is the only one that does not have a symmetrical layout with respect to the main entrance. The other floorplans (A, B, C, and D) all appear to be mirror images of each other along the vertical axis passing through the main entrance, indicating a consistent underlying pattern. Floorplan E, however, has a unique arrangement of rooms and hallways that deviates from this symmetry, suggesting it has a different underlying pattern."
"[7, 1]","[17, 18]","['53652', '21408', '3536', '8109', '12421']",21408,1. **Different floorplan:** B,"1. **Different floorplan:** B
2. **Why:** Floorplan B is the only one that has a distinct arrangement of rooms compared to the others. While the other floorplans have a consistent pattern with a central hallway leading to various rooms, floorplan B has a more complex and irregular layout with multiple intersecting hallways and rooms that do not follow the same pattern as the others. This makes it stand out as having a different underlying pattern."
"[7, 1]","[17, 5]","['16951', '12421', '7913', '12376', '53652']",7913,1. **Different floorplan:** C,"1. **Different floorplan:** C
2. **Why:** Floorplan C is the only one that does not have a symmetrical layout with respect to the main entrance. The other floorplans (A, B, D, and E) all appear to be mirror images of each other along the vertical axis passing through the main entrance, indicating a consistent underlying pattern. Floorplan C, however, has a unique arrangement of rooms and hallways that deviates from this symmetry, suggesting it has a different underlying pattern."
"[17, 18]","[7, 1]","['3536', '21543', '51240', '66316', '70105']",3536,1. **Different floorplan:** B,"1. **Different floorplan:** B
2. **Why:** Floorplan B is the only one that contains a central square room with walls extending outward in a symmetrical manner, which is not present in the other floorplans. This unique central room distinguishes it from the others, which have more varied and less symmetrical layouts."
"[17, 18]","[7, 3]","['46660', '61767', '66935', '6955', '21543']",61767,1. **Different floorplan:** B,"1. **Different floorplan:** B
2. **Why:** Floorplan B is the only one that does not have a symmetrical layout with respect to the main entrance. The other floorplans (A, C, D, and E) all appear to be mirror images of each other along the vertical axis passing through the main entrance, indicating a consistent underlying pattern. Floorplan B, however, has a unique arrangement of rooms and hallways that deviates from this symmetry, suggesting it has a different underlying pattern."
"[17, 18]","[7, 20]","['6955', '21543', '70105', '66935', '2425']",2425,1. **Different floorplan:** E,"1. **Different floorplan:** E
2. **Why:** Floorplan E is the only one that does not have a symmetrical layout with respect to the main entrance. The other floorplans (A, B, C, and D) all appear to be mirror images of each other along the vertical axis passing through the main entrance, indicating a consistent underlying pattern. Floorplan E, however, has a unique arrangement of rooms and hallways that deviates from this symmetry, suggesting it has a different underlying pattern."
"[7, 1]","[17, 18]","['16951', '31693', '17550', '12376', '12421']",31693,1. **Different floorplan:** B,"1. **Different floorplan:** B
2. **Why:** Floorplan B is the only one that does not have a symmetrical layout with respect to the main entrance. The other floorplans (A, C, D, and E) all appear to be mirror images of each other along the vertical axis passing through the main entrance, indicating a consistent underlying pattern. Floorplan B, however, has a unique arrangement of rooms and hallways that deviates from this symmetry, suggesting it has a different underlying pattern."
"[7, 1]","[17, 21]","['12376', '10825', '62549', '12421', '17550']",62549,1. **Different floorplan:** C,"1. **Different floorplan:** C
2. **Why:** Floorplan C is the only one that does not have a symmetrical layout with respect to the main entrance. The other floorplans (A, B, D, and E) appear to be mirror images of each other along the vertical axis passing through the main entrance, indicating a consistent underlying pattern. Floorplan C, however, has a unique arrangement of rooms and hallways that deviates from this symmetry, suggesting it has a different underlying pattern."
"[7, 22]","[17, 21]","['79411', '23132', '31113', '40679', '69704']",69704,1. **Different floorplan:** E,"1. **Different floorplan:** E
2. **Why:** Floorplan E is the only one that does not have a symmetrical layout with respect to the main entrance. The other floorplans (A, B, C, and D) all exhibit a similar pattern where the rooms are arranged in a way that is mirrored across the main entrance line. Floorplan E has an asymmetrical arrangement of rooms around the main entrance, which sets it apart from the others."
"[17, 5]","[7, 20]","['50221', '33045', '72055', '7913', '2425']",2425,1. **Different floorplan:** E,"1. **Different floorplan:** E
2. **Why:** Floorplan E is the only one that does not have a symmetrical layout with respect to the main entrance. The other floorplans (A, B, C, and D) appear to be mirror images of each other along the vertical axis passing through the main entrance, indicating a consistent underlying pattern. Floorplan E, however, has a unique arrangement of rooms and hallways that deviates from this symmetry, suggesting it has a different underlying pattern."
"[17, 21]","[7, 22]","['62549', '9795', '69704', '31113', '40487']",31113,1. **Different floorplan:** D,"1. **Different floorplan:** D
2. **Why:** Floorplan D is the only one that does not have a continuous hallway running from the main entrance to the back of the apartment. Instead, it features a more complex layout with multiple turns and a lack of a direct path to the back, which distinguishes it from the other floorplans that maintain a linear flow."
"[7, 1]","[17, 5]","['53652', '10825', '16951', '17550', '33045']",33045,1. **Different floorplan:** E,"1. **Different floorplan:** E
2. **Why:** Floorplan E is the only one that does not have a continuous hallway running from the main entrance to the back of the apartment. Instead, it features a more open layout with fewer distinct rooms, which differs from the other four floorplans that all have a more traditional hallway layout."
"[17, 21]","[7, 1]","['69704', '12376', '40487', '62549', '62454']",12376,1. **Different floorplan:** B,"1. **Different floorplan:** B
2. **Why:** Floorplan B is the only one that does not have a symmetrical layout with respect to the main entrance. The other floorplans (A, C, D, and E) appear to be mirror images of each other along the vertical axis passing through the main entrance, indicating a consistent underlying pattern. Floorplan B, however, shows a distinct asymmetry in the placement of rooms and the overall layout around the main entrance, making it unique compared to the others."
"[17, 21]","[7, 1]","['40487', '10825', '9795', '69704', '62549']",10825,1. **Different floorplan:** E,"1. **Different floorplan:** E
2. **Why:** Floorplan E is the only one that does not have a symmetrical layout with respect to the main entrance. The other floorplans (A, B, C, and D) all appear to be mirror images of each other along the vertical axis passing through the main entrance, indicating a consistent underlying pattern. Floorplan E deviates from this symmetry, suggesting it has a different underlying pattern."
"[7, 20]","[17, 21]","['2277', '62454', '2425', '55305', '54372']",62454,1. **Different floorplan:** B,"1. **Different floorplan:** B
2. **Why:** Floorplan B is the only one that does not have a symmetrical layout with respect to the main entrance. The other floorplans (A, C, D, and E) appear to be mirror images of each other along the vertical axis passing through the main entrance, indicating a consistent underlying pattern. Floorplan B, however, shows a distinct asymmetry in the placement of rooms and hallways around the main entrance, suggesting a different underlying pattern."
"[17, 18]","[7, 1]","['21408', '70105', '51240', '31693', '3536']",3536,1. **Different floorplan:** E,"1. **Different floorplan:** E
2. **Why:** Floorplan E is the only one that does not have a symmetrical layout with respect to the main entrance. The other floorplans (A, B, C, and D) all appear to be mirror images of each other along the vertical axis passing through the main entrance, indicating a consistent underlying pattern. Floorplan E, however, has a unique arrangement of rooms and hallways that deviates from this symmetry, making it distinct."
"[17, 21]","[7, 22]","['62454', '62549', '23132', '9795', '69704']",23132,1. **Different floorplan:** C,"1. **Different floorplan:** C
2. **Why:** Floorplan C is the only one that does not have a symmetrical layout with respect to the main entrance. The other floorplans (A, B, D, and E) all appear to be mirror images of each other along the vertical axis passing through the main entrance, indicating a consistent underlying pattern. Floorplan C, however, has a unique arrangement of rooms and hallways that deviates from this symmetry, suggesting it has a different underlying pattern."
"[17, 18]","[7, 20]","['70105', '2425', '46660', '31693', '6955']",2425,1. **Different floorplan:** B,"1. **Different floorplan:** B
2. **Why:** Floorplan B is the only one that does not have a symmetrical layout with respect to the main entrance. All other floorplans (A, C, D, and E) appear to be mirror images of each other along the vertical axis passing through the main entrance, indicating a consistent underlying pattern. Floorplan B, however, has a unique arrangement of rooms and hallways that deviates from this symmetry, suggesting it has a different underlying pattern."
"[17, 21]","[7, 1]","['62549', '40487', '10825', '9795', '62454']",10825,1. **Different floorplan:** C,"1. **Different floorplan:** C
2. **Why:** Floorplan C is the only one that does not have a symmetrical layout with respect to the main entrance. The other floorplans (A, B, D, and E) appear to be mirror images of each other along the vertical axis passing through the main entrance, indicating a consistent underlying pattern. Floorplan C, however, shows a distinct asymmetry in the placement of rooms and the overall layout around the main entrance, making it unique compared to the others."
"[17, 18]","[7, 3]","['66935', '61767', '6955', '21408', '70105']",61767,1. **Different floorplan:** B,"1. **Different floorplan:** B
2. **Why:** Floorplan B is the only one that has a distinct arrangement of rooms compared to the others. In particular, it has a large central area that appears to be a common space, possibly a living room or a dining area, which is not present in the other floorplans. The other floorplans have more consistent layouts with smaller, more evenly distributed rooms around a central core."
"[7, 3]","[17, 18]","['21408', '64781', '61767', '75828', '52457']",21408,1. **Different floorplan:** E,"1. **Different floorplan:** E
2. **Why:** Floorplan E is the only one that does not have a symmetrical layout with respect to the main entrance. The other floorplans (A, B, C, and D) all exhibit a similar pattern where the rooms are arranged in a way that is mirrored across the main entrance line. Floorplan E has a unique arrangement of rooms that deviates from this symmetry, making it distinct from the others."
"[7, 1]","[17, 5]","['53652', '12421', '7913', '10825', '12376']",7913,1. **Different floorplan:** C,"1. **Different floorplan:** C
2. **Why:** Floorplan C is the only one that does not have a symmetrical layout with respect to the main entrance. The other floorplans (A, B, D, and E) appear to be mirror images of each other along the vertical axis passing through the main entrance, indicating a consistent underlying pattern. Floorplan C, however, has a unique arrangement of rooms and hallways that deviates from this symmetry, suggesting it has a different underlying pattern."
"[17, 21]","[7, 22]","['23132', '62454', '69704', '9795', '40487']",23132,1. **Different floorplan:** A,"1. **Different floorplan:** A
2. **Why:** Floorplan A is the only one that does not have a continuous hallway running from the main entrance to the back of the apartment. Instead, it has a more complex layout with multiple turns and dead ends, which is distinct from the simpler, more linear layouts of the other floorplans (B, C, D, and E)."
"[17, 18]","[7, 3]","['21408', '52457', '66935', '46660', '31693']",52457,1. **Different floorplan:** B,"1. **Different floorplan:** B
2. **Why:** Floorplan B is the only one that does not have a symmetrical layout with respect to the main entrance. The other floorplans (A, C, D, and E) all appear to be mirror images of each other along the vertical axis passing through the main entrance, indicating a consistent underlying pattern. Floorplan B, however, has a unique arrangement of rooms and hallways that deviates from this symmetry, suggesting it has a different underlying pattern."
"[7, 1]","[17, 21]","['53652', '10825', '17550', '12421', '62454']",62454,1. **Different floorplan:** E,"1. **Different floorplan:** E
2. **Why:** Floorplan E is the only one that does not have a symmetrical layout with respect to the main entrance. All other floorplans (A, B, C, and D) appear to be mirror images of each other along the vertical axis passing through the main entrance, indicating a consistent underlying pattern. Floorplan E, however, has a unique arrangement of rooms and hallways that deviates from this symmetry, suggesting it has a different underlying pattern."
"[17, 21]","[7, 1]","['12376', '40487', '69704', '78147', '62454']",12376,1. **Different floorplan:** A,"1. **Different floorplan:** A
2. **Why:** Floorplan A is the only one that does not have a symmetrical layout with respect to the main entrance. The other floorplans (B, C, D, and E) appear to be mirror images of each other along the vertical axis passing through the main entrance, indicating a consistent underlying pattern. Floorplan A, however, has a unique arrangement of rooms and hallways that deviates from this symmetry, suggesting it has a different underlying pattern."
"[17, 21]","[7, 20]","['69704', '40487', '62454', '2277', '78147']",2277,1. **Different floorplan:** D,"1. **Different floorplan:** D
2. **Why:** Floorplan D is the only one that contains a central hallway with multiple rooms branching off from it, which is not present in the other floorplans. The other floorplans have more compact layouts without a central hallway."
"[7, 1]","[17, 5]","['12376', '8109', '17550', '53652', '72055']",72055,1. **Different floorplan:** E,"1. **Different floorplan:** E
2. **Why:** Floorplan E is the only one that does not follow the same pattern as the others. The other four floorplans (A, B, C, and D) all have a similar layout where the living area (yellow) is adjacent to the kitchen (green), and the bedrooms (pink) are located at the far end of the plan. Floorplan E deviates from this pattern by having the living area and kitchen in separate sections, with the bedrooms positioned differently compared to the others."
"[7, 1]","[17, 18]","['3536', '8109', '53652', '46660', '16951']",46660,1. **Different floorplan:** D,"1. **Different floorplan:** D
2. **Why:** Floorplan D is the only one that does not have a continuous hallway running vertically from the main entrance. In contrast, floors A, B, C, and E all feature a vertical hallway that extends from the main entrance up to the top of the floorplan, which is a consistent pattern in those four. Floorplan D has a more complex layout with multiple smaller rooms and no clear vertical hallway, making it distinct from the others."
"[7, 1]","[17, 18]","['53652', '3536', '17550', '66935', '8109']",66935,1. **Different floorplan:** D,"1. **Different floorplan:** D
2. **Why:** Floorplan D is the only one that does not have a symmetrical layout with respect to the main entrance. The other four floorplans (A, B, C, and E) all appear to be mirror images of each other along the vertical axis passing through the main entrance, indicating a consistent underlying pattern. Floorplan D, however, has a unique arrangement of rooms and hallways that deviates from this symmetry, suggesting it has a different underlying pattern."
"[7, 1]","[17, 5]","['3536', '53652', '12376', '12421', '50221']",50221,1. **Different floorplan:** E,"1. **Different floorplan:** E
2. **Why:** Floorplan E is the only one that does not have a continuous hallway running vertically from the main entrance. Instead, it features a more complex arrangement with multiple smaller rooms branching off from the main entrance, which is not present in the other floorplans. The other floorplans (A, B, C, and D) all have a similar layout with a continuous hallway extending from the main entrance, making them share the same underlying pattern."
"[7, 1]","[17, 5]","['12376', '10825', '53652', '50221', '12421']",50221,1. **Different floorplan:** D,"1. **Different floorplan:** D
2. **Why:** Floorplan D is the only one that does not have a continuous hallway running from the main entrance to the back of the apartment. Instead, it features a more complex layout with multiple rooms branching off from the entrance, which is distinct from the other floorplans that maintain a more linear path."
"[17, 18]","[7, 3]","['6955', '51240', '75828', '21543', '66316']",75828,1. **Different floorplan:** C,"1. **Different floorplan:** C
2. **Why:** Floorplan C is the only one that does not have a symmetrical layout with respect to the main entrance. The other floorplans (A, B, D, and E) appear to be mirror images of each other along the vertical axis passing through the main entrance, indicating a consistent underlying pattern. Floorplan C, however, has a unique arrangement of rooms and hallways that deviates from this symmetry, suggesting it has a different underlying pattern."
"[7, 1]","[17, 21]","['8109', '10825', '16951', '9795', '12376']",9795,1. **Different floorplan:** D,"1. **Different floorplan:** D
2. **Why:** Floorplan D is the only one that does not have a symmetrical layout with respect to the main entrance. The other floorplans (A, B, C, and E) all appear to be mirror images of each other along the vertical axis passing through the main entrance, indicating a consistent underlying pattern. Floorplan D, however, shows a distinct asymmetry in the placement of rooms and the overall layout around the main entrance, making it unique compared to the others."
"[7, 22]","[17, 18]","['79411', '40679', '31113', '21543', '23132']",21543,1. **Different floorplan:** D,"1. **Different floorplan:** D
2. **Why:** Floorplan D is the only one that does not have a symmetrical layout with respect to the main entrance. The other floorplans (A, B, C, and E) all appear to be mirror images of each other along the vertical axis passing through the main entrance, indicating a consistent underlying pattern. Floorplan D, however, has a unique arrangement of rooms and hallways that deviates from this symmetry, suggesting it has a different underlying pattern."
"[7, 1]","[17, 5]","['3536', '53652', '7913', '10825', '17550']",7913,1. **Different floorplan:** C,"1. **Different floorplan:** C
2. **Why:** Floorplan C is the only one that does not have a continuous hallway running vertically from the main entrance. In contrast, floors A, B, D, and E all feature a vertical hallway extending from the main entrance, which is a consistent pattern in the other four floorplans."
"[7, 1]","[17, 5]","['12376', '12421', '10825', '53652', '33045']",33045,1. **Different floorplan:** E,"1. **Different floorplan:** E
2. **Why:** Floorplan E is the only one that does not have a continuous hallway running from the main entrance to the back of the apartment. Instead, it features a more open layout with fewer distinct rooms, which sets it apart from the other floorplans that all seem to have a more traditional hallway layout."
"[7, 1]","[17, 18]","['21408', '8109', '10825', '16951', '53652']",21408,1. **Different floorplan:** D,"1. **Different floorplan:** D
2. **Why:** Floorplan D is the only one that does not have a symmetrical layout with respect to the main entrance. The other floorplans (A, B, C, and E) all appear to be mirror images of each other along the vertical axis passing through the main entrance, indicating a consistent underlying pattern. Floorplan D, however, has a unique arrangement of rooms and hallways that deviates from this symmetry, suggesting it has a different underlying pattern."
"[17, 18]","[7, 22]","['31113', '46660', '66935', '6955', '31693']",31113,1. **Different floorplan:** E,"1. **Different floorplan:** E
2. **Why:** Floorplan E is the only one that does not have a symmetrical layout with respect to the main entrance. The other floorplans (A, B, C, and D) all exhibit a similar pattern where the rooms are arranged in a way that is mirrored across the main entrance line. Floorplan E has an asymmetrical arrangement of rooms around the entrance, which sets it apart from the others."
"[17, 21]","[7, 22]","['62454', '9795', '69704', '40487', '40679']",40679,1. **Different floorplan:** E,"1. **Different floorplan:** E
2. **Why:** Floorplan E is the only one that features a distinct arrangement of rooms with a unique configuration of hallways and rooms compared to the others. The other floorplans (A, B, C, and D) all have a similar layout where the living area, kitchen, and bedrooms are arranged in a consistent manner around a central hallway. Floorplan E deviates from this by having a more complex and irregular arrangement of spaces, which suggests a different underlying pattern."
"[17, 18]","[7, 1]","['6955', '46660', '8109', '31693', '70105']",8109,1. **Different floorplan:** C,"1. **Different floorplan:** C
2. **Why:** Floorplan C is the only one that does not have a symmetrical layout with respect to the main entrance. The other floorplans (A, B, D, and E) all appear to be mirror images of each other along the vertical axis passing through the main entrance, indicating a consistent underlying pattern. Floorplan C, however, has a unique arrangement of rooms and hallways that deviates from this symmetry, suggesting it has a different underlying pattern."
"[7, 1]","[17, 5]","['53652', '72055', '3536', '10825', '16951']",72055,1. **Different floorplan:** C,"1. **Different floorplan:** C
2. **Why:** Floorplan C is the only one that does not have a symmetrical layout with respect to the main entrance. The other floorplans (A, B, D, and E) appear to be mirror images of each other along the vertical axis passing through the main entrance, indicating a consistent underlying pattern. Floorplan C, however, has a unique arrangement of rooms and hallways that deviates from this symmetry, suggesting it has a different underlying pattern."
"[7, 1]","[17, 18]","['3536', '17550', '70105', '53652', '10825']",70105,1. **Different floorplan:** C,"1. **Different floorplan:** C
2. **Why:** Floorplan C is the only one that does not have a continuous hallway running vertically from the main entrance. In contrast, floorplans A, B, D, and E all feature a vertical hallway extending from the main entrance, which is a consistent pattern in those designs."
"[17, 18]","[7, 22]","['40679', '51240', '70105', '46660', '6955']",40679,1. **Different floorplan:** C,"1. **Different floorplan:** C
2. **Why:** Floorplan C is the only one that does not have a symmetrical layout with respect to the main entrance. The other floorplans (A, B, D, and E) all appear to be mirror images of each other along the vertical axis passing through the main entrance, indicating a consistent underlying pattern. Floorplan C, however, has a unique arrangement of rooms and hallways that deviates from this symmetry, suggesting it has a different underlying pattern."
"[17, 18]","[7, 1]","['46660', '66316', '10825', '66935', '21408']",10825,1. **Different floorplan:** C,"1. **Different floorplan:** C
2. **Why:** Floorplan C is the only one that does not have a symmetrical layout with respect to the main entrance. The other floorplans (A, B, D, and E) all appear to be mirror images of each other along the vertical axis passing through the main entrance, indicating a consistent underlying pattern. Floorplan C, however, has a unique arrangement of rooms and hallways that deviates from this symmetry, suggesting it has a different underlying pattern."
"[17, 21]","[7, 1]","['12376', '78147', '69704', '9795', '40487']",12376,1. **Different floorplan:** A,"1. **Different floorplan:** A
2. **Why:** Floorplan A is the only one that does not have a symmetrical layout with respect to the main entrance. The other floorplans (B, C, D, and E) all appear to be mirror images of each other along the vertical axis passing through the main entrance, indicating a consistent underlying pattern. Floorplan A, however, has a unique arrangement of rooms and hallways that deviates from this symmetry, suggesting it has a different underlying pattern."
"[17, 18]","[7, 20]","['66316', '55305', '21408', '70105', '31693']",55305,1. **Different floorplan:** C,"1. **Different floorplan:** C
2. **Why:** Floorplan C is the only one that does not have a symmetrical layout with respect to the main entrance. The other floorplans (A, B, D, and E) all appear to be mirror images of each other along the vertical axis passing through the main entrance, indicating a consistent underlying pattern. Floorplan C, however, has a unique arrangement of rooms and hallways that deviates from this symmetry, suggesting it has a different underlying pattern."
"[17, 18]","[7, 22]","['70105', '21543', '23132', '31693', '51240']",23132,1. **Different floorplan:** C,"1. **Different floorplan:** C
2. **Why:** Floorplan C is the only one that does not have a symmetrical layout with respect to the main entrance. The other floorplans (A, B, D, and E) all appear to be mirror images of each other along the vertical axis passing through the main entrance, indicating a consistent underlying pattern. Floorplan C, however, shows a distinct asymmetry in the arrangement of rooms around the main entrance, suggesting it has a different underlying pattern."
"[17, 21]","[7, 20]","['62549', '2425', '62454', '40487', '78147']",2425,1. **Different floorplan:** B,"1. **Different floorplan:** B
2. **Why:** Floorplan B is the only one that has a distinct arrangement of rooms compared to the others. In particular, it has a unique configuration where the living area and bedrooms are not aligned in the same way as in the other floorplans. The living area appears to be more centrally located with a different orientation, and the bedrooms are positioned differently from the rest, making it stand out as having a different underlying pattern."
"[17, 18]","[7, 22]","['70105', '51240', '31693', '40679', '46660']",40679,1. **Different floorplan:** C,"1. **Different floorplan:** C
2. **Why:** Floorplan C is the only one that does not have a symmetrical layout with respect to the main entrance. The other floorplans (A, B, D, and E) appear to be mirror images of each other along the vertical axis passing through the main entrance, indicating a consistent underlying pattern. Floorplan C, however, shows a distinct asymmetry in the arrangement of rooms around the main entrance, suggesting a different underlying pattern."
"[7, 1]","[17, 18]","['17550', '12421', '16951', '51240', '3536']",51240,1. **Different floorplan:** D,"1. **Different floorplan:** D
2. **Why:** Floorplan D is the only one that does not have a symmetrical layout with respect to the main entrance. The other floorplans (A, B, C, and E) all appear to be mirror images of each other along the vertical axis passing through the main entrance, indicating a consistent underlying pattern. Floorplan D, however, has a unique arrangement of rooms and hallways that deviates from this symmetry, making it the one with a different underlying pattern."
"[7, 1]","[17, 5]","['3536', '16951', '33045', '17550', '12421']",33045,1. **Different floorplan:** C,"1. **Different floorplan:** C
2. **Why:** Floorplan C is the only one that does not have a continuous hallway running vertically from the main entrance. In contrast, floors A, B, D, and E all feature a vertical hallway extending from the main entrance, which is a consistent pattern in the other four floorplans."
"[17, 18]","[7, 20]","['70105', '2277', '21408', '6955', '21543']",2277,1. **Different floorplan:** B,"1. **Different floorplan:** B
2. **Why:** Floorplan B is the only one that does not have a symmetrical layout with respect to the main entrance. The other floorplans (A, C, D, and E) appear to be mirror images of each other along the vertical axis passing through the main entrance, indicating a consistent underlying pattern. Floorplan B, however, shows a distinct asymmetry in the placement of rooms and the overall shape around the main entrance, suggesting it has a different underlying pattern."
"[17, 21]","[7, 22]","['9795', '40487', '62549', '78147', '79411']",79411,1. **Different floorplan:** E,"1. **Different floorplan:** E
2. **Why:** Floorplan E is the only one that does not have a rectangular shape with a consistent layout of rooms around a central core. It appears to be a more irregular and fragmented design compared to the others, which all follow a similar rectangular pattern with rooms arranged around a central area."
"[7, 1]","[17, 18]","['51240', '53652', '3536', '12421', '16951']",51240,1. **Different floorplan:** C,"1. **Different floorplan:** C
2. **Why:** Floorplan C is the only one that does not have a symmetrical layout with respect to the main entrance. The other floorplans (A, B, D, and E) appear to be mirror images of each other along the vertical axis passing through the main entrance, indicating a consistent underlying pattern. Floorplan C, however, has a unique arrangement of rooms and hallways that deviates from this symmetry, suggesting it has a different underlying pattern."
"[17, 18]","[7, 3]","['51240', '75828', '31693', '66316', '46660']",75828,1. **Different floorplan:** C,"1. **Different floorplan:** C
2. **Why:** Floorplan C is the only one that does not have a symmetrical layout with respect to the main entrance. The other floorplans (A, B, D, and E) all appear to be mirror images of each other along the vertical axis passing through the main entrance, indicating a consistent underlying pattern. Floorplan C, however, has a unique arrangement of rooms and hallways that deviates from this symmetry, suggesting it has a different underlying pattern."
"[17, 21]","[7, 3]","['69704', '62549', '40487', '75828', '78147']",75828,1. **Different floorplan:** D,"1. **Different floorplan:** D
2. **Why:** Floorplan D is the only one that does not have a symmetrical layout with respect to the main entrance. The other four floorplans (A, B, C, and E) all exhibit a similar pattern where the rooms are arranged in a way that is mirrored across the main entrance line. Floorplan D has an asymmetrical arrangement of rooms around the main entrance, which sets it apart from the others."
"[7, 1]","[17, 5]","['3536', '53652', '12376', '72055', '17550']",72055,1. **Different floorplan:** D,"1. **Different floorplan:** D
2. **Why:** Floorplan D is the only one that does not have a continuous hallway running vertically from the main entrance. In contrast, floors A, B, C, and E all feature a vertical hallway that extends from the main entrance up to the top level, which is a consistent pattern in those plans. Floorplan D breaks this pattern by having a more complex layout with multiple smaller rooms and no clear vertical hallway."
"[17, 18]","[7, 22]","['31693', '21408', '51240', '21543', '23132']",23132,1. **Different floorplan:** E,"1. **Different floorplan:** E
2. **Why:** Floorplan E is the only one that does not have a symmetrical layout with respect to the main entrance. The other floorplans (A, B, C, and D) all exhibit a similar pattern where the rooms are arranged in a way that is mirrored across the main entrance line. Floorplan E has a unique arrangement of rooms that deviates from this symmetry, making it distinct from the others."
"[17, 21]","[7, 1]","['12421', '69704', '40487', '78147', '9795']",12421,1. **Different floorplan:** A,"1. **Different floorplan:** A
2. **Why:** Floorplan A is the only one that does not have a symmetrical layout with respect to the main entrance. The other floorplans (B, C, D, and E) all appear to be mirror images of each other along the vertical axis passing through the main entrance, indicating a consistent underlying pattern. Floorplan A, however, has a unique arrangement of rooms and hallways that deviates from this symmetry, suggesting it has a different underlying pattern."
"[17, 21]","[7, 1]","['9795', '12376', '69704', '62549', '62454']",12376,1. **Different floorplan:** B,"1. **Different floorplan:** B
2. **Why:** Floorplan B is the only one that has a distinct arrangement of rooms compared to the others. In all other floorplans (A, C, D, and E), the living area (yellow) is consistently positioned in the center with the kitchen (orange) to the right and the bedrooms (green) to the left. However, in floorplan B, the living area is shifted to the right side, and the kitchen is placed above it, which is not seen in the other floorplans. This unique configuration makes floorplan B stand out from the rest."
"[17, 18]","[7, 1]","['46660', '21543', '6955', '66316', '16951']",16951,1. **Different floorplan:** E,"1. **Different floorplan:** E
2. **Why:** Floorplan E is the only one that does not have a symmetrical layout with respect to the main entrance. The other floorplans (A, B, C, and D) all exhibit a similar pattern where the rooms are arranged in a way that is mirrored across the main entrance line. Floorplan E has an asymmetrical arrangement of rooms around the entrance, which sets it apart from the others."
"[17, 18]","[7, 20]","['6955', '46660', '66935', '54372', '66316']",54372,1. **Different floorplan:** C,"1. **Different floorplan:** C
2. **Why:** Floorplan C is the only one that does not have a symmetrical layout with respect to the main entrance. The other floorplans (A, B, D, and E) all appear to be mirror images of each other along the vertical axis passing through the main entrance, indicating a consistent underlying pattern. Floorplan C, however, has a unique arrangement of rooms and hallways that deviates from this symmetry, suggesting it has a different underlying pattern."
"[17, 21]","[7, 1]","['40487', '3536', '62454', '78147', '62549']",3536,1. **Different floorplan:** B,"1. **Different floorplan:** B
2. **Why:** Floorplan B is the only one that has a distinct arrangement of rooms compared to the others. In particular, it has a large central room with a smaller room attached to it, which is not present in the other floorplans. The other floorplans have more uniform layouts with similar room sizes and arrangements around a central core."
"[7, 20]","[17, 18]","['54372', '70105', '2425', '2277', '55305']",70105,1. **Different floorplan:** C,"1. **Different floorplan:** C
2. **Why:** Floorplan C is the only one that does not have a symmetrical layout with respect to the main entrance. The other floorplans (A, B, D, and E) appear to be mirror images of each other along the vertical axis passing through the main entrance, indicating a consistent underlying pattern. Floorplan C, however, has a unique arrangement of rooms and hallways that deviates from this symmetry, suggesting it has a different underlying pattern."
"[7, 1]","[17, 21]","['10825', '69704', '12421', '12376', '3536']",69704,1. **Different floorplan:** E,"1. **Different floorplan:** E
2. **Why:** Floorplan E is the only one that does not have a symmetrical layout with respect to the main entrance. The other floorplans (A, B, C, and D) all appear to be mirror images of each other along the vertical axis passing through the main entrance, indicating a consistent underlying pattern. Floorplan E, however, has a unique arrangement of rooms and hallways that deviates from this symmetry, suggesting it has a different underlying pattern."
"[17, 18]","[7, 20]","['21543', '70105', '31693', '21408', '55305']",55305,1. **Different floorplan:** C,"1. **Different floorplan:** C
2. **Why:** Floorplan C is the only one that does not have a symmetrical layout with respect to the main entrance. The other floorplans (A, B, D, and E) all appear to be mirror images of each other along the vertical axis passing through the main entrance, indicating a consistent underlying pattern. Floorplan C, however, shows a distinct asymmetry in the arrangement of rooms and spaces around the main entrance, suggesting a different underlying pattern."
"[17, 18]","[7, 1]","['66935', '16951', '6955', '46660', '31693']",16951,1. **Different floorplan:** B,"1. **Different floorplan:** B
2. **Why:** Floorplan B is the only one that does not have a symmetrical layout with respect to the main entrance. The other floorplans (A, C, D, and E) all appear to be mirror images of each other along the vertical axis passing through the main entrance, indicating a consistent underlying pattern. Floorplan B, however, has a unique arrangement of rooms and hallways that deviates from this symmetry, suggesting it has a different underlying pattern."
"[7, 1]","[17, 21]","['12376', '3536', '17550', '78147', '10825']",78147,1. **Different floorplan:** D,"1. **Different floorplan:** D
2. **Why:** Floorplan D is the only one that does not have a symmetrical layout with respect to the main entrance. The other floorplans (A, B, C, and E) appear to be mirror images of each other along the vertical axis passing through the main entrance, indicating a consistent underlying pattern. Floorplan D, however, has a unique arrangement of rooms and hallways that deviates from this symmetry, suggesting it has a different underlying pattern."
"[17, 18]","[7, 1]","['51240', '66316', '31693', '21543', '8109']",8109,1. **Different floorplan:** C,"1. **Different floorplan:** C
2. **Why:** Floorplan C is the only one that does not have a symmetrical layout with respect to the main entrance. The other floorplans (A, B, D, and E) all appear to be mirror images of each other along the vertical axis passing through the main entrance, indicating a consistent underlying pattern. Floorplan C, however, has a unique arrangement of rooms and hallways that deviates from this symmetry, suggesting it has a different underlying pattern."
"[7, 1]","[17, 21]","['12421', '9795', '53652', '8109', '10825']",9795,1. **Different floorplan:** B,"1. **Different floorplan:** B
2. **Why:** Floorplan B is the only one that does not have a symmetrical layout with respect to the main entrance. The other floorplans (A, C, D, and E) all appear to be mirror images of each other along the vertical axis passing through the main entrance, indicating a consistent underlying pattern. Floorplan B, however, has a unique arrangement of rooms and hallways that deviates from this symmetry, suggesting it has a different underlying pattern."
"[7, 1]","[17, 5]","['12376', '17550', '3536', '10825', '7913']",7913,1. **Different floorplan:** E,"1. **Different floorplan:** E
2. **Why:** Floorplan E is the only one that does not have a symmetrical layout with respect to the main entrance. The other floorplans (A, B, C, and D) all appear to be mirror images of each other along the vertical axis passing through the main entrance, indicating a consistent underlying pattern. Floorplan E, however, has a unique arrangement of rooms and hallways that deviates from this symmetry, suggesting it has a different underlying pattern."
"[7, 1]","[17, 18]","['51240', '8109', '17550', '12376', '3536']",51240,1. **Different floorplan:** E,"1. **Different floorplan:** E
2. **Why:** Floorplan E is the only one that does not have a continuous hallway running from the main entrance to the far end of the apartment. Instead, it has a more compact layout with rooms directly connected to the entrance without a central hallway. The other floorplans (A, B, C, and D) all feature a central hallway that extends from the main entrance to the opposite side of the apartment, which is a consistent pattern in the other four floorplans."
"[17, 21]","[7, 1]","['40487', '69704', '9795', '62549', '8109']",8109,1. **Different floorplan:** E,"1. **Different floorplan:** E
2. **Why:** Floorplan E is the only one that does not have a symmetrical layout with respect to the main entrance. The other floorplans (A, B, C, and D) all appear to be mirror images of each other along the vertical axis passing through the main entrance, indicating a consistent underlying pattern. Floorplan E, however, has a unique arrangement of rooms and hallways that deviates from this symmetry, suggesting it has a different underlying pattern."
"[7, 1]","[17, 18]","['21543', '8109', '17550', '16951', '53652']",21543,1. **Different floorplan:** D,"1. **Different floorplan:** D
2. **Why:** Floorplan D is the only one that does not have a symmetrical layout with respect to the main entrance. The other floorplans (A, B, C, and E) all appear to be mirror images of each other along the vertical axis passing through the main entrance, indicating a consistent underlying pattern. Floorplan D, however, has a unique arrangement of rooms and hallways that deviates from this symmetry, suggesting it has a different underlying pattern."
"[17, 18]","[7, 22]","['21543', '23132', '6955', '66316', '51240']",23132,1. **Different floorplan:** B,"1. **Different floorplan:** B
2. **Why:** Floorplan B is the only one that does not have a symmetrical layout with respect to the main entrance. The other floorplans (A, C, D, and E) all appear to be mirror images of each other along the vertical axis passing through the main entrance, indicating a consistent underlying pattern. Floorplan B, however, has a unique arrangement of rooms and hallways that deviates from this symmetry, suggesting it has a different underlying pattern."
"[7, 1]","[17, 18]","['53652', '3536', '66935', '12376', '10825']",66935,1. **Different floorplan:** C,"1. **Different floorplan:** C
2. **Why:** Floorplan C is the only one that does not have a symmetrical layout with respect to the main entrance. The other floorplans (A, B, D, and E) appear to be mirror images of each other along the vertical axis passing through the main entrance, indicating a consistent underlying pattern. Floorplan C, however, has a unique arrangement of rooms and hallways that deviates from this symmetry, suggesting it has a different underlying pattern."
"[17, 21]","[7, 1]","['62549', '9795', '40487', '78147', '16951']",16951,1. **Different floorplan:** E,"1. **Different floorplan:** E
2. **Why:** Floorplan E is the only one that does not have a symmetrical layout with respect to the main entrance. The other floorplans (A, B, C, and D) all appear to be mirror images of each other along the vertical axis passing through the main entrance, indicating a consistent underlying pattern. Floorplan E, however, has a unique arrangement of rooms and hallways that deviates from this symmetry, suggesting it has a different underlying pattern."
"[7, 1]","[17, 21]","['78147', '10825', '12376', '16951', '8109']",78147,1. **Different floorplan:** D,"1. **Different floorplan:** D
2. **Why:** Floorplan D is the only one that does not have a symmetrical arrangement of rooms around the central corridor. In contrast, floors A, B, C, and E all exhibit a similar pattern where the rooms are symmetrically placed around a central corridor, with the main entrance leading into this corridor. Floorplan D has an asymmetrical layout, which sets it apart from the others."
"[17, 18]","[7, 20]","['66935', '46660', '70105', '55305', '21408']",55305,1. **Different floorplan:** E,"1. **Different floorplan:** E
2. **Why:** Floorplan E is the only one that does not have a symmetrical layout with respect to the main entrance. The other four floorplans (A, B, C, and D) all exhibit a similar pattern where the rooms are arranged in a way that is mirrored across the main entrance line. Floorplan E has an asymmetrical arrangement, which sets it apart from the others."
"[7, 1]","[17, 21]","['3536', '16951', '8109', '17550', '9795']",9795,1. **Different floorplan:** E,"1. **Different floorplan:** E
2. **Why:** Floorplan E is the only one that does not have a symmetrical arrangement of rooms around the central corridor. All other floorplans (A, B, C, and D) have a similar layout where the rooms are symmetrically placed around a central corridor, with the exception of the entrance area which is consistent across all of them. Floorplan E deviates from this symmetry by having an asymmetrical arrangement of rooms, particularly in the distribution of the smaller rooms and the placement of the larger rooms."
"[7, 1]","[17, 21]","['40487', '8109', '16951', '17550', '12376']",40487,1. **Different floorplan:** C,"1. **Different floorplan:** C
2. **Why:** Floorplan C is the only one that does not have a symmetrical layout with respect to the main entrance. The other floorplans (A, B, D, and E) appear to be mirror images of each other along the vertical axis passing through the main entrance, indicating a consistent underlying pattern. Floorplan C, however, shows a distinct asymmetry in the placement of rooms and the overall layout around the main entrance, making it unique compared to the others."
"[17, 18]","[7, 20]","['31693', '2425', '6955', '46660', '51240']",2425,1. **Different floorplan:** B,"1. **Different floorplan:** B
2. **Why:** Floorplan B is the only one that does not have a symmetrical layout with respect to the main entrance. The other floorplans (A, C, D, and E) all appear to be mirror images of each other along the vertical axis passing through the main entrance, indicating a consistent underlying pattern. Floorplan B, however, has a unique arrangement of rooms and hallways that deviates from this symmetry, suggesting it has a different underlying pattern."
"[17, 18]","[7, 3]","['6955', '70105', '21408', '52457', '66935']",52457,1. **Different floorplan:** D,"1. **Different floorplan:** D
2. **Why:** Floorplan D is the only one that does not have a symmetrical layout with respect to the main entrance. The other floorplans (A, B, C, and E) all appear to be mirror images of each other along the vertical axis passing through the main entrance, indicating a consistent underlying pattern. Floorplan D, however, has a unique arrangement of rooms and hallways that deviates from this symmetry, suggesting it has a different underlying pattern."
"[17, 21]","[7, 1]","['62549', '69704', '78147', '8109', '9795']",8109,1. **Different floorplan:** D,"1. **Different floorplan:** D
2. **Why:** Floorplan D is the only one that does not have a symmetrical layout with respect to the main entrance. The other four floorplans (A, B, C, and E) all exhibit a similar pattern where the rooms are arranged symmetrically around the main entrance, with the living area, bedrooms, and bathrooms distributed in a balanced manner. Floorplan D, however, has an asymmetrical arrangement, with the living area and bedrooms not being evenly distributed on either side of the main entrance. This asymmetry sets it apart from the others."
"[7, 22]","[17, 18]","['6955', '23132', '31113', '79411', '40679']",6955,1. **Different floorplan:** E,"1. **Different floorplan:** E
2. **Why:** Floorplan E is the only one that does not have a symmetrical layout with respect to the main entrance. The other floorplans (A, B, C, and D) all appear to be mirror images of each other along the vertical axis passing through the main entrance, indicating a consistent underlying pattern. Floorplan E, however, has a unique arrangement of rooms and hallways that deviates from this symmetry, suggesting it has a different underlying pattern."
"[17, 21]","[7, 22]","['9795', '40487', '23132', '62549', '69704']",23132,1. **Different floorplan:** C,"1. **Different floorplan:** C
2. **Why:** Floorplan C is the only one that does not have a continuous hallway running from the main entrance to the back of the apartment. Instead, it features a more complex layout with multiple turns and a lack of a direct path to the back, which distinguishes it from the other floorplans that all appear to have a linear or near-linear hallway pattern."
"[17, 18]","[7, 1]","['6955', '21543', '10825', '51240', '46660']",10825,1. **Different floorplan:** C,"1. **Different floorplan:** C
2. **Why:** Floorplan C is the only one that does not have a symmetrical layout with respect to the main entrance. The other floorplans (A, B, D, and E) appear to be mirror images of each other along the vertical axis passing through the main entrance, indicating a consistent underlying pattern. Floorplan C, however, has a unique arrangement of rooms and hallways that deviates from this symmetry, suggesting it has a different underlying pattern."
"[7, 1]","[17, 18]","['17550', '53652', '21408', '16951', '12376']",21408,1. **Different floorplan:** C,"1. **Different floorplan:** C
2. **Why:** Floorplan C is the only one that does not follow the same pattern as the others. In all other floorplans (A, B, D, and E), there is a consistent arrangement where the living area (yellow) is adjacent to the kitchen (orange) and the bedrooms (green and pink) are located towards the back. Floorplan C deviates from this pattern by having the kitchen (orange) and the living area (yellow) separated by a hallway, which disrupts the uniformity observed in the other floorplans."
"[7, 1]","[17, 21]","['17550', '3536', '8109', '62454', '12421']",62454,1. **Different floorplan:** D,"1. **Different floorplan:** D
2. **Why:** Floorplan D is the only one that does not have a symmetrical layout with respect to the main entrance. The other floorplans (A, B, C, and E) all appear to be mirror images of each other along the vertical axis passing through the main entrance, indicating a consistent underlying pattern. Floorplan D, however, has a unique arrangement of rooms and hallways that deviates from this symmetry, suggesting it has a different underlying pattern."
"[17, 18]","[7, 22]","['31693', '23132', '66935', '51240', '6955']",23132,1. **Different floorplan:** C,"1. **Different floorplan:** C
2. **Why:** Floorplan C is the only one that does not have a symmetrical layout with respect to the main entrance. The other floorplans (A, B, D, and E) all appear to be mirror images of each other along the vertical axis passing through the main entrance, indicating a consistent underlying pattern. Floorplan C, however, has a unique arrangement of rooms and hallways that deviates from this symmetry, suggesting it has a different underlying pattern."
"[7, 1]","[17, 18]","['3536', '21543', '12421', '12376', '53652']",21543,1. **Different floorplan:** B,"1. **Different floorplan:** B
2. **Why:** Floorplan B is the only one that contains a central square room surrounded by smaller rooms, which is not present in the other floorplans. This unique central room distinguishes it from the others, which have more varied and less symmetrical layouts."
"[17, 18]","[7, 3]","['51240', '64781', '66316', '66935', '31693']",64781,1. **Different floorplan:** E,"1. **Different floorplan:** E
2. **Why:** Floorplan E is the only one that does not have a symmetrical layout with respect to the main entrance. The other floorplans (A, B, C, and D) all appear to be mirror images of each other along the vertical axis passing through the main entrance, indicating a consistent underlying pattern. Floorplan E, however, has a unique arrangement of rooms and hallways that deviates from this symmetry, suggesting it has a different underlying pattern."
"[7, 1]","[17, 21]","['8109', '78147', '17550', '12376', '12421']",78147,1. **Different floorplan:** B,"1. **Different floorplan:** B
2. **Why:** Floorplan B is the only one that does not have a symmetrical layout with respect to the main entrance. The other floorplans (A, C, D, and E) all appear to be mirror images of each other along the vertical axis passing through the main entrance, indicating a consistent underlying pattern. Floorplan B, however, has a unique arrangement of rooms and hallways that deviates from this symmetry, suggesting it has a different underlying pattern."
"[17, 21]","[7, 1]","['9795', '17550', '62454', '62549', '40487']",17550,1. **Different floorplan:** B,"1. **Different floorplan:** B
2. **Why:** Floorplan B is the only one that has a distinct arrangement of rooms compared to the others. In all other floorplans (A, C, D, and E), the living area (yellow) is consistently positioned towards the back of the apartment, with the kitchen (green) and bedrooms (pink) arranged around it in a similar manner. However, in floorplan B, the living area is placed closer to the entrance, which is unusual for the given pattern. This suggests that floorplan B has a different underlying pattern."
"[17, 18]","[7, 3]","['31693', '51240', '66316', '70105', '64781']",64781,1. **Different floorplan:** E,"1. **Different floorplan:** E
2. **Why:** Floorplan E is the only one that does not have a symmetrical layout with respect to the main entrance. The other floorplans (A, B, C, and D) all appear to be mirror images of each other along the vertical axis passing through the main entrance, indicating a consistent underlying pattern. Floorplan E, however, has a unique arrangement of rooms and hallways that deviates from this symmetry, suggesting it has a different underlying pattern."
"[17, 18]","[7, 1]","['12376', '51240', '31693', '66935', '21543']",12376,1. **Different floorplan:** C,"1. **Different floorplan:** C
2. **Why:** Floorplan C is the only one that does not have a symmetrical layout with respect to the main entrance. The other floorplans (A, B, D, and E) all appear to be mirror images of each other along the vertical axis passing through the main entrance, indicating a consistent underlying pattern. Floorplan C, however, shows a distinct asymmetry in the arrangement of rooms around the main entrance, suggesting a different underlying pattern."
"[7, 1]","[17, 21]","['16951', '12421', '40487', '3536', '53652']",40487,1. **Different floorplan:** C,"1. **Different floorplan:** C
2. **Why:** Floorplan C is the only one that does not have a symmetrical layout with respect to the main entrance. The other floorplans (A, B, D, and E) appear to be mirror images of each other along the vertical axis passing through the main entrance, indicating a consistent underlying pattern. Floorplan C, however, shows a distinct asymmetry in the placement of rooms and the overall shape around the main entrance, making it stand out from the others."
"[17, 21]","[7, 20]","['62454', '9795', '2277', '78147', '69704']",2277,1. **Different floorplan:** C,"1. **Different floorplan:** C
2. **Why:** Floorplan C is the only one that does not have a symmetrical layout with respect to the main entrance. The other floorplans (A, B, D, and E) appear to be mirror images of each other along the vertical axis passing through the main entrance, indicating a consistent underlying pattern. Floorplan C, however, has a unique arrangement of rooms and hallways that deviates from this symmetry, suggesting it has a different underlying pattern."
"[7, 1]","[17, 5]","['7913', '12421', '12376', '16951', '3536']",7913,1. **Different floorplan:** E,"1. **Different floorplan:** E
2. **Why:** Floorplan E is the only one that does not have a symmetrical layout with respect to the main entrance. The other floorplans (A, B, C, and D) all appear to be mirror images of each other along the vertical axis passing through the main entrance, indicating a consistent underlying pattern. Floorplan E, however, has a unique arrangement of rooms and hallways that deviates from this symmetry, suggesting it has a different underlying pattern."
"[17, 18]","[7, 22]","['70105', '21408', '66316', '31693', '23132']",23132,1. **Different floorplan:** B,"1. **Different floorplan:** B
2. **Why:** Floorplan B is the only one that does not have a symmetrical layout with respect to the main entrance. The other floorplans (A, C, D, and E) all appear to be mirror images of each other along the vertical axis passing through the main entrance, indicating a consistent underlying pattern. Floorplan B, however, has a unique arrangement of rooms and hallways that deviates from this symmetry, suggesting it has a different underlying pattern."
"[7, 1]","[17, 5]","['8109', '10825', '3536', '16951', '50221']",50221,1. **Different floorplan:** E,"1. **Different floorplan:** E
2. **Why:** Floorplan E is the only one that does not follow the same pattern as the others. The other four floorplans (A, B, C, and D) all have a similar layout where the living area is centrally located with bedrooms and bathrooms arranged around it. Floorplan E deviates from this pattern by having a more complex arrangement with multiple smaller rooms and a different distribution of spaces, making it distinct from the others."
"[7, 1]","[17, 21]","['62454', '10825', '17550', '3536', '53652']",62454,1. **Different floorplan:** D,"1. **Different floorplan:** D
2. **Why:** Floorplan D is the only one that does not have a symmetrical layout with respect to the main entrance. The other floorplans (A, B, C, and E) appear to be mirror images of each other along the vertical axis passing through the main entrance, indicating a consistent underlying pattern. Floorplan D, however, has a unique arrangement of rooms and hallways that deviates from this symmetry, suggesting it has a different underlying pattern."
"[7, 1]","[17, 21]","['12421', '78147', '12376', '16951', '53652']",78147,1. **Different floorplan:** E,"1. **Different floorplan:** E
2. **Why:** Floorplan E is the only one that does not have a symmetrical layout with respect to the main entrance. The other floorplans (A, B, C, and D) all appear to be mirror images of each other along the vertical axis passing through the main entrance, indicating a consistent underlying pattern. Floorplan E deviates from this symmetry, suggesting it has a different underlying pattern."
"[17, 18]","[7, 20]","['46660', '31693', '70105', '2277', '21543']",2277,1. **Different floorplan:** B,"1. **Different floorplan:** B
2. **Why:** Floorplan B is the only one that does not have a symmetrical layout with respect to the main entrance. The other floorplans (A, C, D, and E) all appear to be mirror images of each other along the vertical axis passing through the main entrance, indicating a consistent underlying pattern. Floorplan B, however, has a unique arrangement of rooms and hallways that deviates from this symmetry, suggesting it has a different underlying pattern."
"[17, 18]","[7, 3]","['66316', '66935', '31693', '70105', '61767']",61767,1. **Different floorplan:** E,"1. **Different floorplan:** E
2. **Why:** Floorplan E is the only one that does not have a continuous hallway running from the main entrance to the far end of the apartment. Instead, it features a more complex layout with multiple turns and dead ends, which is distinct from the simpler, linear patterns in the other floorplans."
"[7, 1]","[17, 5]","['3536', '53652', '33045', '12421', '17550']",33045,1. **Different floorplan:** C,"1. **Different floorplan:** C
2. **Why:** Floorplan C is the only one that does not have a continuous hallway running vertically from the main entrance. In contrast, floors A, B, D, and E all feature a vertical hallway extending from the main entrance, which is a consistent pattern in the other four floorplans."
"[17, 21]","[7, 1]","['17550', '69704', '62454', '62549', '78147']",17550,1. **Different floorplan:** A,"1. **Different floorplan:** A
2. **Why:** Floorplan A is the only one that does not have a symmetrical layout with respect to the main entrance. The other floorplans (B, C, D, and E) all appear to be mirror images of each other along the vertical axis passing through the main entrance, indicating a consistent underlying pattern. Floorplan A, however, has a unique arrangement of rooms and hallways that deviates from this symmetry, suggesting it has a different underlying pattern."
"[7, 1]","[17, 18]","['6955', '10825', '12376', '8109', '12421']",6955,1. **Different floorplan:** E,"1. **Different floorplan:** E
2. **Why:** Floorplan E is the only one that does not have a continuous hallway running from the main entrance to the back of the apartment. Instead, it has a more compact layout with rooms directly connected to the entrance without a clear hallway. The other floorplans (A, B, C, and D) all feature a continuous hallway that extends from the main entrance to the back of the apartment, which is a consistent pattern in the other four floorplans."
"[17, 18]","[7, 20]","['6955', '21543', '2277', '51240', '66935']",2277,1. **Different floorplan:** C,"1. **Different floorplan:** C
2. **Why:** Floorplan C is the only one that does not have a symmetrical layout with respect to the main entrance. The other floorplans (A, B, D, and E) appear to be mirror images of each other along the vertical axis passing through the main entrance, indicating a consistent underlying pattern. Floorplan C, however, has a unique arrangement of rooms and hallways that deviates from this symmetry, suggesting it has a different underlying pattern."
"[17, 18]","[7, 22]","['21408', '46660', '51240', '6955', '31113']",31113,1. **Different floorplan:** E,"1. **Different floorplan:** E
2. **Why:** Floorplan E is the only one that does not have a symmetrical layout with respect to the main entrance. The other floorplans (A, B, C, and D) all appear to be mirror images of each other along the vertical axis passing through the main entrance, indicating a consistent underlying pattern. Floorplan E, however, has a unique arrangement of rooms and hallways that deviates from this symmetry, suggesting it has a different underlying pattern."
"[7, 1]","[17, 5]","['53652', '3536', '12376', '12421', '7913']",7913,1. **Different floorplan:** E,"1. **Different floorplan:** E
2. **Why:** Floorplan E is the only one that does not have a symmetrical layout with respect to the main entrance. The other floorplans (A, B, C, and D) all appear to be mirror images of each other along the vertical axis passing through the main entrance, indicating a consistent underlying pattern. Floorplan E, however, has a unique arrangement of rooms and hallways that deviates from this symmetry, suggesting it has a different underlying pattern."
"[17, 18]","[7, 20]","['46660', '21408', '66935', '6955', '55305']",55305,1. **Different floorplan:** B,"1. **Different floorplan:** B
2. **Why:** Floorplan B is the only one that has a distinct arrangement of rooms compared to the others. In particular, it features a large central room with a smaller room attached to it, which is not present in the other floorplans. The other floorplans have a more consistent layout with larger rooms and smaller annexes, making B stand out due to its unique configuration."
"[17, 21]","[7, 1]","['62549', '40487', '17550', '69704', '62454']",17550,1. **Different floorplan:** C,"1. **Different floorplan:** C
2. **Why:** Floorplan C is the only one that does not have a symmetrical layout with respect to the main entrance. The other floorplans (A, B, D, and E) appear to be mirror images of each other along the vertical axis passing through the main entrance, indicating a consistent underlying pattern. Floorplan C, however, has a unique arrangement of rooms and hallways that deviates from this symmetry, suggesting it has a different underlying pattern."
"[17, 18]","[7, 1]","['46660', '6955', '16951', '21408', '31693']",16951,1. **Different floorplan:** C,"1. **Different floorplan:** C
2. **Why:** Floorplan C is the only one that does not have a symmetrical layout with respect to the main entrance. The other floorplans (A, B, D, and E) all appear to be mirror images of each other along the vertical axis passing through the main entrance, indicating a consistent underlying pattern. Floorplan C, however, has a unique arrangement of rooms and hallways that deviates from this symmetry, suggesting it has a different underlying pattern."
"[17, 18]","[7, 3]","['31693', '70105', '64781', '21408', '21543']",64781,1. **Different floorplan:** C,"1. **Different floorplan:** C
2. **Why:** Floorplan C is the only one that does not have a symmetrical layout with respect to the main entrance. The other floorplans (A, B, D, and E) all appear to be mirror images of each other along the vertical axis passing through the main entrance, indicating a consistent underlying pattern. Floorplan C, however, has a unique arrangement of rooms and hallways that deviates from this symmetry, suggesting it has a different underlying pattern."
"[17, 21]","[7, 20]","['9795', '54372', '69704', '40487', '62454']",54372,1. **Different floorplan:** B,"1. **Different floorplan:** B
2. **Why:** Floorplan B is the only one that has a distinct arrangement of rooms compared to the others. In particular, it features a central hallway with a U-shaped configuration, which is not present in the other floorplans. The other floorplans have more symmetrical layouts with a consistent pattern of rooms around a central core."
"[7, 1]","[17, 18]","['51240', '17550', '10825', '12421', '3536']",51240,1. **Different floorplan:** E,"1. **Different floorplan:** E
2. **Why:** Floorplan E is the only one that does not have a symmetrical layout with respect to the main entrance. The other floorplans (A, B, C, and D) appear to be mirror images of each other along the vertical axis passing through the main entrance, indicating a consistent underlying pattern. Floorplan E, however, has a unique arrangement of rooms and hallways that deviates from this symmetry, suggesting it has a different underlying pattern."
"[7, 1]","[17, 5]","['12376', '3536', '53652', '8109', '7913']",7913,1. **Different floorplan:** E,"1. **Different floorplan:** E
2. **Why:** Floorplan E is the only one that does not have a continuous hallway running vertically from the main entrance. All other floorplans (A, B, C, and D) have a vertical hallway that extends from the main entrance to the far end of the floorplan. Floorplan E has a more complex layout with multiple rooms branching off from the main entrance without a continuous hallway."
"[17, 18]","[7, 3]","['21408', '6955', '75828', '70105', '46660']",75828,1. **Different floorplan:** C,"1. **Different floorplan:** C
2. **Why:** Floorplan C is the only one that does not have a symmetrical layout with respect to the main entrance. The other floorplans (A, B, D, and E) all appear to be mirror images of each other along the vertical axis passing through the main entrance, indicating a consistent underlying pattern. Floorplan C, however, has a unique arrangement of rooms and hallways that deviates from this symmetry, suggesting it has a different underlying pattern."
"[17, 21]","[7, 3]","['52457', '40487', '69704', '62549', '62454']",52457,1. **Different floorplan:** B,"1. **Different floorplan:** B
2. **Why:** Floorplan B is the only one that does not have a symmetrical layout with respect to the main entrance. The other floorplans (A, C, D, and E) all appear to be mirror images of each other along the vertical axis passing through the main entrance, indicating a consistent underlying pattern. Floorplan B, however, has a unique arrangement of rooms and hallways that deviates from this symmetry, suggesting it has a different underlying pattern."
"[7, 1]","[17, 18]","['12421', '51240', '53652', '8109', '16951']",51240,1. **Different floorplan:** B,"1. **Different floorplan:** B
2. **Why:** Floorplan B is the only one that has an additional hallway branching off from the main entrance, which is not present in the other floorplans. This extra hallway disrupts the uniformity of the spatial layout compared to A, C, D, and E, where the main entrance leads directly into a larger open area without any additional hallways."
"[17, 21]","[7, 22]","['79411', '40487', '69704', '62454', '9795']",79411,1. **Different floorplan:** B,"1. **Different floorplan:** B
2. **Why:** Floorplan B is the only one that does not have a symmetrical layout with respect to the main entrance. The other floorplans (A, C, D, and E) all appear to be mirror images of each other along the vertical axis passing through the main entrance, indicating a consistent underlying pattern. Floorplan B, however, shows a distinct asymmetry in the placement of rooms and the overall shape around the main entrance, making it unique compared to the others."
"[17, 21]","[7, 22]","['78147', '69704', '79411', '62549', '62454']",79411,1. **Different floorplan:** C,"1. **Different floorplan:** C
2. **Why:** Floorplan C is the only one that does not have a rectangular shape with a consistent layout of rooms around a central core. It appears to be more irregular in shape compared to the others, which all have a more uniform and symmetrical arrangement of rooms."
"[17, 21]","[7, 3]","['78147', '62454', '62549', '40487', '52457']",52457,1. **Different floorplan:** E,"1. **Different floorplan:** E
2. **Why:** Floorplan E is the only one that does not have a continuous hallway running from the main entrance to the back of the apartment. Instead, it features a more compact arrangement with rooms clustered together, which is distinct from the other floorplans that all have a more linear layout with a clear path from the entrance to the rear of the apartment."
"[17, 18]","[7, 1]","['70105', '46660', '6955', '66316', '8109']",8109,1. **Different floorplan:** E,"1. **Different floorplan:** E
2. **Why:** Floorplan E is the only one that does not have a continuous hallway running from the main entrance to the back of the apartment. Instead, it has a more complex layout with multiple turns and dead ends, which is distinct from the other floorplans that maintain a more linear path."
"[17, 21]","[7, 22]","['40487', '62549', '62454', '9795', '23132']",23132,1. **Different floorplan:** E,"1. **Different floorplan:** E
2. **Why:** Floorplan E is the only one that does not have a continuous hallway running from the main entrance to the back of the apartment. Instead, it features a more complex layout with multiple turns and dead ends, which is distinct from the simpler, linear patterns seen in A, B, C, and D."
"[17, 18]","[7, 20]","['2277', '66935', '70105', '6955', '21408']",2277,1. **Different floorplan:** E,"1. **Different floorplan:** E
2. **Why:** Floorplan E is the only one that does not have a symmetrical layout with respect to the main entrance. The other floorplans (A, B, C, and D) all appear to be mirror images of each other along the vertical axis passing through the main entrance, indicating a consistent underlying pattern. Floorplan E, however, has a unique arrangement of rooms and hallways that deviates from this symmetry, suggesting it has a different underlying pattern."
"[7, 1]","[17, 5]","['12421', '7913', '17550', '8109', '16951']",7913,1. **Different floorplan:** B,"1. **Different floorplan:** B
2. **Why:** Floorplan B is the only one that does not have a symmetrical layout with respect to the main entrance. The other floorplans (A, C, D, and E) all appear to be mirror images of each other along the vertical axis passing through the main entrance, indicating a consistent underlying pattern. Floorplan B, however, has a unique arrangement of rooms and hallways that deviates from this symmetry, suggesting it has a different underlying pattern."
"[17, 21]","[7, 20]","['2277', '69704', '62454', '40487', '62549']",2277,1. **Different floorplan:** A,"1. **Different floorplan:** A
2. **Why:** Floorplan A is the only one that does not have a symmetrical layout with respect to the main entrance. The other floorplans (B, C, D, and E) appear to be mirror images of each other along the vertical axis passing through the main entrance, indicating a consistent underlying pattern. Floorplan A, however, shows a unique arrangement of rooms and hallways that deviates from this symmetry, suggesting it has a different underlying pattern."
"[17, 18]","[7, 20]","['54372', '6955', '21543', '66316', '21408']",54372,1. **Different floorplan:** E,"1. **Different floorplan:** E
2. **Why:** Floorplan E is the only one that does not have a symmetrical layout with respect to the main entrance. The other floorplans (A, B, C, and D) all appear to be mirror images of each other along the vertical axis passing through the main entrance, indicating a consistent underlying pattern. Floorplan E, however, has a unique arrangement of rooms and hallways that deviates from this symmetry, suggesting it has a different underlying pattern."
"[17, 18]","[7, 1]","['21408', '31693', '16951', '66316', '21543']",16951,1. **Different floorplan:** C,"1. **Different floorplan:** C
2. **Why:** Floorplan C is the only one that does not have a symmetrical layout with respect to the main entrance. The other floorplans (A, B, D, and E) all appear to be mirror images of each other along the vertical axis passing through the main entrance, indicating a consistent underlying pattern. Floorplan C, however, has a unique arrangement of rooms and hallways that deviates from this symmetry, suggesting it has a different underlying pattern."
"[17, 18]","[7, 3]","['51240', '46660', '6955', '21543', '64781']",64781,1. **Different floorplan:** E,"1. **Different floorplan:** E
2. **Why:** Floorplan E is the only one that does not have a continuous hallway running from the main entrance to the back of the apartment. Instead, it has a more compact arrangement with rooms directly connected without a clear central hallway, which distinguishes it from the other floorplans that all feature a similar layout with a central hallway."
"[7, 1]","[17, 18]","['53652', '16951', '10825', '17550', '51240']",51240,1. **Different floorplan:** E,"1. **Different floorplan:** E
2. **Why:** Floorplan E is the only one that does not have a symmetrical layout with respect to the main entrance. The other floorplans (A, B, C, and D) appear to be mirror images of each other along the vertical axis passing through the main entrance, indicating a consistent underlying pattern. Floorplan E deviates from this symmetry, suggesting it has a different underlying pattern."
"[7, 1]","[17, 18]","['16951', '10825', '21408', '3536', '53652']",21408,1. **Different floorplan:** C,"1. **Different floorplan:** C
2. **Why:** Floorplan C is the only one that does not follow the same pattern as the others. The other floorplans (A, B, D, and E) all have a consistent layout where the living area (yellow) is adjacent to the kitchen (orange), and the bedrooms (pink) are located at the far end of the plan. Floorplan C deviates from this pattern by having the kitchen and living area separated by a hallway, which is not present in the other floorplans. Additionally, the placement of the bathrooms (green) and the positioning of the rooms around the central hallway make it distinct from the others."
"[17, 18]","[7, 22]","['31693', '31113', '66316', '6955', '21408']",31113,1. **Different floorplan:** E,"1. **Different floorplan:** E
2. **Why:** Floorplan E is the only one that does not have a symmetrical layout with respect to the main entrance. The other floorplans (A, B, C, and D) all appear to be mirror images of each other along the vertical axis passing through the main entrance, indicating a consistent underlying pattern. Floorplan E, however, has a unique arrangement of rooms and hallways that deviates from this symmetry, suggesting it has a different underlying pattern."
"[17, 18]","[7, 22]","['46660', '40679', '21543', '31693', '51240']",40679,1. **Different floorplan:** B,"1. **Different floorplan:** B
2. **Why:** Floorplan B is the only one that does not have a symmetrical layout with respect to the main entrance. The other floorplans (A, C, D, and E) all appear to be mirror images of each other along the vertical axis passing through the main entrance, indicating a consistent underlying pattern. Floorplan B, however, has a unique arrangement of rooms and hallways that deviates from this symmetry, suggesting it has a different underlying pattern."
"[17, 18]","[7, 1]","['21408', '46660', '16951', '66935', '70105']",16951,1. **Different floorplan:** C,"1. **Different floorplan:** C
2. **Why:** Floorplan C is the only one that does not have a symmetrical layout with respect to the main entrance. The other floorplans (A, B, D, and E) appear to be mirror images of each other along the vertical axis passing through the main entrance, indicating a consistent underlying pattern. Floorplan C, however, has a unique arrangement of rooms and hallways that deviates from this symmetry, suggesting it has a different underlying pattern."
"[7, 1]","[17, 21]","['10825', '62454', '16951', '8109', '3536']",62454,1. **Different floorplan:** E,"1. **Different floorplan:** E
2. **Why:** Floorplan E is the only one that does not have a symmetrical layout with respect to the main entrance. The other floorplans (A, B, C, and D) all appear to be mirror images of each other along the vertical axis passing through the main entrance, indicating a consistent underlying pattern. Floorplan E, however, has a unique arrangement of rooms and hallways that deviates from this symmetry, suggesting it has a different underlying pattern."
"[17, 18]","[7, 22]","['21543', '40679', '6955', '51240', '46660']",40679,1. **Different floorplan:** E,"1. **Different floorplan:** E
2. **Why:** Floorplan E is the only one that does not have a symmetrical layout with respect to the main entrance. The other floorplans (A, B, C, and D) all exhibit a similar pattern where the rooms are arranged in a way that is mirrored across the main entrance line. Floorplan E deviates from this symmetry, making it distinct from the others."
"[7, 1]","[17, 21]","['53652', '16951', '62454', '3536', '12376']",62454,1. **Different floorplan:** C,"1. **Different floorplan:** C
2. **Why:** Floorplan C is the only one that does not have a symmetrical layout with respect to the main entrance. The other floorplans (A, B, D, and E) appear to be mirror images of each other along the vertical axis passing through the main entrance, indicating a consistent underlying pattern. Floorplan C, however, has a unique arrangement of rooms and hallways that deviates from this symmetry, suggesting it has a different underlying pattern."
"[7, 1]","[17, 18]","['53652', '10825', '70105', '16951', '12421']",70105,1. **Different floorplan:** C,"1. **Different floorplan:** C
2. **Why:** Floorplan C is the only one that does not have a continuous hallway running from the main entrance to the far end of the apartment. Instead, it features a more complex layout with multiple turns and dead ends, which is distinct from the simpler, linear layouts of the other floorplans."
"[7, 1]","[17, 18]","['53652', '8109', '66316', '16951', '10825']",66316,1. **Different floorplan:** C,"1. **Different floorplan:** C
2. **Why:** Floorplan C is the only one that does not have a symmetrical layout with respect to the main entrance. The other floorplans (A, B, D, and E) appear to be mirror images of each other along the vertical axis passing through the main entrance, indicating a consistent underlying pattern. Floorplan C, however, shows a distinct asymmetry in the arrangement of rooms around the main entrance, suggesting a different underlying pattern."
"[7, 1]","[17, 5]","['17550', '16951', '12376', '53652', '50221']",50221,1. **Different floorplan:** E,"1. **Different floorplan:** E
2. **Why:** Floorplan E is the only one that does not follow the same pattern as the others. The other four floorplans (A, B, C, and D) all have a similar layout where the living area (yellow) is adjacent to the kitchen (green), and the bedrooms (pink) are located at the far end of the plan. Floorplan E deviates from this pattern by having the kitchen (green) and living area (yellow) separated by a hallway, which is not present in the other four floorplans. Additionally, the bedroom arrangement in E is more complex and does not align with the simpler bedroom placement in A, B, C, and D."
"[7, 1]","[17, 5]","['8109', '17550', '12421', '53652', '7913']",7913,1. **Different floorplan:** E,"1. **Different floorplan:** E
2. **Why:** Floorplan E is the only one that does not have a continuous hallway running from the main entrance to the far end of the building. Instead, it features a more complex arrangement with multiple smaller rooms and a different flow compared to the other four floorplans, which all have a similar linear hallway pattern."
"[7, 1]","[17, 21]","['10825', '12421', '12376', '40487', '3536']",40487,1. **Different floorplan:** E,"1. **Different floorplan:** E
2. **Why:** Floorplan E is the only one that does not have a symmetrical layout with respect to the main entrance. The other floorplans (A, B, C, and D) all appear to be mirror images of each other along the vertical axis passing through the main entrance, indicating a consistent underlying pattern. Floorplan E, however, has a unique arrangement of rooms and hallways that deviates from this symmetry, suggesting it has a different underlying pattern."
"[7, 1]","[17, 18]","['12376', '8109', '10825', '21543', '53652']",21543,1. **Different floorplan:** D,"1. **Different floorplan:** D
2. **Why:** Floorplan D is the only one that contains a central hallway with rooms branching off from it in a symmetrical manner, which is distinct from the more irregular and varied layouts of the other floorplans. The other floorplans have more complex and less symmetrical arrangements of rooms."
"[7, 1]","[17, 21]","['17550', '12376', '3536', '69704', '16951']",69704,1. **Different floorplan:** C,"1. **Different floorplan:** C
2. **Why:** Floorplan C is the only one that does not have a symmetrical layout with respect to the main entrance. The other floorplans (A, B, D, and E) appear to be mirror images of each other along the vertical axis passing through the main entrance, indicating a consistent underlying pattern. Floorplan C, however, has a unique arrangement of rooms and hallways that deviates from this symmetry, suggesting it has a different underlying pattern."
"[17, 18]","[7, 1]","['70105', '17550', '6955', '21543', '51240']",17550,1. **Different floorplan:** E,"1. **Different floorplan:** E
2. **Why:** Floorplan E is the only one that does not have a continuous hallway running from the main entrance to the back of the apartment. Instead, it has a more complex layout with multiple turns and dead ends, which is distinct from the other floorplans that maintain a more linear path."
"[7, 1]","[17, 18]","['53652', '16951', '31693', '10825', '17550']",31693,1. **Different floorplan:** C,"1. **Different floorplan:** C
2. **Why:** Floorplan C is the only one that does not have a symmetrical layout with respect to the main entrance. The other floorplans (A, B, D, and E) appear to be mirror images of each other along the vertical axis passing through the main entrance, indicating a consistent underlying pattern. Floorplan C, however, has a unique arrangement of rooms and hallways that deviates from this symmetry, suggesting it has a different underlying pattern."
"[7, 1]","[17, 18]","['8109', '6955', '12376', '17550', '53652']",6955,1. **Different floorplan:** B,"1. **Different floorplan:** B
2. **Why:** Floorplan B is the only one that does not have a symmetrical layout with respect to the main entrance. The other floorplans (A, C, D, and E) all appear to be mirror images of each other along the vertical axis passing through the main entrance, indicating a consistent underlying pattern. Floorplan B, however, has a unique arrangement of rooms and hallways that deviates from this symmetry, suggesting it has a different underlying pattern."
"[7, 1]","[17, 5]","['16951', '3536', '8109', '50221', '12376']",50221,1. **Different floorplan:** D,"1. **Different floorplan:** D
2. **Why:** Floorplan D is the only one that does not have a symmetrical layout with respect to the main entrance. The other floorplans (A, B, C, and E) all appear to be mirror images of each other along the vertical axis passing through the main entrance, indicating a consistent underlying pattern. Floorplan D, however, has a unique arrangement of rooms and hallways that deviates from this symmetry, suggesting it has a different underlying pattern."
"[7, 1]","[17, 21]","['69704', '3536', '16951', '10825', '12376']",69704,1. **Different floorplan:** B,"1. **Different floorplan:** B
2. **Why:** Floorplan B is the only one that has a distinct arrangement of rooms compared to the others. In contrast to the other floorplans, which have a more consistent layout with a central hallway leading to various rooms, floorplan B features a unique configuration where the main entrance leads directly into a large open space that appears to be a living area, rather than a corridor. This makes it stand out from the rest in terms of spatial organization and flow."
"[7, 1]","[17, 21]","['40487', '8109', '3536', '16951', '53652']",40487,1. **Different floorplan:** C,"1. **Different floorplan:** C
2. **Why:** Floorplan C is the only one that does not have a symmetrical layout with respect to the main entrance. The other floorplans (A, B, D, and E) appear to be mirror images of each other along the vertical axis passing through the main entrance, indicating a consistent underlying pattern. Floorplan C, however, has a unique arrangement of rooms and hallways that deviates from this symmetry, suggesting it has a different underlying pattern."
"[7, 1]","[17, 5]","['8109', '53652', '12421', '33045', '12376']",33045,1. **Different floorplan:** D,"1. **Different floorplan:** D
2. **Why:** Floorplan D is the only one that does not have a continuous hallway running from the main entrance to the back of the apartment. Instead, it features a more complex arrangement with multiple rooms branching off from the main entrance, which is not present in the other floorplans."
"[7, 1]","[17, 18]","['3536', '53652', '12421', '21408', '17550']",21408,1. **Different floorplan:** D,"1. **Different floorplan:** D
2. **Why:** Floorplan D is the only one that does not have a continuous hallway running vertically from the main entrance. Instead, it features a more complex layout with multiple turns and additional rooms branching off in various directions, which distinguishes it from the simpler, more linear patterns of the other floorplans."
"[7, 1]","[17, 18]","['3536', '10825', '8109', '12421', '66935']",66935,1. **Different floorplan:** E,"1. **Different floorplan:** E
2. **Why:** Floorplan E is the only one that does not follow the same pattern as the others. The other four floorplans (A, B, C, and D) all have a similar layout where the living area is centrally located with bedrooms and bathrooms arranged around it. Floorplan E deviates from this pattern by having a more complex arrangement with additional spaces and a different distribution of rooms, making it distinct from the others."
"[7, 1]","[17, 21]","['53652', '62454', '12376', '3536', '8109']",62454,1. **Different floorplan:** D,"1. **Different floorplan:** D
2. **Why:** Floorplan D is the only one that does not have a symmetrical layout with respect to the main entrance. The other floorplans (A, B, C, and E) appear to be mirror images of each other along the vertical axis passing through the main entrance, indicating a consistent underlying pattern. Floorplan D, however, has a unique arrangement of rooms and hallways that deviates from this symmetry, suggesting it has a different underlying pattern."
"[17, 21]","[7, 1]","['62454', '9795', '12376', '78147', '69704']",12376,1. **Different floorplan:** C,"1. **Different floorplan:** C
2. **Why:** Floorplan C is the only one that does not have a symmetrical layout with respect to the main entrance. The other floorplans (A, B, D, and E) appear to be mirror images of each other along the vertical axis passing through the main entrance, indicating a consistent underlying pattern. Floorplan C, however, has a unique arrangement of rooms and hallways that deviates from this symmetry, suggesting it has a different underlying pattern."
"[17, 18]","[7, 20]","['46660', '66935', '51240', '21408', '2277']",2277,1. **Different floorplan:** E,"1. **Different floorplan:** E
2. **Why:** Floorplan E is the only one that does not have a symmetrical layout with respect to the main entrance. The other floorplans (A, B, C, and D) all appear to be mirror images of each other along the vertical axis passing through the main entrance, indicating a consistent underlying pattern. Floorplan E, however, has a unique arrangement of rooms and hallways that deviates from this symmetry, suggesting it has a different underlying pattern."
"[17, 18]","[7, 3]","['52457', '66935', '46660', '51240', '66316']",52457,1. **Different floorplan:** A,"1. **Different floorplan:** A
2. **Why:** Floorplan A is the only one that does not have a symmetrical layout with respect to the main entrance. The other floorplans (B, C, D, and E) all appear to be mirror images of each other along the vertical axis passing through the main entrance, indicating a consistent underlying pattern. Floorplan A, however, has a unique arrangement of rooms and hallways that deviates from this symmetry, suggesting it has a different underlying pattern."
"[7, 1]","[17, 21]","['16951', '12421', '8109', '10825', '9795']",9795,1. **Different floorplan:** E,"1. **Different floorplan:** E
2. **Why:** Floorplan E is the only one that does not have a symmetrical layout with respect to the main entrance. The other floorplans (A, B, C, and D) all appear to be mirror images of each other along the vertical axis passing through the main entrance, indicating a consistent underlying pattern. Floorplan E, however, has a unique arrangement of rooms and hallways that deviates from this symmetry, suggesting it has a different underlying pattern."
"[17, 18]","[7, 22]","['21408', '79411', '31693', '6955', '21543']",79411,1. **Different floorplan:** B,"1. **Different floorplan:** B
2. **Why:** Floorplan B is the only one that does not have a symmetrical layout with respect to the main entrance. All other floorplans (A, C, D, and E) appear to be mirror images of each other along the vertical axis passing through the main entrance, indicating a consistent underlying pattern. Floorplan B, however, shows a unique arrangement of rooms and hallways that deviates from this symmetry, suggesting it has a different underlying pattern."
"[7, 1]","[17, 21]","['78147', '12421', '53652', '3536', '10825']",78147,1. **Different floorplan:** D,"1. **Different floorplan:** D
2. **Why:** Floorplan D is the only one that does not have a symmetrical layout with respect to the main entrance. The other floorplans (A, B, C, and E) appear to be mirror images of each other along the vertical axis passing through the main entrance, indicating a consistent underlying pattern. Floorplan D, however, has a unique arrangement of rooms and hallways that deviates from this symmetry, suggesting it has a different underlying pattern."
"[17, 18]","[7, 20]","['70105', '6955', '66935', '54372', '21543']",54372,1. **Different floorplan:** D,"1. **Different floorplan:** D
2. **Why:** Floorplan D is the only one that does not have a symmetrical layout with respect to the main entrance. The other four floorplans (A, B, C, and E) all exhibit a similar pattern where the rooms are arranged in a way that is mirrored across the main entrance line. Floorplan D has an asymmetrical arrangement of rooms around the main entrance, which sets it apart from the others."
"[7, 1]","[17, 5]","['12376', '16951', '3536', '12421', '33045']",33045,1. **Different floorplan:** E,"1. **Different floorplan:** E
2. **Why:** Floorplan E is the only one that does not have a rectangular shape with a consistent layout of rooms around a central core. Instead, it features a more irregular arrangement with a larger open space and fewer distinct room types compared to the others, which all have a more uniform and symmetrical design."
"[17, 21]","[7, 1]","['10825', '62549', '69704', '40487', '62454']",10825,1. **Different floorplan:** B,"1. **Different floorplan:** B
2. **Why:** Floorplan B is the only one that does not have a symmetrical layout with respect to the main entrance. The other floorplans (A, C, D, and E) appear to be mirror images of each other along the vertical axis passing through the main entrance, indicating a consistent underlying pattern. Floorplan B, however, shows a distinct asymmetry in the placement of rooms and the overall layout around the main entrance, making it unique compared to the others."
"[7, 1]","[17, 18]","['66935', '8109', '12421', '16951', '53652']",66935,1. **Different floorplan:** D,"1. **Different floorplan:** D
2. **Why:** Floorplan D is the only one that does not have a symmetrical layout with respect to the main entrance. The other floorplans (A, B, C, and E) all appear to be mirror images of each other along the vertical axis passing through the main entrance, indicating a consistent underlying pattern. Floorplan D, however, has a unique arrangement of rooms and hallways that deviates from this symmetry, suggesting it has a different underlying pattern."
"[17, 18]","[7, 3]","['70105', '52457', '21543', '6955', '66935']",52457,1. **Different floorplan:** B,"1. **Different floorplan:** B
2. **Why:** Floorplan B is the only one that does not have a symmetrical layout with respect to the main entrance. The other floorplans (A, C, D, and E) appear to be mirror images of each other along the vertical axis passing through the main entrance, indicating a consistent underlying pattern. Floorplan B, however, has a unique arrangement of rooms and hallways that deviates from this symmetry, suggesting it has a different underlying pattern."
"[17, 5]","[7, 1]","['33045', '72055', '7913', '50221', '12421']",12421,1. **Different floorplan:** E,"1. **Different floorplan:** E
2. **Why:** Floorplan E is the only one that does not have a symmetrical layout with respect to the main entrance. The other floorplans (A, B, C, and D) all appear to be mirror images of each other along the vertical axis passing through the main entrance, indicating a consistent underlying pattern. Floorplan E, however, has a unique arrangement of rooms and hallways that deviates from this symmetry, suggesting it has a different underlying pattern."
"[17, 18]","[7, 1]","['66316', '46660', '21408', '8109', '70105']",8109,1. **Different floorplan:** C,"1. **Different floorplan:** C
2. **Why:** Floorplan C is the only one that does not have a symmetrical layout with respect to the main entrance. The other floorplans (A, B, D, and E) appear to be mirror images of each other along the vertical axis passing through the main entrance, indicating a consistent underlying pattern. Floorplan C, however, has a unique arrangement of rooms and hallways that deviates from this symmetry, suggesting it has a different underlying pattern."
"[7, 1]","[17, 18]","['10825', '70105', '53652', '16951', '17550']",70105,1. **Different floorplan:** B,"1. **Different floorplan:** B
2. **Why:** Floorplan B is the only one that does not have a symmetrical layout with respect to the main entrance. The other floorplans (A, C, D, and E) all appear to be mirror images of each other along the vertical axis passing through the main entrance, indicating a consistent underlying pattern. Floorplan B, however, has a unique arrangement of rooms and hallways that deviates from this symmetry, suggesting it has a different underlying pattern."
"[17, 21]","[7, 22]","['69704', '23132', '78147', '40487', '62454']",23132,1. **Different floorplan:** B,"1. **Different floorplan:** B
2. **Why:** Floorplan B is the only one that does not have a symmetrical layout with respect to the main entrance. The other floorplans (A, C, D, and E) all appear to be mirror images of each other along the vertical axis passing through the main entrance, indicating a consistent underlying pattern. Floorplan B, however, has a unique arrangement of rooms and hallways that deviates from this symmetry, suggesting it has a different underlying pattern."
"[17, 21]","[7, 22]","['9795', '40487', '78147', '40679', '69704']",40679,1. **Different floorplan:** D,"1. **Different floorplan:** D
2. **Why:** Floorplan D is the only one that features a unique arrangement of rooms and spaces compared to the others. It includes an additional section with a red wall that separates it from the rest of the floorplan, creating a distinct area that is not present in A, B, C, or E. This additional section disrupts the uniformity of the spatial layout found in the other four floorplans."
"[17, 21]","[7, 1]","['40487', '53652', '69704', '62549', '9795']",53652,1. **Different floorplan:** B,"1. **Different floorplan:** B
2. **Why:** Floorplan B is the only one that has a distinct arrangement of rooms compared to the others. In particular, the placement of the kitchen and the living area is unique in B, with the kitchen being positioned at the bottom right corner and the living area directly above it. This configuration differs from the other floorplans where the kitchen and living area are typically placed more centrally or in a different relative position."
"[17, 21]","[7, 20]","['78147', '69704', '62454', '55305', '62549']",55305,1. **Different floorplan:** D,"1. **Different floorplan:** D
2. **Why:** Floorplan D is the only one that does not have a symmetrical layout with respect to the main entrance. The other four floorplans (A, B, C, and E) all exhibit a similar pattern where the rooms are arranged in a way that is mirrored across the main entrance line. Floorplan D has an asymmetrical arrangement of rooms around the main entrance, which sets it apart from the others."
"[7, 1]","[17, 5]","['7913', '16951', '12421', '17550', '12376']",7913,1. **Different floorplan:** B,"1. **Different floorplan:** B
2. **Why:** Floorplan B is the only one that has a distinct arrangement of rooms compared to the others. The other floorplans (A, C, D, and E) all have a similar layout with a central living area flanked by bedrooms and bathrooms, but with varying sizes and configurations. Floorplan B has a unique configuration where the living area is not centrally located and there is an additional room (possibly a study or a small office) that is not present in the other floorplans. This makes it stand out as having a different underlying pattern."
"[17, 21]","[7, 1]","['9795', '53652', '78147', '62454', '62549']",53652,1. **Different floorplan:** B,"1. **Different floorplan:** B
2. **Why:** Floorplan B is the only one that has a distinct arrangement of rooms compared to the others. In particular, it features a large central room with a smaller room attached to it, which is not present in the other floorplans. The other floorplans have a more consistent layout with larger rooms and smaller annexes, making B stand out due to its unique configuration."
"[17, 18]","[7, 20]","['70105', '46660', '21543', '55305', '21408']",55305,1. **Different floorplan:** E,"1. **Different floorplan:** E
2. **Why:** Floorplan E is the only one that does not have a symmetrical layout with respect to the main entrance. The other floorplans (A, B, C, and D) all appear to be mirror images of each other along the vertical axis passing through the main entrance, indicating a consistent underlying pattern. Floorplan E, however, has a unique arrangement of rooms and hallways that deviates from this symmetry, suggesting it has a different underlying pattern."
"[17, 21]","[7, 1]","['69704', '3536', '78147', '9795', '62454']",3536,1. **Different floorplan:** B,"1. **Different floorplan:** B
2. **Why:** Floorplan B is the only one that has a distinct arrangement of rooms compared to the others. In particular, the placement of the kitchen and the living area is unique in B, with the kitchen being positioned at the bottom left corner and the living area directly above it, which is not the case in the other floorplans where the kitchen and living area are typically adjacent but not in such a specific vertical alignment."
"[17, 5]","[7, 22]","['33045', '7913', '72055', '31113', '50221']",31113,1. **Different floorplan:** E,"1. **Different floorplan:** E
2. **Why:** Floorplan E is the only one that does not have a symmetrical layout with respect to the main entrance. The other floorplans (A, B, C, and D) all appear to be mirror images of each other along the vertical axis passing through the main entrance, indicating a consistent underlying pattern. Floorplan E, however, has a unique arrangement of rooms and hallways that deviates from this symmetry, suggesting it has a different underlying pattern."
"[7, 1]","[17, 18]","['31693', '8109', '12421', '53652', '17550']",31693,1. **Different floorplan:** D,"1. **Different floorplan:** D
2. **Why:** Floorplan D is the only one that does not have a continuous hallway running from the main entrance to the back of the apartment. Instead, it features a more complex layout with multiple turns and dead ends, which is distinct from the simpler, more linear layouts of the other floorplans."
"[17, 18]","[7, 22]","['66316', '21408', '70105', '79411', '46660']",79411,1. **Different floorplan:** B,"1. **Different floorplan:** B
2. **Why:** Floorplan B is the only one that has a distinct arrangement of rooms compared to the others. While the other floorplans (A, C, D, and E) all have a similar layout with a central hallway leading to various rooms, including a living area, dining area, kitchen, and bedrooms, Floorplan B has an additional room (pink) that is not present in the others. This extra room disrupts the uniformity of the layout, making it the one with a different underlying pattern."
"[17, 18]","[7, 3]","['46660', '70105', '66316', '51240', '64781']",64781,1. **Different floorplan:** E,"1. **Different floorplan:** E
2. **Why:** Floorplan E is the only one that does not have a symmetrical layout with respect to the main entrance. The other floorplans (A, B, C, and D) all appear to be mirror images of each other along the vertical axis passing through the main entrance, indicating a consistent underlying pattern. Floorplan E deviates from this symmetry, suggesting it has a different underlying pattern."
"[17, 18]","[7, 1]","['21408', '31693', '53652', '51240', '66316']",53652,1. **Different floorplan:** C,"1. **Different floorplan:** C
2. **Why:** Floorplan C is the only one that does not have a symmetrical layout with respect to the main entrance. The other floorplans (A, B, D, and E) appear to be mirror images of each other along the vertical axis passing through the main entrance, indicating a consistent underlying pattern. Floorplan C, however, has a unique arrangement of rooms and hallways that deviates from this symmetry, suggesting it has a different underlying pattern."
"[7, 1]","[17, 18]","['21408', '3536', '53652', '12421', '16951']",21408,1. **Different floorplan:** A,"1. **Different floorplan:** A
2. **Why:** Floorplan A is the only one that does not have a symmetrical layout with respect to the main entrance. The other floorplans (B, C, D, and E) appear to be mirror images of each other along the vertical axis passing through the main entrance, indicating a consistent underlying pattern. Floorplan A, however, has a unique arrangement of rooms and hallways that deviates from this symmetry, suggesting it has a different underlying pattern."
"[17, 21]","[7, 20]","['62549', '62454', '69704', '55305', '40487']",55305,1. **Different floorplan:** D,"1. **Different floorplan:** D
2. **Why:** Floorplan D is the only one that does not have a continuous hallway running from the main entrance to the back of the apartment. Instead, it features a more complex layout with multiple turns and a lack of a direct path to the back, which distinguishes it from the other floorplans that all appear to have a linear progression from front to back."
"[17, 18]","[7, 3]","['66316', '61767', '31693', '6955', '66935']",61767,1. **Different floorplan:** B,"1. **Different floorplan:** B
2. **Why:** Floorplan B is the only one that does not have a symmetrical layout with respect to the main entrance. The other floorplans (A, C, D, and E) all appear to be mirror images of each other along the vertical axis passing through the main entrance, indicating a consistent underlying pattern. Floorplan B, however, has a unique arrangement of rooms and hallways that deviates from this symmetry, suggesting it has a different underlying pattern."
"[7, 1]","[17, 21]","['10825', '12421', '78147', '8109', '16951']",78147,1. **Different floorplan:** C,"1. **Different floorplan:** C
2. **Why:** Floorplan C is the only one that does not have a symmetrical arrangement of rooms around the central corridor. In contrast, floors A, B, D, and E all exhibit a similar pattern where the rooms are symmetrically placed around a central corridor, with the main entrance leading into this corridor. Floorplan C has an asymmetrical layout, which sets it apart from the others."
"[17, 5]","[7, 3]","['61767', '33045', '72055', '7913', '50221']",61767,1. **Different floorplan:** A,"1. **Different floorplan:** A
2. **Why:** Floorplan A is the only one that does not have a continuous hallway running from the main entrance to the back of the apartment. Instead, it features a more complex layout with multiple turns and dead ends, which is distinct from the simpler, linear patterns seen in B, C, D, and E."
"[17, 21]","[7, 3]","['61767', '62454', '62549', '69704', '40487']",61767,1. **Different floorplan:** A,"1. **Different floorplan:** A
2. **Why:** Floorplan A is the only one that does not have a symmetrical layout with respect to the main entrance. The other floorplans (B, C, D, and E) all appear to be mirror images of each other along the vertical axis passing through the main entrance, indicating a consistent underlying pattern. Floorplan A, however, has a unique arrangement of rooms and hallways that deviates from this symmetry, suggesting it has a different underlying pattern."
"[17, 18]","[7, 22]","['21543', '31693', '46660', '66935', '40679']",40679,1. **Different floorplan:** E,"1. **Different floorplan:** E
2. **Why:** Floorplan E is the only one that does not have a symmetrical layout with respect to the main entrance. The other floorplans (A, B, C, and D) all appear to be mirror images of each other along the vertical axis passing through the main entrance, indicating a consistent underlying pattern. Floorplan E, however, has a unique arrangement of rooms and hallways that deviates from this symmetry, suggesting it has a different underlying pattern."
"[17, 18]","[7, 1]","['46660', '21408', '66935', '10825', '6955']",10825,1. **Different floorplan:** D,"1. **Different floorplan:** D
2. **Why:** Floorplan D is the only one that does not have a symmetrical layout with respect to the main entrance. The other floorplans (A, B, C, and E) all appear to be mirror images of each other along the vertical axis passing through the main entrance, indicating a consistent underlying pattern. Floorplan D, however, has a unique arrangement of rooms and hallways that deviates from this symmetry, suggesting it has a different underlying pattern."
"[17, 21]","[7, 3]","['61767', '62454', '9795', '62549', '69704']",61767,1. **Different floorplan:** A,"1. **Different floorplan:** A
2. **Why:** Floorplan A is the only one that does not have a symmetrical layout with respect to the main entrance. The other floorplans (B, C, D, and E) all appear to be mirror images of each other along the vertical axis passing through the main entrance, indicating a consistent underlying pattern. Floorplan A, however, has a unique arrangement of rooms and hallways that deviates from this symmetry, suggesting it has a different underlying pattern."
"[17, 18]","[7, 1]","['10825', '70105', '66316', '51240', '6955']",10825,1. **Different floorplan:** E,"1. **Different floorplan:** E
2. **Why:** Floorplan E is the only one that does not have a continuous hallway running from the main entrance to the back of the apartment. Instead, it has a more complex layout with multiple turns and dead ends, which is distinct from the simpler, more linear patterns in the other floorplans."
"[17, 21]","[7, 20]","['9795', '62454', '54372', '62549', '40487']",54372,1. **Different floorplan:** C,"1. **Different floorplan:** C
2. **Why:** Floorplan C is the only one that does not have a symmetrical layout with respect to the main entrance. The other floorplans (A, B, D, and E) all appear to be mirror images of each other along the vertical axis passing through the main entrance, indicating a consistent underlying pattern. Floorplan C, however, has a unique arrangement of rooms and hallways that deviates from this symmetry, suggesting it has a different underlying pattern."
"[17, 21]","[7, 22]","['69704', '9795', '79411', '78147', '62454']",79411,1. **Different floorplan:** C,"1. **Different floorplan:** C
2. **Why:** Floorplan C is the only one that does not have a rectangular shape with a consistent layout of rooms around a central core. It appears to be a more complex arrangement with a different spatial flow compared to the others, which all seem to follow a similar rectangular pattern with rooms aligned around a central area."
"[17, 18]","[7, 20]","['21543', '2277', '66316', '51240', '31693']",2277,1. **Different floorplan:** E,"1. **Different floorplan:** E
2. **Why:** Floorplan E is the only one that does not have a symmetrical layout with respect to the main entrance. The other floorplans (A, B, C, and D) all exhibit a similar pattern where the rooms are arranged in a way that is mirrored across the main entrance line. Floorplan E has a unique arrangement of rooms that deviates from this symmetry, making it distinct from the others."
"[17, 21]","[7, 3]","['75828', '9795', '62549', '78147', '40487']",75828,1. **Different floorplan:** A,"1. **Different floorplan:** A
2. **Why:** Floorplan A is the only one that does not have a symmetrical layout with respect to the main entrance. The other floorplans (B, C, D, and E) all appear to be mirror images of each other along the vertical axis passing through the main entrance, indicating a consistent underlying pattern. Floorplan A, however, has a unique arrangement of rooms and hallways that deviates from this symmetry, suggesting it has a different underlying pattern."
"[17, 21]","[7, 1]","['8109', '69704', '62549', '78147', '62454']",8109,1. **Different floorplan:** A,"1. **Different floorplan:** A
2. **Why:** Floorplan A is the only one that does not have a symmetrical layout with respect to the main entrance. The other floorplans (B, C, D, and E) all appear to be mirror images of each other along the vertical axis passing through the main entrance, indicating a consistent underlying pattern. Floorplan A, however, has a unique arrangement of rooms and hallways that deviates from this symmetry, suggesting it has a different underlying pattern."
"[17, 21]","[7, 3]","['40487', '78147', '62549', '62454', '61767']",61767,1. **Different floorplan:** E,"1. **Different floorplan:** E
2. **Why:** Floorplan E is the only one that does not have a symmetrical layout with respect to the main entrance. The other floorplans (A, B, C, and D) all appear to be mirror images of each other along the vertical axis passing through the main entrance, indicating a consistent underlying pattern. Floorplan E, however, has a unique arrangement of rooms and hallways that deviates from this symmetry, suggesting it has a different underlying pattern."
"[7, 1]","[17, 21]","['69704', '10825', '3536', '16951', '12421']",69704,1. **Different floorplan:** C,"1. **Different floorplan:** C
2. **Why:** Floorplan C is the only one that does not have a symmetrical layout with respect to the main entrance. The other floorplans (A, B, D, and E) appear to be mirror images of each other along the vertical axis passing through the main entrance, indicating a consistent underlying pattern. Floorplan C, however, has a unique arrangement of rooms and hallways that deviates from this symmetry, suggesting it has a different underlying pattern."
"[17, 18]","[7, 20]","['66935', '21408', '55305', '31693', '66316']",55305,1. **Different floorplan:** B,"1. **Different floorplan:** B
2. **Why:** Floorplan B is the only one that does not have a symmetrical layout with respect to the main entrance. The other floorplans (A, C, D, and E) appear to be mirror images of each other along the vertical axis passing through the main entrance, indicating a consistent underlying pattern. Floorplan B, however, has a unique arrangement of rooms and hallways that deviates from this symmetry, suggesting it has a different underlying pattern."
"[17, 18]","[7, 20]","['51240', '21543', '31693', '6955', '2277']",2277,1. **Different floorplan:** C,"1. **Different floorplan:** C
2. **Why:** Floorplan C is the only one that does not have a symmetrical layout with respect to the main entrance. The other floorplans (A, B, D, and E) all appear to be mirror images of each other along the vertical axis passing through the main entrance, indicating a consistent underlying pattern. Floorplan C, however, has a unique arrangement of rooms and hallways that deviates from this symmetry, suggesting it has a different underlying pattern."
"[7, 20]","[17, 21]","['2425', '78147', '54372', '55305', '2277']",78147,1. **Different floorplan:** B,"1. **Different floorplan:** B
2. **Why:** Floorplan B is the only one that does not have a symmetrical layout with respect to the main entrance. The other floorplans (A, C, D, and E) appear to be mirror images of each other along the vertical axis passing through the main entrance, indicating a consistent underlying pattern. Floorplan B, however, shows a distinct asymmetry in the placement of rooms and the overall shape around the main entrance, suggesting it has a different underlying pattern."
"[17, 18]","[7, 3]","['21543', '51240', '61767', '6955', '66316']",61767,1. **Different floorplan:** C,"1. **Different floorplan:** C
2. **Why:** Floorplan C is the only one that does not have a continuous hallway running from the main entrance to the far end of the apartment. In contrast, floors A, B, D, and E all feature a continuous hallway that extends from the main entrance to the opposite side of the apartment, which is a consistent pattern in the other four floorplans."
"[7, 1]","[17, 18]","['12421', '12376', '8109', '16951', '46660']",46660,1. **Different floorplan:** E,"1. **Different floorplan:** E
2. **Why:** Floorplan E is the only one that does not have a continuous hallway running from the main entrance to the back of the apartment. Instead, it features a more complex arrangement with multiple smaller rooms branching off from the main entrance, which is not present in the other floorplans."
"[17, 21]","[7, 1]","['62454', '78147', '9795', '62549', '3536']",3536,1. **Different floorplan:** E,"1. **Different floorplan:** E
2. **Why:** Floorplan E is the only one that does not have a rectangular shape with a consistent layout of rooms around a central core. It appears to be more elongated and has a different arrangement of spaces compared to the other four floorplans, which all seem to follow a similar rectangular pattern with rooms distributed around a central area."
"[17, 21]","[7, 20]","['9795', '78147', '2425', '62454', '40487']",2425,1. **Different floorplan:** C,"1. **Different floorplan:** C
2. **Why:** Floorplan C is the only one that does not have a continuous hallway running from the main entrance to the back of the apartment. Instead, it features a more complex layout with multiple turns and a smaller section that appears to be a separate area, possibly a kitchen or utility room, which is not present in the other floorplans. This unique configuration sets it apart from the others, which all have a more straightforward linear path from the entrance to the back of the apartment."
"[7, 1]","[17, 5]","['12376', '12421', '17550', '10825', '7913']",7913,1. **Different floorplan:** E,"1. **Different floorplan:** E
2. **Why:** Floorplan E is the only one that does not have a symmetrical layout with respect to the main entrance. The other floorplans (A, B, C, and D) all appear to be mirror images of each other along the vertical axis passing through the main entrance, indicating a consistent underlying pattern. Floorplan E, however, has a unique arrangement of rooms and hallways that deviates from this symmetry, suggesting it has a different underlying pattern."
"[17, 18]","[7, 22]","['66935', '31693', '40679', '51240', '66316']",40679,1. **Different floorplan:** C,"1. **Different floorplan:** C
2. **Why:** Floorplan C is the only one that does not have a symmetrical layout with respect to the main entrance. The other floorplans (A, B, D, and E) all appear to be mirror images of each other along the vertical axis passing through the main entrance, indicating a consistent underlying pattern. Floorplan C, however, has a unique arrangement of rooms and hallways that deviates from this symmetry, suggesting it has a different underlying pattern."
"[17, 21]","[7, 22]","['78147', '62454', '40487', '62549', '31113']",31113,1. **Different floorplan:** E,"1. **Different floorplan:** E
2. **Why:** Floorplan E is the only one that does not have a rectangular layout with a consistent orientation of rooms around a central core. Instead, it features a more irregular shape with a different arrangement of spaces compared to the other four floorplans, which all appear to follow a similar rectangular pattern with a central core and symmetrical room distribution."
"[17, 18]","[7, 3]","['6955', '75828', '21408', '51240', '66935']",75828,1. **Different floorplan:** B,"1. **Different floorplan:** B
2. **Why:** Floorplan B is the only one that does not have a symmetrical layout with respect to the main entrance. The other floorplans (A, C, D, and E) all appear to be mirror images of each other along the vertical axis passing through the main entrance, indicating a consistent underlying pattern. Floorplan B, however, has a unique arrangement of rooms and hallways that deviates from this symmetry, suggesting it has a different underlying pattern."
"[17, 21]","[7, 22]","['69704', '31113', '78147', '62454', '62549']",31113,1. **Different floorplan:** B,"1. **Different floorplan:** B
2. **Why:** Floorplan B is the only one that does not have a symmetrical layout with respect to the main entrance. The other floorplans (A, C, D, and E) all appear to be mirror images of each other along the vertical axis passing through the main entrance, indicating a consistent underlying pattern. Floorplan B, however, has a unique arrangement of rooms and hallways that deviates from this symmetry, suggesting it has a different underlying pattern."
"[17, 18]","[7, 22]","['31693', '66935', '79411', '21543', '21408']",79411,1. **Different floorplan:** C,"1. **Different floorplan:** C
2. **Why:** Floorplan C is the only one that does not have a symmetrical layout with respect to the main entrance. The other floorplans (A, B, D, and E) all exhibit a similar pattern where the rooms are arranged in a way that is mirrored across the main entrance line, creating a balanced and symmetrical design. Floorplan C, however, has an asymmetrical arrangement of rooms around the main entrance, which sets it apart from the others."
"[7, 1]","[17, 21]","['62549', '16951', '10825', '3536', '8109']",62549,1. **Different floorplan:** D,"1. **Different floorplan:** D
2. **Why:** Floorplan D is the only one that does not have a symmetrical layout with respect to the main entrance. The other floorplans (A, B, C, and E) appear to be mirror images of each other along the vertical axis passing through the main entrance, indicating a consistent underlying pattern. Floorplan D, however, shows a unique arrangement of rooms and spaces that deviates from this symmetry, suggesting it has a different underlying pattern."
"[7, 1]","[17, 21]","['12376', '3536', '78147', '16951', '8109']",78147,1. **Different floorplan:** C,"1. **Different floorplan:** C
2. **Why:** Floorplan C is the only one that does not have a symmetrical arrangement of rooms around the central corridor. In contrast, floors A, B, D, and E all exhibit a similar pattern where the rooms are symmetrically placed around a central corridor, with the main entrance leading into this corridor. Floorplan C has an asymmetrical layout, which sets it apart from the others."
"[7, 1]","[17, 21]","['10825', '40487', '53652', '12376', '16951']",40487,1. **Different floorplan:** C,"1. **Different floorplan:** C
2. **Why:** Floorplan C is the only one that does not have a symmetrical layout with respect to the main entrance. The other floorplans (A, B, D, and E) appear to be mirror images of each other along the vertical axis passing through the main entrance, indicating a consistent underlying pattern. Floorplan C, however, has a unique arrangement of rooms and hallways that deviates from this symmetry, suggesting it has a different underlying pattern."
"[17, 18]","[7, 1]","['66935', '53652', '46660', '66316', '31693']",53652,1. **Different floorplan:** E,"1. **Different floorplan:** E
2. **Why:** Floorplan E is the only one that does not have a symmetrical layout with respect to the main entrance. The other four floorplans (A, B, C, and D) all exhibit a similar pattern where the rooms are arranged symmetrically around the central axis defined by the main entrance. Floorplan E has an asymmetrical arrangement, which sets it apart from the others."
"[7, 1]","[17, 18]","['21543', '3536', '53652', '12376', '8109']",21543,1. **Different floorplan:** A,"1. **Different floorplan:** A
2. **Why:** Floorplan A is the only one that does not have a symmetrical layout with respect to the main entrance. The other floorplans (B, C, D, and E) appear to be mirror images of each other along the vertical axis passing through the main entrance, indicating a consistent underlying pattern. Floorplan A, however, has a unique arrangement of rooms and hallways that deviates from this symmetry, suggesting it has a different underlying pattern."
"[17, 18]","[7, 20]","['46660', '66935', '2277', '6955', '51240']",2277,1. **Different floorplan:** C,"1. **Different floorplan:** C
2. **Why:** Floorplan C is the only one that does not have a symmetrical layout with respect to the main entrance. The other floorplans (A, B, D, and E) all appear to be mirror images of each other along the vertical axis passing through the main entrance, indicating a consistent underlying pattern. Floorplan C, however, has a unique arrangement of rooms and hallways that deviates from this symmetry, suggesting it has a different underlying pattern."
"[17, 21]","[7, 22]","['9795', '69704', '62549', '78147', '40679']",40679,1. **Different floorplan:** E,"1. **Different floorplan:** E
2. **Why:** Floorplan E is the only one that does not follow the same pattern as the others. The other four floorplans (A, B, C, and D) all have a similar layout where the living area is centrally located with bedrooms and bathrooms arranged around it. Floorplan E deviates from this pattern by having a more complex arrangement with additional spaces and a different distribution of rooms, making it distinct from the others."
"[7, 20]","[17, 5]","['2425', '50221', '2277', '54372', '55305']",50221,1. **Different floorplan:** B,"1. **Different floorplan:** B
2. **Why:** Floorplan B is the only one that does not have a symmetrical layout with respect to the main entrance. The other floorplans (A, C, D, and E) all appear to be mirror images of each other along the vertical axis passing through the main entrance, indicating a consistent underlying pattern. Floorplan B, however, has a unique arrangement of rooms and hallways that deviates from this symmetry, suggesting it has a different underlying pattern."
"[17, 18]","[7, 22]","['46660', '21408', '31693', '31113', '6955']",31113,1. **Different floorplan:** D,"1. **Different floorplan:** D
2. **Why:** Floorplan D is the only one that does not have a continuous hallway running from the main entrance to the far end of the apartment. Instead, it features a more compact arrangement with smaller rooms and a different flow compared to the other four floorplans, which all have a similar layout with a central hallway extending throughout."
"[17, 18]","[7, 22]","['40679', '66316', '21543', '21408', '6955']",40679,1. **Different floorplan:** C,"1. **Different floorplan:** C
2. **Why:** Floorplan C is the only one that does not have a symmetrical layout with respect to the main entrance. The other floorplans (A, B, D, and E) appear to be mirror images of each other along the vertical axis passing through the main entrance, indicating a consistent underlying pattern. Floorplan C, however, has a unique arrangement of rooms and hallways that deviates from this symmetry, suggesting it has a different underlying pattern."
"[7, 1]","[17, 18]","['70105', '10825', '8109', '12376', '17550']",70105,1. **Different floorplan:** A,"1. **Different floorplan:** A
2. **Why:** Floorplan A is the only one that does not have a symmetrical layout with respect to the main entrance. The other floorplans (B, C, D, and E) all appear to be mirror images of each other along the vertical axis passing through the main entrance, indicating a consistent underlying pattern. Floorplan A, however, has a unique arrangement of rooms and hallways that deviates from this symmetry, suggesting it has a different underlying pattern."
"[7, 3]","[17, 18]","['75828', '61767', '6955', '52457', '64781']",6955,1. **Different floorplan:** C,"1. **Different floorplan:** C
2. **Why:** Floorplan C is the only one that does not have a symmetrical layout with respect to the main entrance. The other floorplans (A, B, D, and E) appear to be mirror images of each other along the vertical axis passing through the main entrance, indicating a consistent underlying pattern. Floorplan C, however, has a unique arrangement of rooms and hallways that deviates from this symmetry, suggesting it has a different underlying pattern."
"[7, 1]","[17, 18]","['46660', '17550', '12376', '53652', '16951']",46660,1. **Different floorplan:** A,"1. **Different floorplan:** A
2. **Why:** Floorplan A is the only one that does not have a symmetrical layout with respect to the main entrance. The other floorplans (B, C, D, and E) all appear to be mirror images of each other along the vertical axis passing through the main entrance, indicating a consistent underlying pattern. Floorplan A, however, has a unique arrangement of rooms and hallways that deviates from this symmetry, suggesting it has a different underlying pattern."
"[17, 21]","[7, 22]","['69704', '62549', '79411', '40487', '78147']",79411,1. **Different floorplan:** C,"1. **Different floorplan:** C
2. **Why:** Floorplan C is the only one that does not have a symmetrical layout with respect to the main entrance. The other floorplans (A, B, D, and E) all appear to be mirror images of each other along the vertical axis passing through the main entrance, indicating a consistent underlying pattern. Floorplan C, however, has a unique arrangement of rooms and hallways that deviates from this symmetry, making it the one with a different underlying pattern."
"[7, 1]","[17, 5]","['72055', '12376', '3536', '12421', '16951']",72055,1. **Different floorplan:** C,"1. **Different floorplan:** C
2. **Why:** Floorplan C is the only one that does not have a symmetrical layout with respect to the main entrance. The other floorplans (A, B, D, and E) appear to be mirror images of each other along the vertical axis passing through the main entrance, indicating a consistent underlying pattern. Floorplan C, however, has a unique arrangement of rooms and hallways that deviates from this symmetry, suggesting it has a different underlying pattern."
"[17, 21]","[7, 22]","['62454', '69704', '40487', '62549', '31113']",31113,1. **Different floorplan:** E,"1. **Different floorplan:** E
2. **Why:** Floorplan E is the only one that does not have a rectangular shape with a consistent layout of rooms around a central core. It appears to be more irregular in shape compared to the others, which all have a more uniform and symmetrical arrangement of rooms around a central area."
"[7, 20]","[17, 18]","['55305', '21408', '2425', '2277', '54372']",21408,1. **Different floorplan:** C,"1. **Different floorplan:** C
2. **Why:** Floorplan C is the only one that does not have a symmetrical layout with respect to the main entrance. The other floorplans (A, B, D, and E) all appear to be mirror images of each other along the vertical axis passing through the main entrance, indicating a consistent underlying pattern. Floorplan C, however, has a unique arrangement of rooms and hallways that deviates from this symmetry, suggesting it has a different underlying pattern."
"[17, 18]","[7, 22]","['23132', '70105', '6955', '66316', '66935']",23132,1. **Different floorplan:** E,"1. **Different floorplan:** E
2. **Why:** Floorplan E is the only one that does not have a continuous hallway running from the main entrance to the back of the apartment. Instead, it has a more complex layout with multiple turns and dead ends, which is distinct from the other floorplans that maintain a more linear path."
"[17, 21]","[7, 3]","['78147', '62549', '40487', '69704', '61767']",61767,1. **Different floorplan:** E,"1. **Different floorplan:** E
2. **Why:** Floorplan E is the only one that does not have a symmetrical layout with respect to the main entrance. The other floorplans (A, B, C, and D) all appear to be mirror images of each other along the vertical axis passing through the main entrance, indicating a consistent underlying pattern. Floorplan E, however, has a unique arrangement of rooms and hallways that deviates from this symmetry, suggesting it has a different underlying pattern."
"[17, 21]","[7, 1]","['62549', '40487', '10825', '78147', '62454']",10825,1. **Different floorplan:** C,"1. **Different floorplan:** C
2. **Why:** Floorplan C is the only one that does not have a symmetrical layout with respect to the main entrance. The other floorplans (A, B, D, and E) appear to be mirror images of each other along the vertical axis passing through the main entrance, indicating a consistent underlying pattern. Floorplan C, however, has a unique arrangement of rooms and hallways that deviates from this symmetry, suggesting it has a different underlying pattern."
"[7, 3]","[17, 5]","['72055', '64781', '52457', '61767', '75828']",72055,1. **Different floorplan:** C,"1. **Different floorplan:** C
2. **Why:** Floorplan C is the only one that does not have a symmetrical layout with respect to the main entrance. The other floorplans (A, B, D, and E) all appear to be mirror images of each other along the vertical axis passing through the main entrance, indicating a consistent underlying pattern. Floorplan C, however, has a unique arrangement of rooms and hallways that deviates from this symmetry, suggesting it has a different underlying pattern."
"[17, 18]","[7, 22]","['31693', '31113', '21408', '6955', '51240']",31113,1. **Different floorplan:** E,"1. **Different floorplan:** E
2. **Why:** Floorplan E is the only one that does not have a symmetrical layout with respect to the main entrance. The other floorplans (A, B, C, and D) all appear to be mirror images of each other along the vertical axis passing through the main entrance, indicating a consistent underlying pattern. Floorplan E, however, has a unique arrangement of rooms and hallways that deviates from this symmetry, suggesting it has a different underlying pattern."
"[17, 18]","[7, 1]","['3536', '21408', '6955', '46660', '70105']",3536,1. **Different floorplan:** B,"1. **Different floorplan:** B
2. **Why:** Floorplan B is the only one that does not have a symmetrical layout with respect to the main entrance. The other floorplans (A, C, D, and E) all appear to be mirror images of each other along the vertical axis passing through the main entrance, indicating a consistent underlying pattern. Floorplan B, however, has a unique arrangement of rooms and hallways that deviates from this symmetry, suggesting it has a different underlying pattern."
"[17, 21]","[7, 1]","['62549', '12421', '40487', '62454', '78147']",12421,1. **Different floorplan:** B,"1. **Different floorplan:** B
2. **Why:** Floorplan B is the only one that has a distinct arrangement of rooms compared to the others. In particular, the placement of the kitchen and the living area is unique in B, with the kitchen being positioned at the top right corner and the living area directly below it, which is not the case in the other floorplans where the kitchen and living area are typically adjacent but not in such a specific orientation."
"[17, 21]","[7, 3]","['62454', '40487', '64781', '9795', '69704']",64781,1. **Different floorplan:** C,"1. **Different floorplan:** C
2. **Why:** Floorplan C is the only one that does not have a symmetrical layout with respect to the main entrance. The other floorplans (A, B, D, and E) appear to be mirror images of each other along the vertical axis passing through the main entrance, indicating a consistent underlying pattern. Floorplan C, however, shows a distinct asymmetry in the placement of rooms and the overall layout around the main entrance, making it unique among the others."
"[17, 18]","[7, 20]","['31693', '66935', '21408', '54372', '6955']",54372,1. **Different floorplan:** B,"1. **Different floorplan:** B
2. **Why:** Floorplan B is the only one that does not have a symmetrical layout with respect to the main entrance. The other floorplans (A, C, D, and E) all appear to be mirror images of each other along the vertical axis passing through the main entrance, indicating a consistent underlying pattern. Floorplan B, however, has a unique arrangement of rooms and hallways that deviates from this symmetry, suggesting it has a different underlying pattern."
"[17, 21]","[7, 22]","['40487', '40679', '78147', '9795', '62454']",40679,1. **Different floorplan:** B,"1. **Different floorplan:** B
2. **Why:** Floorplan B is the only one that features an additional hallway branching off from the main entrance, which is not present in the other floorplans. This unique feature distinguishes it from A, C, D, and E, where the main entrance leads directly into the living area without any additional hallways."
"[17, 18]","[7, 20]","['70105', '31693', '51240', '2425', '6955']",2425,1. **Different floorplan:** D,"1. **Different floorplan:** D
2. **Why:** Floorplan D is the only one that does not have a continuous hallway running from the main entrance to the far end of the apartment. In contrast, floors A, B, C, and E all feature a continuous hallway that extends from the main entrance to the opposite side of the apartment, which is a consistent pattern in the other four floorplans."
"[7, 1]","[17, 18]","['12421', '12376', '8109', '53652', '66935']",66935,1. **Different floorplan:** E,"1. **Different floorplan:** E
2. **Why:** Floorplan E is the only one that does not have a continuous hallway running from the main entrance to the back of the apartment. Instead, it features a more complex layout with multiple rooms branching off from the entrance, which is distinct from the other floorplans that maintain a linear progression of spaces."
"[17, 21]","[7, 20]","['62454', '54372', '69704', '9795', '78147']",54372,1. **Different floorplan:** B,"1. **Different floorplan:** B
2. **Why:** Floorplan B is the only one that has an additional room (a small yellow room) that is not present in the other four floorplans. This extra room disrupts the uniformity of the spatial layout compared to A, C, D, and E, which all have a consistent arrangement of rooms without any additional elements."
"[17, 18]","[7, 20]","['66316', '6955', '55305', '46660', '70105']",55305,1. **Different floorplan:** C,"1. **Different floorplan:** C
2. **Why:** Floorplan C is the only one that does not have a symmetrical layout with respect to the main entrance. The other floorplans (A, B, D, and E) all appear to be mirror images of each other along the vertical axis passing through the main entrance, indicating a consistent underlying pattern. Floorplan C, however, has a unique arrangement of rooms and hallways that deviates from this symmetry, suggesting it has a different underlying pattern."
"[7, 1]","[17, 5]","['72055', '16951', '8109', '12421', '10825']",72055,1. **Different floorplan:** B,"1. **Different floorplan:** B
2. **Why:** Floorplan B is the only one that has a distinct arrangement of rooms compared to the others. In particular, it has a large central area with a different shape and layout, which is not present in the other floorplans. The other floorplans have a more consistent pattern with similar room sizes and shapes, making B stand out as having a different underlying pattern."
"[7, 1]","[17, 5]","['12376', '72055', '10825', '12421', '17550']",72055,1. **Different floorplan:** B,"1. **Different floorplan:** B
2. **Why:** Floorplan B is the only one that does not have a symmetrical layout with respect to the main entrance. The other floorplans (A, C, D, and E) all appear to be mirror images of each other along the vertical axis passing through the main entrance, indicating a consistent underlying pattern. Floorplan B, however, has a unique arrangement of rooms and hallways that deviates from this symmetry, suggesting it has a different underlying pattern."
"[17, 21]","[7, 1]","['3536', '62549', '62454', '9795', '69704']",3536,1. **Different floorplan:** B,"1. **Different floorplan:** B
2. **Why:** Floorplan B is the only one that does not have a symmetrical layout with respect to the main entrance. The other floorplans (A, C, D, and E) appear to be mirror images of each other along the vertical axis passing through the main entrance, indicating a consistent underlying pattern. Floorplan B, however, has a unique arrangement of rooms and hallways that deviates from this symmetry, suggesting it has a different underlying pattern."
"[7, 1]","[17, 5]","['16951', '72055', '12421', '17550', '10825']",72055,1. **Different floorplan:** B,"1. **Different floorplan:** B
2. **Why:** Floorplan B is the only one that does not have a symmetrical layout with respect to the main entrance. The other floorplans (A, C, D, and E) all appear to be mirror images of each other along the vertical axis passing through the main entrance, indicating a consistent underlying pattern. Floorplan B, however, has a unique arrangement of rooms and hallways that deviates from this symmetry, suggesting it has a different underlying pattern."
"[17, 21]","[7, 3]","['40487', '9795', '62454', '62549', '52457']",52457,1. **Different floorplan:** E,"1. **Different floorplan:** E
2. **Why:** Floorplan E is the only one that does not have a continuous hallway running from the main entrance to the back of the apartment. Instead, it features a more complex layout with multiple rooms branching off from the entrance, which is distinct from the other floorplans that maintain a linear path through the space."
"[17, 18]","[7, 1]","['51240', '8109', '31693', '46660', '66316']",8109,1. **Different floorplan:** C,"1. **Different floorplan:** C
2. **Why:** Floorplan C is the only one that does not have a continuous hallway running from the main entrance to the back of the apartment. Instead, it has a T-shaped layout with two separate sections branching off from the main entrance, which is distinct from the linear layouts of the other floorplans."
"[7, 1]","[17, 5]","['10825', '33045', '16951', '17550', '12421']",33045,1. **Different floorplan:** B,"1. **Different floorplan:** B
2. **Why:** Floorplan B is the only one that has a distinct arrangement of rooms compared to the others. In particular, it features a large central open space that is not present in the other floorplans. This central open space is surrounded by smaller rooms, which is unique and sets it apart from the more uniform layouts of A, C, D, and E."
"[7, 1]","[17, 21]","['12376', '8109', '17550', '62454', '53652']",62454,1. **Different floorplan:** D,"1. **Different floorplan:** D
2. **Why:** Floorplan D is the only one that does not have a symmetrical layout with respect to the main entrance. The other floorplans (A, B, C, and E) all appear to be mirror images of each other along the vertical axis passing through the main entrance, indicating a consistent underlying pattern. Floorplan D, however, has a unique arrangement of rooms and hallways that deviates from this symmetry, suggesting it has a different underlying pattern."
"[7, 20]","[17, 18]","['2277', '66316', '2425', '54372', '55305']",66316,1. **Different floorplan:** C,"1. **Different floorplan:** C
2. **Why:** Floorplan C is the only one that does not have a symmetrical layout with respect to the main entrance. The other floorplans (A, B, D, and E) all appear to be mirror images of each other along the vertical axis passing through the main entrance, indicating a consistent underlying pattern. Floorplan C, however, has a unique arrangement of rooms and hallways that deviates from this symmetry, suggesting it has a different underlying pattern."
"[7, 1]","[17, 21]","['12421', '8109', '53652', '17550', '62549']",62549,1. **Different floorplan:** E,"1. **Different floorplan:** E
2. **Why:** Floorplan E is the only one that does not have a symmetrical layout with respect to the main entrance. The other floorplans (A, B, C, and D) all appear to be mirror images of each other along the vertical axis passing through the main entrance, indicating a consistent underlying pattern. Floorplan E deviates from this symmetry, suggesting it has a different underlying pattern."
"[17, 18]","[7, 22]","['21543', '23132', '31693', '46660', '66316']",23132,1. **Different floorplan:** B,"1. **Different floorplan:** B
2. **Why:** Floorplan B is the only one that does not have a symmetrical layout with respect to the main entrance. The other floorplans (A, C, D, and E) all appear to be mirror images of each other along the vertical axis passing through the main entrance, indicating a consistent underlying pattern. Floorplan B, however, has a unique arrangement of rooms and hallways that deviates from this symmetry, suggesting it has a different underlying pattern."
"[17, 18]","[7, 22]","['51240', '6955', '23132', '31693', '66316']",23132,1. **Different floorplan:** C,"1. **Different floorplan:** C
2. **Why:** Floorplan C is the only one that does not have a symmetrical layout with respect to the main entrance. The other floorplans (A, B, D, and E) all appear to be mirror images of each other along the vertical axis passing through the main entrance, indicating a consistent underlying pattern. Floorplan C, however, has a unique arrangement of rooms and hallways that deviates from this symmetry, suggesting it has a different underlying pattern."
"[17, 18]","[7, 20]","['21408', '66316', '6955', '2277', '70105']",2277,1. **Different floorplan:** D,"1. **Different floorplan:** D
2. **Why:** Floorplan D is the only one that does not have a symmetrical layout with respect to the main entrance. The other floorplans (A, B, C, and E) appear to be mirror images of each other along the vertical axis passing through the main entrance, indicating a consistent underlying pattern. Floorplan D, however, has a unique arrangement of rooms and hallways that deviates from this symmetry, suggesting it has a different underlying pattern."
"[17, 18]","[7, 22]","['70105', '31113', '31693', '46660', '66935']",31113,1. **Different floorplan:** C,"1. **Different floorplan:** C
2. **Why:** Floorplan C is the only one that does not have a symmetrical layout with respect to the main entrance. The other floorplans (A, B, D, and E) appear to be mirror images of each other along the vertical axis passing through the main entrance, indicating a consistent underlying pattern. Floorplan C, however, has a unique arrangement of rooms and hallways that deviates from this symmetry, suggesting it has a different underlying pattern."
"[17, 21]","[7, 22]","['69704', '40679', '78147', '40487', '62549']",40679,1. **Different floorplan:** B,"1. **Different floorplan:** B
2. **Why:** Floorplan B is the only one that has an additional section extending from the main entrance, which is not present in the other floorplans. This extra section disrupts the uniformity of the spatial layout compared to A, C, D, and E, where the main entrance leads directly into a consistent arrangement of rooms without any additional extensions."
"[7, 1]","[17, 21]","['62549', '3536', '12421', '8109', '53652']",62549,1. **Different floorplan:** B,"1. **Different floorplan:** B
2. **Why:** Floorplan B is the only one that has a distinct arrangement of rooms compared to the others. In particular, it has a large central room with a smaller room attached to it on the right side, which is not present in the other floorplans. The other floorplans have a more consistent layout with larger rooms and smaller annexes, making B stand out due to its unique configuration."
"[17, 21]","[7, 1]","['16951', '78147', '62549', '69704', '62454']",16951,1. **Different floorplan:** A,"1. **Different floorplan:** A
2. **Why:** Floorplan A is the only one that does not have a symmetrical layout with respect to the main entrance. The other floorplans (B, C, D, and E) all appear to be mirror images of each other along the vertical axis passing through the main entrance, indicating a consistent underlying pattern. Floorplan A, however, has a unique arrangement of rooms and hallways that deviates from this symmetry, suggesting it has a different underlying pattern."
"[7, 1]","[17, 18]","['12376', '8109', '66316', '10825', '16951']",66316,1. **Different floorplan:** C,"1. **Different floorplan:** C
2. **Why:** Floorplan C is the only one that does not have a symmetrical layout with respect to the main entrance. The other floorplans (A, B, D, and E) all appear to be mirror images of each other along the vertical axis passing through the main entrance, indicating a consistent underlying pattern. Floorplan C, however, has a unique arrangement of rooms and hallways that deviates from this symmetry, suggesting it has a different underlying pattern."
"[7, 1]","[17, 18]","['10825', '16951', '17550', '12421', '66316']",66316,1. **Different floorplan:** E,"1. **Different floorplan:** E
2. **Why:** Floorplan E is the only one that does not have a symmetrical layout with respect to the main entrance. The other floorplans (A, B, C, and D) all appear to be mirror images of each other along the vertical axis passing through the main entrance, indicating a consistent underlying pattern. Floorplan E, however, has a unique arrangement of rooms and hallways that deviates from this symmetry, suggesting it has a different underlying pattern."
"[17, 21]","[7, 20]","['69704', '62549', '9795', '55305', '40487']",55305,1. **Different floorplan:** D,"1. **Different floorplan:** D
2. **Why:** Floorplan D is the only one that does not have a continuous hallway running from the main entrance to the back of the apartment. Instead, it features a more complex layout with multiple turns and a lack of a direct path to the rear, which distinguishes it from the other floorplans that maintain a more linear flow."
"[17, 21]","[7, 22]","['62549', '78147', '9795', '69704', '79411']",79411,1. **Different floorplan:** E,"1. **Different floorplan:** E
2. **Why:** Floorplan E is the only one that does not have a rectangular shape with a consistent layout of rooms around a central core. It appears to be a more irregular and fragmented design compared to the others, which all follow a similar rectangular pattern with rooms arranged around a central area."
"[17, 21]","[7, 20]","['78147', '40487', '62549', '54372', '69704']",54372,1. **Different floorplan:** D,"1. **Different floorplan:** D
2. **Why:** Floorplan D is the only one that does not have a continuous hallway running from the main entrance to the back of the apartment. Instead, it features a more complex layout with multiple rooms branching off from the main entrance, which is not present in the other floorplans."
"[17, 18]","[7, 1]","['6955', '70105', '21543', '66316', '53652']",53652,1. **Different floorplan:** E,"1. **Different floorplan:** E
2. **Why:** Floorplan E is the only one that does not have a symmetrical layout with respect to the main entrance. The other floorplans (A, B, C, and D) all appear to be mirror images of each other along the vertical axis passing through the main entrance, indicating a consistent underlying pattern. Floorplan E, however, has a unique arrangement of rooms and hallways that deviates from this symmetry, suggesting it has a different underlying pattern."
"[7, 1]","[17, 18]","['6955', '53652', '16951', '10825', '12376']",6955,1. **Different floorplan:** A,"1. **Different floorplan:** A
2. **Why:** Floorplan A is the only one that does not have a symmetrical layout with respect to the main entrance. The other floorplans (B, C, D, and E) all appear to be mirror images of each other along the vertical axis passing through the main entrance, indicating a consistent underlying pattern. Floorplan A, however, has a unique arrangement of rooms and hallways that deviates from this symmetry, suggesting it has a different underlying pattern."
"[7, 1]","[17, 5]","['12421', '50221', '53652', '10825', '8109']",50221,1. **Different floorplan:** B,"1. **Different floorplan:** B
2. **Why:** Floorplan B is the only one that has an additional room (a small rectangular space with a green border) that is not present in the other four floorplans. This extra room disrupts the uniformity of the spatial layout compared to A, C, D, and E, which all have consistent room arrangements without any additional irregularities."
"[7, 1]","[17, 21]","['8109', '9795', '17550', '16951', '53652']",9795,1. **Different floorplan:** E,"1. **Different floorplan:** E
2. **Why:** Floorplan E is the only one that does not have a symmetrical arrangement of rooms around the central axis defined by the main entrance. All other floorplans (A, B, C, and D) exhibit a mirrored symmetry in their room layouts, with similar room types and sizes on either side of the entrance. Floorplan E breaks this symmetry, making it distinct from the others."
"[17, 21]","[7, 22]","['40487', '9795', '69704', '79411', '78147']",79411,1. **Different floorplan:** D,"1. **Different floorplan:** D
2. **Why:** Floorplan D is the only one that does not have a continuous hallway running from the main entrance to the back of the apartment. Instead, it features a more complex layout with multiple rooms branching off from the main entrance, which is not present in the other floorplans."
"[17, 21]","[7, 1]","['9795', '40487', '78147', '17550', '69704']",17550,1. **Different floorplan:** D,"1. **Different floorplan:** D
2. **Why:** Floorplan D is the only one that does not have a symmetrical layout with respect to the main entrance. The other floorplans (A, B, C, and E) all appear to be mirror images of each other along the vertical axis passing through the main entrance, indicating a consistent underlying pattern. Floorplan D, however, has a unique arrangement of rooms and hallways that deviates from this symmetry, suggesting it has a different underlying pattern."
"[7, 1]","[17, 21]","['12376', '53652', '62549', '12421', '3536']",62549,1. **Different floorplan:** E,"1. **Different floorplan:** E
2. **Why:** Floorplan E is the only one that does not have a symmetrical layout with respect to the main entrance. The other floorplans (A, B, C, and D) appear to be mirror images of each other along the vertical axis passing through the main entrance, indicating a consistent underlying pattern. Floorplan E deviates from this symmetry, suggesting it has a different underlying pattern."
"[17, 18]","[7, 22]","['21408', '31113', '70105', '51240', '66316']",31113,1. **Different floorplan:** D,"1. **Different floorplan:** D
2. **Why:** Floorplan D is the only one that does not have a continuous hallway running from the main entrance to the far end of the apartment. In contrast, floors A, B, C, and E all feature a continuous hallway that extends from the main entrance to the opposite side of the apartment, which is a consistent pattern in the other four floorplans."
"[7, 1]","[17, 21]","['78147', '53652', '12421', '17550', '10825']",78147,1. **Different floorplan:** B,"1. **Different floorplan:** B
2. **Why:** Floorplan B is the only one that has a distinct arrangement of rooms compared to the others. In particular, it has a unique configuration where the living area (yellow) is directly connected to the kitchen (orange) without an intervening hallway, which is not present in the other floorplans. This direct connection makes B stand out from the rest, indicating a different underlying pattern."
"[7, 1]","[17, 18]","['12421', '3536', '10825', '12376', '31693']",31693,1. **Different floorplan:** E,"1. **Different floorplan:** E
2. **Why:** Floorplan E is the only one that does not have a continuous hallway running from the main entrance to the far end of the building. Instead, it features a more complex layout with multiple turns and dead ends, which is distinct from the simpler, linear patterns in A, B, C, and D."
"[17, 18]","[7, 1]","['21543', '12376', '66935', '6955', '21408']",12376,1. **Different floorplan:** E,"1. **Different floorplan:** E
2. **Why:** Floorplan E is the only one that does not have a symmetrical layout with respect to the main entrance. The other floorplans (A, B, C, and D) appear to be mirror images of each other along the vertical axis passing through the main entrance, indicating a consistent underlying pattern. Floorplan E, however, has a unique arrangement of rooms and hallways that deviates from this symmetry, suggesting it has a different underlying pattern."
"[17, 18]","[7, 22]","['66935', '21543', '66316', '79411', '21408']",79411,1. **Different floorplan:** E,"1. **Different floorplan:** E
2. **Why:** Floorplan E is the only one that does not have a symmetrical layout with respect to the main entrance. The other floorplans (A, B, C, and D) all appear to be mirror images of each other along the vertical axis passing through the main entrance, indicating a consistent underlying pattern. Floorplan E, however, has a unique arrangement of rooms and hallways that deviates from this symmetry, suggesting it has a different underlying pattern."
"[17, 18]","[7, 22]","['21543', '51240', '23132', '70105', '66316']",23132,1. **Different floorplan:** C,"1. **Different floorplan:** C
2. **Why:** Floorplan C is the only one that does not have a symmetrical layout with respect to the main entrance. The other floorplans (A, B, D, and E) all appear to be mirror images of each other along the vertical axis passing through the main entrance, indicating a consistent underlying pattern. Floorplan C, however, has a unique arrangement of rooms and hallways that deviates from this symmetry, suggesting it has a different underlying pattern."
"[7, 1]","[17, 5]","['10825', '12421', '53652', '3536', '50221']",50221,1. **Different floorplan:** E,"1. **Different floorplan:** E
2. **Why:** Floorplan E is the only one that does not follow the same pattern as the others. The other four floorplans (A, B, C, and D) all have a similar layout where the living area (yellow) is adjacent to the kitchen (orange), and the bedrooms (pink) are located at the back with bathrooms (green) in between. Floorplan E deviates from this pattern by having the living area and kitchen in separate sections, with the living area being more spread out and the kitchen being smaller and positioned differently compared to the other floorplans."
"[17, 18]","[7, 1]","['66316', '12421', '31693', '21408', '66935']",12421,1. **Different floorplan:** E,"1. **Different floorplan:** E
2. **Why:** Floorplan E is the only one that does not have a continuous hallway running from the main entrance to the back of the apartment. Instead, it has a more scattered arrangement of rooms with no clear central pathway, unlike the other floorplans which all feature a continuous hallway."
"[17, 18]","[7, 20]","['6955', '66935', '2425', '70105', '51240']",2425,1. **Different floorplan:** C,"1. **Different floorplan:** C
2. **Why:** Floorplan C is the only one that does not have a symmetrical layout with respect to the main entrance. The other floorplans (A, B, D, and E) all appear to be mirror images of each other along the vertical axis passing through the main entrance, indicating a consistent underlying pattern. Floorplan C, however, has a unique arrangement of rooms and hallways that deviates from this symmetry, suggesting it has a different underlying pattern."
"[7, 1]","[17, 21]","['16951', '62549', '12376', '53652', '3536']",62549,1. **Different floorplan:** E,"1. **Different floorplan:** E
2. **Why:** Floorplan E is the only one that does not have a symmetrical layout with respect to the main entrance. The other floorplans (A, B, C, and D) all appear to be mirror images of each other along the vertical axis passing through the main entrance, indicating a consistent underlying pattern. Floorplan E, however, has a unique arrangement of rooms and hallways that deviates from this symmetry, suggesting it has a different underlying pattern."
"[7, 1]","[17, 18]","['10825', '8109', '53652', '16951', '46660']",46660,1. **Different floorplan:** E,"1. **Different floorplan:** E
2. **Why:** Floorplan E is the only one that does not have a continuous hallway running vertically from the main entrance. Instead, it features a more complex arrangement with multiple smaller rooms branching off from the main entrance, which is not present in the other floorplans. The other floorplans (A, B, C, and D) all have a similar layout with a continuous hallway extending from the main entrance, making them share a common underlying pattern."
"[7, 1]","[17, 5]","['10825', '50221', '12421', '3536', '17550']",50221,1. **Different floorplan:** B,"1. **Different floorplan:** B
2. **Why:** Floorplan B is the only one that has an additional section extending from the main entrance, which is not present in the other floorplans. This extra section disrupts the uniformity of the spatial layout compared to A, C, D, and E, where the rooms are consistently arranged around a central core without any such extension."
"[17, 18]","[7, 22]","['21408', '79411', '6955', '31693', '46660']",79411,1. **Different floorplan:** B,"1. **Different floorplan:** B
2. **Why:** Floorplan B is the only one that does not have a symmetrical layout with respect to the main entrance. All other floorplans (A, C, D, and E) appear to be mirror images of each other along the vertical axis passing through the main entrance, indicating a consistent underlying pattern. Floorplan B, however, has a unique arrangement of rooms and hallways that deviates from this symmetry, suggesting it has a different underlying pattern."
"[17, 18]","[7, 1]","['31693', '70105', '66935', '12376', '66316']",12376,1. **Different floorplan:** D,"1. **Different floorplan:** D
2. **Why:** Floorplan D is the only one that does not have a symmetrical layout with respect to the main entrance. The other floorplans (A, B, C, and E) all appear to be mirror images of each other along the vertical axis passing through the main entrance, indicating a consistent underlying pattern. Floorplan D, however, has a unique arrangement of rooms and hallways that deviates from this symmetry, suggesting it has a different underlying pattern."
"[17, 5]","[7, 22]","['79411', '33045', '7913', '50221', '72055']",79411,1. **Different floorplan:** C,"1. **Different floorplan:** C
2. **Why:** Floorplan C is the only one that does not have a symmetrical layout with respect to the main entrance. The other floorplans (A, B, D, and E) all appear to be mirror images of each other along the vertical axis passing through the main entrance, indicating a consistent underlying pattern. Floorplan C, however, has a unique arrangement of rooms and hallways that deviates from this symmetry, suggesting it has a different underlying pattern."
"[7, 1]","[17, 5]","['53652', '12376', '12421', '33045', '3536']",33045,1. **Different floorplan:** D,"1. **Different floorplan:** D
2. **Why:** Floorplan D is the only one that does not have a continuous hallway running from the main entrance to the back of the apartment. Instead, it features a more complex arrangement with multiple rooms branching off from the main entrance, which is not present in the other floorplans."
"[7, 1]","[17, 5]","['17550', '7913', '16951', '53652', '10825']",7913,1. **Different floorplan:** B,"1. **Different floorplan:** B
2. **Why:** Floorplan B is the only one that does not have a consistent pattern in terms of room sizes and shapes compared to the other four. The rooms within B vary significantly in size and shape, which deviates from the uniformity observed in A, C, D, and E. The other floorplans maintain a more consistent layout with similar-sized and shaped rooms."
"[7, 1]","[17, 21]","['8109', '17550', '3536', '12421', '62549']",62549,1. **Different floorplan:** E,"1. **Different floorplan:** E
2. **Why:** Floorplan E is the only one that does not have a symmetrical layout with respect to the main entrance. The other floorplans (A, B, C, and D) all appear to be mirror images of each other along the vertical axis passing through the main entrance, indicating a consistent underlying pattern. Floorplan E, however, has a unique arrangement of rooms and hallways that deviates from this symmetry, suggesting it has a different underlying pattern."
"[17, 18]","[7, 22]","['66935', '23132', '21408', '21543', '51240']",23132,1. **Different floorplan:** C,"1. **Different floorplan:** C
2. **Why:** Floorplan C is the only one that does not have a symmetrical layout with respect to the main entrance. The other floorplans (A, B, D, and E) all appear to be mirror images of each other along the vertical axis passing through the main entrance, indicating a consistent underlying pattern. Floorplan C, however, has a unique arrangement of rooms and hallways that deviates from this symmetry, suggesting it has a different underlying pattern."
"[7, 1]","[17, 18]","['16951', '17550', '3536', '12421', '46660']",46660,1. **Different floorplan:** E,"1. **Different floorplan:** E
2. **Why:** Floorplan E is the only one that does not have a symmetrical layout with respect to the main entrance. The other floorplans (A, B, C, and D) all appear to be mirror images of each other along the vertical axis passing through the main entrance, indicating a consistent underlying pattern. Floorplan E, however, has a unique arrangement of rooms and hallways that deviates from this symmetry, suggesting it has a different underlying pattern."
"[17, 21]","[7, 3]","['78147', '61767', '40487', '62549', '9795']",61767,1. **Different floorplan:** B,"1. **Different floorplan:** B
2. **Why:** Floorplan B is the only one that has a distinct arrangement of rooms compared to the others. In particular, it features a large central room with a smaller room attached to it, which is not present in the other floorplans. The other floorplans have a more consistent layout with larger rooms and smaller annexes, making B stand out due to its unique configuration."
"[7, 1]","[17, 18]","['17550', '8109', '66316', '3536', '16951']",66316,1. **Different floorplan:** C,"1. **Different floorplan:** C
2. **Why:** Floorplan C is the only one that does not have a symmetrical layout with respect to the main entrance. The other floorplans (A, B, D, and E) all appear to be mirror images of each other along the vertical axis passing through the main entrance, indicating a consistent underlying pattern. Floorplan C, however, has a unique arrangement of rooms and hallways that deviates from this symmetry, suggesting it has a different underlying pattern."
"[7, 20]","[17, 5]","['2277', '55305', '2425', '72055', '54372']",72055,1. **Different floorplan:** C,"1. **Different floorplan:** C
2. **Why:** Floorplan C is the only one that does not have a symmetrical layout with respect to the main entrance. The other floorplans (A, B, D, and E) all appear to be mirror images of each other along the vertical axis passing through the main entrance, indicating a consistent underlying pattern. Floorplan C, however, has a unique arrangement of rooms and hallways that deviates from this symmetry, suggesting it has a different underlying pattern."
"[17, 18]","[7, 20]","['55305', '46660', '51240', '66316', '31693']",55305,1. **Different floorplan:** E,"1. **Different floorplan:** E
2. **Why:** Floorplan E is the only one that does not have a symmetrical layout with respect to the main entrance. The other floorplans (A, B, C, and D) all appear to be mirror images of each other along the vertical axis passing through the main entrance, indicating a consistent underlying pattern. Floorplan E, however, has a unique arrangement of rooms and hallways that deviates from this symmetry, suggesting it has a different underlying pattern."
"[7, 1]","[17, 18]","['21543', '17550', '12421', '8109', '53652']",21543,1. **Different floorplan:** E,"1. **Different floorplan:** E
2. **Why:** Floorplan E is the only one that does not have a symmetrical layout with respect to the main entrance. The other floorplans (A, B, C, and D) appear to have a consistent pattern where the rooms are arranged in a similar manner around the central axis, which is evident from their symmetry. Floorplan E, however, has a more irregular arrangement of rooms, particularly noticeable in the distribution of the yellow and green areas, which deviates from the symmetrical patterns observed in the others."
"[17, 18]","[7, 22]","['70105', '31693', '46660', '21543', '31113']",31113,1. **Different floorplan:** E,"1. **Different floorplan:** E
2. **Why:** Floorplan E is the only one that does not have a symmetrical layout with respect to the main entrance. The other floorplans (A, B, C, and D) all appear to be mirror images of each other along the vertical axis passing through the main entrance, indicating a consistent underlying pattern. Floorplan E, however, has a unique arrangement of rooms and hallways that deviates from this symmetry, suggesting it has a different underlying pattern."
"[7, 1]","[17, 5]","['3536', '12421', '7913', '12376', '17550']",7913,1. **Different floorplan:** C,"1. **Different floorplan:** C
2. **Why:** Floorplan C is the only one that does not have a continuous hallway running vertically from the main entrance. In contrast, floors A, B, D, and E all feature a vertical hallway that extends from the main entrance to the top of the floorplan, which is a consistent pattern in the other four."
"[17, 18]","[7, 3]","['66935', '70105', '6955', '75828', '21543']",75828,1. **Different floorplan:** D,"1. **Different floorplan:** D
2. **Why:** Floorplan D is the only one that does not have a symmetrical layout with respect to the main entrance. The other floorplans (A, B, C, and E) all appear to be mirror images of each other along the vertical axis passing through the main entrance, indicating a consistent underlying pattern. Floorplan D, however, shows a distinct asymmetry in the arrangement of rooms and spaces around the main entrance, making it unique compared to the others."
"[7, 1]","[17, 18]","['31693', '17550', '16951', '53652', '12376']",31693,1. **Different floorplan:** C,"1. **Different floorplan:** C
2. **Why:** Floorplan C is the only one that does not have a symmetrical layout with respect to the main entrance. The other floorplans (A, B, D, and E) appear to be mirror images of each other along the vertical axis passing through the main entrance, indicating a consistent underlying pattern. Floorplan C, however, has a unique arrangement of rooms and hallways that deviates from this symmetry, suggesting it has a different underlying pattern."
"[17, 18]","[7, 1]","['21543', '66316', '3536', '70105', '31693']",3536,1. **Different floorplan:** C,"1. **Different floorplan:** C
2. **Why:** Floorplan C is the only one that does not have a continuous hallway running from the main entrance to the far end of the building. Instead, it features a more complex layout with multiple turns and dead ends, which is distinct from the simpler, linear patterns in the other floorplans."
"[7, 1]","[17, 5]","['53652', '17550', '72055', '8109', '10825']",72055,1. **Different floorplan:** C,"1. **Different floorplan:** C
2. **Why:** Floorplan C is the only one that does not have a symmetrical layout with respect to the main entrance. The other floorplans (A, B, D, and E) appear to be mirror images of each other along the vertical axis passing through the main entrance, indicating a consistent underlying pattern. Floorplan C, however, has a unique arrangement of rooms and hallways that deviates from this symmetry, suggesting it has a different underlying pattern."
"[7, 1]","[17, 18]","['17550', '21543', '53652', '16951', '12376']",21543,1. **Different floorplan:** B,"1. **Different floorplan:** B
2. **Why:** Floorplan B is the only one that contains a central hallway with multiple rooms branching off from it, which is not present in the other floorplans. The other floorplans have more varied layouts without a central hallway."
"[17, 18]","[7, 3]","['51240', '31693', '6955', '70105', '61767']",61767,1. **Different floorplan:** E,"1. **Different floorplan:** E
2. **Why:** Floorplan E is the only one that does not have a continuous hallway running from the main entrance to the far end of the apartment. Instead, it features a more complex layout with multiple turns and dead ends, which is distinct from the simpler, linear patterns in the other floorplans."
"[7, 1]","[17, 18]","['10825', '17550', '21408', '16951', '12376']",21408,1. **Different floorplan:** C,"1. **Different floorplan:** C
2. **Why:** Floorplan C is the only one that does not have a symmetrical layout with respect to the main entrance. The other floorplans (A, B, D, and E) appear to be mirror images of each other along the vertical axis passing through the main entrance, indicating a consistent underlying pattern. Floorplan C, however, has a unique arrangement of rooms and hallways that deviates from this symmetry, suggesting it has a different underlying pattern."
"[17, 18]","[7, 3]","['70105', '6955', '46660', '64781', '66935']",64781,1. **Different floorplan:** D,"1. **Different floorplan:** D
2. **Why:** Floorplan D is the only one that does not have a continuous hallway running from the main entrance to the back of the apartment. Instead, it has a more scattered arrangement of rooms with no clear central pathway, unlike the other floorplans which all feature a continuous hallway."
"[17, 21]","[7, 1]","['8109', '9795', '40487', '62549', '78147']",8109,1. **Different floorplan:** A,"1. **Different floorplan:** A
2. **Why:** Floorplan A is the only one that does not have a symmetrical layout with respect to the main entrance. The other floorplans (B, C, D, and E) all appear to be mirror images of each other along the vertical axis passing through the main entrance, indicating a consistent underlying pattern. Floorplan A, however, has a unique arrangement of rooms and hallways that deviates from this symmetry, suggesting it has a different underlying pattern."
"[7, 1]","[17, 21]","['12421', '8109', '40487', '53652', '16951']",40487,1. **Different floorplan:** C,"1. **Different floorplan:** C
2. **Why:** Floorplan C is the only one that does not have a symmetrical layout with respect to the main entrance. The other floorplans (A, B, D, and E) all appear to be mirror images of each other along the vertical axis passing through the main entrance, indicating a consistent underlying pattern. Floorplan C, however, has a unique arrangement of rooms and hallways that deviates from this symmetry, suggesting it has a different underlying pattern."
"[7, 1]","[17, 21]","['3536', '62549', '12421', '10825', '8109']",62549,1. **Different floorplan:** B,"1. **Different floorplan:** B
2. **Why:** Floorplan B is the only one that has a distinct arrangement of rooms compared to the others. In contrast to the other floorplans, which have a more consistent layout with a central hallway leading to various rooms, floorplan B features a unique configuration where the rooms are grouped in a way that deviates from this typical pattern. Specifically, the presence of a large open space at the center of the floorplan, along with the positioning of the rooms around it, sets it apart from the others."
"[7, 1]","[17, 5]","['12376', '3536', '8109', '12421', '7913']",7913,1. **Different floorplan:** E,"1. **Different floorplan:** E
2. **Why:** Floorplan E is the only one that does not have a symmetrical layout with respect to the main entrance. The other floorplans (A, B, C, and D) all appear to be mirror images of each other along the vertical axis passing through the main entrance, indicating a consistent underlying pattern. Floorplan E, however, has a unique arrangement of rooms and hallways that deviates from this symmetry, suggesting it has a different underlying pattern."
"[17, 18]","[7, 22]","['79411', '6955', '21408', '66316', '46660']",79411,1. **Different floorplan:** C,"1. **Different floorplan:** C
2. **Why:** Floorplan C is the only one that does not have a symmetrical layout with respect to the main entrance. The other floorplans (A, B, D, and E) appear to be mirror images of each other along the vertical axis passing through the main entrance, indicating a consistent underlying pattern. Floorplan C, however, has a unique arrangement of rooms and hallways that deviates from this symmetry, suggesting it has a different underlying pattern."
"[17, 18]","[7, 1]","['31693', '53652', '70105', '51240', '66316']",53652,1. **Different floorplan:** B,"1. **Different floorplan:** B
2. **Why:** Floorplan B is the only one that does not have a symmetrical layout with respect to the main entrance. The other floorplans (A, C, D, and E) all appear to be mirror images of each other along the vertical axis passing through the main entrance, indicating a consistent underlying pattern. Floorplan B, however, has a unique arrangement of rooms and hallways that deviates from this symmetry, suggesting it has a different underlying pattern."
"[7, 1]","[17, 18]","['17550', '10825', '16951', '21408', '12421']",21408,1. **Different floorplan:** D,"1. **Different floorplan:** D
2. **Why:** Floorplan D is the only one that does not have a symmetrical layout with respect to the main entrance. The other four floorplans (A, B, C, and E) all appear to be mirror images of each other along the vertical axis passing through the main entrance, indicating a consistent underlying pattern. Floorplan D, however, has a unique arrangement of rooms and hallways that deviates from this symmetry, suggesting it has a different underlying pattern."
"[7, 1]","[17, 5]","['17550', '3536', '53652', '72055', '8109']",72055,1. **Different floorplan:** D,"1. **Different floorplan:** D
2. **Why:** Floorplan D is the only one that does not have a continuous hallway running vertically from the main entrance. In contrast, floors A, B, C, and E all feature a vertical hallway that extends from the main entrance up to the top level, which is a consistent pattern in the other four floorplans."
"[7, 1]","[17, 21]","['16951', '8109', '40487', '53652', '10825']",40487,1. **Different floorplan:** C,"1. **Different floorplan:** C
2. **Why:** Floorplan C is the only one that does not have a symmetrical arrangement of rooms around the central corridor. In contrast, floors A, B, D, and E all exhibit a similar pattern where the rooms are symmetrically placed around a central corridor, with the main entrance leading into this corridor. Floorplan C has an asymmetrical layout, which sets it apart from the others."
"[17, 18]","[7, 3]","['21408', '52457', '66316', '31693', '6955']",52457,1. **Different floorplan:** C,"1. **Different floorplan:** C
2. **Why:** Floorplan C is the only one that does not have a symmetrical layout with respect to the main entrance. The other floorplans (A, B, D, and E) all appear to be mirror images of each other along the vertical axis passing through the main entrance, indicating a consistent underlying pattern. Floorplan C, however, has a unique arrangement of rooms and hallways that deviates from this symmetry, suggesting it has a different underlying pattern."
"[17, 21]","[7, 1]","['40487', '9795', '53652', '78147', '62454']",53652,1. **Different floorplan:** C,"1. **Different floorplan:** C
2. **Why:** Floorplan C is the only one that does not have a symmetrical layout with respect to the main entrance. The other floorplans (A, B, D, and E) appear to be mirror images of each other along the vertical axis passing through the main entrance, indicating a consistent underlying pattern. Floorplan C, however, has a unique arrangement of rooms and hallways that deviates from this symmetry, suggesting it has a different underlying pattern."
"[17, 21]","[7, 22]","['31113', '62549', '9795', '78147', '62454']",31113,1. **Different floorplan:** B,"1. **Different floorplan:** B
2. **Why:** Floorplan B is the only one that has a distinct arrangement of rooms compared to the others. In particular, it features a large central room with a smaller room attached to it, which is not present in the other floorplans. The other floorplans have a more consistent layout with larger rooms and smaller annexes, making B stand out due to its unique configuration."
"[17, 18]","[7, 1]","['66316', '6955', '8109', '66935', '21408']",8109,1. **Different floorplan:** C,"1. **Different floorplan:** C
2. **Why:** Floorplan C is the only one that does not have a symmetrical layout with respect to the main entrance. The other floorplans (A, B, D, and E) all appear to be mirror images of each other along the vertical axis passing through the main entrance, indicating a consistent underlying pattern. Floorplan C, however, has a unique arrangement of rooms and hallways that deviates from this symmetry, suggesting it has a different underlying pattern."
"[17, 18]","[7, 22]","['21543', '40679', '21408', '51240', '66316']",40679,1. **Different floorplan:** B,"1. **Different floorplan:** B
2. **Why:** Floorplan B is the only one that does not have a symmetrical layout with respect to the main entrance. The other floorplans (A, C, D, and E) appear to be mirror images of each other along the vertical axis passing through the main entrance, indicating a consistent underlying pattern. Floorplan B, however, shows a distinct asymmetry in the placement of rooms and hallways around the main entrance, suggesting a different underlying pattern."
"[7, 1]","[17, 21]","['10825', '9795', '3536', '53652', '17550']",9795,1. **Different floorplan:** C,"1. **Different floorplan:** C
2. **Why:** Floorplan C is the only one that does not have a symmetrical layout with respect to the main entrance. The other floorplans (A, B, D, and E) appear to be mirror images of each other along the vertical axis passing through the main entrance, indicating a consistent underlying pattern. Floorplan C, however, has a unique arrangement of rooms and hallways that deviates from this symmetry, suggesting it has a different underlying pattern."
"[17, 21]","[7, 22]","['78147', '23132', '62549', '40487', '9795']",23132,1. **Different floorplan:** B,"1. **Different floorplan:** B
2. **Why:** Floorplan B is the only one that has a distinct arrangement of rooms compared to the others. In particular, it features a central hallway with a U-shaped configuration, which is not present in the other floorplans. The other floorplans have more symmetrical layouts with a consistent pattern of rooms around a central core."
"[17, 18]","[7, 1]","['70105', '51240', '3536', '21408', '6955']",3536,1. **Different floorplan:** C,"1. **Different floorplan:** C
2. **Why:** Floorplan C is the only one that does not have a continuous hallway running from the main entrance to the far end of the apartment. Instead, it features a more complex layout with multiple turns and dead ends, which is distinct from the simpler, linear layouts of the other floorplans."
"[7, 1]","[17, 18]","['21408', '17550', '3536', '12376', '12421']",21408,1. **Different floorplan:** C,"1. **Different floorplan:** C
2. **Why:** Floorplan C is the only one that does not have a symmetrical layout with respect to the main entrance. The other floorplans (A, B, D, and E) appear to be mirror images of each other along the vertical axis passing through the main entrance, indicating a consistent underlying pattern. Floorplan C, however, has a unique arrangement of rooms and hallways that deviates from this symmetry, suggesting it has a different underlying pattern."
"[17, 21]","[7, 3]","['9795', '75828', '78147', '40487', '69704']",75828,1. **Different floorplan:** B,"1. **Different floorplan:** B
2. **Why:** Floorplan B is the only one that has a distinct arrangement of rooms compared to the others. In particular, it features a large central room with a smaller room attached to it, which is not present in the other floorplans. The other floorplans have more uniform layouts with similar room sizes and arrangements around a central core."
"[17, 18]","[7, 22]","['46660', '23132', '21543', '51240', '66316']",23132,1. **Different floorplan:** B,"1. **Different floorplan:** B
2. **Why:** Floorplan B is the only one that does not have a symmetrical layout with respect to the main entrance. The other floorplans (A, C, D, and E) all appear to be mirror images of each other along the vertical axis passing through the main entrance, indicating a consistent underlying pattern. Floorplan B, however, has a unique arrangement of rooms and hallways that deviates from this symmetry, suggesting it has a different underlying pattern."
"[17, 18]","[7, 1]","['21543', '10825', '66935', '51240', '66316']",10825,1. **Different floorplan:** B,"1. **Different floorplan:** B
2. **Why:** Floorplan B is the only one that does not have a symmetrical layout with respect to the main entrance. The other floorplans (A, C, D, and E) appear to be mirror images of each other along the vertical axis passing through the main entrance, indicating a consistent underlying pattern. Floorplan B, however, has a unique arrangement of rooms and hallways that deviates from this symmetry, suggesting it has a different underlying pattern."
"[17, 21]","[7, 1]","['9795', '62549', '69704', '12421', '62454']",12421,1. **Different floorplan:** B,"1. **Different floorplan:** B
2. **Why:** Floorplan B is the only one that has an additional room (a small yellow room) that is not present in the other four floorplans. This extra room disrupts the uniformity of the spatial layout compared to A, C, D, and E, which all have consistent room arrangements without any additional rooms within their boundaries."
"[17, 18]","[7, 3]","['70105', '75828', '46660', '21408', '51240']",75828,1. **Different floorplan:** B,"1. **Different floorplan:** B
2. **Why:** Floorplan B is the only one that does not have a symmetrical layout with respect to the main entrance. The other floorplans (A, C, D, and E) all appear to be mirror images of each other along the vertical axis passing through the main entrance, indicating a consistent underlying pattern. Floorplan B, however, has a unique arrangement of rooms and hallways that deviates from this symmetry, suggesting it has a different underlying pattern."
"[7, 1]","[17, 21]","['3536', '10825', '62454', '12421', '16951']",62454,1. **Different floorplan:** C,"1. **Different floorplan:** C
2. **Why:** Floorplan C is the only one that does not have a symmetrical arrangement of rooms around the central axis defined by the main entrance. The other floorplans (A, B, D, and E) all exhibit a mirrored symmetry in their room layouts, with similar room types and sizes on either side of the entrance. Floorplan C breaks this symmetry, making it distinct from the others."
"[17, 21]","[7, 3]","['78147', '64781', '69704', '40487', '62454']",64781,1. **Different floorplan:** B,"1. **Different floorplan:** B
2. **Why:** Floorplan B is the only one that has a distinct arrangement of rooms compared to the others. In all other floorplans (A, C, D, and E), the living area (yellow) is consistently positioned at the back, with the kitchen (orange) and bedrooms (green) arranged around it in a similar manner. However, in floorplan B, the living area is placed in the middle, which is not seen in the other floorplans. This unique placement of the living area makes B stand out from the rest."
"[7, 20]","[17, 18]","['2425', '55305', '2277', '6955', '54372']",6955,1. **Different floorplan:** D,"1. **Different floorplan:** D
2. **Why:** Floorplan D is the only one that does not have a symmetrical layout with respect to the main entrance. The other floorplans (A, B, C, and E) appear to be mirror images of each other along the vertical axis passing through the main entrance, indicating a consistent underlying pattern. Floorplan D, however, has a unique arrangement of rooms and hallways that deviates from this symmetry, suggesting it has a different underlying pattern."
"[17, 21]","[7, 3]","['9795', '62549', '62454', '78147', '64781']",64781,1. **Different floorplan:** E,"1. **Different floorplan:** E
2. **Why:** Floorplan E is the only one that does not have a symmetrical layout with respect to the main entrance. The other floorplans (A, B, C, and D) all appear to be mirror images of each other along the vertical axis passing through the main entrance, indicating a consistent underlying pattern. Floorplan E, however, has a unique arrangement of rooms and hallways that deviates from this symmetry, suggesting it has a different underlying pattern."
"[17, 18]","[7, 22]","['66316', '51240', '66935', '31113', '31693']",31113,1. **Different floorplan:** B,"1. **Different floorplan:** B
2. **Why:** Floorplan B is the only one that has a distinct arrangement of rooms compared to the others. In all other floorplans (A, C, D, and E), the rooms are consistently oriented in a way that suggests a common underlying pattern, with similar room sizes and configurations. Floorplan B, however, has a unique layout where the rooms are positioned differently from the others, particularly in the placement of the kitchen and the living area. This deviation from the consistent pattern makes it stand out as the one with a different underlying floorplan."
"[17, 21]","[7, 20]","['69704', '40487', '55305', '78147', '62549']",55305,1. **Different floorplan:** C,"1. **Different floorplan:** C
2. **Why:** Floorplan C is the only one that does not have a symmetrical layout with respect to the main entrance. The other floorplans (A, B, D, and E) appear to be mirror images of each other along the vertical axis passing through the main entrance, indicating a consistent underlying pattern. Floorplan C, however, shows a distinct asymmetry in the placement of rooms and the overall layout around the main entrance, making it unique among the others."
"[17, 21]","[7, 20]","['9795', '40487', '69704', '78147', '54372']",54372,1. **Different floorplan:** E,"1. **Different floorplan:** E
2. **Why:** Floorplan E is the only one that does not follow the same pattern as the others. The other four floorplans (A, B, C, and D) all have a similar layout where the living area (yellow) is adjacent to the kitchen (orange), and the bedrooms (pink) are located at the opposite end of the building. Floorplan E deviates from this pattern by having the living area and kitchen in a different arrangement compared to the others, with the living area being smaller and the kitchen larger, and the bedroom placement also differs significantly."
"[7, 1]","[17, 18]","['12376', '51240', '12421', '10825', '53652']",51240,1. **Different floorplan:** B,"1. **Different floorplan:** B
2. **Why:** Floorplan B is the only one that has an additional hallway branching off from the main entrance, which is not present in the other floorplans. This extra hallway disrupts the uniformity of the spatial layout found in A, C, D, and E, where the main entrance leads directly into a larger open area without any additional hallways."
"[17, 18]","[7, 20]","['6955', '66935', '21543', '66316', '2425']",2425,1. **Different floorplan:** E,"1. **Different floorplan:** E
2. **Why:** Floorplan E is the only one that does not have a symmetrical layout with respect to the main entrance. The other floorplans (A, B, C, and D) all appear to be mirror images of each other along the vertical axis passing through the main entrance, indicating a consistent underlying pattern. Floorplan E, however, has a unique arrangement of rooms and hallways that deviates from this symmetry, suggesting it has a different underlying pattern."
"[7, 1]","[17, 21]","['12421', '3536', '16951', '69704', '8109']",69704,1. **Different floorplan:** B,"1. **Different floorplan:** B
2. **Why:** Floorplan B is the only one that has a distinct arrangement of rooms compared to the others. In all other floorplans (A, C, D, and E), the living area (yellow) is consistently positioned towards the back of the building with the kitchen (green) and bedrooms (pink) arranged around it in a similar manner. However, in floorplan B, the living area is placed closer to the entrance, which is unusual for the given pattern. Additionally, the kitchen in B is not directly adjacent to the living area but rather separated by a hallway, which deviates from the typical layout seen in A, C, D, and E."
"[7, 1]","[17, 18]","['21543', '16951', '12421', '3536', '53652']",21543,1. **Different floorplan:** D,"1. **Different floorplan:** D
2. **Why:** Floorplan D is the only one that does not have a symmetrical layout with respect to the main entrance. The other floorplans (A, B, C, and E) appear to be mirror images of each other along the vertical axis passing through the main entrance, indicating a consistent underlying pattern. Floorplan D, however, has a unique arrangement of rooms and hallways that deviates from this symmetry, suggesting it has a different underlying pattern."
"[17, 18]","[7, 22]","['66935', '51240', '23132', '21543', '66316']",23132,1. **Different floorplan:** C,"1. **Different floorplan:** C
2. **Why:** Floorplan C is the only one that does not have a symmetrical layout with respect to the main entrance. The other floorplans (A, B, D, and E) all appear to be mirror images of each other along the vertical axis passing through the main entrance, indicating a consistent underlying pattern. Floorplan C, however, has a unique arrangement of rooms and hallways that deviates from this symmetry, suggesting it has a different underlying pattern."
"[17, 18]","[7, 22]","['40679', '21408', '31693', '66935', '6955']",40679,1. **Different floorplan:** C,"1. **Different floorplan:** C
2. **Why:** Floorplan C is the only one that does not have a symmetrical layout with respect to the main entrance. The other floorplans (A, B, D, and E) all appear to be mirror images of each other along the vertical axis passing through the main entrance, indicating a consistent underlying pattern. Floorplan C, however, has a unique arrangement of rooms and hallways that deviates from this symmetry, suggesting it has a different underlying pattern."
"[7, 22]","[17, 21]","['23132', '9795', '40679', '31113', '79411']",9795,1. **Different floorplan:** B,"1. **Different floorplan:** B
2. **Why:** Floorplan B is the only one that has a distinct arrangement of rooms compared to the others. The other floorplans (A, C, D, and E) all have a similar layout with a central hallway leading to various rooms, including a living area, dining area, kitchen, and bedrooms. Floorplan B, however, has a more complex and irregular layout with a different distribution of spaces, making it stand out from the rest."
"[7, 1]","[17, 21]","['10825', '62454', '17550', '8109', '12376']",62454,1. **Different floorplan:** B,"1. **Different floorplan:** B
2. **Why:** Floorplan B is the only one that does not have a symmetrical layout with respect to the main entrance. The other floorplans (A, C, D, and E) all appear to be mirror images of each other along the vertical axis passing through the main entrance, indicating a consistent underlying pattern. Floorplan B, however, has a unique arrangement of rooms and hallways that deviates from this symmetry, suggesting it has a different underlying pattern."
"[17, 18]","[7, 3]","['51240', '66316', '6955', '46660', '64781']",64781,1. **Different floorplan:** E,"1. **Different floorplan:** E
2. **Why:** Floorplan E is the only one that does not have a continuous hallway running from the main entrance to the back of the apartment. Instead, it has a more compact arrangement with rooms clustered together, which is distinct from the other floorplans that all feature a longer hallway extending from the entrance."
"[17, 18]","[7, 1]","['6955', '46660', '66935', '10825', '70105']",10825,1. **Different floorplan:** D,"1. **Different floorplan:** D
2. **Why:** Floorplan D is the only one that does not have a symmetrical layout with respect to the main entrance. The other floorplans (A, B, C, and E) appear to be mirror images of each other along the vertical axis passing through the main entrance, indicating a consistent underlying pattern. Floorplan D, however, has a unique arrangement of rooms and hallways that deviates from this symmetry, suggesting it has a different underlying pattern."
"[7, 22]","[17, 18]","['23132', '31113', '66935', '40679', '79411']",66935,1. **Different floorplan:** C,"1. **Different floorplan:** C
2. **Why:** Floorplan C is the only one that does not have a symmetrical layout with respect to the main entrance. The other floorplans (A, B, D, and E) appear to be mirror images of each other along the vertical axis passing through the main entrance, indicating a consistent underlying pattern. Floorplan C, however, has a unique arrangement of rooms and hallways that deviates from this symmetry, suggesting it has a different underlying pattern."
"[7, 1]","[17, 21]","['3536', '53652', '16951', '62549', '17550']",62549,1. **Different floorplan:** D,"1. **Different floorplan:** D
2. **Why:** Floorplan D is the only one that does not have a continuous hallway running vertically from the main entrance. In contrast, floors A, B, C, and E all feature a vertical hallway that extends from the main entrance up to the top of the floorplan, which is a consistent pattern in those four. Floorplan D has a more complex layout with multiple smaller rooms and no clear vertical hallway, making it distinct from the others."
"[17, 21]","[7, 3]","['62454', '78147', '69704', '9795', '52457']",52457,1. **Different floorplan:** E,"1. **Different floorplan:** E
2. **Why:** Floorplan E is the only one that does not have a continuous hallway running from the main entrance to the back of the apartment. Instead, it features a more compact arrangement with rooms clustered together, which is distinct from the other floorplans that all have a linear hallway extending from the entrance."
"[7, 1]","[17, 5]","['17550', '10825', '8109', '12376', '72055']",72055,1. **Different floorplan:** E,"1. **Different floorplan:** E
2. **Why:** Floorplan E is the only one that does not follow the same pattern as the others. The other four floorplans (A, B, C, and D) all have a similar layout where the living area (yellow) is adjacent to the kitchen (green), and the bedrooms (pink) are located at the opposite end. Floorplan E deviates from this pattern by having the living area and kitchen in a different arrangement compared to the others, with the bedroom also being placed differently."
"[7, 1]","[17, 21]","['12376', '62454', '17550', '16951', '10825']",62454,1. **Different floorplan:** B,"1. **Different floorplan:** B
2. **Why:** Floorplan B is the only one that does not have a symmetrical layout with respect to the main entrance. The other floorplans (A, C, D, and E) all appear to be mirror images of each other along the vertical axis passing through the main entrance, indicating a consistent underlying pattern. Floorplan B, however, has a unique arrangement of rooms and hallways that deviates from this symmetry, suggesting it has a different underlying pattern."
"[7, 1]","[17, 5]","['53652', '12376', '12421', '3536', '72055']",72055,1. **Different floorplan:** E,"1. **Different floorplan:** E
2. **Why:** Floorplan E is the only one that does not have a continuous hallway running from the main entrance to the back of the apartment. Instead, it features a more complex layout with multiple turns and dead ends, which is distinct from the other floorplans that maintain a more linear path."
"[7, 1]","[17, 5]","['50221', '8109', '3536', '53652', '17550']",50221,1. **Different floorplan:** C,"1. **Different floorplan:** C
2. **Why:** Floorplan C is the only one that does not have a symmetrical layout with respect to the main entrance. The other floorplans (A, B, D, and E) appear to be mirror images of each other along the vertical axis passing through the main entrance, indicating a consistent underlying pattern. Floorplan C, however, has a unique arrangement of rooms and hallways that deviates from this symmetry, suggesting it has a different underlying pattern."
"[7, 1]","[17, 5]","['3536', '12376', '72055', '53652', '8109']",72055,1. **Different floorplan:** C,"1. **Different floorplan:** C
2. **Why:** Floorplan C is the only one that does not have a continuous hallway running vertically from the main entrance. Instead, it features a more complex arrangement with multiple turns and a different distribution of rooms compared to the other floorplans, which all have a similar layout with a central hallway."
"[17, 18]","[7, 1]","['21408', '12421', '21543', '31693', '46660']",12421,1. **Different floorplan:** B,"1. **Different floorplan:** B
2. **Why:** Floorplan B is the only one that does not have a symmetrical layout with respect to the main entrance. The other floorplans (A, C, D, and E) appear to be mirror images of each other along the vertical axis passing through the main entrance, indicating a consistent underlying pattern. Floorplan B, however, has a unique arrangement of rooms and hallways that deviates from this symmetry, suggesting it has a different underlying pattern."
"[17, 18]","[7, 20]","['46660', '31693', '66935', '6955', '55305']",55305,1. **Different floorplan:** E,"1. **Different floorplan:** E
2. **Why:** Floorplan E is the only one that does not have a symmetrical layout with respect to the main entrance. The other floorplans (A, B, C, and D) all exhibit a similar pattern where the rooms are arranged in a way that is mirrored across the main entrance line. Floorplan E has a unique arrangement of rooms that deviates from this symmetry, making it distinct from the others."
"[7, 1]","[17, 21]","['8109', '17550', '3536', '69704', '12376']",69704,1. **Different floorplan:** C,"1. **Different floorplan:** C
2. **Why:** Floorplan C is the only one that does not have a symmetrical layout with respect to the main entrance. The other floorplans (A, B, D, and E) appear to be mirror images of each other along the vertical axis passing through the main entrance, indicating a consistent underlying pattern. Floorplan C, however, has a unique arrangement of rooms and hallways that deviates from this symmetry, suggesting it has a different underlying pattern."
"[17, 18]","[7, 20]","['70105', '46660', '51240', '54372', '21543']",54372,1. **Different floorplan:** B,"1. **Different floorplan:** B
2. **Why:** Floorplan B is the only one that does not have a symmetrical layout with respect to the main entrance. The other floorplans (A, C, D, and E) all appear to be mirror images of each other along the vertical axis passing through the main entrance, indicating a consistent underlying pattern. Floorplan B, however, has a unique arrangement of rooms and hallways that deviates from this symmetry, suggesting it has a different underlying pattern."
"[17, 21]","[7, 20]","['69704', '62549', '9795', '78147', '2425']",2425,1. **Different floorplan:** E,"1. **Different floorplan:** E
2. **Why:** Floorplan E is the only one that does not have a symmetrical layout with respect to the main entrance. The other floorplans (A, B, C, and D) all appear to be mirror images of each other along the vertical axis passing through the main entrance, indicating a consistent underlying pattern. Floorplan E, however, has a unique arrangement of rooms and hallways that deviates from this symmetry, suggesting it has a different underlying pattern."
"[7, 1]","[17, 18]","['66316', '17550', '12421', '16951', '8109']",66316,1. **Different floorplan:** D,"1. **Different floorplan:** D
2. **Why:** Floorplan D is the only one that does not have a symmetrical arrangement of rooms around the central corridor. In contrast, floors A, B, C, and E all exhibit a similar pattern where the rooms are symmetrically placed around a central corridor, with the main entrance leading into this corridor. Floorplan D has an asymmetrical layout, which sets it apart from the others."
"[17, 5]","[7, 1]","['16951', '7913', '50221', '72055', '33045']",16951,1. **Different floorplan:** A,"1. **Different floorplan:** A
2. **Why:** Floorplan A is the only one that does not have a symmetrical layout with respect to the main entrance. The other floorplans (B, C, D, and E) all appear to be mirror images of each other along the vertical axis passing through the main entrance, indicating a consistent underlying pattern. Floorplan A, however, has a unique arrangement of rooms and hallways that deviates from this symmetry, suggesting it has a different underlying pattern."
"[7, 1]","[17, 21]","['12421', '16951', '17550', '62454', '53652']",62454,1. **Different floorplan:** D,"1. **Different floorplan:** D
2. **Why:** Floorplan D is the only one that does not have a symmetrical layout with respect to the main entrance. The other floorplans (A, B, C, and E) all appear to be mirror images of each other along the vertical axis passing through the main entrance, indicating a consistent underlying pattern. Floorplan D, however, has a unique arrangement of rooms and hallways that deviates from this symmetry, suggesting it has a different underlying pattern."
"[7, 3]","[17, 18]","['51240', '52457', '75828', '61767', '64781']",51240,1. **Different floorplan:** C,"1. **Different floorplan:** C
2. **Why:** Floorplan C is the only one that does not have a symmetrical layout with respect to the main entrance. The other floorplans (A, B, D, and E) appear to be mirror images of each other along the vertical axis passing through the main entrance, indicating a consistent underlying pattern. Floorplan C, however, has a unique arrangement of rooms and hallways that deviates from this symmetry, suggesting it has a different underlying pattern."
"[17, 21]","[7, 20]","['62454', '69704', '2425', '78147', '40487']",2425,1. **Different floorplan:** C,"1. **Different floorplan:** C
2. **Why:** Floorplan C is the only one that does not have a continuous hallway running from the main entrance to the opposite side of the apartment. In contrast, floors A, B, D, and E all feature a continuous hallway that extends from the main entrance to the far end of the apartment, which is a consistent pattern in the other four floorplans."
"[17, 21]","[7, 1]","['62549', '78147', '9795', '62454', '8109']",8109,1. **Different floorplan:** E,"1. **Different floorplan:** E
2. **Why:** Floorplan E is the only one that does not have a symmetrical layout with respect to the main entrance. The other four floorplans (A, B, C, and D) appear to be mirror images of each other along the vertical axis passing through the main entrance, indicating a consistent underlying pattern. Floorplan E, however, has a unique arrangement of rooms and hallways that deviates from this symmetry, suggesting it has a different underlying pattern."
"[7, 1]","[17, 5]","['53652', '7913', '12376', '8109', '12421']",7913,1. **Different floorplan:** B,"1. **Different floorplan:** B
2. **Why:** Floorplan B is the only one that does not have a symmetrical layout with respect to the main entrance. The other floorplans (A, C, D, and E) appear to be mirror images of each other along the vertical axis passing through the main entrance, indicating a consistent underlying pattern. Floorplan B, however, has a unique arrangement of rooms and hallways that deviates from this symmetry, suggesting it has a different underlying pattern."
"[17, 21]","[7, 1]","['8109', '69704', '9795', '62549', '62454']",8109,1. **Different floorplan:** A,"1. **Different floorplan:** A
2. **Why:** Floorplan A is the only one that does not have a symmetrical layout with respect to the main entrance. The other floorplans (B, C, D, and E) all appear to be mirror images of each other along the vertical axis passing through the main entrance, indicating a consistent underlying pattern. Floorplan A, however, has a unique arrangement of rooms and hallways that deviates from this symmetry, suggesting it has a different underlying pattern."
"[7, 1]","[17, 18]","['10825', '12421', '12376', '51240', '8109']",51240,1. **Different floorplan:** D,"1. **Different floorplan:** D
2. **Why:** Floorplan D is the only one that has an additional section extending from the main entrance, which is not present in the other four floorplans. This extra section disrupts the uniformity of the spatial layout found in A, B, C, and E."
"[17, 18]","[7, 20]","['70105', '21543', '66316', '2277', '66935']",2277,1. **Different floorplan:** C,"1. **Different floorplan:** C
2. **Why:** Floorplan C is the only one that does not have a symmetrical layout with respect to the main entrance. The other floorplans (A, B, D, and E) appear to be mirror images of each other along the vertical axis passing through the main entrance, indicating a consistent underlying pattern. Floorplan C, however, has a unique arrangement of rooms and hallways that deviates from this symmetry, suggesting it has a different underlying pattern."
"[17, 18]","[7, 1]","['51240', '31693', '21543', '53652', '46660']",53652,1. **Different floorplan:** D,"1. **Different floorplan:** D
2. **Why:** Floorplan D is the only one that does not have a continuous hallway running from the main entrance to the far end of the apartment. Instead, it features a more complex layout with multiple turns and dead ends, which is distinct from the other floorplans that maintain a more linear path."
"[7, 1]","[17, 18]","['3536', '10825', '16951', '66316', '12421']",66316,1. **Different floorplan:** D,"1. **Different floorplan:** D
2. **Why:** Floorplan D is the only one that does not have a continuous hallway running vertically from the main entrance. In contrast, floors A, B, C, and E all feature a vertical hallway that extends from the main entrance up to the top of the floorplan, which is a consistent pattern in those four. Floorplan D breaks this pattern by having a different arrangement of rooms and hallways around the central area, making it distinct from the others."
"[17, 21]","[7, 3]","['69704', '61767', '9795', '40487', '62549']",61767,1. **Different floorplan:** B,"1. **Different floorplan:** B
2. **Why:** Floorplan B is the only one that has a distinct arrangement of rooms compared to the others. In all other floorplans (A, C, D, and E), the living area (yellow) is consistently positioned towards the back of the building with the kitchen (green) and bedrooms (pink) arranged around it in a similar manner. However, in floorplan B, the living area is placed closer to the entrance, and the kitchen is located at the front, which is not seen in the other floorplans. This unique configuration makes floorplan B stand out from the rest."
"[7, 1]","[17, 21]","['10825', '17550', '12421', '78147', '3536']",78147,1. **Different floorplan:** E,"1. **Different floorplan:** E
2. **Why:** Floorplan E is the only one that does not have a symmetrical layout with respect to the main entrance. The other floorplans (A, B, C, and D) all appear to be mirror images of each other along the vertical axis passing through the main entrance, indicating a consistent underlying pattern. Floorplan E deviates from this symmetry, making it distinct."
"[7, 1]","[17, 18]","['16951', '17550', '12421', '66316', '3536']",66316,1. **Different floorplan:** D,"1. **Different floorplan:** D
2. **Why:** Floorplan D is the only one that does not have a symmetrical layout with respect to the main entrance. The other floorplans (A, B, C, and E) all appear to be mirror images of each other along the vertical axis passing through the main entrance, indicating a consistent underlying pattern. Floorplan D, however, has a unique arrangement of rooms and hallways that deviates from this symmetry, suggesting it has a different underlying pattern."
"[17, 18]","[7, 20]","['66316', '54372', '21408', '51240', '46660']",54372,1. **Different floorplan:** C,"1. **Different floorplan:** C
2. **Why:** Floorplan C is the only one that does not have a symmetrical layout with respect to the main entrance. The other floorplans (A, B, D, and E) appear to be mirror images of each other along the vertical axis passing through the main entrance, indicating a consistent underlying pattern. Floorplan C, however, has a unique arrangement of rooms and hallways that deviates from this symmetry, suggesting it has a different underlying pattern."
"[17, 18]","[7, 3]","['61767', '51240', '66935', '31693', '66316']",61767,1. **Different floorplan:** A,"1. **Different floorplan:** A
2. **Why:** Floorplan A is the only one that does not have a symmetrical layout with respect to the main entrance. The other floorplans (B, C, D, and E) all appear to be mirror images of each other along the vertical axis passing through the main entrance, indicating a consistent underlying pattern. Floorplan A, however, has a unique arrangement of rooms and hallways that deviates from this symmetry, suggesting it has a different underlying pattern."
"[17, 18]","[7, 1]","['10825', '31693', '70105', '21543', '21408']",10825,1. **Different floorplan:** E,"1. **Different floorplan:** E
2. **Why:** Floorplan E is the only one that does not follow the same pattern as the others. The other four floorplans (A, B, C, and D) all have a similar layout where the main entrance leads into a central area with rooms branching off in a consistent manner. Floorplan E, however, has a more complex and irregular layout with multiple entrances and a less symmetrical arrangement of spaces, making it distinct from the others."
"[17, 18]","[7, 3]","['21408', '66935', '52457', '6955', '51240']",52457,1. **Different floorplan:** C,"1. **Different floorplan:** C
2. **Why:** Floorplan C is the only one that does not have a symmetrical layout with respect to the main entrance. The other floorplans (A, B, D, and E) all appear to be mirror images of each other along the vertical axis passing through the main entrance, indicating a consistent underlying pattern. Floorplan C, however, has a unique arrangement of rooms and hallways that deviates from this symmetry, suggesting it has a different underlying pattern."
"[7, 1]","[17, 18]","['53652', '16951', '31693', '12421', '3536']",31693,1. **Different floorplan:** C,"1. **Different floorplan:** C
2. **Why:** Floorplan C is the only one that does not have a symmetrical layout with respect to the main entrance. The other floorplans (A, B, D, and E) all appear to be mirror images of each other along the vertical axis passing through the main entrance, indicating a consistent underlying pattern. Floorplan C, however, has a unique arrangement of rooms and hallways that deviates from this symmetry, suggesting it has a different underlying pattern."
"[17, 18]","[7, 3]","['51240', '66316', '6955', '52457', '66935']",52457,1. **Different floorplan:** D,"1. **Different floorplan:** D
2. **Why:** Floorplan D is the only one that does not have a continuous hallway running from the main entrance to the far end of the apartment. In contrast, floors A, B, C, and E all feature a continuous hallway that extends from the main entrance to the opposite side of the apartment, which is a consistent pattern in the other four floorplans."
"[17, 21]","[7, 1]","['62549', '12421', '69704', '78147', '62454']",12421,1. **Different floorplan:** B,"1. **Different floorplan:** B
2. **Why:** Floorplan B is the only one that has a distinct arrangement of rooms compared to the others. In all other floorplans (A, C, D, and E), the living area (yellow) is consistently positioned in the center with the kitchen (orange) to the right and the bedrooms (green) to the left. However, in floorplan B, the living area is shifted to the right side, and the kitchen is placed above it, which is not seen in the other floorplans. This unique configuration makes B stand out as having a different underlying pattern."
"[7, 1]","[17, 18]","['16951', '53652', '8109', '6955', '12376']",6955,1. **Different floorplan:** D,"1. **Different floorplan:** D
2. **Why:** Floorplan D is the only one that does not have a continuous hallway running from the main entrance to the opposite side of the apartment. In contrast, floors A, B, C, and E all feature a continuous hallway that extends from the main entrance to the far end of the apartment, which is a consistent pattern in the other four floorplans."
"[7, 1]","[17, 18]","['53652', '3536', '17550', '66316', '12376']",66316,1. **Different floorplan:** D,"1. **Different floorplan:** D
2. **Why:** Floorplan D is the only one that does not have a continuous hallway running vertically from the main entrance. In contrast, floors A, B, C, and E all feature a vertical hallway that extends from the main entrance up to the top level, which is a consistent pattern in the other four floorplans."
"[17, 18]","[7, 20]","['21408', '31693', '2425', '6955', '46660']",2425,1. **Different floorplan:** C,"1. **Different floorplan:** C
2. **Why:** Floorplan C is the only one that does not have a symmetrical layout with respect to the main entrance. The other floorplans (A, B, D, and E) appear to be mirror images of each other along the vertical axis passing through the main entrance, indicating a consistent underlying pattern. Floorplan C, however, has a unique arrangement of rooms and hallways that deviates from this symmetry, suggesting it has a different underlying pattern."
"[17, 18]","[7, 20]","['51240', '66935', '31693', '21543', '2425']",2425,1. **Different floorplan:** C,"1. **Different floorplan:** C
2. **Why:** Floorplan C is the only one that does not have a symmetrical layout with respect to the main entrance. The other floorplans (A, B, D, and E) all appear to be mirror images of each other along the vertical axis passing through the main entrance, indicating a consistent underlying pattern. Floorplan C, however, has a unique arrangement of rooms and hallways that deviates from this symmetry, suggesting it has a different underlying pattern."
"[7, 1]","[17, 21]","['12421', '8109', '3536', '9795', '16951']",9795,1. **Different floorplan:** C,"1. **Different floorplan:** C
2. **Why:** Floorplan C is the only one that does not have a symmetrical layout with respect to the main entrance. The other floorplans (A, B, D, and E) appear to be mirror images of each other along the vertical axis passing through the main entrance, indicating a consistent underlying pattern. Floorplan C, however, has a unique arrangement of rooms and hallways that deviates from this symmetry, suggesting it has a different underlying pattern."
"[17, 21]","[7, 22]","['78147', '40679', '69704', '62454', '40487']",40679,1. **Different floorplan:** B,"1. **Different floorplan:** B
2. **Why:** Floorplan B is the only one that has an additional section extending from the main entrance, which is not present in the other floorplans. This extra section disrupts the uniformity of the spatial layout compared to A, C, D, and E, where the main entrance leads directly into a consistent arrangement of rooms without any additional protrusions."
"[7, 1]","[17, 5]","['53652', '10825', '33045', '16951', '3536']",33045,1. **Different floorplan:** C,"1. **Different floorplan:** C
2. **Why:** Floorplan C is the only one that does not have a symmetrical layout with respect to the main entrance. The other floorplans (A, B, D, and E) all appear to be mirror images of each other along the vertical axis passing through the main entrance, indicating a consistent underlying pattern. Floorplan C, however, has a unique arrangement of rooms and hallways that deviates from this symmetry, suggesting it has a different underlying pattern."
"[7, 22]","[17, 5]","['23132', '40679', '79411', '31113', '50221']",50221,1. **Different floorplan:** E,"1. **Different floorplan:** E
2. **Why:** Floorplan E is the only one that does not have a continuous hallway running from the main entrance to the back of the apartment. Instead, it features a more complex layout with multiple turns and dead ends, which is distinct from the simpler, linear patterns in the other floorplans."
"[7, 1]","[17, 18]","['17550', '31693', '3536', '12421', '16951']",31693,1. **Different floorplan:** B,"1. **Different floorplan:** B
2. **Why:** Floorplan B is the only one that does not have a symmetrical layout with respect to the main entrance. The other floorplans (A, C, D, and E) all appear to be mirror images of each other along the vertical axis passing through the main entrance, indicating a consistent underlying pattern. Floorplan B, however, has a unique arrangement of rooms and hallways that deviates from this symmetry, suggesting it has a different underlying pattern."
"[17, 21]","[7, 1]","['62454', '53652', '40487', '78147', '69704']",53652,1. **Different floorplan:** B,"1. **Different floorplan:** B
2. **Why:** Floorplan B is the only one that has a distinct arrangement of rooms compared to the others. In particular, the placement of the kitchen and the living area is unique in B, with the kitchen being positioned at the top right corner and the living area directly below it, which is not the case in the other floorplans where the kitchen and living area are typically adjacent but not in such a specific orientation."
"[17, 18]","[7, 22]","['40679', '46660', '21408', '70105', '66935']",40679,1. **Different floorplan:** C,"1. **Different floorplan:** C
2. **Why:** Floorplan C is the only one that does not have a symmetrical layout with respect to the main entrance. The other floorplans (A, B, D, and E) all appear to be mirror images of each other along the vertical axis passing through the main entrance, indicating a consistent underlying pattern. Floorplan C, however, has a unique arrangement of rooms and hallways that deviates from this symmetry, suggesting it has a different underlying pattern."
"[17, 18]","[7, 20]","['6955', '66316', '2425', '21408', '21543']",2425,1. **Different floorplan:** C,"1. **Different floorplan:** C
2. **Why:** Floorplan C is the only one that does not have a symmetrical layout with respect to the main entrance. The other floorplans (A, B, D, and E) all appear to be mirror images of each other along the vertical axis passing through the main entrance, indicating a consistent underlying pattern. Floorplan C, however, has a unique arrangement of rooms and hallways that deviates from this symmetry, suggesting it has a different underlying pattern."
"[17, 21]","[7, 1]","['10825', '62549', '62454', '78147', '9795']",10825,1. **Different floorplan:** B,"1. **Different floorplan:** B
2. **Why:** Floorplan B is the only one that has a distinct arrangement of rooms compared to the others. In all other floorplans (A, C, D, and E), the living area (yellow) is consistently positioned towards the back of the building with the kitchen (orange) and bedrooms (green) adjacent to it. However, in floorplan B, the living area is split into two sections, with one part being closer to the entrance and another further back, which creates a unique pattern not seen in the others."
"[17, 5]","[7, 22]","['33045', '50221', '40679', '72055', '7913']",40679,1. **Different floorplan:** C,"1. **Different floorplan:** C
2. **Why:** Floorplan C is the only one that does not have a symmetrical layout with respect to the main entrance. The other floorplans (A, B, D, and E) appear to be mirror images of each other along the vertical axis passing through the main entrance, indicating a consistent underlying pattern. Floorplan C, however, has a unique arrangement of rooms and hallways that deviates from this symmetry, suggesting it has a different underlying pattern."
"[17, 21]","[7, 20]","['55305', '78147', '9795', '62454', '40487']",55305,1. **Different floorplan:** A,"1. **Different floorplan:** A
2. **Why:** Floorplan A is the only one that does not have a symmetrical layout with respect to the main entrance. The other floorplans (B, C, D, and E) all appear to be mirror images of each other along the vertical axis passing through the main entrance, indicating a consistent underlying pattern. Floorplan A, however, has a unique arrangement of rooms and hallways that deviates from this symmetry, suggesting it has a different underlying pattern."
"[17, 18]","[7, 22]","['21543', '31693', '46660', '79411', '21408']",79411,1. **Different floorplan:** E,"1. **Different floorplan:** E
2. **Why:** Floorplan E is the only one that does not have a symmetrical layout with respect to the main entrance. The other floorplans (A, B, C, and D) all appear to be mirror images of each other along the vertical axis passing through the main entrance, indicating a consistent underlying pattern. Floorplan E, however, has a unique arrangement of rooms and hallways that deviates from this symmetry, suggesting it has a different underlying pattern."
"[7, 1]","[17, 18]","['53652', '17550', '3536', '21408', '10825']",21408,1. **Different floorplan:** D,"1. **Different floorplan:** D
2. **Why:** Floorplan D is the only one that does not have a continuous hallway running from the main entrance to the back of the apartment. Instead, it features a more complex layout with multiple turns and dead ends, which is distinct from the other floorplans that maintain a more linear path."
"[17, 18]","[7, 1]","['31693', '21543', '46660', '3536', '66935']",3536,1. **Different floorplan:** D,"1. **Different floorplan:** D
2. **Why:** Floorplan D is the only one that does not have a symmetrical layout with respect to the main entrance. The other floorplans (A, B, C, and E) all appear to be symmetrical in their arrangement of rooms around the main entrance, whereas D has an asymmetrical distribution of spaces, particularly noticeable in the placement of the yellow and orange rooms."
"[7, 3]","[17, 18]","['75828', '61767', '46660', '52457', '64781']",46660,1. **Different floorplan:** C,"1. **Different floorplan:** C
2. **Why:** Floorplan C is the only one that does not have a symmetrical layout with respect to the main entrance. The other floorplans (A, B, D, and E) appear to be mirror images of each other along the vertical axis passing through the main entrance, indicating a consistent underlying pattern. Floorplan C, however, shows a distinct asymmetry in the arrangement of rooms and spaces around the main entrance, suggesting a different underlying pattern."
"[17, 18]","[7, 3]","['21408', '52457', '66935', '66316', '70105']",52457,1. **Different floorplan:** B,"1. **Different floorplan:** B
2. **Why:** Floorplan B is the only one that does not have a symmetrical layout with respect to the main entrance. The other floorplans (A, C, D, and E) all appear to be mirror images of each other along the vertical axis passing through the main entrance, indicating a consistent underlying pattern. Floorplan B, however, has a unique arrangement of rooms and hallways that deviates from this symmetry, suggesting it has a different underlying pattern."
"[17, 18]","[7, 20]","['21408', '55305', '51240', '31693', '6955']",55305,1. **Different floorplan:** C,"1. **Different floorplan:** C
2. **Why:** Floorplan C is the only one that does not have a continuous hallway running from the main entrance to the opposite side of the apartment. In contrast, floorplans A, B, D, and E all feature a continuous hallway that extends from the main entrance to the far end of the apartment, which is a consistent pattern in the other four floorplans."
"[7, 1]","[17, 18]","['53652', '3536', '66316', '12421', '12376']",66316,1. **Different floorplan:** C,"1. **Different floorplan:** C
2. **Why:** Floorplan C is the only one that does not have a symmetrical layout with respect to the main entrance. The other floorplans (A, B, D, and E) all appear to be mirror images of each other along the vertical axis passing through the main entrance, indicating a consistent underlying pattern. Floorplan C, however, has a unique arrangement of rooms and hallways that deviates from this symmetry, suggesting it has a different underlying pattern."
"[17, 18]","[7, 1]","['70105', '21408', '8109', '66935', '6955']",8109,1. **Different floorplan:** C,"1. **Different floorplan:** C
2. **Why:** Floorplan C is the only one that does not have a symmetrical layout with respect to the main entrance. The other floorplans (A, B, D, and E) appear to be mirror images of each other along the vertical axis passing through the main entrance, indicating a consistent underlying pattern. Floorplan C, however, has a unique arrangement of rooms and hallways that deviates from this symmetry, suggesting it has a different underlying pattern."
"[7, 1]","[17, 18]","['6955', '53652', '3536', '10825', '16951']",6955,1. **Different floorplan:** A,"1. **Different floorplan:** A
2. **Why:** Floorplan A is the only one that does not have a symmetrical layout with respect to the main entrance. The other floorplans (B, C, D, and E) all appear to be mirror images of each other along the vertical axis passing through the main entrance, indicating a consistent underlying pattern. Floorplan A, however, has a unique arrangement of rooms and hallways that deviates from this symmetry, suggesting it has a different underlying pattern."
"[7, 1]","[17, 21]","['12376', '78147', '3536', '12421', '17550']",78147,1. **Different floorplan:** C,"1. **Different floorplan:** C
2. **Why:** Floorplan C is the only one that does not have a symmetrical layout with respect to the main entrance. The other floorplans (A, B, D, and E) appear to be mirror images of each other along the vertical axis passing through the main entrance, indicating a consistent underlying pattern. Floorplan C, however, has a unique arrangement of rooms and hallways that deviates from this symmetry, suggesting it has a different underlying pattern."
"[17, 21]","[7, 22]","['23132', '78147', '69704', '9795', '62454']",23132,1. **Different floorplan:** A,"1. **Different floorplan:** A
2. **Why:** Floorplan A is the only one that does not have a symmetrical layout with respect to the main entrance. The other floorplans (B, C, D, and E) all appear to be mirror images of each other along the vertical axis passing through the main entrance, indicating a consistent underlying pattern. Floorplan A, however, has a unique arrangement of rooms and hallways that deviates from this symmetry, suggesting it has a different underlying pattern."
"[17, 18]","[7, 20]","['31693', '66316', '70105', '2425', '51240']",2425,1. **Different floorplan:** E,"1. **Different floorplan:** E
2. **Why:** Floorplan E is the only one that does not have a symmetrical layout with respect to the main entrance. The other floorplans (A, B, C, and D) all exhibit a similar pattern where the rooms are arranged in a way that is mirrored across the main entrance line. Floorplan E has an asymmetrical arrangement of rooms around the entrance, which sets it apart from the others."
"[7, 1]","[17, 18]","['21543', '12421', '10825', '53652', '12376']",21543,1. **Different floorplan:** C,"1. **Different floorplan:** C
2. **Why:** Floorplan C is the only one that does not have a symmetrical layout with respect to the main entrance. The other floorplans (A, B, D, and E) appear to be mirror images of each other along the vertical axis passing through the main entrance, indicating a consistent underlying pattern. Floorplan C, however, has a unique arrangement of rooms and hallways that deviates from this symmetry, suggesting it has a different underlying pattern."
"[7, 1]","[17, 5]","['12421', '17550', '16951', '72055', '12376']",72055,1. **Different floorplan:** D,"1. **Different floorplan:** D
2. **Why:** Floorplan D is the only one that does not have a continuous hallway running from the main entrance to the back of the apartment. Instead, it features a more complex arrangement with multiple rooms branching off from the main entrance, which is not present in the other floorplans."
"[17, 18]","[7, 1]","['31693', '6955', '46660', '66316', '8109']",8109,1. **Different floorplan:** E,"1. **Different floorplan:** E
2. **Why:** Floorplan E is the only one that does not have a symmetrical layout with respect to the main entrance. The other floorplans (A, B, C, and D) all appear to be mirror images of each other along the vertical axis passing through the main entrance, indicating a consistent underlying pattern. Floorplan E, however, has a unique arrangement of rooms and hallways that deviates from this symmetry, suggesting it has a different underlying pattern."
"[17, 18]","[7, 22]","['6955', '46660', '70105', '40679', '21408']",40679,1. **Different floorplan:** D,"1. **Different floorplan:** D
2. **Why:** Floorplan D is the only one that does not have a symmetrical layout with respect to the main entrance. The other floorplans (A, B, C, and E) all appear to be mirror images of each other along the vertical axis passing through the main entrance, indicating a consistent underlying pattern. Floorplan D, however, has a unique arrangement of rooms and hallways that deviates from this symmetry, suggesting it has a different underlying pattern."
"[7, 1]","[17, 18]","['53652', '66316', '8109', '12376', '10825']",66316,1. **Different floorplan:** B,"1. **Different floorplan:** B
2. **Why:** Floorplan B is the only one that does not have a symmetrical layout with respect to the main entrance. The other floorplans (A, C, D, and E) appear to be mirror images of each other along the vertical axis passing through the main entrance, indicating a consistent underlying pattern. Floorplan B, however, has a unique arrangement of rooms and hallways that deviates from this symmetry, suggesting it has a different underlying pattern."
"[7, 1]","[17, 18]","['12421', '8109', '12376', '10825', '66316']",66316,1. **Different floorplan:** E,"1. **Different floorplan:** E
2. **Why:** Floorplan E is the only one that features a distinct arrangement of rooms with a unique configuration of spaces compared to the others. Specifically, it has an additional section at the top right corner that is not present in the other floorplans. This extra section disrupts the uniformity of the spatial layout found in A, B, C, and D, which all have a more consistent and symmetrical arrangement of rooms."
"[7, 1]","[17, 18]","['17550', '70105', '8109', '3536', '12421']",70105,1. **Different floorplan:** D,"1. **Different floorplan:** D
2. **Why:** Floorplan D is the only one that does not have a continuous hallway running from the main entrance to the back of the apartment. Instead, it features a large open space that appears to be a living area with a kitchen directly adjacent to it, which is not present in the other floorplans. The other floorplans all have a more traditional layout with hallways connecting various rooms."
"[17, 18]","[7, 22]","['66316', '21543', '70105', '31113', '21408']",31113,1. **Different floorplan:** E,"1. **Different floorplan:** E
2. **Why:** Floorplan E is the only one that does not have a symmetrical layout with respect to the main entrance. The other floorplans (A, B, C, and D) all exhibit a similar pattern where the rooms are arranged in a way that is mirrored across the main entrance line. Floorplan E has an asymmetrical arrangement of rooms around the entrance, which sets it apart from the others."
"[17, 18]","[7, 20]","['6955', '54372', '31693', '66316', '21408']",54372,1. **Different floorplan:** C,"1. **Different floorplan:** C
2. **Why:** Floorplan C is the only one that does not have a symmetrical layout with respect to the main entrance. The other floorplans (A, B, D, and E) all appear to be mirror images of each other along the vertical axis passing through the main entrance, indicating a consistent underlying pattern. Floorplan C, however, has a unique arrangement of rooms and hallways that deviates from this symmetry, suggesting it has a different underlying pattern."
"[7, 1]","[17, 5]","['10825', '17550', '53652', '12421', '7913']",7913,1. **Different floorplan:** E,"1. **Different floorplan:** E
2. **Why:** Floorplan E is the only one that does not have a continuous hallway running from the main entrance to the back of the apartment. Instead, it features a more complex arrangement with multiple smaller rooms and a different flow compared to the other four floorplans, which all have a similar layout with a central hallway leading to the back."
"[17, 18]","[7, 1]","['21408', '16951', '51240', '70105', '21543']",16951,1. **Different floorplan:** B,"1. **Different floorplan:** B
2. **Why:** Floorplan B is the only one that does not have a symmetrical layout with respect to the main entrance. The other floorplans (A, C, D, and E) appear to be mirror images of each other along the vertical axis passing through the main entrance, indicating a consistent underlying pattern. Floorplan B, however, has a unique arrangement of rooms and hallways that deviates from this symmetry, suggesting it has a different underlying pattern."
"[7, 1]","[17, 21]","['3536', '62454', '16951', '8109', '12421']",62454,1. **Different floorplan:** B,"1. **Different floorplan:** B
2. **Why:** Floorplan B is the only one that does not have a symmetrical layout with respect to the main entrance. The other floorplans (A, C, D, and E) all appear to be mirror images of each other along the vertical axis passing through the main entrance, indicating a consistent underlying pattern. Floorplan B, however, has a unique arrangement of rooms and hallways that deviates from this symmetry, suggesting it has a different underlying pattern."
"[17, 18]","[7, 20]","['54372', '21408', '6955', '21543', '70105']",54372,1. **Different floorplan:** B,"1. **Different floorplan:** B
2. **Why:** Floorplan B is the only one that does not have a symmetrical layout with respect to the main entrance. The other floorplans (A, C, D, and E) appear to be mirror images of each other along the vertical axis passing through the main entrance, indicating a consistent underlying pattern. Floorplan B, however, has a unique arrangement of rooms and hallways that deviates from this symmetry, suggesting it has a different underlying pattern."
"[7, 1]","[17, 18]","['31693', '10825', '53652', '12376', '3536']",31693,1. **Different floorplan:** E,"1. **Different floorplan:** E
2. **Why:** Floorplan E is the only one that does not have a symmetrical layout with respect to the main entrance. The other floorplans (A, B, C, and D) all exhibit a similar pattern where the rooms are arranged in a way that is mirrored across the main entrance line, creating a balanced and symmetrical design. Floorplan E, however, has an asymmetrical arrangement of rooms around the main entrance, which sets it apart from the others."
"[17, 5]","[7, 20]","['33045', '72055', '55305', '7913', '50221']",55305,1. **Different floorplan:** C,"1. **Different floorplan:** C
2. **Why:** Floorplan C is the only one that does not have a symmetrical layout with respect to the main entrance. The other floorplans (A, B, D, and E) appear to be mirror images of each other along the vertical axis passing through the main entrance, indicating a consistent underlying pattern. Floorplan C, however, has a unique arrangement of rooms and hallways that deviates from this symmetry, suggesting it has a different underlying pattern."
"[7, 1]","[17, 5]","['12376', '53652', '16951', '10825', '72055']",72055,1. **Different floorplan:** E,"1. **Different floorplan:** E
2. **Why:** Floorplan E is the only one that does not follow the same pattern as the others. The other four floorplans (A, B, C, and D) all have a similar layout where the living area (yellow) is adjacent to the kitchen (green), and the bedrooms (pink) are located at the far end of the building. Floorplan E deviates from this pattern by having the living area and kitchen in separate sections, with the living area being larger and more centrally located, which is not consistent with the other floorplans."
"[7, 22]","[17, 18]","['31113', '23132', '79411', '40679', '21408']",21408,1. **Different floorplan:** E,"1. **Different floorplan:** E
2. **Why:** Floorplan E is the only one that does not follow the same underlying pattern as the others. The other four floorplans (A, B, C, and D) all have a similar layout where the living area (yellow) is adjacent to the kitchen (orange), and the bedrooms (green) are located on the opposite side. Floorplan E deviates from this pattern by having the living area and kitchen in a different configuration, with the living area being more spread out and the kitchen positioned differently compared to the other floorplans."
"[17, 18]","[7, 1]","['51240', '66935', '66316', '12376', '6955']",12376,1. **Different floorplan:** C,"1. **Different floorplan:** C
2. **Why:** Floorplan C is the only one that does not have a continuous hallway running from the main entrance to the back of the apartment. In contrast, floors A, B, D, and E all feature a continuous hallway that extends from the main entrance to the rear of the apartment, which suggests a more uniform layout. Floorplan C appears to have a more fragmented layout with distinct sections that do not follow the same pattern as the others."
"[7, 1]","[17, 21]","['10825', '40487', '17550', '12421', '12376']",40487,1. **Different floorplan:** B,"1. **Different floorplan:** B
2. **Why:** Floorplan B is the only one that does not have a symmetrical layout with respect to the main entrance. The other floorplans (A, C, D, and E) appear to be mirror images of each other along the vertical axis passing through the main entrance, indicating a consistent underlying pattern. Floorplan B, however, shows a distinct asymmetry in the placement of rooms and the overall layout around the main entrance, making it the outlier."
"[7, 1]","[17, 18]","['17550', '53652', '10825', '12421', '70105']",70105,1. **Different floorplan:** E,"1. **Different floorplan:** E
2. **Why:** Floorplan E is the only one that does not have a continuous hallway running from the main entrance to the back of the apartment. Instead, it features a more complex layout with multiple turns and dead ends, which is distinct from the simpler, more linear patterns in A, B, C, and D."
"[17, 18]","[7, 20]","['31693', '21543', '55305', '66935', '70105']",55305,1. **Different floorplan:** C,"1. **Different floorplan:** C
2. **Why:** Floorplan C is the only one that does not have a symmetrical layout with respect to the main entrance. The other floorplans (A, B, D, and E) all appear to be mirror images of each other along the vertical axis passing through the main entrance, indicating a consistent underlying pattern. Floorplan C, however, has a unique arrangement of rooms and hallways that deviates from this symmetry, suggesting it has a different underlying pattern."
"[7, 1]","[17, 5]","['7913', '3536', '8109', '10825', '16951']",7913,1. **Different floorplan:** B,"1. **Different floorplan:** B
2. **Why:** Floorplan B is the only one that has a distinct arrangement of rooms compared to the others. In particular, it has a large central room with a smaller room attached to it, which is not present in the other floorplans. The other floorplans have more uniform layouts with similar room sizes and arrangements around a central core."
"[7, 22]","[17, 18]","['31113', '40679', '23132', '79411', '51240']",51240,1. **Different floorplan:** B,"1. **Different floorplan:** B
2. **Why:** Floorplan B is the only one that has an additional section extending from the main entrance, which is not present in the other floorplans. This extra section disrupts the uniformity of the underlying pattern shared by A, C, D, and E."
"[17, 21]","[7, 1]","['62549', '40487', '78147', '9795', '12421']",12421,1. **Different floorplan:** E,"1. **Different floorplan:** E
2. **Why:** Floorplan E is the only one that does not have a symmetrical layout with respect to the main entrance. The other floorplans (A, B, C, and D) appear to be mirror images of each other along the vertical axis passing through the main entrance, indicating a consistent underlying pattern. Floorplan E deviates from this symmetry, suggesting it has a different underlying pattern."
"[17, 18]","[7, 22]","['31113', '66316', '31693', '70105', '21408']",31113,1. **Different floorplan:** E,"1. **Different floorplan:** E
2. **Why:** Floorplan E is the only one that does not follow the same underlying pattern as the others. The other floorplans (A, B, C, and D) all have a consistent layout where the living areas are centrally located with bedrooms and bathrooms surrounding them. Floorplan E has a more complex and irregular layout, with the living area being less central and the rooms arranged in a way that deviates from the typical symmetrical design seen in the other plans."
"[7, 3]","[17, 21]","['64781', '62454', '61767', '75828', '52457']",62454,1. **Different floorplan:** E,"1. **Different floorplan:** E
2. **Why:** Floorplan E is the only one that does not have a symmetrical layout with respect to the main entrance. The other floorplans (A, B, C, and D) all exhibit a similar pattern where the rooms are arranged in a way that is mirrored across the main entrance line. Floorplan E has a unique arrangement of rooms that deviates from this symmetry, making it distinct from the others."
"[17, 18]","[7, 1]","['51240', '6955', '46660', '8109', '70105']",8109,1. **Different floorplan:** D,"1. **Different floorplan:** D
2. **Why:** Floorplan D is the only one that does not have a continuous hallway running from the main entrance to the back of the apartment. Instead, it features a more complex layout with multiple turns and dead ends, which is distinct from the simpler, more linear patterns in the other floorplans."
"[17, 21]","[7, 22]","['62549', '9795', '23132', '78147', '69704']",23132,1. **Different floorplan:** C,"1. **Different floorplan:** C
2. **Why:** Floorplan C is the only one that does not have a continuous hallway running from the main entrance to the back of the apartment. Instead, it features a more complex layout with multiple turns and a lack of a direct path to the rear, which distinguishes it from the other floorplans that all appear to have a linear or near-linear hallway pattern."
"[17, 5]","[7, 1]","['33045', '10825', '7913', '50221', '72055']",10825,1. **Different floorplan:** B,"1. **Different floorplan:** B
2. **Why:** Floorplan B is the only one that has a distinct arrangement of rooms compared to the others. In particular, it has a large central room with a smaller room attached to it, which is not present in the other floorplans. The other floorplans have more symmetrical and uniform layouts with similar room sizes and arrangements."
"[17, 18]","[7, 22]","['31693', '21543', '79411', '66935', '70105']",79411,1. **Different floorplan:** C,"1. **Different floorplan:** C
2. **Why:** Floorplan C is the only one that does not have a symmetrical layout with respect to the main entrance. The other floorplans (A, B, D, and E) all appear to be mirror images of each other along the vertical axis passing through the main entrance, indicating a consistent underlying pattern. Floorplan C, however, has a unique arrangement of rooms and hallways that deviates from this symmetry, suggesting it has a different underlying pattern."
"[17, 18]","[7, 1]","['21408', '66316', '53652', '46660', '51240']",53652,1. **Different floorplan:** C,"1. **Different floorplan:** C
2. **Why:** Floorplan C is the only one that does not have a symmetrical layout with respect to the main entrance. The other floorplans (A, B, D, and E) all appear to be mirror images of each other along the vertical axis passing through the main entrance, indicating a consistent underlying pattern. Floorplan C, however, has a unique arrangement of rooms and hallways that deviates from this symmetry, suggesting it has a different underlying pattern."
"[7, 1]","[17, 21]","['16951', '8109', '3536', '62454', '12376']",62454,1. **Different floorplan:** C,"1. **Different floorplan:** C
2. **Why:** Floorplan C is the only one that does not have a symmetrical layout with respect to the main entrance. The other floorplans (A, B, D, and E) appear to be mirror images of each other along the vertical axis passing through the main entrance, indicating a consistent underlying pattern. Floorplan C, however, has a unique arrangement of rooms and hallways that deviates from this symmetry, suggesting it has a different underlying pattern."
"[7, 1]","[17, 18]","['12376', '51240', '3536', '16951', '12421']",51240,1. **Different floorplan:** B,"1. **Different floorplan:** B
2. **Why:** Floorplan B is the only one that has an additional hallway branching off from the main entrance, which is not present in the other floorplans. This extra hallway disrupts the uniformity of the spatial layout found in A, C, D, and E, where the main entrance leads directly into a larger open area without any additional hallways."
"[7, 1]","[17, 21]","['3536', '10825', '12421', '62549', '17550']",62549,1. **Different floorplan:** D,"1. **Different floorplan:** D
2. **Why:** Floorplan D is the only one that does not have a continuous hallway running vertically from the main entrance. In contrast, floors A, B, C, and E all feature a vertical hallway that extends from the main entrance up to the top of the floorplan, which is a consistent pattern in those four. Floorplan D has a more complex layout with multiple smaller rooms and no clear vertical hallway, making it distinct from the others."
"[7, 1]","[17, 18]","['3536', '10825', '8109', '31693', '16951']",31693,1. **Different floorplan:** D,"1. **Different floorplan:** D
2. **Why:** Floorplan D is the only one that does not have a continuous hallway running vertically from the main entrance. In contrast, floors A, B, C, and E all feature a vertical hallway that extends from the main entrance up to the top level, which is a consistent pattern in those plans. Floorplan D breaks this pattern by having a different arrangement of rooms and hallways around the central area, making it distinct from the others."
"[17, 18]","[7, 3]","['70105', '66935', '61767', '6955', '31693']",61767,1. **Different floorplan:** E,"1. **Different floorplan:** E
2. **Why:** Floorplan E is the only one that does not have a continuous hallway running from the main entrance to the far end of the apartment. Instead, it features a more compact arrangement with rooms clustered together, which is distinct from the other floorplans that all have a more linear layout with a clear path from the entrance to the back of the apartment."
"[17, 18]","[7, 3]","['46660', '21543', '75828', '66316', '66935']",75828,1. **Different floorplan:** C,"1. **Different floorplan:** C
2. **Why:** Floorplan C is the only one that does not have a symmetrical layout with respect to the main entrance. The other floorplans (A, B, D, and E) all appear to be mirror images of each other along the vertical axis passing through the main entrance, indicating a consistent underlying pattern. Floorplan C, however, has a unique arrangement of rooms and hallways that deviates from this symmetry, suggesting it has a different underlying pattern."
"[7, 1]","[17, 21]","['8109', '9795', '10825', '12421', '3536']",9795,1. **Different floorplan:** E,"1. **Different floorplan:** E
2. **Why:** Floorplan E is the only one that does not have a symmetrical layout with respect to the main entrance. The other floorplans (A, B, C, and D) all appear to be mirror images of each other along the vertical axis passing through the main entrance, indicating a consistent underlying pattern. Floorplan E, however, has a unique arrangement of rooms and hallways that deviates from this symmetry, suggesting it has a different underlying pattern."
"[7, 1]","[17, 5]","['50221', '8109', '16951', '12376', '17550']",50221,1. **Different floorplan:** C,"1. **Different floorplan:** C
2. **Why:** Floorplan C is the only one that does not have a symmetrical layout with respect to the main entrance. The other floorplans (A, B, D, and E) appear to be mirror images of each other along the vertical axis passing through the main entrance, indicating a consistent underlying pattern. Floorplan C, however, has a unique arrangement of rooms and hallways that deviates from this symmetry, suggesting it has a different underlying pattern."
"[17, 21]","[7, 20]","['9795', '78147', '69704', '2425', '40487']",2425,1. **Different floorplan:** D,"1. **Different floorplan:** D
2. **Why:** Floorplan D is the only one that does not have a continuous hallway running from the main entrance to the back of the apartment. Instead, it features a more complex layout with multiple turns and a smaller section that appears to be a separate unit or a different type of space, which distinguishes it from the other floorplans that maintain a more linear and consistent layout."
"[17, 21]","[7, 20]","['40487', '78147', '54372', '9795', '62549']",54372,1. **Different floorplan:** C,"1. **Different floorplan:** C
2. **Why:** Floorplan C is the only one that does not have a symmetrical layout with respect to the main entrance. The other floorplans (A, B, D, and E) appear to be mirror images of each other along the vertical axis passing through the main entrance, indicating a consistent underlying pattern. Floorplan C, however, shows a distinct asymmetry in the placement of rooms and the overall layout around the main entrance, making it unique compared to the others."
"[7, 1]","[17, 5]","['17550', '16951', '50221', '3536', '10825']",50221,1. **Different floorplan:** C,"1. **Different floorplan:** C
2. **Why:** Floorplan C is the only one that does not have a symmetrical layout with respect to the main entrance. The other floorplans (A, B, D, and E) all appear to be mirror images of each other along the vertical axis passing through the main entrance, indicating a consistent underlying pattern. Floorplan C, however, has a unique arrangement of rooms and hallways that deviates from this symmetry, suggesting it has a different underlying pattern."
"[17, 18]","[7, 1]","['31693', '21543', '51240', '46660', '10825']",10825,1. **Different floorplan:** E,"1. **Different floorplan:** E
2. **Why:** Floorplan E is the only one that does not have a symmetrical layout with respect to the main entrance. The other floorplans (A, B, C, and D) all appear to be mirror images of each other along the vertical axis passing through the main entrance, indicating a consistent underlying pattern. Floorplan E, however, has a unique arrangement of rooms and hallways that deviates from this symmetry, suggesting it has a different underlying pattern."
"[7, 1]","[17, 21]","['78147', '8109', '12421', '17550', '10825']",78147,1. **Different floorplan:** C,"1. **Different floorplan:** C
2. **Why:** Floorplan C is the only one that does not have a symmetrical layout with respect to the main entrance. The other floorplans (A, B, D, and E) appear to be mirror images of each other along the vertical axis passing through the main entrance, indicating a consistent underlying pattern. Floorplan C, however, has a unique arrangement of rooms and hallways that deviates from this symmetry, suggesting it has a different underlying pattern."
"[17, 18]","[7, 20]","['31693', '21408', '46660', '66316', '2277']",2277,1. **Different floorplan:** E,"1. **Different floorplan:** E
2. **Why:** Floorplan E is the only one that does not have a symmetrical layout with respect to the main entrance. The other floorplans (A, B, C, and D) all exhibit a similar pattern where the rooms are arranged in a way that is mirrored across the main entrance line. Floorplan E has an asymmetrical arrangement of rooms around the entrance, which sets it apart from the others."
"[17, 18]","[7, 1]","['70105', '66316', '31693', '12421', '6955']",12421,1. **Different floorplan:** C,"1. **Different floorplan:** C
2. **Why:** Floorplan C is the only one that does not have a continuous hallway running from the main entrance to the far end of the apartment. Instead, it features a T-shaped layout with a central room branching off into two smaller rooms, which is distinct from the linear layouts in A, B, D, and E."
"[7, 1]","[17, 18]","['12376', '51240', '3536', '12421', '53652']",51240,1. **Different floorplan:** B,"1. **Different floorplan:** B
2. **Why:** Floorplan B is the only one that has an additional hallway branching off from the main entrance, which is not present in the other floorplans. This extra hallway disrupts the uniformity of the spatial layout found in A, C, D, and E, where the main entrance leads directly into a larger open area without any additional hallways."
"[17, 18]","[7, 1]","['66316', '12421', '21408', '70105', '51240']",12421,1. **Different floorplan:** B,"1. **Different floorplan:** B
2. **Why:** Floorplan B is the only one that does not have a symmetrical layout with respect to the main entrance. The other floorplans (A, C, D, and E) all appear to be mirror images of each other along the vertical axis passing through the main entrance, indicating a consistent underlying pattern. Floorplan B, however, has a unique arrangement of rooms and hallways that deviates from this symmetry, suggesting it has a different underlying pattern."
"[7, 20]","[17, 18]","['54372', '2277', '55305', '2425', '46660']",46660,1. **Different floorplan:** E,"1. **Different floorplan:** E
2. **Why:** Floorplan E is the only one that does not have a symmetrical layout with respect to the main entrance. The other four floorplans (A, B, C, and D) all exhibit a similar pattern where the rooms are arranged in a way that is mirrored across the main entrance line. Floorplan E has a unique arrangement of rooms that deviates from this symmetry, making it distinct from the others."
"[7, 1]","[17, 21]","['8109', '3536', '10825', '12376', '9795']",9795,1. **Different floorplan:** E,"1. **Different floorplan:** E
2. **Why:** Floorplan E is the only one that does not have a symmetrical layout with respect to the main entrance. The other floorplans (A, B, C, and D) all appear to be mirror images of each other along the vertical axis passing through the main entrance, indicating a consistent underlying pattern. Floorplan E, however, has a unique arrangement of rooms and hallways that deviates from this symmetry, suggesting it has a different underlying pattern."
"[17, 18]","[7, 20]","['66935', '2425', '31693', '51240', '70105']",2425,1. **Different floorplan:** B,"1. **Different floorplan:** B
2. **Why:** Floorplan B is the only one that does not have a symmetrical layout with respect to the main entrance. The other floorplans (A, C, D, and E) appear to be mirror images of each other along the vertical axis passing through the main entrance, indicating a consistent underlying pattern. Floorplan B, however, has a unique arrangement of rooms and hallways that deviates from this symmetry, suggesting it has a different underlying pattern."
"[17, 18]","[7, 1]","['8109', '21408', '21543', '51240', '66935']",8109,1. **Different floorplan:** D,"1. **Different floorplan:** D
2. **Why:** Floorplan D is the only one that does not have a symmetrical layout with respect to the main entrance. The other floorplans (A, B, C, and E) all appear to be mirror images of each other along the vertical axis passing through the main entrance, indicating a consistent underlying pattern. Floorplan D, however, has a unique arrangement of rooms and hallways that deviates from this symmetry, suggesting it has a different underlying pattern."
"[17, 18]","[7, 20]","['21408', '6955', '31693', '21543', '55305']",55305,1. **Different floorplan:** E,"1. **Different floorplan:** E
2. **Why:** Floorplan E is the only one that does not have a symmetrical layout with respect to the main entrance. The other floorplans (A, B, C, and D) all exhibit a similar pattern where the rooms are arranged in a way that is mirrored across the main entrance line. Floorplan E has a unique arrangement of rooms that deviates from this symmetry, making it distinct from the others."
"[7, 1]","[17, 18]","['3536', '53652', '8109', '6955', '16951']",6955,1. **Different floorplan:** D,"1. **Different floorplan:** D
2. **Why:** Floorplan D is the only one that does not have a continuous hallway running vertically from the main entrance. In contrast, floors A, B, C, and E all feature a vertical hallway that extends from the main entrance to the top of the floorplan, which is a consistent pattern in the other four."
"[17, 21]","[7, 20]","['69704', '55305', '62549', '78147', '9795']",55305,1. **Different floorplan:** B,"1. **Different floorplan:** B
2. **Why:** Floorplan B is the only one that does not have a symmetrical layout with respect to the main entrance. The other floorplans (A, C, D, and E) all appear to be mirror images of each other along the vertical axis passing through the main entrance, indicating a consistent underlying pattern. Floorplan B, however, has a unique arrangement of rooms and hallways that deviates from this symmetry, suggesting it has a different underlying pattern."
"[17, 18]","[7, 22]","['31693', '40679', '70105', '66316', '66935']",40679,1. **Different floorplan:** B,"1. **Different floorplan:** B
2. **Why:** Floorplan B is the only one that has an additional section extending from the main entrance, which is not present in the other floorplans. This extra section disrupts the uniformity of the spatial layout compared to A, C, D, and E, where the main entrance leads directly into a consistent arrangement of rooms without any additional protrusions."
"[17, 18]","[7, 22]","['6955', '66316', '21543', '46660', '79411']",79411,1. **Different floorplan:** E,"1. **Different floorplan:** E
2. **Why:** Floorplan E is the only one that does not have a symmetrical layout with respect to the main entrance. The other floorplans (A, B, C, and D) all appear to be mirror images of each other along the vertical axis passing through the main entrance, indicating a consistent underlying pattern. Floorplan E, however, has a unique arrangement of rooms and hallways that deviates from this symmetry, suggesting it has a different underlying pattern."
"[7, 1]","[17, 21]","['12376', '78147', '12421', '17550', '10825']",78147,1. **Different floorplan:** B,"1. **Different floorplan:** B
2. **Why:** Floorplan B is the only one that does not have a symmetrical layout with respect to the main entrance. The other floorplans (A, C, D, and E) appear to be mirror images of each other along the vertical axis passing through the main entrance, indicating a consistent underlying pattern. Floorplan B, however, shows a distinct asymmetry in the placement of rooms and the overall layout around the main entrance, making it unique compared to the others."
"[17, 21]","[7, 3]","['62549', '75828', '78147', '69704', '62454']",75828,1. **Different floorplan:** B,"1. **Different floorplan:** B
2. **Why:** Floorplan B is the only one that does not have a symmetrical layout with respect to the main entrance. The other floorplans (A, C, D, and E) all appear to be mirror images of each other along the vertical axis passing through the main entrance, indicating a consistent underlying pattern. Floorplan B, however, has a unique arrangement of rooms and hallways that deviates from this symmetry, suggesting it has a different underlying pattern."
"[7, 1]","[17, 5]","['7913', '16951', '17550', '10825', '12376']",7913,1. **Different floorplan:** B,"1. **Different floorplan:** B
2. **Why:** Floorplan B is the only one that has a distinct arrangement of rooms compared to the others. In all other floorplans (A, C, D, and E), the living area (yellow) is consistently positioned towards the back of the apartment, with the kitchen (orange) and bedrooms (green and pink) arranged around it in a similar manner. However, in floorplan B, the living area is placed closer to the entrance, which is unusual for the given pattern. This suggests that floorplan B has a different underlying pattern."
"[17, 21]","[7, 20]","['62454', '2425', '9795', '69704', '78147']",2425,1. **Different floorplan:** B,"1. **Different floorplan:** B
2. **Why:** Floorplan B is the only one that has a distinct arrangement of rooms compared to the others. In all other floorplans (A, C, D, and E), the living area (yellow) is consistently positioned towards the back of the apartment, with the kitchen (green) and bedrooms (pink) arranged around it in a similar manner. However, in floorplan B, the living area is placed closer to the entrance, and the kitchen is located at the front, which is not seen in the other floorplans. This unique configuration makes floorplan B stand out from the rest."
"[17, 18]","[7, 20]","['51240', '66935', '55305', '46660', '6955']",55305,1. **Different floorplan:** C,"1. **Different floorplan:** C
2. **Why:** Floorplan C is the only one that does not have a symmetrical layout with respect to the main entrance. The other floorplans (A, B, D, and E) all appear to be mirror images of each other along the vertical axis passing through the main entrance, indicating a consistent underlying pattern. Floorplan C, however, has a unique arrangement of rooms and hallways that deviates from this symmetry, suggesting it has a different underlying pattern."
"[7, 3]","[17, 21]","['40487', '52457', '64781', '61767', '75828']",40487,1. **Different floorplan:** C,"1. **Different floorplan:** C
2. **Why:** Floorplan C is the only one that does not have a symmetrical layout with respect to the main entrance. The other floorplans (A, B, D, and E) appear to be mirror images of each other along the vertical axis passing through the main entrance, indicating a consistent underlying pattern. Floorplan C, however, has a unique arrangement of rooms and hallways that deviates from this symmetry, suggesting it has a different underlying pattern."
"[17, 18]","[7, 3]","['66316', '51240', '64781', '21408', '31693']",64781,1. **Different floorplan:** C,"1. **Different floorplan:** C
2. **Why:** Floorplan C is the only one that does not have a symmetrical layout with respect to the main entrance. The other floorplans (A, B, D, and E) all appear to be mirror images of each other along the vertical axis passing through the main entrance, indicating a consistent underlying pattern. Floorplan C, however, has a unique arrangement of rooms and hallways that deviates from this symmetry, suggesting it has a different underlying pattern."
"[7, 1]","[17, 5]","['12421', '10825', '16951', '72055', '53652']",72055,1. **Different floorplan:** D,"1. **Different floorplan:** D
2. **Why:** Floorplan D is the only one that does not have a continuous hallway running vertically from the main entrance. In contrast, floors A, B, C, and E all feature a vertical hallway that extends from the main entrance up to the top of the floorplan, which is a consistent pattern in the other four."
"[7, 1]","[17, 18]","['12376', '16951', '51240', '3536', '8109']",51240,1. **Different floorplan:** C,"1. **Different floorplan:** C
2. **Why:** Floorplan C is the only one that does not have a symmetrical layout with respect to the main entrance. The other floorplans (A, B, D, and E) appear to be mirror images of each other along the vertical axis passing through the main entrance, indicating a consistent underlying pattern. Floorplan C, however, has a unique arrangement of rooms and hallways that deviates from this symmetry, suggesting it has a different underlying pattern."
"[17, 18]","[7, 20]","['46660', '54372', '31693', '66935', '70105']",54372,1. **Different floorplan:** C,"1. **Different floorplan:** C
2. **Why:** Floorplan C is the only one that does not have a symmetrical layout with respect to the main entrance. The other floorplans (A, B, D, and E) all appear to be mirror images of each other along the vertical axis passing through the main entrance, indicating a consistent underlying pattern. Floorplan C, however, has a unique arrangement of rooms and hallways that deviates from this symmetry, suggesting it has a different underlying pattern."
"[17, 21]","[7, 1]","['8109', '40487', '69704', '9795', '62454']",8109,1. **Different floorplan:** A,"1. **Different floorplan:** A
2. **Why:** Floorplan A is the only one that does not have a symmetrical layout with respect to the main entrance. The other floorplans (B, C, D, and E) all appear to be mirror images of each other along the vertical axis passing through the main entrance, indicating a consistent underlying pattern. Floorplan A, however, has a unique arrangement of rooms and hallways that deviates from this symmetry, suggesting it has a different underlying pattern."
"[17, 18]","[7, 3]","['21543', '46660', '66935', '66316', '64781']",64781,1. **Different floorplan:** E,"1. **Different floorplan:** E
2. **Why:** Floorplan E is the only one that does not have a symmetrical layout with respect to the main entrance. The other floorplans (A, B, C, and D) all appear to be mirror images of each other along the vertical axis passing through the main entrance, indicating a consistent underlying pattern. Floorplan E, however, has a unique arrangement of rooms and hallways that deviates from this symmetry, suggesting it has a different underlying pattern."
"[17, 21]","[7, 3]","['9795', '40487', '61767', '78147', '62454']",61767,1. **Different floorplan:** C,"1. **Different floorplan:** C
2. **Why:** Floorplan C is the only one that does not have a symmetrical layout with respect to the main entrance. The other floorplans (A, B, D, and E) all appear to be mirror images of each other along the vertical axis passing through the main entrance, indicating a consistent underlying pattern. Floorplan C, however, has a unique arrangement of rooms and hallways that deviates from this symmetry, suggesting it has a different underlying pattern."
"[7, 1]","[17, 18]","['6955', '8109', '53652', '3536', '12376']",6955,1. **Different floorplan:** D,"1. **Different floorplan:** D
2. **Why:** Floorplan D is the only one that does not have a continuous hallway running from the main entrance to the back of the apartment. Instead, it features a more complex layout with multiple turns and dead ends, which is distinct from the simpler, more linear patterns in the other floorplans."
"[7, 22]","[17, 18]","['70105', '31113', '40679', '79411', '23132']",70105,1. **Different floorplan:** E,"1. **Different floorplan:** E
2. **Why:** Floorplan E is the only one that does not have a continuous hallway running from the main entrance to the far end of the apartment. All other floorplans (A, B, C, and D) have a continuous hallway that extends from the main entrance to the opposite side of the apartment, which is a common design feature in many apartment layouts. Floorplan E breaks this pattern by having a more complex layout with multiple rooms branching off from the main entrance without a direct path to the far end."
"[17, 21]","[7, 1]","['78147', '9795', '62454', '62549', '16951']",16951,1. **Different floorplan:** E,"1. **Different floorplan:** E
2. **Why:** Floorplan E is the only one that does not have a symmetrical layout with respect to the main entrance. The other floorplans (A, B, C, and D) all appear to be mirror images of each other along the vertical axis passing through the main entrance, indicating a consistent underlying pattern. Floorplan E, however, has a unique arrangement of rooms and hallways that deviates from this symmetry, suggesting it has a different underlying pattern."
"[17, 21]","[7, 20]","['62549', '69704', '40487', '54372', '9795']",54372,1. **Different floorplan:** D,"1. **Different floorplan:** D
2. **Why:** Floorplan D is the only one that does not have a continuous hallway running from the main entrance to the back of the apartment. Instead, it features a more complex layout with multiple turns and dead ends, which is distinct from the simpler, linear patterns in the other floorplans."
"[17, 18]","[7, 3]","['61767', '66316', '31693', '51240', '46660']",61767,1. **Different floorplan:** A,"1. **Different floorplan:** A
2. **Why:** Floorplan A is the only one that does not have a symmetrical layout with respect to the main entrance. The other floorplans (B, C, D, and E) all appear to be mirror images of each other along the vertical axis passing through the main entrance, indicating a consistent underlying pattern. Floorplan A, however, has a unique arrangement of rooms and hallways that deviates from this symmetry, suggesting it has a different underlying pattern."
"[17, 21]","[7, 1]","['40487', '62454', '3536', '69704', '9795']",3536,1. **Different floorplan:** C,"1. **Different floorplan:** C
2. **Why:** Floorplan C is the only one that has a different arrangement of rooms compared to the others. In all other floorplans (A, B, D, and E), the living room (yellow) is adjacent to the kitchen (orange) and the bedrooms (green and pink) are positioned in a similar manner. However, in floorplan C, the living room is not directly connected to the kitchen, and the bedroom arrangement is also distinct from the others. This unique configuration makes it stand out as having a different underlying pattern."
"[17, 18]","[7, 20]","['2425', '46660', '70105', '6955', '66316']",2425,1. **Different floorplan:** B,"1. **Different floorplan:** B
2. **Why:** Floorplan B is the only one that does not have a symmetrical layout with respect to the main entrance. The other floorplans (A, C, D, and E) all appear to be mirror images of each other along the vertical axis passing through the main entrance, indicating a consistent underlying pattern. Floorplan B, however, has a unique arrangement of rooms and hallways that deviates from this symmetry, suggesting it has a different underlying pattern."
"[17, 21]","[7, 3]","['52457', '40487', '62549', '69704', '9795']",52457,1. **Different floorplan:** C,"1. **Different floorplan:** C
2. **Why:** Floorplan C is the only one that does not have a symmetrical layout with respect to the main entrance. The other floorplans (A, B, D, and E) appear to be mirror images of each other along the vertical axis passing through the main entrance, indicating a consistent underlying pattern. Floorplan C, however, has a unique arrangement of rooms and hallways that deviates from this symmetry, suggesting it has a different underlying pattern."
"[17, 18]","[7, 20]","['55305', '6955', '66935', '31693', '51240']",55305,1. **Different floorplan:** C,"1. **Different floorplan:** C
2. **Why:** Floorplan C is the only one that does not have a symmetrical layout with respect to the main entrance. The other floorplans (A, B, D, and E) all appear to be mirror images of each other along the vertical axis passing through the main entrance, indicating a consistent underlying pattern. Floorplan C, however, has a unique arrangement of rooms and hallways that deviates from this symmetry, suggesting it has a different underlying pattern."
"[17, 21]","[7, 1]","['62454', '62549', '9795', '12421', '40487']",12421,1. **Different floorplan:** B,"1. **Different floorplan:** B
2. **Why:** Floorplan B is the only one that has a distinct arrangement of rooms compared to the others. In particular, the placement of the kitchen and the living area is unique in B, with the kitchen being positioned at the top right corner and the living area directly below it, which is not the case in the other floorplans where the kitchen and living area are typically adjacent but not in such a specific orientation."
"[17, 21]","[7, 3]","['69704', '62549', '78147', '61767', '9795']",61767,1. **Different floorplan:** D,"1. **Different floorplan:** D
2. **Why:** Floorplan D is the only one that does not have a symmetrical layout with respect to the main entrance. The other floorplans (A, B, C, and E) appear to be mirror images of each other along the vertical axis passing through the main entrance, indicating a consistent underlying pattern. Floorplan D, however, has a unique arrangement of rooms and hallways that deviates from this symmetry, suggesting it has a different underlying pattern."
"[7, 1]","[17, 5]","['8109', '17550', '16951', '50221', '3536']",50221,1. **Different floorplan:** D,"1. **Different floorplan:** D
2. **Why:** Floorplan D is the only one that does not have a continuous hallway running from the main entrance to the back of the apartment. Instead, it features a more complex layout with multiple rooms branching off from the main entrance, which is not present in the other floorplans."
"[17, 21]","[7, 1]","['40487', '8109', '78147', '62549', '62454']",8109,1. **Different floorplan:** B,"1. **Different floorplan:** B
2. **Why:** Floorplan B is the only one that has a distinct arrangement of rooms compared to the others. In particular, the placement of the kitchen and the living area is unique in B, with the kitchen being positioned at the top right corner and the living area directly below it, which is not the case in the other floorplans where the kitchen and living area are typically adjacent but not in such a specific orientation."
"[7, 1]","[17, 18]","['70105', '8109', '10825', '12421', '16951']",70105,1. **Different floorplan:** E,"1. **Different floorplan:** E
2. **Why:** Floorplan E is the only one that does not have a continuous hallway running from the main entrance to the back of the apartment. Instead, it has a more scattered arrangement of rooms with no clear central pathway, unlike the other floorplans which all feature a continuous hallway."
"[7, 1]","[17, 18]","['46660', '17550', '3536', '53652', '10825']",46660,1. **Different floorplan:** C,"1. **Different floorplan:** C
2. **Why:** Floorplan C is the only one that does not have a symmetrical layout with respect to the main entrance. The other floorplans (A, B, D, and E) appear to be mirror images of each other along the vertical axis passing through the main entrance, indicating a consistent underlying pattern. Floorplan C, however, has a unique arrangement of rooms and hallways that deviates from this symmetry, suggesting it has a different underlying pattern."
"[17, 18]","[7, 20]","['31693', '46660', '21543', '21408', '2277']",2277,1. **Different floorplan:** E,"1. **Different floorplan:** E
2. **Why:** Floorplan E is the only one that does not have a symmetrical layout with respect to the main entrance. All other floorplans (A, B, C, and D) appear to be mirror images of each other along the vertical axis passing through the main entrance, indicating a consistent underlying pattern. Floorplan E, however, has a unique arrangement of rooms and hallways that deviates from this symmetry, suggesting it has a different underlying pattern."
"[17, 21]","[7, 3]","['78147', '75828', '62454', '9795', '69704']",75828,1. **Different floorplan:** B,"1. **Different floorplan:** B
2. **Why:** Floorplan B is the only one that has a distinct arrangement of rooms compared to the others. In particular, it has a unique configuration where the living area (yellow) is directly connected to the kitchen (orange) without any intermediate spaces like a hallway or dining area, which is not present in the other floorplans. This direct connection makes B stand out from the rest, indicating a different underlying pattern."
"[17, 21]","[7, 1]","['78147', '40487', '9795', '62454', '10825']",10825,1. **Different floorplan:** E,"1. **Different floorplan:** E
2. **Why:** Floorplan E is the only one that does not have a symmetrical layout with respect to the main entrance. The other floorplans (A, B, C, and D) all appear to be mirror images of each other along the vertical axis passing through the main entrance, indicating a consistent underlying pattern. Floorplan E, however, has a unique arrangement of rooms and hallways that deviates from this symmetry, suggesting it has a different underlying pattern."
"[17, 21]","[7, 3]","['52457', '78147', '69704', '62549', '62454']",52457,1. **Different floorplan:** A,"1. **Different floorplan:** A
2. **Why:** Floorplan A is the only one that does not have a symmetrical layout with respect to the main entrance. The other floorplans (B, C, D, and E) all appear to be mirror images of each other along the vertical axis passing through the main entrance, indicating a consistent underlying pattern. Floorplan A, however, has a unique arrangement of rooms and hallways that deviates from this symmetry, suggesting it has a different underlying pattern."
"[7, 1]","[17, 5]","['12376', '53652', '8109', '16951', '33045']",33045,1. **Different floorplan:** E,"1. **Different floorplan:** E
2. **Why:** Floorplan E is the only one that does not have a symmetrical layout with respect to the main entrance. The other floorplans (A, B, C, and D) all appear to be mirror images of each other along the vertical axis passing through the main entrance, indicating a consistent underlying pattern. Floorplan E, however, has a unique arrangement of rooms and hallways that deviates from this symmetry, suggesting it has a different underlying pattern."
"[7, 1]","[17, 21]","['12376', '40487', '16951', '8109', '12421']",40487,1. **Different floorplan:** B,"1. **Different floorplan:** B
2. **Why:** Floorplan B is the only one that does not have a symmetrical layout with respect to the main entrance. The other floorplans (A, C, D, and E) appear to be mirror images of each other along the vertical axis passing through the main entrance, indicating a consistent underlying pattern. Floorplan B, however, shows a distinct asymmetry in the placement of rooms and the overall layout around the main entrance, making it unique among the others."
"[7, 1]","[17, 5]","['12376', '16951', '10825', '53652', '33045']",33045,1. **Different floorplan:** E,"1. **Different floorplan:** E
2. **Why:** Floorplan E is the only one that does not have a continuous hallway running from the main entrance to the back of the apartment. Instead, it features a more open layout with fewer distinct rooms, which sets it apart from the other floorplans that all seem to have a more traditional hallway layout."
"[7, 1]","[17, 18]","['3536', '12376', '16951', '10825', '21408']",21408,1. **Different floorplan:** E,"1. **Different floorplan:** E
2. **Why:** Floorplan E is the only one that does not follow the same pattern as the others. The other four floorplans (A, B, C, and D) all have a similar layout where the living area is centrally located with bedrooms on either side, and there is a kitchen in the back. Floorplan E deviates from this pattern by having a more complex arrangement with additional rooms and a different distribution of spaces around the central living area."
"[17, 21]","[7, 3]","['9795', '62454', '64781', '40487', '78147']",64781,1. **Different floorplan:** C,"1. **Different floorplan:** C
2. **Why:** Floorplan C is the only one that does not have a symmetrical layout with respect to the main entrance. The other floorplans (A, B, D, and E) all appear to be mirror images of each other along the vertical axis passing through the main entrance, indicating a consistent underlying pattern. Floorplan C, however, shows a distinct asymmetry in the placement of rooms and the overall layout around the main entrance, making it unique among the group."
"[7, 1]","[17, 21]","['17550', '10825', '16951', '69704', '12421']",69704,1. **Different floorplan:** D,"1. **Different floorplan:** D
2. **Why:** Floorplan D is the only one that does not have a symmetrical layout with respect to the main entrance. The other floorplans (A, B, C, and E) all appear to be mirror images of each other along the vertical axis passing through the main entrance, indicating a consistent underlying pattern. Floorplan D, however, has a unique arrangement of rooms and hallways that deviates from this symmetry, suggesting it has a different underlying pattern."
"[7, 1]","[17, 18]","['16951', '51240', '12421', '17550', '12376']",51240,1. **Different floorplan:** B,"1. **Different floorplan:** B
2. **Why:** Floorplan B is the only one that has an additional hallway branching off from the main entrance, which is not present in the other floorplans. This extra hallway disrupts the uniformity of the spatial layout found in A, C, D, and E, where the main entrance leads directly into the living area without any additional hallways."
"[17, 18]","[7, 1]","['70105', '17550', '6955', '21408', '66935']",17550,1. **Different floorplan:** D,"1. **Different floorplan:** D
2. **Why:** Floorplan D is the only one that does not have a continuous hallway running from the main entrance to the back of the apartment. In contrast, floors A, B, C, and E all feature a continuous hallway that extends from the main entrance to the rear of the apartment, which is a consistent pattern in the other four floorplans."
"[17, 18]","[7, 1]","['21408', '46660', '70105', '66316', '12421']",12421,1. **Different floorplan:** E,"1. **Different floorplan:** E
2. **Why:** Floorplan E is the only one that does not have a symmetrical layout with respect to the main entrance. The other floorplans (A, B, C, and D) all appear to be mirror images of each other along the vertical axis passing through the main entrance, indicating a consistent underlying pattern. Floorplan E, however, has a unique arrangement of rooms and hallways that deviates from this symmetry, suggesting it has a different underlying pattern."
"[7, 1]","[17, 21]","['9795', '8109', '3536', '10825', '53652']",9795,1. **Different floorplan:** C,"1. **Different floorplan:** C
2. **Why:** Floorplan C is the only one that does not have a symmetrical layout with respect to the main entrance. The other floorplans (A, B, D, and E) appear to be mirror images of each other along the vertical axis passing through the main entrance, indicating a consistent underlying pattern. Floorplan C, however, has a unique arrangement of rooms and hallways that deviates from this symmetry, suggesting it has a different underlying pattern."
"[17, 18]","[7, 20]","['66935', '21543', '66316', '54372', '70105']",54372,1. **Different floorplan:** B,"1. **Different floorplan:** B
2. **Why:** Floorplan B is the only one that has a distinct arrangement of rooms compared to the others. In particular, it features a central square room that is not present in the other floorplans. This central square room is surrounded by other rooms, which differ in their configuration from the rest of the floorplans. The other floorplans (A, C, D, and E) all have a more consistent layout with rectangular rooms and no central square room."
"[17, 18]","[7, 1]","['10825', '66935', '21543', '70105', '51240']",10825,1. **Different floorplan:** B,"1. **Different floorplan:** B
2. **Why:** Floorplan B is the only one that does not follow the same underlying pattern as the others. The other floorplans (A, C, D, and E) all have a consistent layout where the living area (yellow) is adjacent to the kitchen (orange), and the bedrooms (green) are located in the opposite side of the house. Floorplan B deviates from this pattern by placing the kitchen and living area in a different configuration compared to the rest, making it stand out as having a different underlying pattern."
"[7, 1]","[17, 5]","['12376', '3536', '10825', '53652', '33045']",33045,1. **Different floorplan:** E,"1. **Different floorplan:** E
2. **Why:** Floorplan E is the only one that does not have a continuous hallway running from the main entrance to the back of the apartment. Instead, it features a more open layout with multiple rooms directly connected at the entrance, which is distinct from the other floorplans that maintain a more traditional hallway design."
"[17, 21]","[7, 1]","['69704', '40487', '62549', '53652', '78147']",53652,1. **Different floorplan:** D,"1. **Different floorplan:** D
2. **Why:** Floorplan D is the only one that does not have a symmetrical layout with respect to the main entrance. The other floorplans (A, B, C, and E) all appear to be mirror images of each other along the vertical axis passing through the main entrance, indicating a consistent underlying pattern. Floorplan D, however, has a unique arrangement of rooms and hallways that deviates from this symmetry, suggesting it has a different underlying pattern."
"[17, 18]","[7, 3]","['46660', '70105', '66316', '21543', '52457']",52457,1. **Different floorplan:** E,"1. **Different floorplan:** E
2. **Why:** Floorplan E is the only one that does not have a symmetrical layout with respect to the main entrance. The other floorplans (A, B, C, and D) all exhibit a similar pattern where the rooms are arranged in a way that is mirrored across the main entrance line. Floorplan E has a unique arrangement of rooms that deviates from this symmetry, making it distinct from the others."
"[17, 21]","[7, 20]","['9795', '78147', '2277', '62454', '40487']",2277,1. **Different floorplan:** C,"1. **Different floorplan:** C
2. **Why:** Floorplan C is the only one that features a central courtyard surrounded by rooms, which is not present in the other floorplans. All other floorplans have a more linear arrangement with rooms leading off from a central area, typically a hallway or living space. The presence of the central courtyard in C makes it distinct from the others."
"[17, 18]","[7, 1]","['21543', '66935', '8109', '21408', '6955']",8109,1. **Different floorplan:** C,"1. **Different floorplan:** C
2. **Why:** Floorplan C is the only one that does not have a symmetrical layout with respect to the main entrance. The other floorplans (A, B, D, and E) all appear to be mirror images of each other along the vertical axis passing through the main entrance, indicating a consistent underlying pattern. Floorplan C, however, has a unique arrangement of rooms and hallways that deviates from this symmetry, suggesting it has a different underlying pattern."
"[7, 1]","[17, 18]","['8109', '16951', '3536', '66316', '10825']",66316,1. **Different floorplan:** D,"1. **Different floorplan:** D
2. **Why:** Floorplan D is the only one that does not have a symmetrical layout with respect to the main entrance. The other four floorplans (A, B, C, and E) all exhibit a similar pattern where the rooms are arranged symmetrically around the main entrance, with the living area, bedrooms, and bathrooms distributed in a balanced manner. Floorplan D, however, has an asymmetrical arrangement, with the living area and bedrooms not being evenly distributed on either side of the main entrance. This asymmetry sets it apart from the others."
"[17, 18]","[7, 20]","['66316', '6955', '70105', '31693', '2277']",2277,1. **Different floorplan:** E,"1. **Different floorplan:** E
2. **Why:** Floorplan E is the only one that does not have a symmetrical layout with respect to the main entrance. The other floorplans (A, B, C, and D) all exhibit a similar pattern where the rooms are arranged in a way that is mirrored across the main entrance line. Floorplan E has an asymmetrical arrangement of rooms around the entrance, which sets it apart from the others."
"[7, 1]","[17, 18]","['8109', '3536', '12421', '17550', '51240']",51240,1. **Different floorplan:** E,"1. **Different floorplan:** E
2. **Why:** Floorplan E is the only one that features an additional room (the small pink room in the top right corner) that does not align with the typical layout of the other four floorplans. The other four floorplans have a consistent pattern of rooms arranged around a central core, with the main entrance leading into a larger space that branches out into smaller rooms. Floorplan E deviates from this pattern by introducing a new room that disrupts the symmetry and flow of the layout."
"[17, 5]","[7, 3]","['75828', '33045', '7913', '72055', '50221']",75828,1. **Different floorplan:** C,"1. **Different floorplan:** C
2. **Why:** Floorplan C is the only one that does not have a symmetrical layout with respect to the main entrance. The other floorplans (A, B, D, and E) appear to be mirror images of each other along the vertical axis passing through the main entrance, indicating a consistent underlying pattern. Floorplan C, however, has a unique arrangement of rooms and hallways that deviates from this symmetry, suggesting it has a different underlying pattern."
"[17, 18]","[7, 22]","['79411', '66316', '46660', '21543', '21408']",79411,1. **Different floorplan:** E,"1. **Different floorplan:** E
2. **Why:** Floorplan E is the only one that does not have a symmetrical layout with respect to the main entrance. The other floorplans (A, B, C, and D) all appear to be mirror images of each other along the vertical axis passing through the main entrance, indicating a consistent underlying pattern. Floorplan E, however, has a unique arrangement of rooms and hallways that deviates from this symmetry, suggesting it has a different underlying pattern."
"[17, 21]","[7, 3]","['69704', '52457', '78147', '9795', '40487']",52457,1. **Different floorplan:** B,"1. **Different floorplan:** B
2. **Why:** Floorplan B is the only one that does not have a symmetrical layout with respect to the main entrance. The other floorplans (A, C, D, and E) all appear to be mirror images of each other along the vertical axis passing through the main entrance, indicating a consistent underlying pattern. Floorplan B, however, has a unique arrangement of rooms and hallways that deviates from this symmetry, suggesting it has a different underlying pattern."
"[17, 18]","[7, 22]","['66316', '79411', '70105', '51240', '21543']",79411,1. **Different floorplan:** B,"1. **Different floorplan:** B
2. **Why:** Floorplan B is the only one that does not have a symmetrical layout with respect to the main entrance. The other floorplans (A, C, D, and E) all appear to be mirror images of each other along the vertical axis passing through the main entrance, indicating a consistent underlying pattern. Floorplan B, however, shows a distinct asymmetry in the placement of rooms and corridors around the main entrance, suggesting it has a different underlying pattern."
"[17, 18]","[7, 1]","['66316', '8109', '6955', '31693', '21408']",8109,1. **Different floorplan:** E,"1. **Different floorplan:** E
2. **Why:** Floorplan E is the only one that does not have a symmetrical layout with respect to the main entrance. The other floorplans (A, B, C, and D) all exhibit a similar pattern where the rooms are arranged in a way that is mirrored across the main entrance line. Floorplan E has an asymmetrical arrangement of rooms around the main entrance, which sets it apart from the others."
"[17, 21]","[7, 22]","['62549', '62454', '23132', '78147', '69704']",23132,1. **Different floorplan:** C,"1. **Different floorplan:** C
2. **Why:** Floorplan C is the only one that does not have a continuous hallway running from the main entrance to the back of the apartment. Instead, it features a more complex layout with multiple turns and a lack of a direct path to the back, which distinguishes it from the other floorplans that all appear to have a linear or near-linear hallway pattern."
"[17, 18]","[7, 3]","['66935', '21408', '61767', '51240', '70105']",61767,1. **Different floorplan:** C,"1. **Different floorplan:** C
2. **Why:** Floorplan C is the only one that does not have a symmetrical layout with respect to the main entrance. The other floorplans (A, B, D, and E) appear to be mirror images of each other along the vertical axis passing through the main entrance, indicating a consistent underlying pattern. Floorplan C, however, has a unique arrangement of rooms and hallways that deviates from this symmetry, suggesting it has a different underlying pattern."
"[7, 22]","[17, 18]","['40679', '23132', '79411', '46660', '31113']",46660,1. **Different floorplan:** C,"1. **Different floorplan:** C
2. **Why:** Floorplan C is the only one that does not have a symmetrical layout with respect to the main entrance. The other floorplans (A, B, D, and E) all appear to be mirror images of each other along the vertical axis passing through the main entrance, indicating a consistent underlying pattern. Floorplan C, however, has a unique arrangement of rooms and hallways that deviates from this symmetry, suggesting it has a different underlying pattern."
"[7, 1]","[17, 18]","['12421', '8109', '51240', '53652', '17550']",51240,1. **Different floorplan:** C,"1. **Different floorplan:** C
2. **Why:** Floorplan C is the only one that does not have a symmetrical layout with respect to the main entrance. The other floorplans (A, B, D, and E) appear to be mirror images of each other along the vertical axis passing through the main entrance, indicating a consistent underlying pattern. Floorplan C, however, has a unique arrangement of rooms and hallways that deviates from this symmetry, suggesting it has a different underlying pattern."
"[7, 1]","[17, 5]","['50221', '3536', '12421', '16951', '17550']",50221,1. **Different floorplan:** B,"1. **Different floorplan:** B
2. **Why:** Floorplan B is the only one that does not have a symmetrical layout with respect to the main entrance. The other floorplans (A, C, D, and E) appear to be mirror images of each other along the vertical axis passing through the main entrance, indicating a consistent underlying pattern. Floorplan B, however, shows a unique arrangement of rooms and hallways that deviates from this symmetry, suggesting it has a different underlying pattern."
"[7, 1]","[17, 5]","['12421', '50221', '8109', '53652', '17550']",50221,1. **Different floorplan:** B,"1. **Different floorplan:** B
2. **Why:** Floorplan B is the only one that has an additional room (a small yellow room) that is not present in the other four floorplans. This extra room disrupts the uniformity of the spatial layout compared to A, C, D, and E, which all have a consistent arrangement of rooms around a central core."
"[17, 18]","[7, 3]","['64781', '21543', '46660', '66935', '51240']",64781,1. **Different floorplan:** E,"1. **Different floorplan:** E
2. **Why:** Floorplan E is the only one that does not have a symmetrical layout with respect to the main entrance. The other floorplans (A, B, C, and D) appear to be mirror images of each other along the vertical axis passing through the main entrance, indicating a consistent underlying pattern. Floorplan E deviates from this symmetry, suggesting it has a different underlying pattern."
"[17, 18]","[7, 1]","['66935', '70105', '51240', '46660', '3536']",3536,1. **Different floorplan:** E,"1. **Different floorplan:** E
2. **Why:** Floorplan E has a distinct layout compared to the others. It features a single large room with a smaller room attached at one end, which is not present in the other floorplans. The other floorplans have more complex layouts with multiple rooms and corridors, making them more similar to each other."
"[7, 1]","[17, 5]","['12376', '10825', '12421', '8109', '33045']",33045,1. **Different floorplan:** E,"1. **Different floorplan:** E
2. **Why:** Floorplan E is the only one that does not have a continuous hallway running from the main entrance to the back of the apartment. Instead, it features a more complex arrangement with additional rooms and a different flow compared to the other four floorplans, which all have a similar layout with a central hallway leading to the back."
"[17, 18]","[7, 3]","['75828', '46660', '6955', '31693', '66935']",75828,1. **Different floorplan:** E,"1. **Different floorplan:** E
2. **Why:** Floorplan E is the only one that does not have a symmetrical layout with respect to the main entrance. The other floorplans (A, B, C, and D) all exhibit a similar pattern where the rooms are arranged in a way that is mirrored across the main entrance line. Floorplan E has an asymmetrical arrangement of rooms around the entrance, which sets it apart from the others."
"[7, 1]","[17, 21]","['16951', '53652', '12421', '10825', '9795']",9795,1. **Different floorplan:** E,"1. **Different floorplan:** E
2. **Why:** Floorplan E is the only one that does not have a symmetrical layout with respect to the main entrance. All other floorplans (A, B, C, and D) appear to be mirror images of each other along the vertical axis passing through the main entrance, indicating a consistent underlying pattern. Floorplan E, however, has a unique arrangement of rooms and hallways that deviates from this symmetry, suggesting it has a different underlying pattern."
"[17, 18]","[7, 1]","['21543', '70105', '46660', '53652', '51240']",53652,1. **Different floorplan:** D,"1. **Different floorplan:** D
2. **Why:** Floorplan D is the only one that does not have a symmetrical layout with respect to the main entrance. The other floorplans (A, B, C, and E) appear to be mirror images of each other along the vertical axis passing through the main entrance, indicating a consistent underlying pattern. Floorplan D, however, has a unique arrangement of rooms and hallways that deviates from this symmetry, suggesting it has a different underlying pattern."
"[7, 3]","[17, 21]","['52457', '62549', '75828', '61767', '64781']",62549,1. **Different floorplan:** B,"1. **Different floorplan:** B
2. **Why:** Floorplan B is the only one that does not have a symmetrical layout with respect to the main entrance. The other floorplans (A, C, D, and E) appear to be mirror images of each other along the vertical axis passing through the main entrance, indicating a consistent underlying pattern. Floorplan B, however, has a unique arrangement of rooms and hallways that deviates from this symmetry, suggesting it has a different underlying pattern."
"[7, 1]","[17, 5]","['53652', '12376', '16951', '50221', '10825']",50221,1. **Different floorplan:** D,"1. **Different floorplan:** D
2. **Why:** Floorplan D is the only one that does not have a continuous hallway running from the main entrance to the back of the apartment. Instead, it features a more complex arrangement with multiple rooms branching off from the entrance, which is distinct from the other floorplans that maintain a linear path."
"[7, 3]","[17, 5]","['61767', '64781', '50221', '52457', '75828']",50221,1. **Different floorplan:** C,"1. **Different floorplan:** C
2. **Why:** Floorplan C is the only one that does not have a continuous hallway running from the main entrance to the back of the apartment. Instead, it features a more complex arrangement with multiple rooms branching off from the entrance, which is distinct from the linear layout seen in the other floorplans."
"[7, 1]","[17, 18]","['12421', '53652', '6955', '16951', '17550']",6955,1. **Different floorplan:** C,"1. **Different floorplan:** C
2. **Why:** Floorplan C is the only one that does not have a continuous hallway running from the main entrance to the back of the apartment. Instead, it features a more complex layout with multiple turns and dead ends, which is distinct from the simpler, linear layouts of the other floorplans."
"[7, 1]","[17, 18]","['8109', '21408', '17550', '53652', '10825']",21408,1. **Different floorplan:** B,"1. **Different floorplan:** B
2. **Why:** Floorplan B is the only one that does not have a symmetrical layout with respect to the main entrance. The other floorplans (A, C, D, and E) appear to be mirror images of each other along the vertical axis passing through the main entrance, indicating a consistent underlying pattern. Floorplan B, however, has a unique arrangement of rooms and hallways that deviates from this symmetry, suggesting it has a different underlying pattern."
"[7, 1]","[17, 5]","['3536', '10825', '12376', '16951', '50221']",50221,1. **Different floorplan:** E,"1. **Different floorplan:** E
2. **Why:** Floorplan E is the only one that does not follow the same pattern as the others. The other four floorplans (A, B, C, and D) all have a similar layout where the living area (yellow) is adjacent to the kitchen (green), and the bedrooms (pink) are located at the far end of the building. Floorplan E deviates from this pattern by having the kitchen (green) and living area (yellow) separated by a hallway (blue) and an additional room (orange) in between, which disrupts the uniformity of the layout found in the other four floorplans."
"[17, 21]","[7, 1]","['62454', '69704', '10825', '62549', '9795']",10825,1. **Different floorplan:** C,"1. **Different floorplan:** C
2. **Why:** Floorplan C is the only one that does not have a symmetrical layout with respect to the main entrance. The other floorplans (A, B, D, and E) all appear to be mirror images of each other along the vertical axis passing through the main entrance, indicating a consistent underlying pattern. Floorplan C, however, has a unique arrangement of rooms and hallways that deviates from this symmetry, suggesting it has a different underlying pattern."
"[17, 18]","[7, 22]","['70105', '6955', '66935', '46660', '79411']",79411,1. **Different floorplan:** E,"1. **Different floorplan:** E
2. **Why:** Floorplan E is the only one that does not have a symmetrical layout with respect to the main entrance. The other floorplans (A, B, C, and D) all appear to be mirror images of each other along the vertical axis passing through the main entrance, indicating a consistent underlying pattern. Floorplan E, however, has a unique arrangement of rooms and hallways that deviates from this symmetry, suggesting it has a different underlying pattern."
"[17, 21]","[7, 22]","['9795', '79411', '62549', '69704', '62454']",79411,1. **Different floorplan:** B,"1. **Different floorplan:** B
2. **Why:** Floorplan B is the only one that does not have a symmetrical layout with respect to the main entrance. The other floorplans (A, C, D, and E) all appear to be mirror images of each other along the vertical axis passing through the main entrance, indicating a consistent underlying pattern. Floorplan B, however, has a unique arrangement of rooms and hallways that deviates from this symmetry, suggesting it has a different underlying pattern."
"[7, 1]","[17, 21]","['12421', '10825', '17550', '62549', '53652']",62549,1. **Different floorplan:** D,"1. **Different floorplan:** D
2. **Why:** Floorplan D is the only one that does not have a continuous hallway running from the main entrance to the back of the apartment. Instead, it features a more complex layout with multiple turns and dead ends, which is distinct from the simpler, linear patterns seen in A, B, C, and E."
"[17, 18]","[7, 3]","['70105', '66316', '75828', '66935', '21543']",75828,1. **Different floorplan:** C,"1. **Different floorplan:** C
2. **Why:** Floorplan C is the only one that does not have a symmetrical layout with respect to the main entrance. The other floorplans (A, B, D, and E) appear to be mirror images of each other along the vertical axis passing through the main entrance, indicating a consistent underlying pattern. Floorplan C, however, has a unique arrangement of rooms and hallways that deviates from this symmetry, suggesting it has a different underlying pattern."
"[17, 21]","[7, 3]","['62549', '9795', '62454', '40487', '75828']",75828,1. **Different floorplan:** E,"1. **Different floorplan:** E
2. **Why:** Floorplan E is the only one that does not have a symmetrical layout with respect to the main entrance. The other floorplans (A, B, C, and D) all appear to be mirror images of each other along the vertical axis passing through the main entrance, indicating a consistent underlying pattern. Floorplan E, however, has a unique arrangement of rooms and hallways that deviates from this symmetry, suggesting it has a different underlying pattern."
"[7, 1]","[17, 18]","['21408', '16951', '3536', '10825', '12421']",21408,1. **Different floorplan:** A,"1. **Different floorplan:** A
2. **Why:** Floorplan A is the only one that does not have a symmetrical layout with respect to the main entrance. The other floorplans (B, C, D, and E) all appear to be mirror images of each other along the vertical axis passing through the main entrance, indicating a consistent underlying pattern. Floorplan A, however, has a unique arrangement of rooms and hallways that deviates from this symmetry, suggesting it has a different underlying pattern."
"[17, 18]","[7, 1]","['51240', '66935', '46660', '12376', '70105']",12376,1. **Different floorplan:** D,"1. **Different floorplan:** D
2. **Why:** Floorplan D is the only one that does not have a continuous hallway running from the main entrance to the back of the apartment. In contrast, floors A, B, C, and E all feature a continuous hallway that extends from the main entrance to the rear of the apartment, which suggests a more uniform layout. Floorplan D appears to have a more complex arrangement with multiple smaller rooms and less linear flow compared to the others."
"[7, 1]","[17, 18]","['3536', '6955', '12376', '17550', '8109']",6955,1. **Different floorplan:** B,"1. **Different floorplan:** B
2. **Why:** Floorplan B is the only one that does not have a symmetrical layout with respect to the main entrance. The other floorplans (A, C, D, and E) all appear to be mirror images of each other along the vertical axis passing through the main entrance, indicating a consistent underlying pattern. Floorplan B, however, has a unique arrangement of rooms and hallways that deviates from this symmetry, suggesting it has a different underlying pattern."
"[7, 1]","[17, 5]","['17550', '12421', '53652', '16951', '72055']",72055,1. **Different floorplan:** E,"1. **Different floorplan:** E
2. **Why:** Floorplan E is the only one that does not follow the same pattern as the others. The other four floorplans (A, B, C, and D) all have a similar layout where the living area (yellow) is adjacent to the kitchen (green), and the bedrooms (pink) are located at the far end of the building. Floorplan E deviates from this pattern by having the living area and kitchen in separate sections, with the bedrooms positioned differently compared to the others."
"[17, 18]","[7, 1]","['51240', '17550', '6955', '21408', '31693']",17550,1. **Different floorplan:** E,"1. **Different floorplan:** E
2. **Why:** Floorplan E is the only one that does not have a continuous hallway running from the main entrance to the back of the apartment. Instead, it has a more compact arrangement with rooms directly connected without a clear central hallway. The other floorplans (A, B, C, and D) all feature a similar layout with a central hallway leading to various rooms, which is absent in E."
"[17, 18]","[7, 22]","['66316', '21408', '46660', '6955', '23132']",23132,1. **Different floorplan:** E,"1. **Different floorplan:** E
2. **Why:** Floorplan E is the only one that does not have a continuous hallway running from the main entrance to the far end of the apartment. Instead, it features a more compact arrangement with rooms clustered together, which is distinct from the other floorplans that all have a more linear layout with a clear path from the entrance to the back of the apartment."
"[7, 1]","[17, 18]","['3536', '66935', '10825', '16951', '12376']",66935,1. **Different floorplan:** B,"1. **Different floorplan:** B
2. **Why:** Floorplan B is the only one that includes a central hallway with multiple rooms branching off from it, which is not present in the other floorplans. The other floorplans have more varied layouts without a central hallway."
"[7, 1]","[17, 18]","['17550', '51240', '10825', '8109', '12421']",51240,1. **Different floorplan:** B,"1. **Different floorplan:** B
2. **Why:** Floorplan B is the only one that has an additional section extending from the main entrance, which is not present in the other floorplans. This extra section disrupts the uniformity of the spatial layout compared to A, C, D, and E, where the rooms are consistently arranged around a central core without any such extension."
"[7, 1]","[17, 5]","['12421', '8109', '12376', '72055', '53652']",72055,1. **Different floorplan:** D,"1. **Different floorplan:** D
2. **Why:** Floorplan D is the only one that does not have a continuous hallway running from the main entrance to the back of the apartment. Instead, it features a more complex arrangement with multiple smaller rooms and a different flow compared to the other four floorplans, which all have a similar layout with a central hallway leading to the back."
"[17, 18]","[7, 22]","['21543', '46660', '70105', '31113', '21408']",31113,1. **Different floorplan:** D,"1. **Different floorplan:** D
2. **Why:** Floorplan D is the only one that does not have a symmetrical layout with respect to the main entrance. The other floorplans (A, B, C, and E) all exhibit a similar pattern where the rooms are arranged in a way that is mirrored across the main entrance line, creating a balanced and symmetrical design. Floorplan D, however, has an asymmetrical arrangement of rooms around the main entrance, which sets it apart from the others."
"[17, 18]","[7, 3]","['46660', '70105', '51240', '52457', '21408']",52457,1. **Different floorplan:** D,"1. **Different floorplan:** D
2. **Why:** Floorplan D is the only one that does not have a symmetrical layout with respect to the main entrance. The other floorplans (A, B, C, and E) all appear to be mirror images of each other along the vertical axis passing through the main entrance, indicating a consistent underlying pattern. Floorplan D, however, has a unique arrangement of rooms and hallways that deviates from this symmetry, suggesting it has a different underlying pattern."
"[17, 21]","[7, 1]","['62454', '78147', '17550', '69704', '9795']",17550,1. **Different floorplan:** C,"1. **Different floorplan:** C
2. **Why:** Floorplan C is the only one that does not have a symmetrical layout with respect to the main entrance. The other floorplans (A, B, D, and E) appear to be mirror images of each other along the vertical axis passing through the main entrance, indicating a consistent underlying pattern. Floorplan C, however, has a unique arrangement of rooms and hallways that deviates from this symmetry, suggesting it has a different underlying pattern."
"[17, 18]","[7, 3]","['66316', '66935', '46660', '21408', '75828']",75828,1. **Different floorplan:** E,"1. **Different floorplan:** E
2. **Why:** Floorplan E is the only one that does not have a symmetrical layout with respect to the main entrance. The other floorplans (A, B, C, and D) all exhibit a similar pattern where the rooms are arranged in a way that is mirrored across the main entrance line. Floorplan E has a unique arrangement of rooms that deviates from this symmetry, making it stand out as having a different underlying pattern."
"[17, 18]","[7, 22]","['46660', '66935', '51240', '66316', '79411']",79411,1. **Different floorplan:** E,"1. **Different floorplan:** E
2. **Why:** Floorplan E is the only one that does not have a symmetrical layout with respect to the main entrance. The other floorplans (A, B, C, and D) all exhibit a similar pattern where the rooms are arranged in a way that is mirrored across the main entrance line. Floorplan E has a unique arrangement of rooms that deviates from this symmetry, making it distinct from the others."
"[17, 21]","[7, 20]","['9795', '55305', '78147', '40487', '69704']",55305,1. **Different floorplan:** B,"1. **Different floorplan:** B
2. **Why:** Floorplan B is the only one that has a distinct arrangement of rooms compared to the others. In all other floorplans (A, C, D, and E), the living area (yellow) is consistently positioned towards the back of the apartment, with the kitchen (green) and bedrooms (pink) arranged around it in a similar manner. However, in floorplan B, the living area is placed more centrally, and the kitchen is located at the front, which is not seen in the other floorplans. This unique configuration makes floorplan B stand out as having a different underlying pattern."
"[7, 1]","[17, 18]","['12421', '66316', '3536', '16951', '8109']",66316,1. **Different floorplan:** B,"1. **Different floorplan:** B
2. **Why:** Floorplan B is the only one that does not have a symmetrical layout with respect to the main entrance. The other floorplans (A, C, D, and E) all appear to be mirror images of each other along the vertical axis passing through the main entrance, indicating a consistent underlying pattern. Floorplan B, however, has a unique arrangement of rooms and hallways that deviates from this symmetry, suggesting it has a different underlying pattern."
"[7, 1]","[17, 5]","['12376', '17550', '12421', '33045', '16951']",33045,1. **Different floorplan:** D,"1. **Different floorplan:** D
2. **Why:** Floorplan D is the only one that does not have a continuous hallway running from the main entrance to the back of the apartment. Instead, it features a more complex layout with multiple rooms branching off from the main entrance, which is not present in the other floorplans."
"[17, 18]","[7, 22]","['31693', '40679', '21408', '51240', '6955']",40679,1. **Different floorplan:** B,"1. **Different floorplan:** B
2. **Why:** Floorplan B is the only one that has a distinct arrangement of rooms compared to the others. The other floorplans (A, C, D, and E) all have a similar layout with a central hallway leading to various rooms, including a living area, dining area, kitchen, and bedrooms. Floorplan B, however, has a more complex and irregular layout with additional features like a small room at the end of the hallway and a different configuration of the kitchen and dining areas. This makes it stand out from the rest in terms of spatial organization and room distribution."
"[17, 21]","[7, 20]","['69704', '40487', '9795', '2277', '62454']",2277,1. **Different floorplan:** D,"1. **Different floorplan:** D
2. **Why:** Floorplan D is the only one that contains a central hallway with multiple rooms branching off from it, which is not present in the other floorplans. The other floorplans have more compact layouts without a central hallway."
"[17, 21]","[7, 3]","['9795', '62549', '62454', '40487', '64781']",64781,1. **Different floorplan:** E,"1. **Different floorplan:** E
2. **Why:** Floorplan E is the only one that does not have a symmetrical layout with respect to the main entrance. The other floorplans (A, B, C, and D) all appear to be mirror images of each other along the vertical axis passing through the main entrance, indicating a consistent underlying pattern. Floorplan E, however, has a unique arrangement of rooms and hallways that deviates from this symmetry, suggesting it has a different underlying pattern."
"[7, 1]","[17, 18]","['51240', '10825', '53652', '17550', '12376']",51240,1. **Different floorplan:** C,"1. **Different floorplan:** C
2. **Why:** Floorplan C is the only one that does not have a continuous hallway running from the main entrance to the back of the apartment. Instead, it has a more compact arrangement with rooms directly connected without a clear central hallway, which distinguishes it from the other floorplans that all feature a similar layout with a central hallway."
"[17, 5]","[7, 3]","['7913', '52457', '50221', '72055', '33045']",52457,1. **Different floorplan:** B,"1. **Different floorplan:** B
2. **Why:** Floorplan B is the only one that does not have a symmetrical layout with respect to the main entrance. The other floorplans (A, C, D, and E) appear to be mirror images of each other along the vertical axis passing through the main entrance, indicating a consistent underlying pattern. Floorplan B, however, has a unique arrangement of rooms and hallways that deviates from this symmetry, suggesting it has a different underlying pattern."
"[17, 21]","[7, 1]","['78147', '40487', '62549', '69704', '8109']",8109,1. **Different floorplan:** E,"1. **Different floorplan:** E
2. **Why:** Floorplan E is the only one that does not have a symmetrical layout with respect to the main entrance. The other four floorplans (A, B, C, and D) all exhibit a similar pattern where the rooms are arranged in a way that is mirrored across the main entrance line. Floorplan E deviates from this symmetry by having a different arrangement of rooms around the entrance, making it distinct from the others."
"[17, 18]","[7, 1]","['66935', '31693', '21408', '16951', '70105']",16951,1. **Different floorplan:** D,"1. **Different floorplan:** D
2. **Why:** Floorplan D is the only one that does not have a symmetrical layout with respect to the main entrance. The other floorplans (A, B, C, and E) all appear to be mirror images of each other along the vertical axis passing through the main entrance, indicating a consistent underlying pattern. Floorplan D, however, has a unique arrangement of rooms and hallways that deviates from this symmetry, suggesting it has a different underlying pattern."
"[17, 21]","[7, 22]","['62549', '40487', '9795', '78147', '31113']",31113,1. **Different floorplan:** E,"1. **Different floorplan:** E
2. **Why:** Floorplan E is the only one that does not have a rectangular shape with a consistent layout of rooms around a central core. It appears to be more irregular in shape compared to the others, which all have a more uniform and symmetrical arrangement of rooms around a central area."
"[7, 20]","[17, 21]","['2425', '54372', '69704', '2277', '55305']",69704,1. **Different floorplan:** C,"1. **Different floorplan:** C
2. **Why:** Floorplan C is the only one that does not have a symmetrical layout with respect to the main entrance. The other floorplans (A, B, D, and E) appear to be mirror images of each other along the vertical axis passing through the main entrance, indicating a consistent underlying pattern. Floorplan C, however, shows a distinct asymmetry in the placement of rooms and the overall layout, making it stand out from the others."
"[17, 18]","[7, 3]","['21408', '66935', '75828', '46660', '70105']",75828,1. **Different floorplan:** C,"1. **Different floorplan:** C
2. **Why:** Floorplan C is the only one that does not have a symmetrical layout with respect to the main entrance. The other floorplans (A, B, D, and E) all appear to be mirror images of each other along the vertical axis passing through the main entrance, indicating a consistent underlying pattern. Floorplan C, however, has a unique arrangement of rooms and hallways that deviates from this symmetry, suggesting it has a different underlying pattern."
"[17, 18]","[7, 20]","['51240', '66316', '70105', '2277', '31693']",2277,1. **Different floorplan:** E,"1. **Different floorplan:** E
2. **Why:** Floorplan E is the only one that does not have a continuous hallway running from the main entrance to the far end of the apartment. Instead, it features a more compact arrangement with rooms clustered together, which is distinct from the other floorplans that all have a more linear layout with a clear path from the entrance to the back of the apartment."
"[7, 1]","[17, 5]","['3536', '33045', '16951', '12421', '53652']",33045,1. **Different floorplan:** B,"1. **Different floorplan:** B
2. **Why:** Floorplan B is the only one that has a distinct arrangement of rooms compared to the others. In particular, it features a central hallway with a door leading to a small room, which is not present in the other floorplans. The other floorplans have a more uniform layout with larger, interconnected spaces without a central hallway-like feature."
"[7, 1]","[17, 21]","['12376', '16951', '12421', '10825', '62454']",62454,1. **Different floorplan:** E,"1. **Different floorplan:** E
2. **Why:** Floorplan E is the only one that does not have a symmetrical layout with respect to the main entrance. The other floorplans (A, B, C, and D) all appear to be mirror images of each other along the vertical axis passing through the main entrance, indicating a consistent underlying pattern. Floorplan E, however, has a unique arrangement of rooms and hallways that deviates from this symmetry, suggesting it has a different underlying pattern."
"[7, 22]","[17, 21]","['79411', '40679', '31113', '62549', '23132']",62549,1. **Different floorplan:** D,"1. **Different floorplan:** D
2. **Why:** Floorplan D is the only one that does not have a continuous hallway running from the main entrance to the far end of the apartment. Instead, it features a more complex layout with multiple turns and dead ends, which is distinct from the simpler, linear layouts of the other floorplans."
"[7, 1]","[17, 5]","['53652', '33045', '10825', '17550', '8109']",33045,1. **Different floorplan:** B,"1. **Different floorplan:** B
2. **Why:** Floorplan B is the only one that has a distinct arrangement of rooms compared to the others. In contrast to the other floorplans which have a consistent layout with a central hallway leading to various rooms, floorplan B has a more complex and irregular distribution of spaces. The presence of a large open area in the center and the positioning of the rooms around it makes it stand out from the others."
"[17, 18]","[7, 22]","['21543', '40679', '46660', '6955', '31693']",40679,1. **Different floorplan:** E,"1. **Different floorplan:** E
2. **Why:** Floorplan E is the only one that does not have a continuous hallway running from the main entrance to the far end of the apartment. Instead, it has a more compact arrangement with rooms directly connected to the entrance without a central hallway. The other floorplans (A, B, C, and D) all feature a central hallway that extends from the entrance to the opposite side of the apartment, which is a consistent pattern in the other four floorplans."
"[7, 1]","[17, 21]","['10825', '62454', '53652', '16951', '12376']",62454,1. **Different floorplan:** C,"1. **Different floorplan:** C
2. **Why:** Floorplan C is the only one that does not have a symmetrical layout with respect to the main entrance. The other floorplans (A, B, D, and E) appear to be mirror images of each other along the vertical axis passing through the main entrance, indicating a consistent underlying pattern. Floorplan C, however, has a unique arrangement of rooms and hallways that deviates from this symmetry, suggesting it has a different underlying pattern."
"[17, 21]","[7, 20]","['54372', '40487', '62549', '78147', '62454']",54372,1. **Different floorplan:** A,"1. **Different floorplan:** A
2. **Why:** Floorplan A is the only one that does not have a symmetrical layout with respect to the main entrance. The other floorplans (B, C, D, and E) all appear to be mirror images of each other along the vertical axis passing through the main entrance, indicating a consistent underlying pattern. Floorplan A, however, has a unique arrangement of rooms and hallways that deviates from this symmetry, suggesting it has a different underlying pattern."
"[17, 21]","[7, 1]","['9795', '12421', '62454', '69704', '40487']",12421,1. **Different floorplan:** B,"1. **Different floorplan:** B
2. **Why:** Floorplan B is the only one that has a distinct arrangement of rooms compared to the others. In all other floorplans (A, C, D, and E), the living area (yellow) is consistently positioned at the back, with the kitchen (green) and bedrooms (pink) in front. However, in floorplan B, the living area is placed in the middle, which is not seen in the other floorplans. This unique placement makes it stand out as having a different underlying pattern."
"[17, 18]","[7, 22]","['21408', '66935', '31113', '51240', '31693']",31113,1. **Different floorplan:** C,"1. **Different floorplan:** C
2. **Why:** Floorplan C is the only one that does not have a symmetrical layout with respect to the main entrance. The other floorplans (A, B, D, and E) all appear to be mirror images of each other along the vertical axis passing through the main entrance, indicating a consistent underlying pattern. Floorplan C, however, has a unique arrangement of rooms and hallways that deviates from this symmetry, suggesting it has a different underlying pattern."
"[17, 18]","[7, 20]","['6955', '31693', '46660', '66935', '54372']",54372,1. **Different floorplan:** E,"1. **Different floorplan:** E
2. **Why:** Floorplan E is the only one that does not have a symmetrical layout with respect to the main entrance. All other floorplans (A, B, C, and D) appear to be mirror images of each other along the vertical axis passing through the main entrance, indicating a consistent underlying pattern. Floorplan E, however, has a unique arrangement of rooms and hallways that deviates from this symmetry, suggesting it has a different underlying pattern."
"[7, 1]","[17, 18]","['53652', '3536', '46660', '8109', '17550']",46660,1. **Different floorplan:** C,"1. **Different floorplan:** C
2. **Why:** Floorplan C is the only one that does not have a symmetrical layout with respect to the main entrance. The other floorplans (A, B, D, and E) appear to be mirror images of each other along the vertical axis passing through the main entrance, indicating a consistent underlying pattern. Floorplan C, however, shows a distinct asymmetry in the arrangement of rooms and spaces around the main entrance, suggesting a different underlying pattern."
"[7, 1]","[17, 21]","['17550', '12376', '8109', '9795', '53652']",9795,1. **Different floorplan:** D,"1. **Different floorplan:** D
2. **Why:** Floorplan D is the only one that does not have a symmetrical layout with respect to the main entrance. The other floorplans (A, B, C, and E) all appear to be mirror images of each other along the vertical axis passing through the main entrance, indicating a consistent underlying pattern. Floorplan D, however, has a unique arrangement of rooms and hallways that deviates from this symmetry, suggesting it has a different underlying pattern."
"[17, 18]","[7, 22]","['66316', '40679', '51240', '66935', '21408']",40679,1. **Different floorplan:** E,"1. **Different floorplan:** E
2. **Why:** Floorplan E is the only one that does not have a symmetrical layout with respect to the main entrance. The other floorplans (A, B, C, and D) all appear to be mirror images of each other along the vertical axis passing through the main entrance, indicating a consistent underlying pattern. Floorplan E, however, has a unique arrangement of rooms and hallways that deviates from this symmetry, suggesting it has a different underlying pattern."
"[17, 18]","[7, 1]","['53652', '70105', '46660', '31693', '66935']",53652,1. **Different floorplan:** D,"1. **Different floorplan:** D
2. **Why:** Floorplan D is the only one that does not have a symmetrical layout with respect to the main entrance. The other floorplans (A, B, C, and E) all appear to be mirror images of each other along the vertical axis passing through the main entrance, indicating a consistent underlying pattern. Floorplan D, however, has a unique arrangement of rooms and hallways that deviates from this symmetry, suggesting it has a different underlying pattern."
"[7, 1]","[17, 5]","['16951', '53652', '12376', '3536', '50221']",50221,1. **Different floorplan:** E,"1. **Different floorplan:** E
2. **Why:** Floorplan E is the only one that does not have a continuous hallway running from the main entrance to the back of the apartment. Instead, it features a more complex arrangement with multiple smaller rooms branching off from the main entrance, which is not present in the other floorplans."
"[17, 18]","[7, 22]","['46660', '31693', '40679', '21543', '66316']",40679,1. **Different floorplan:** C,"1. **Different floorplan:** C
2. **Why:** Floorplan C is the only one that does not have a symmetrical layout with respect to the main entrance. The other floorplans (A, B, D, and E) appear to be mirror images of each other along the vertical axis passing through the main entrance, indicating a consistent underlying pattern. Floorplan C, however, has a unique arrangement of rooms and hallways that deviates from this symmetry, suggesting it has a different underlying pattern."
"[17, 18]","[7, 1]","['16951', '21408', '70105', '66316', '66935']",16951,1. **Different floorplan:** B,"1. **Different floorplan:** B
2. **Why:** Floorplan B is the only one that does not have a symmetrical layout with respect to the main entrance. The other floorplans (A, C, D, and E) all appear to be mirror images of each other along the vertical axis passing through the main entrance, indicating a consistent underlying pattern. Floorplan B, however, has a unique arrangement of rooms and hallways that deviates from this symmetry, suggesting it has a different underlying pattern."
"[7, 3]","[17, 5]","['64781', '33045', '52457', '75828', '61767']",33045,1. **Different floorplan:** C,"1. **Different floorplan:** C
2. **Why:** Floorplan C is the only one that does not have a symmetrical layout with respect to the main entrance. The other floorplans (A, B, D, and E) appear to be mirror images of each other along the vertical axis passing through the main entrance, indicating a consistent underlying pattern. Floorplan C, however, has a unique arrangement of rooms and hallways that deviates from this symmetry, suggesting it has a different underlying pattern."
"[7, 1]","[17, 21]","['9795', '10825', '17550', '12421', '8109']",9795,1. **Different floorplan:** C,"1. **Different floorplan:** C
2. **Why:** Floorplan C is the only one that does not have a symmetrical layout with respect to the main entrance. The other floorplans (A, B, D, and E) appear to be mirror images of each other along the vertical axis passing through the main entrance, indicating a consistent underlying pattern. Floorplan C, however, has a unique arrangement of rooms and hallways that deviates from this symmetry, suggesting it has a different underlying pattern."
"[17, 18]","[7, 22]","['6955', '51240', '46660', '31693', '23132']",23132,1. **Different floorplan:** E,"1. **Different floorplan:** E
2. **Why:** Floorplan E is the only one that does not have a symmetrical layout with respect to the main entrance. All other floorplans (A, B, C, and D) appear to be mirror images of each other along the vertical axis passing through the main entrance, indicating a consistent underlying pattern. Floorplan E, however, has a unique arrangement of rooms and hallways that deviates from this symmetry, suggesting it has a different underlying pattern."
"[17, 21]","[7, 3]","['64781', '40487', '78147', '62549', '69704']",64781,1. **Different floorplan:** A,"1. **Different floorplan:** A
2. **Why:** Floorplan A is the only one that does not have a symmetrical layout with respect to the main entrance. The other floorplans (B, C, D, and E) all appear to be mirror images of each other along the vertical axis passing through the main entrance, indicating a consistent underlying pattern. Floorplan A, however, has a unique arrangement of rooms and hallways that deviates from this symmetry, suggesting it has a different underlying pattern."
"[7, 22]","[17, 5]","['23132', '31113', '40679', '79411', '72055']",72055,1. **Different floorplan:** E,"1. **Different floorplan:** E
2. **Why:** Floorplan E is the only one that does not have a symmetrical layout with respect to the main entrance. The other floorplans (A, B, C, and D) all appear to be mirror images of each other along the vertical axis passing through the main entrance, indicating a consistent underlying pattern. Floorplan E, however, has a unique arrangement of rooms and hallways that deviates from this symmetry, suggesting it has a different underlying pattern."
"[7, 1]","[17, 18]","['17550', '8109', '10825', '53652', '46660']",46660,1. **Different floorplan:** E,"1. **Different floorplan:** E
2. **Why:** Floorplan E is the only one that does not have a continuous hallway running from the main entrance to the back of the apartment. Instead, it features a more complex arrangement with multiple smaller rooms and a different flow compared to the other four floorplans, which all have a similar layout with a central hallway leading to the back."
"[17, 18]","[7, 22]","['79411', '21408', '70105', '51240', '31693']",79411,1. **Different floorplan:** B,"1. **Different floorplan:** B
2. **Why:** Floorplan B is the only one that has a distinct arrangement of rooms compared to the others. The other floorplans (A, C, D, and E) all have a similar layout with a central hallway leading to various rooms, including a living area, bedrooms, and bathrooms. Floorplan B, however, has a more complex and irregular layout with additional smaller rooms and a different distribution of spaces around the central hallway. This makes it stand out as having a different underlying pattern."
"[17, 18]","[7, 3]","['21543', '46660', '6955', '21408', '75828']",75828,1. **Different floorplan:** E,"1. **Different floorplan:** E
2. **Why:** Floorplan E is the only one that does not have a continuous hallway running from the main entrance to the far end of the apartment. Instead, it features a more compact arrangement with rooms clustered together, which is distinct from the other floorplans that all have a more linear layout with a clear path from the entrance to the back of the apartment."
"[17, 21]","[7, 1]","['9795', '78147', '62549', '40487', '10825']",10825,1. **Different floorplan:** E,"1. **Different floorplan:** E
2. **Why:** Floorplan E is the only one that does not have a symmetrical layout with respect to the main entrance. The other floorplans (A, B, C, and D) all appear to be mirror images of each other along the vertical axis passing through the main entrance, indicating a consistent underlying pattern. Floorplan E, however, has a unique arrangement of rooms and hallways that deviates from this symmetry, suggesting it has a different underlying pattern."
"[17, 18]","[7, 3]","['31693', '21543', '6955', '52457', '46660']",52457,1. **Different floorplan:** D,"1. **Different floorplan:** D
2. **Why:** Floorplan D is the only one that does not have a symmetrical layout with respect to the main entrance. The other floorplans (A, B, C, and E) all appear to be mirror images of each other along the vertical axis passing through the main entrance, indicating a consistent underlying pattern. Floorplan D, however, has a unique arrangement of rooms and hallways that deviates from this symmetry, suggesting it has a different underlying pattern."
"[7, 1]","[17, 18]","['16951', '12421', '8109', '66316', '10825']",66316,1. **Different floorplan:** D,"1. **Different floorplan:** D
2. **Why:** Floorplan D is the only one that does not have a symmetrical layout with respect to the main entrance. The other four floorplans (A, B, C, and E) all exhibit a similar pattern where the rooms are arranged in a way that is mirrored across the main entrance line. Floorplan D has a unique arrangement of rooms that deviates from this symmetry, making it distinct from the others."
"[17, 18]","[7, 20]","['31693', '66935', '2277', '6955', '21408']",2277,1. **Different floorplan:** E,"1. **Different floorplan:** E
2. **Why:** Floorplan E is the only one that does not have a symmetrical layout with respect to the main entrance. The other floorplans (A, B, C, and D) all appear to be mirror images of each other along the vertical axis passing through the main entrance, indicating a consistent underlying pattern. Floorplan E, however, has a unique arrangement of rooms and hallways that deviates from this symmetry, making it the one with a different underlying pattern."
"[17, 18]","[7, 3]","['21408', '64781', '66935', '66316', '21543']",64781,1. **Different floorplan:** D,"1. **Different floorplan:** D
2. **Why:** Floorplan D is the only one that does not have a symmetrical layout with respect to the main entrance. The other floorplans (A, B, C, and E) all exhibit a similar pattern where the rooms are arranged in a way that is mirrored across the main entrance line. Floorplan D has an asymmetrical arrangement of rooms around the entrance, which sets it apart from the others."
"[17, 21]","[7, 22]","['79411', '62549', '9795', '62454', '78147']",79411,1. **Different floorplan:** B,"1. **Different floorplan:** B
2. **Why:** Floorplan B is the only one that has a distinct arrangement of rooms compared to the others. In particular, it has a large central room with a smaller room attached to it, which is not present in the other floorplans. The other floorplans have more symmetrical and uniform layouts with similar room sizes and arrangements."
"[7, 1]","[17, 21]","['78147', '10825', '12376', '3536', '12421']",78147,1. **Different floorplan:** D,"1. **Different floorplan:** D
2. **Why:** Floorplan D is the only one that does not have a symmetrical layout with respect to the main entrance. The other floorplans (A, B, C, and E) all appear to be mirror images of each other along the vertical axis passing through the main entrance, indicating a consistent underlying pattern. Floorplan D, however, has a unique arrangement of rooms and hallways that deviates from this symmetry, suggesting it has a different underlying pattern."
"[17, 21]","[7, 20]","['69704', '62549', '78147', '62454', '2277']",2277,1. **Different floorplan:** E,"1. **Different floorplan:** E
2. **Why:** Floorplan E is the only one that does not follow the same pattern as the others. The other four floorplans (A, B, C, and D) all have a similar layout where the living area (yellow) is adjacent to the kitchen (orange), and the bedrooms (green) are located at the back with bathrooms (blue) in between. Floorplan E deviates from this pattern by having the living area and kitchen in a different configuration, with the living area being more spread out and the kitchen positioned differently compared to the other floorplans."
"[17, 21]","[7, 22]","['78147', '69704', '62454', '79411', '40487']",79411,1. **Different floorplan:** D,"1. **Different floorplan:** D
2. **Why:** Floorplan D is the only one that does not have a continuous hallway running from the main entrance to the back of the apartment. Instead, it features a more complex layout with multiple turns and a lack of a direct path to the back, which distinguishes it from the other floorplans that all appear to have a linear or near-linear hallway pattern."
"[17, 18]","[7, 3]","['31693', '75828', '51240', '21543', '6955']",75828,1. **Different floorplan:** B,"1. **Different floorplan:** B
2. **Why:** Floorplan B is the only one that does not have a symmetrical layout with respect to the main entrance. The other floorplans (A, C, D, and E) all appear to be mirror images of each other along the vertical axis passing through the main entrance, indicating a consistent underlying pattern. Floorplan B, however, has a unique arrangement of rooms and hallways that deviates from this symmetry, suggesting it has a different underlying pattern."
"[7, 1]","[17, 5]","['8109', '10825', '53652', '12376', '7913']",7913,1. **Different floorplan:** E,"1. **Different floorplan:** E
2. **Why:** Floorplan E is the only one that does not have a continuous hallway running vertically from the main entrance. All other floorplans (A, B, C, and D) have a vertical hallway that extends from the main entrance to the far end of the floorplan. Floorplan E has a more complex layout with multiple smaller rooms and no clear vertical hallway, making it distinct from the others."
"[17, 21]","[7, 22]","['78147', '9795', '69704', '31113', '62454']",31113,1. **Different floorplan:** D,"1. **Different floorplan:** D
2. **Why:** Floorplan D is the only one that does not have a continuous hallway running from the main entrance to the back of the apartment. Instead, it features a more complex layout with multiple turns and a lack of a direct path to the back, which distinguishes it from the other floorplans that maintain a linear flow."
"[17, 18]","[7, 1]","['46660', '17550', '21408', '21543', '51240']",17550,1. **Different floorplan:** E,"1. **Different floorplan:** E
2. **Why:** Floorplan E is the only one that does not have a symmetrical layout with respect to the main entrance. The other floorplans (A, B, C, and D) all appear to be mirror images of each other along the vertical axis passing through the main entrance, indicating a consistent underlying pattern. Floorplan E deviates from this symmetry, making it distinct."
"[17, 18]","[7, 22]","['31693', '66935', '6955', '66316', '23132']",23132,1. **Different floorplan:** E,"1. **Different floorplan:** E
2. **Why:** Floorplan E is the only one that does not have a symmetrical layout with respect to the main entrance. All other floorplans (A, B, C, and D) appear to be mirror images of each other along the vertical axis passing through the main entrance, indicating a consistent underlying pattern. Floorplan E, however, has a unique arrangement of rooms and hallways that deviates from this symmetry, suggesting it has a different underlying pattern."
"[17, 21]","[7, 1]","['3536', '62549', '9795', '40487', '78147']",3536,1. **Different floorplan:** B,"1. **Different floorplan:** B
2. **Why:** Floorplan B is the only one that does not have a symmetrical layout with respect to the main entrance. The other floorplans (A, C, D, and E) all appear to be mirror images of each other along the vertical axis passing through the main entrance, indicating a consistent underlying pattern. Floorplan B, however, has a unique arrangement of rooms and hallways that deviates from this symmetry, suggesting it has a different underlying pattern."
"[17, 18]","[7, 20]","['21408', '55305', '66935', '70105', '21543']",55305,1. **Different floorplan:** B,"1. **Different floorplan:** B
2. **Why:** Floorplan B is the only one that does not have a symmetrical layout with respect to the main entrance. All other floorplans (A, C, D, and E) appear to be mirror images of each other along the vertical axis passing through the main entrance, indicating a consistent underlying pattern. Floorplan B, however, shows a distinct asymmetry in the arrangement of rooms around the main entrance, suggesting it has a different underlying pattern."
"[7, 22]","[17, 5]","['79411', '31113', '40679', '23132', '7913']",7913,1. **Different floorplan:** E,"1. **Different floorplan:** E
2. **Why:** Floorplan E is the only one that does not have a symmetrical layout with respect to the main entrance. The other floorplans (A, B, C, and D) all exhibit a similar pattern where the rooms are arranged in a way that is mirrored across the main entrance line. Floorplan E has a unique arrangement of rooms that deviates from this symmetry, making it distinct from the others."
"[17, 18]","[7, 22]","['21408', '66316', '6955', '79411', '31693']",79411,1. **Different floorplan:** D,"1. **Different floorplan:** D
2. **Why:** Floorplan D is the only one that does not have a symmetrical layout with respect to the main entrance. The other floorplans (A, B, C, and E) all appear to be mirror images of each other along the vertical axis passing through the main entrance, indicating a consistent underlying pattern. Floorplan D, however, has a unique arrangement of rooms and hallways that deviates from this symmetry, suggesting it has a different underlying pattern."
"[17, 21]","[7, 3]","['64781', '62454', '69704', '9795', '78147']",64781,1. **Different floorplan:** A,"1. **Different floorplan:** A
2. **Why:** Floorplan A is the only one that does not have a symmetrical layout with respect to the main entrance. The other floorplans (B, C, D, and E) all appear to be mirror images of each other along the vertical axis passing through the main entrance, indicating a consistent underlying pattern. Floorplan A, however, has a unique arrangement of rooms and hallways that deviates from this symmetry, suggesting it has a different underlying pattern."
"[17, 18]","[7, 20]","['21408', '2277', '70105', '31693', '46660']",2277,1. **Different floorplan:** B,"1. **Different floorplan:** B
2. **Why:** Floorplan B is the only one that does not have a symmetrical layout with respect to the main entrance. The other floorplans (A, C, D, and E) all appear to be mirror images of each other along the vertical axis passing through the main entrance, indicating a consistent underlying pattern. Floorplan B, however, has a unique arrangement of rooms and hallways that deviates from this symmetry, suggesting it has a different underlying pattern."
"[17, 18]","[7, 20]","['21408', '66316', '21543', '55305', '51240']",55305,1. **Different floorplan:** E,"1. **Different floorplan:** E
2. **Why:** Floorplan E is the only one that does not have a symmetrical layout with respect to the main entrance. The other four floorplans (A, B, C, and D) all exhibit a similar pattern where the rooms are arranged in a way that is mirrored across the main entrance line. Floorplan E deviates from this symmetry by having a unique arrangement of rooms around the entrance, which sets it apart from the others."
"[17, 18]","[7, 3]","['66935', '61767', '6955', '70105', '51240']",61767,1. **Different floorplan:** B,"1. **Different floorplan:** B
2. **Why:** Floorplan B is the only one that has a distinct arrangement of rooms compared to the others. In contrast to the other floorplans which have a consistent layout with a central hallway leading to various rooms, floorplan B has a more complex and irregular layout. The presence of a large, irregularly shaped room at the top and the positioning of smaller rooms around it, along with the unique placement of the entrance, makes it stand out from the others."
"[17, 18]","[7, 3]","['66316', '6955', '66935', '21408', '64781']",64781,1. **Different floorplan:** E,"1. **Different floorplan:** E
2. **Why:** Floorplan E is the only one that does not have a symmetrical layout with respect to the main entrance. The other floorplans (A, B, C, and D) all exhibit a similar pattern where the rooms are arranged in a way that is mirrored across the main entrance line, creating a balanced and symmetrical design. Floorplan E, however, has an asymmetrical arrangement of rooms around the main entrance, which sets it apart from the others."
"[17, 18]","[7, 1]","['46660', '21408', '17550', '51240', '70105']",17550,1. **Different floorplan:** B,"1. **Different floorplan:** B
2. **Why:** Floorplan B is the only one that has a distinct arrangement of rooms compared to the others. In particular, it features a large central room with a smaller room attached to it, which is not present in the other floorplans. The other floorplans have a more consistent layout with larger rooms and smaller annexes, making B stand out due to its unique configuration."
"[17, 18]","[7, 22]","['21543', '66316', '21408', '46660', '40679']",40679,1. **Different floorplan:** E,"1. **Different floorplan:** E
2. **Why:** Floorplan E is the only one that does not have a symmetrical layout with respect to the main entrance. The other four floorplans (A, B, C, and D) all exhibit a similar pattern where the rooms are arranged in a way that is mirrored across the main entrance line. Floorplan E deviates from this symmetry, making it distinct from the others."
"[17, 18]","[7, 22]","['40679', '6955', '21543', '70105', '31693']",40679,1. **Different floorplan:** E,"1. **Different floorplan:** E
2. **Why:** Floorplan E is the only one that does not have a symmetrical layout with respect to the main entrance. The other floorplans (A, B, C, and D) all appear to be mirror images of each other along the vertical axis passing through the main entrance, indicating a consistent underlying pattern. Floorplan E, however, has a unique arrangement of rooms and hallways that deviates from this symmetry, suggesting it has a different underlying pattern."
"[17, 18]","[7, 20]","['31693', '66935', '51240', '70105', '55305']",55305,1. **Different floorplan:** E,"1. **Different floorplan:** E
2. **Why:** Floorplan E is the only one that does not have a symmetrical layout with respect to the main entrance. The other floorplans (A, B, C, and D) all exhibit a similar pattern where the rooms are arranged in a way that is mirrored across the main entrance line, creating a symmetrical design. Floorplan E breaks this symmetry, making it distinct from the others."
"[17, 18]","[7, 20]","['31693', '2425', '21408', '46660', '66316']",2425,1. **Different floorplan:** B,"1. **Different floorplan:** B
2. **Why:** Floorplan B is the only one that does not have a symmetrical layout with respect to the main entrance. The other floorplans (A, C, D, and E) all appear to be mirror images of each other along the vertical axis passing through the main entrance, indicating a consistent underlying pattern. Floorplan B, however, has a unique arrangement of rooms and hallways that deviates from this symmetry, suggesting it has a different underlying pattern."
"[17, 18]","[7, 3]","['6955', '31693', '66316', '21543', '52457']",52457,1. **Different floorplan:** E,"1. **Different floorplan:** E
2. **Why:** Floorplan E is the only one that does not have a symmetrical layout with respect to the main entrance. The other floorplans (A, B, C, and D) all appear to be mirror images of each other along the vertical axis passing through the main entrance, indicating a consistent underlying pattern. Floorplan E, however, has a unique arrangement of rooms and hallways that deviates from this symmetry, making it distinct from the others."
"[7, 3]","[17, 21]","['64781', '61767', '52457', '9795', '75828']",9795,1. **Different floorplan:** C,"1. **Different floorplan:** C
2. **Why:** Floorplan C is the only one that does not have a symmetrical layout with respect to the main entrance. The other floorplans (A, B, D, and E) all appear to be mirror images of each other along the vertical axis passing through the main entrance, indicating a consistent underlying pattern. Floorplan C, however, has a unique arrangement of rooms and hallways that deviates from this symmetry, suggesting it has a different underlying pattern."
"[7, 1]","[17, 21]","['3536', '78147', '53652', '8109', '12421']",78147,1. **Different floorplan:** B,"1. **Different floorplan:** B
2. **Why:** Floorplan B is the only one that does not have a symmetrical layout with respect to the main entrance. The other floorplans (A, C, D, and E) all appear to be mirror images of each other along the vertical axis passing through the main entrance, indicating a consistent underlying pattern. Floorplan B, however, has a unique arrangement of rooms and hallways that deviates from this symmetry, suggesting it has a different underlying pattern."
"[17, 18]","[7, 1]","['12376', '6955', '31693', '21543', '66935']",12376,1. **Different floorplan:** C,"1. **Different floorplan:** C
2. **Why:** Floorplan C is the only one that does not have a symmetrical layout with respect to the main entrance. The other floorplans (A, B, D, and E) all appear to be mirror images of each other along the vertical axis passing through the main entrance, indicating a consistent underlying pattern. Floorplan C, however, has a unique arrangement of rooms and hallways that deviates from this symmetry, suggesting it has a different underlying pattern."
"[17, 5]","[7, 1]","['7913', '33045', '17550', '72055', '50221']",17550,1. **Different floorplan:** C,"1. **Different floorplan:** C
2. **Why:** Floorplan C is the only one that does not have a symmetrical layout with respect to the main entrance. The other floorplans (A, B, D, and E) appear to be mirror images of each other along the vertical axis passing through the main entrance, indicating a consistent underlying pattern. Floorplan C, however, has a unique arrangement of rooms and hallways that deviates from this symmetry, suggesting it has a different underlying pattern."
"[7, 1]","[17, 5]","['50221', '12421', '16951', '8109', '10825']",50221,1. **Different floorplan:** C,"1. **Different floorplan:** C
2. **Why:** Floorplan C is the only one that does not have a symmetrical layout with respect to the main entrance. The other floorplans (A, B, D, and E) appear to be mirror images of each other along the vertical axis passing through the main entrance, indicating a consistent underlying pattern. Floorplan C, however, has a unique arrangement of rooms and hallways that deviates from this symmetry, suggesting it has a different underlying pattern."
"[17, 21]","[7, 20]","['9795', '78147', '2277', '62454', '62549']",2277,1. **Different floorplan:** C,"1. **Different floorplan:** C
2. **Why:** Floorplan C is the only one that does not have a symmetrical layout with respect to the main entrance. The other floorplans (A, B, D, and E) appear to be mirror images of each other along the vertical axis passing through the main entrance, indicating a consistent underlying pattern. Floorplan C, however, has a unique arrangement of rooms and hallways that deviates from this symmetry, suggesting it has a different underlying pattern."
"[17, 18]","[7, 1]","['70105', '31693', '6955', '12376', '21408']",12376,1. **Different floorplan:** D,"1. **Different floorplan:** D
2. **Why:** Floorplan D is the only one that does not have a symmetrical layout with respect to the main entrance. The other floorplans (A, B, C, and E) all appear to be mirror images of each other along the vertical axis passing through the main entrance, indicating a consistent underlying pattern. Floorplan D, however, has a unique arrangement of rooms and hallways that deviates from this symmetry, suggesting it has a different underlying pattern."
"[17, 18]","[7, 1]","['66935', '70105', '53652', '21543', '66316']",53652,1. **Different floorplan:** C,"1. **Different floorplan:** C
2. **Why:** Floorplan C is the only one that does not have a symmetrical layout with respect to the main entrance. The other floorplans (A, B, D, and E) appear to be mirror images of each other along the vertical axis passing through the main entrance, indicating a consistent underlying pattern. Floorplan C, however, has a unique arrangement of rooms and hallways that deviates from this symmetry, suggesting it has a different underlying pattern."
"[17, 18]","[7, 22]","['70105', '21543', '31113', '51240', '66935']",31113,1. **Different floorplan:** C,"1. **Different floorplan:** C
2. **Why:** Floorplan C is the only one that does not have a symmetrical layout with respect to the main entrance. The other floorplans (A, B, D, and E) all appear to be mirror images of each other along the vertical axis passing through the main entrance, indicating a consistent underlying pattern. Floorplan C, however, has a unique arrangement of rooms and hallways that deviates from this symmetry, suggesting it has a different underlying pattern."
"[17, 21]","[7, 1]","['40487', '53652', '78147', '9795', '69704']",53652,1. **Different floorplan:** B,"1. **Different floorplan:** B
2. **Why:** Floorplan B is the only one that has a distinct arrangement of rooms compared to the others. In particular, it features a large central room with a smaller room attached to it, which is not present in the other floorplans. The other floorplans have more uniform layouts with similar room sizes and arrangements around a central core."
"[7, 1]","[17, 18]","['3536', '8109', '12376', '46660', '53652']",46660,1. **Different floorplan:** D,"1. **Different floorplan:** D
2. **Why:** Floorplan D is the only one that does not have a continuous hallway running vertically from the main entrance. In contrast, floors A, B, C, and E all feature a vertical hallway extending from the main entrance, which is a consistent pattern in the other four floorplans."
"[7, 1]","[17, 5]","['7913', '8109', '16951', '17550', '10825']",7913,1. **Different floorplan:** C,"1. **Different floorplan:** C
2. **Why:** Floorplan C is the only one that does not have a symmetrical arrangement of rooms around the central axis defined by the main entrance. The other floorplans (A, B, D, and E) all exhibit a mirrored symmetry in their room layouts, with similar room types and sizes on either side of the entrance. Floorplan C breaks this symmetry, making it distinct from the others."
"[17, 18]","[7, 1]","['6955', '21408', '46660', '21543', '8109']",8109,1. **Different floorplan:** E,"1. **Different floorplan:** E
2. **Why:** Floorplan E is the only one that does not have a symmetrical layout with respect to the main entrance. The other floorplans (A, B, C, and D) all appear to be mirror images of each other along the vertical axis passing through the main entrance, indicating a consistent underlying pattern. Floorplan E, however, has a unique arrangement of rooms and hallways that deviates from this symmetry, suggesting it has a different underlying pattern."
"[17, 18]","[7, 3]","['66935', '75828', '6955', '21543', '66316']",75828,1. **Different floorplan:** B,"1. **Different floorplan:** B
2. **Why:** Floorplan B is the only one that does not have a symmetrical layout with respect to the main entrance. The other floorplans (A, C, D, and E) appear to be mirror images of each other along the vertical axis passing through the main entrance, indicating a consistent underlying pattern. Floorplan B, however, has a unique arrangement of rooms and hallways that deviates from this symmetry, suggesting it has a different underlying pattern."
"[17, 18]","[7, 1]","['6955', '66316', '51240', '31693', '12376']",12376,1. **Different floorplan:** E,"1. **Different floorplan:** E
2. **Why:** Floorplan E is the only one that does not have a symmetrical layout with respect to the main entrance. The other floorplans (A, B, C, and D) all appear to be mirror images of each other along the vertical axis passing through the main entrance, indicating a consistent underlying pattern. Floorplan E, however, has a unique arrangement of rooms and hallways that deviates from this symmetry, suggesting it has a different underlying pattern."
"[17, 18]","[7, 22]","['6955', '51240', '66935', '46660', '31113']",31113,1. **Different floorplan:** E,"1. **Different floorplan:** E
2. **Why:** Floorplan E is the only one that does not have a continuous hallway running from the main entrance to the back of the apartment. Instead, it has a more compact arrangement with rooms directly connected to the entrance without a clear hallway leading to the back. The other floorplans (A, B, C, and D) all feature a continuous hallway that extends from the main entrance to the rear of the apartment, which is a consistent pattern in the other four floorplans."
"[17, 21]","[7, 3]","['62454', '78147', '69704', '64781', '62549']",64781,1. **Different floorplan:** D,"1. **Different floorplan:** D
2. **Why:** Floorplan D is the only one that does not have a symmetrical layout with respect to the main entrance. The other floorplans (A, B, C, and E) all appear to be mirror images of each other along the vertical axis passing through the main entrance, indicating a consistent underlying pattern. Floorplan D, however, shows a distinct asymmetry in the placement of rooms and the overall shape around the main entrance, making it unique compared to the others."
"[7, 1]","[17, 5]","['50221', '8109', '12376', '16951', '10825']",50221,1. **Different floorplan:** D,"1. **Different floorplan:** D
2. **Why:** Floorplan D is the only one that does not have a symmetrical layout with respect to the main entrance. The other floorplans (A, B, C, and E) appear to be mirror images of each other along the vertical axis passing through the main entrance, indicating a consistent underlying pattern. Floorplan D, however, has a unique arrangement of rooms and hallways that deviates from this symmetry, suggesting it has a different underlying pattern."
"[17, 18]","[7, 22]","['46660', '66935', '40679', '6955', '31693']",40679,1. **Different floorplan:** C,"1. **Different floorplan:** C
2. **Why:** Floorplan C is the only one that does not have a symmetrical layout with respect to the main entrance. The other floorplans (A, B, D, and E) appear to be mirror images of each other along the vertical axis passing through the main entrance, indicating a consistent underlying pattern. Floorplan C, however, has a unique arrangement of rooms and hallways that deviates from this symmetry, suggesting it has a different underlying pattern."
"[17, 18]","[7, 3]","['70105', '75828', '51240', '6955', '46660']",75828,1. **Different floorplan:** B,"1. **Different floorplan:** B
2. **Why:** Floorplan B is the only one that does not have a continuous hallway running from the main entrance to the back of the apartment. All other floorplans (A, C, D, and E) have a continuous hallway, which is a common feature in many apartment designs. Floorplan B breaks this pattern by having a more complex layout with multiple turns and dead ends, making it distinct from the others."
"[7, 1]","[17, 18]","['66935', '10825', '3536', '12421', '53652']",66935,1. **Different floorplan:** C,"1. **Different floorplan:** C
2. **Why:** Floorplan C is the only one that does not have a symmetrical layout with respect to the main entrance. The other floorplans (A, B, D, and E) appear to be mirror images of each other along the vertical axis passing through the main entrance, indicating a consistent underlying pattern. Floorplan C, however, has a unique arrangement of rooms and hallways that deviates from this symmetry, suggesting it has a different underlying pattern."
"[17, 21]","[7, 22]","['62454', '78147', '31113', '40487', '9795']",31113,1. **Different floorplan:** C,"1. **Different floorplan:** C
2. **Why:** Floorplan C is the only one that does not have a symmetrical layout with respect to the main entrance. The other floorplans (A, B, D, and E) all appear to be mirror images of each other along the vertical axis passing through the main entrance, indicating a consistent underlying pattern. Floorplan C, however, has a unique arrangement of rooms and hallways that deviates from this symmetry, suggesting it has a different underlying pattern."
"[7, 1]","[17, 18]","['21543', '16951', '12421', '53652', '8109']",21543,1. **Different floorplan:** A,"1. **Different floorplan:** A
2. **Why:** Floorplan A is the only one that does not have a symmetrical layout with respect to the main entrance. The other floorplans (B, C, D, and E) appear to be mirror images of each other along the vertical axis passing through the main entrance, indicating a consistent underlying pattern. Floorplan A, however, has a unique arrangement of rooms and hallways that deviates from this symmetry, suggesting it has a different underlying pattern."
"[17, 18]","[7, 1]","['6955', '21408', '3536', '66935', '66316']",3536,1. **Different floorplan:** C,"1. **Different floorplan:** C
2. **Why:** Floorplan C is the only one that does not have a symmetrical layout with respect to the main entrance. The other floorplans (A, B, D, and E) appear to be mirror images of each other along the vertical axis passing through the main entrance, indicating a consistent underlying pattern. Floorplan C, however, has a unique arrangement of rooms and hallways that deviates from this symmetry, suggesting it has a different underlying pattern."
"[17, 5]","[7, 1]","['3536', '72055', '33045', '7913', '50221']",3536,1. **Different floorplan:** E,"1. **Different floorplan:** E
2. **Why:** Floorplan E is the only one that does not have a continuous hallway running from the main entrance to the back of the apartment. Instead, it features a more complex arrangement with additional rooms branching off from the main entrance area, which differs from the simpler linear layout found in the other floorplans."
"[17, 21]","[7, 1]","['16951', '40487', '69704', '78147', '62549']",16951,1. **Different floorplan:** E,"1. **Different floorplan:** E
2. **Why:** Floorplan E is the only one that does not have a symmetrical layout with respect to the main entrance. The other floorplans (A, B, C, and D) all appear to be mirror images of each other along the vertical axis passing through the main entrance, indicating a consistent underlying pattern. Floorplan E deviates from this symmetry, suggesting it has a different underlying pattern."
"[7, 22]","[17, 5]","['33045', '79411', '31113', '40679', '23132']",33045,1. **Different floorplan:** E,"1. **Different floorplan:** E
2. **Why:** Floorplan E is the only one that does not have a symmetrical layout with respect to the main entrance. The other floorplans (A, B, C, and D) all exhibit a similar pattern where the rooms are arranged in a way that is mirrored across the main entrance line. Floorplan E has an asymmetrical arrangement of rooms around the entrance, which sets it apart from the others."
"[17, 21]","[7, 20]","['2425', '62549', '40487', '69704', '9795']",2425,1. **Different floorplan:** A,"1. **Different floorplan:** A
2. **Why:** Floorplan A is the only one that does not have a symmetrical layout with respect to the main entrance. The other floorplans (B, C, D, and E) appear to be mirror images of each other along the vertical axis passing through the main entrance, indicating a consistent underlying pattern. Floorplan A deviates from this symmetry, suggesting it has a different underlying pattern."
"[17, 18]","[7, 22]","['23132', '31693', '21408', '66935', '70105']",23132,1. **Different floorplan:** C,"1. **Different floorplan:** C
2. **Why:** Floorplan C is the only one that does not have a symmetrical layout with respect to the main entrance. The other floorplans (A, B, D, and E) appear to be mirror images of each other along the vertical axis passing through the main entrance, indicating a consistent underlying pattern. Floorplan C, however, has a unique arrangement of rooms and hallways that deviates from this symmetry, suggesting it has a different underlying pattern."
"[7, 1]","[17, 21]","['3536', '12421', '8109', '17550', '9795']",9795,1. **Different floorplan:** E,"1. **Different floorplan:** E
2. **Why:** Floorplan E is the only one that does not have a symmetrical layout with respect to the main entrance. The other floorplans (A, B, C, and D) all appear to be mirror images of each other along the vertical axis passing through the main entrance, indicating a consistent underlying pattern. Floorplan E deviates from this symmetry, making it distinct."
"[17, 21]","[7, 22]","['62454', '62549', '69704', '40679', '9795']",40679,1. **Different floorplan:** D,"1. **Different floorplan:** D
2. **Why:** Floorplan D is the only one that contains a distinct feature not present in the others: a small red room with a door leading into it from the main entrance. This room is not present in any of the other floorplans, which all have a more uniform layout with larger rooms and no such isolated small room."
"[17, 18]","[7, 22]","['31693', '70105', '6955', '23132', '66935']",23132,1. **Different floorplan:** D,"1. **Different floorplan:** D
2. **Why:** Floorplan D is the only one that does not have a symmetrical layout with respect to the main entrance. The other floorplans (A, B, C, and E) all appear to be mirror images of each other along the vertical axis passing through the main entrance, indicating a consistent underlying pattern. Floorplan D, however, has a unique arrangement of rooms and hallways that deviates from this symmetry, suggesting it has a different underlying pattern."
"[7, 3]","[17, 18]","['31693', '61767', '52457', '64781', '75828']",31693,1. **Different floorplan:** C,"1. **Different floorplan:** C
2. **Why:** Floorplan C is the only one that does not have a symmetrical layout with respect to the main entrance. The other floorplans (A, B, D, and E) all appear to be mirror images of each other along the vertical axis passing through the main entrance, indicating a consistent underlying pattern. Floorplan C, however, has a unique arrangement of rooms and hallways that deviates from this symmetry, suggesting it has a different underlying pattern."
"[17, 18]","[7, 22]","['23132', '51240', '21408', '66316', '31693']",23132,1. **Different floorplan:** B,"1. **Different floorplan:** B
2. **Why:** Floorplan B is the only one that has a distinct arrangement of rooms compared to the others. In contrast to the other floorplans, which have a consistent layout with a central hallway leading to various rooms, floorplan B has a more complex and irregular layout. The rooms do not follow a clear linear path from the entrance, and there is a noticeable difference in the positioning and size of the rooms, making it stand out as having a different underlying pattern."
"[17, 18]","[7, 22]","['6955', '70105', '21408', '46660', '79411']",79411,1. **Different floorplan:** E,"1. **Different floorplan:** E
2. **Why:** Floorplan E is the only one that does not have a symmetrical layout with respect to the main entrance. The other floorplans (A, B, C, and D) all appear to be mirror images of each other along the vertical axis passing through the main entrance, indicating a consistent underlying pattern. Floorplan E, however, has a unique arrangement of rooms and hallways that deviates from this symmetry, suggesting it has a different underlying pattern."
"[7, 1]","[17, 18]","['53652', '10825', '6955', '12421', '3536']",6955,1. **Different floorplan:** C,"1. **Different floorplan:** C
2. **Why:** Floorplan C is the only one that does not have a symmetrical layout with respect to the main entrance. The other floorplans (A, B, D, and E) appear to be mirror images of each other along the vertical axis passing through the main entrance, indicating a consistent underlying pattern. Floorplan C, however, has a unique arrangement of rooms and hallways that deviates from this symmetry, suggesting it has a different underlying pattern."
"[7, 1]","[17, 21]","['12421', '8109', '17550', '40487', '16951']",40487,1. **Different floorplan:** D,"1. **Different floorplan:** D
2. **Why:** Floorplan D is the only one that does not have a symmetrical layout with respect to the main entrance. The other floorplans (A, B, C, and E) all appear to be mirror images of each other along the vertical axis passing through the main entrance, indicating a consistent underlying pattern. Floorplan D, however, has a unique arrangement of rooms and hallways that deviates from this symmetry, making it the one with a different underlying pattern."
"[17, 18]","[7, 3]","['6955', '31693', '21543', '52457', '70105']",52457,1. **Different floorplan:** D,"1. **Different floorplan:** D
2. **Why:** Floorplan D is the only one that does not have a continuous hallway running from the main entrance to the back of the apartment. In contrast, floors A, B, C, and E all feature a continuous hallway that extends from the main entrance to the rear of the apartment, which is a consistent pattern in the other four floorplans."
"[7, 1]","[17, 5]","['53652', '12421', '10825', '72055', '3536']",72055,1. **Different floorplan:** E,"1. **Different floorplan:** E
2. **Why:** Floorplan E is the only one that does not have a symmetrical layout with respect to the main entrance. The other floorplans (A, B, C, and D) appear to have a consistent pattern where the rooms are arranged in a similar manner around the central axis defined by the main entrance. Floorplan E has a more irregular arrangement of rooms, which suggests it might have a different underlying pattern compared to the others."
"[7, 1]","[17, 21]","['69704', '12376', '8109', '10825', '17550']",69704,1. **Different floorplan:** B,"1. **Different floorplan:** B
2. **Why:** Floorplan B is the only one that has a distinct arrangement of rooms compared to the others. In all other floorplans (A, C, D, and E), the living area (yellow) is consistently positioned at the back of the apartment, with the kitchen (green) and bedrooms (pink) in front. However, in floorplan B, the living area is placed in the middle, which is not seen in the other floorplans. This unique placement makes it stand out as having a different underlying pattern."
"[7, 1]","[17, 18]","['53652', '8109', '70105', '12421', '3536']",70105,1. **Different floorplan:** C,"1. **Different floorplan:** C
2. **Why:** Floorplan C is the only one that does not have a symmetrical layout with respect to the main entrance. The other floorplans (A, B, D, and E) all appear to be mirror images of each other along the vertical axis passing through the main entrance, indicating a consistent underlying pattern. Floorplan C, however, has a unique arrangement of rooms and hallways that deviates from this symmetry, suggesting it has a different underlying pattern."
"[7, 1]","[17, 18]","['21543', '16951', '3536', '12421', '10825']",21543,1. **Different floorplan:** C,"1. **Different floorplan:** C
2. **Why:** Floorplan C is the only one that does not have a symmetrical layout with respect to the main entrance. The other floorplans (A, B, D, and E) appear to be mirror images of each other along the vertical axis passing through the main entrance, indicating a consistent underlying pattern. Floorplan C, however, has a unique arrangement of rooms and hallways that deviates from this symmetry, suggesting it has a different underlying pattern."
"[7, 1]","[17, 21]","['3536', '9795', '53652', '10825', '16951']",9795,1. **Different floorplan:** B,"1. **Different floorplan:** B
2. **Why:** Floorplan B is the only one that does not have a symmetrical layout with respect to the main entrance. The other floorplans (A, C, D, and E) all appear to be mirror images of each other along the vertical axis passing through the main entrance, indicating a consistent underlying pattern. Floorplan B, however, has a unique arrangement of rooms and hallways that deviates from this symmetry, suggesting it has a different underlying pattern."
"[17, 18]","[7, 20]","['51240', '46660', '66316', '2277', '6955']",2277,1. **Different floorplan:** C,"1. **Different floorplan:** C
2. **Why:** Floorplan C is the only one that does not have a symmetrical layout with respect to the main entrance. The other floorplans (A, B, D, and E) appear to be mirror images of each other along the vertical axis passing through the main entrance, indicating a consistent underlying pattern. Floorplan C, however, shows a distinct asymmetry in the arrangement of rooms around the main entrance, suggesting a different underlying pattern."
"[7, 1]","[17, 21]","['10825', '8109', '12376', '78147', '12421']",78147,1. **Different floorplan:** D,"1. **Different floorplan:** D
2. **Why:** Floorplan D is the only one that does not have a symmetrical layout with respect to the main entrance. The other four floorplans (A, B, C, and E) all exhibit a similar pattern where the rooms are arranged in a way that is mirrored across the main entrance line. Floorplan D has an asymmetrical arrangement of rooms around the main entrance, which sets it apart from the others."
"[17, 21]","[7, 1]","['40487', '78147', '9795', '8109', '62454']",8109,1. **Different floorplan:** D,"1. **Different floorplan:** D
2. **Why:** Floorplan D is the only one that does not have a symmetrical layout with respect to the main entrance. The other floorplans (A, B, C, and E) all appear to be mirror images of each other along the vertical axis passing through the main entrance, indicating a consistent underlying pattern. Floorplan D, however, has a unique arrangement of rooms and hallways that deviates from this symmetry, suggesting it has a different underlying pattern."
"[17, 18]","[7, 22]","['51240', '66316', '40679', '66935', '70105']",40679,1. **Different floorplan:** C,"1. **Different floorplan:** C
2. **Why:** Floorplan C is the only one that does not have a symmetrical layout with respect to the main entrance. The other floorplans (A, B, D, and E) appear to be mirror images of each other along the vertical axis passing through the main entrance, indicating a consistent underlying pattern. Floorplan C, however, has a unique arrangement of rooms and hallways that deviates from this symmetry, suggesting it has a different underlying pattern."
"[17, 18]","[7, 22]","['21408', '66316', '66935', '51240', '23132']",23132,1. **Different floorplan:** E,"1. **Different floorplan:** E
2. **Why:** Floorplan E is the only one that does not have a symmetrical layout with respect to the main entrance. All other floorplans (A, B, C, and D) appear to be mirror images of each other along the vertical axis passing through the main entrance, indicating a consistent underlying pattern. Floorplan E, however, has a unique arrangement of rooms and hallways that deviates from this symmetry, suggesting it has a different underlying pattern."
"[17, 21]","[7, 1]","['40487', '12376', '78147', '62549', '62454']",12376,1. **Different floorplan:** B,"1. **Different floorplan:** B
2. **Why:** Floorplan B is the only one that has a distinct arrangement of rooms compared to the others. In particular, it has a unique configuration where the living area (yellow) is directly connected to the kitchen (orange) without any intermediate spaces like a hallway or dining area, which is not present in the other floorplans. This direct connection makes B stand out from the rest, indicating a different underlying pattern."
"[7, 22]","[17, 21]","['79411', '23132', '62454', '31113', '40679']",62454,1. **Different floorplan:** C,"1. **Different floorplan:** C
2. **Why:** Floorplan C is the only one that does not have a symmetrical layout with respect to the main entrance. The other floorplans (A, B, D, and E) all appear to be mirror images of each other along the vertical axis passing through the main entrance, indicating a consistent underlying pattern. Floorplan C, however, has a unique arrangement of rooms and hallways that deviates from this symmetry, suggesting it has a different underlying pattern."
"[17, 18]","[7, 22]","['6955', '70105', '51240', '46660', '31113']",31113,1. **Different floorplan:** E,"1. **Different floorplan:** E
2. **Why:** Floorplan E is the only one that does not have a continuous hallway running from the main entrance to the back of the apartment. Instead, it has a more compact arrangement with rooms directly connected without a clear central hallway, which distinguishes it from the other floorplans that all feature a similar layout with a central hallway."
"[17, 18]","[7, 1]","['17550', '46660', '21543', '21408', '66935']",17550,1. **Different floorplan:** E,"1. **Different floorplan:** E
2. **Why:** Floorplan E is the only one that does not have a symmetrical layout with respect to the main entrance. The other floorplans (A, B, C, and D) all exhibit a similar pattern where the rooms are arranged in a way that is mirrored across the main entrance line, creating a symmetrical design. Floorplan E breaks this symmetry, making it distinct from the others."
"[17, 21]","[7, 1]","['78147', '40487', '69704', '16951', '62454']",16951,1. **Different floorplan:** D,"1. **Different floorplan:** D
2. **Why:** Floorplan D is the only one that does not have a symmetrical layout with respect to the main entrance. The other floorplans (A, B, C, and E) all appear to be mirror images of each other along the vertical axis passing through the main entrance, indicating a consistent underlying pattern. Floorplan D, however, has a unique arrangement of rooms and hallways that deviates from this symmetry, making it the one with a different underlying pattern."
"[17, 18]","[7, 22]","['66935', '46660', '31693', '6955', '23132']",23132,1. **Different floorplan:** E,"1. **Different floorplan:** E
2. **Why:** Floorplan E is the only one that does not have a continuous hallway running from the main entrance to the far end of the apartment. Instead, it features a more open layout with fewer distinct rooms, which sets it apart from the others that have a more structured hallway layout."
"[17, 21]","[7, 22]","['79411', '40487', '62454', '62549', '78147']",79411,1. **Different floorplan:** A,"1. **Different floorplan:** A
2. **Why:** Floorplan A is the only one that does not have a symmetrical layout with respect to the main entrance. The other floorplans (B, C, D, and E) all appear to be mirror images of each other along the vertical axis passing through the main entrance, indicating a consistent underlying pattern. Floorplan A, however, has a unique arrangement of rooms and hallways that deviates from this symmetry, suggesting it has a different underlying pattern."
"[7, 1]","[17, 18]","['51240', '16951', '12376', '10825', '8109']",51240,1. **Different floorplan:** A,"1. **Different floorplan:** A
2. **Why:** Floorplan A is the only one that does not have a symmetrical layout with respect to the main entrance. The other four floorplans (B, C, D, and E) appear to be mirror images of each other along the vertical axis passing through the main entrance, indicating a consistent underlying pattern. Floorplan A deviates from this symmetry, suggesting it has a different underlying pattern."
"[17, 21]","[7, 3]","['64781', '78147', '9795', '69704', '40487']",64781,1. **Different floorplan:** A,"1. **Different floorplan:** A
2. **Why:** Floorplan A is the only one that does not have a symmetrical layout with respect to the main entrance. The other floorplans (B, C, D, and E) all appear to be mirror images of each other along the vertical axis passing through the main entrance, indicating a consistent underlying pattern. Floorplan A deviates from this symmetry, suggesting it has a different underlying pattern."
"[17, 21]","[7, 1]","['40487', '69704', '10825', '78147', '62454']",10825,1. **Different floorplan:** C,"1. **Different floorplan:** C
2. **Why:** Floorplan C is the only one that does not have a symmetrical layout with respect to the main entrance. The other floorplans (A, B, D, and E) appear to be mirror images of each other along the vertical axis passing through the main entrance, indicating a consistent underlying pattern. Floorplan C, however, shows a distinct asymmetry in the placement of rooms and the overall layout around the main entrance, making it unique among the others."
"[17, 18]","[7, 3]","['46660', '66316', '64781', '21543', '51240']",64781,1. **Different floorplan:** E,"1. **Different floorplan:** E
2. **Why:** Floorplan E is the only one that does not have a continuous hallway running from the main entrance to the back of the apartment. Instead, it has a more complex layout with multiple turns and dead ends, which is distinct from the other floorplans that maintain a more linear path."
"[17, 18]","[7, 3]","['21408', '52457', '46660', '6955', '66935']",52457,1. **Different floorplan:** B,"1. **Different floorplan:** B
2. **Why:** Floorplan B is the only one that does not have a symmetrical layout with respect to the main entrance. The other floorplans (A, C, D, and E) all appear to be mirror images of each other along the vertical axis passing through the main entrance, indicating a consistent underlying pattern. Floorplan B, however, has a unique arrangement of rooms and hallways that deviates from this symmetry, suggesting it has a different underlying pattern."
"[17, 21]","[7, 20]","['78147', '40487', '62454', '54372', '69704']",54372,1. **Different floorplan:** D,"1. **Different floorplan:** D
2. **Why:** Floorplan D is the only one that does not have a symmetrical layout with respect to the main entrance. The other floorplans (A, B, C, and E) all appear to be mirror images of each other along the vertical axis passing through the main entrance, indicating a consistent underlying pattern. Floorplan D, however, has a unique arrangement of rooms and hallways that deviates from this symmetry, suggesting it has a different underlying pattern."
"[17, 21]","[7, 22]","['78147', '9795', '40679', '62549', '40487']",40679,1. **Different floorplan:** C,"1. **Different floorplan:** C
2. **Why:** Floorplan C is the only one that does not have a continuous hallway running from the main entrance to the back of the apartment. Instead, it features a more complex layout with multiple turns and a lack of a direct path to the rear, which distinguishes it from the other floorplans that all appear to have a linear or near-linear hallway pattern."
"[17, 18]","[7, 1]","['31693', '16951', '66316', '70105', '46660']",16951,1. **Different floorplan:** B,"1. **Different floorplan:** B
2. **Why:** Floorplan B is the only one that does not have a symmetrical layout with respect to the main entrance. The other floorplans (A, C, D, and E) all appear to be mirror images of each other along the vertical axis passing through the main entrance, indicating a consistent underlying pattern. Floorplan B, however, has a unique arrangement of rooms and hallways that deviates from this symmetry, suggesting it has a different underlying pattern."
"[17, 21]","[7, 1]","['78147', '69704', '62454', '40487', '8109']",8109,1. **Different floorplan:** E,"1. **Different floorplan:** E
2. **Why:** Floorplan E is the only one that does not have a symmetrical layout with respect to the main entrance. The other floorplans (A, B, C, and D) all appear to be mirror images of each other along the vertical axis passing through the main entrance, indicating a consistent underlying pattern. Floorplan E, however, has a unique arrangement of rooms and hallways that deviates from this symmetry, suggesting it has a different underlying pattern."
"[17, 18]","[7, 1]","['3536', '70105', '66935', '66316', '46660']",3536,1. **Different floorplan:** B,"1. **Different floorplan:** B
2. **Why:** Floorplan B is the only one that does not have a symmetrical layout with respect to the main entrance. The other floorplans (A, C, D, and E) all appear to be mirror images of each other along the vertical axis passing through the main entrance, indicating a consistent underlying pattern. Floorplan B, however, has a unique arrangement of rooms and hallways that deviates from this symmetry, suggesting it has a different underlying pattern."
"[7, 1]","[17, 21]","['8109', '12421', '10825', '62549', '16951']",62549,1. **Different floorplan:** D,"1. **Different floorplan:** D
2. **Why:** Floorplan D is the only one that does not have a symmetrical arrangement of rooms around the central axis. All other floorplans (A, B, C, and E) exhibit a mirrored symmetry in their room layouts, with similar room types and sizes on either side of the central axis. Floorplan D breaks this symmetry by having a different arrangement of rooms on either side of the central axis, making it distinct from the others."
"[17, 18]","[7, 3]","['66316', '61767', '51240', '46660', '70105']",61767,1. **Different floorplan:** B,"1. **Different floorplan:** B
2. **Why:** Floorplan B is the only one that has a distinct arrangement of rooms compared to the others. In particular, the placement of the yellow room (which appears to be a living area) and the green room (which could be a bedroom) is unique in B. The other floorplans (A, C, D, and E) all have similar configurations with the yellow room and green room positioned similarly to each other, suggesting they share a common underlying pattern. Floorplan B deviates from this pattern by having the yellow room and green room in a different relative position, making it stand out as the one with a different underlying pattern."
"[17, 18]","[7, 22]","['46660', '21543', '66935', '40679', '21408']",40679,1. **Different floorplan:** D,"1. **Different floorplan:** D
2. **Why:** Floorplan D is the only one that does not have a symmetrical layout with respect to the main entrance. The other four floorplans (A, B, C, and E) appear to be mirror images of each other along the vertical axis passing through the main entrance, indicating a consistent underlying pattern. Floorplan D, however, has a unique arrangement of rooms and hallways that deviates from this symmetry, suggesting it has a different underlying pattern."
"[7, 1]","[17, 21]","['9795', '12421', '16951', '53652', '17550']",9795,1. **Different floorplan:** C,"1. **Different floorplan:** C
2. **Why:** Floorplan C is the only one that does not have a symmetrical layout with respect to the main entrance. The other floorplans (A, B, D, and E) appear to be mirror images of each other along the vertical axis passing through the main entrance, indicating a consistent underlying pattern. Floorplan C, however, has a unique arrangement of rooms and hallways that deviates from this symmetry, suggesting it has a different underlying pattern."
"[17, 21]","[7, 1]","['78147', '62454', '9795', '40487', '17550']",17550,1. **Different floorplan:** E,"1. **Different floorplan:** E
2. **Why:** Floorplan E is the only one that does not have a symmetrical layout with respect to the main entrance. The other four floorplans (A, B, C, and D) all exhibit a similar pattern where the living spaces are arranged around a central core, typically including a kitchen, dining area, and living room, which are symmetrically placed around the entrance. Floorplan E deviates from this pattern by having an asymmetrical arrangement of rooms, particularly in the distribution of the kitchen and dining areas."
"[17, 18]","[7, 22]","['40679', '46660', '66316', '66935', '51240']",40679,1. **Different floorplan:** E,"1. **Different floorplan:** E
2. **Why:** Floorplan E is the only one that does not have a symmetrical layout with respect to the main entrance. The other floorplans (A, B, C, and D) all appear to be mirror images of each other along the vertical axis passing through the main entrance, indicating a consistent underlying pattern. Floorplan E, however, has a unique arrangement of rooms and hallways that deviates from this symmetry, suggesting it has a different underlying pattern."
"[17, 18]","[7, 20]","['21543', '66935', '55305', '70105', '51240']",55305,1. **Different floorplan:** C,"1. **Different floorplan:** C
2. **Why:** Floorplan C is the only one that does not have a symmetrical layout with respect to the main entrance. The other floorplans (A, B, D, and E) all appear to be mirror images of each other along the vertical axis passing through the main entrance, indicating a consistent underlying pattern. Floorplan C, however, has a unique arrangement of rooms and hallways that deviates from this symmetry, suggesting it has a different underlying pattern."
"[17, 18]","[7, 3]","['66316', '21408', '21543', '66935', '61767']",61767,1. **Different floorplan:** B,"1. **Different floorplan:** B
2. **Why:** Floorplan B is the only one that has a distinct arrangement of rooms compared to the others. In particular, it features a large central open space that is not present in the other floorplans. This central open space is surrounded by smaller rooms, which is unique and sets it apart from the more uniform layouts of A, C, D, and E."
"[17, 18]","[7, 20]","['51240', '6955', '46660', '21408', '2425']",2425,1. **Different floorplan:** E,"1. **Different floorplan:** E
2. **Why:** Floorplan E is the only one that does not have a symmetrical layout with respect to the main entrance. The other floorplans (A, B, C, and D) all appear to be mirror images of each other along the vertical axis passing through the main entrance, indicating a consistent underlying pattern. Floorplan E, however, has a unique arrangement of rooms and hallways that deviates from this symmetry, suggesting it has a different underlying pattern."
"[17, 21]","[7, 22]","['23132', '69704', '40487', '78147', '9795']",23132,1. **Different floorplan:** A,"1. **Different floorplan:** A
2. **Why:** Floorplan A is the only one that does not have a symmetrical layout with respect to the main entrance. The other floorplans (B, C, D, and E) all appear to be mirror images of each other along the vertical axis passing through the main entrance, indicating a consistent underlying pattern. Floorplan A, however, has a unique arrangement of rooms and hallways that deviates from this symmetry, suggesting it has a different underlying pattern."
"[17, 18]","[7, 1]","['21543', '46660', '6955', '31693', '53652']",53652,1. **Different floorplan:** E,"1. **Different floorplan:** E
2. **Why:** Floorplan E is the only one that does not have a symmetrical layout with respect to the main entrance. The other floorplans (A, B, C, and D) all appear to be mirror images of each other along the vertical axis passing through the main entrance, indicating a consistent underlying pattern. Floorplan E, however, has a unique arrangement of rooms and hallways that deviates from this symmetry, suggesting it has a different underlying pattern."
"[7, 3]","[17, 21]","['69704', '75828', '52457', '64781', '61767']",69704,1. **Different floorplan:** C,"1. **Different floorplan:** C
2. **Why:** Floorplan C is the only one that does not have a symmetrical layout with respect to the main entrance. The other floorplans (A, B, D, and E) all appear to be mirror images of each other along the vertical axis passing through the main entrance, indicating a consistent underlying pattern. Floorplan C, however, has a unique arrangement of rooms and hallways that deviates from this symmetry, suggesting it has a different underlying pattern."
"[7, 1]","[17, 5]","['3536', '53652', '16951', '8109', '72055']",72055,1. **Different floorplan:** E,"1. **Different floorplan:** E
2. **Why:** Floorplan E is the only one that does not follow the same pattern as the others. The other four floorplans (A, B, C, and D) all have a consistent layout where the living area (yellow) is adjacent to the kitchen (green), and the bedrooms (pink) are located at the far end of the building. Floorplan E deviates from this pattern by having the living area and kitchen in separate sections, with the bedrooms positioned differently compared to the others."
"[17, 18]","[7, 3]","['46660', '21543', '66316', '6955', '75828']",75828,1. **Different floorplan:** E,"1. **Different floorplan:** E
2. **Why:** Floorplan E is the only one that does not have a symmetrical layout with respect to the main entrance. The other floorplans (A, B, C, and D) all exhibit a similar pattern where the rooms are arranged in a way that is mirrored across the main entrance line, creating a balanced and symmetrical design. Floorplan E, however, has an asymmetrical arrangement of rooms around the main entrance, which sets it apart from the others."
"[7, 1]","[17, 5]","['50221', '8109', '53652', '3536', '12376']",50221,1. **Different floorplan:** D,"1. **Different floorplan:** D
2. **Why:** Floorplan D is the only one that does not have a symmetrical layout with respect to the main entrance. The other floorplans (A, B, C, and E) appear to be mirror images of each other along the vertical axis passing through the main entrance, indicating a consistent underlying pattern. Floorplan D, however, has a unique arrangement of rooms and hallways that deviates from this symmetry, suggesting it has a different underlying pattern."
"[7, 1]","[17, 18]","['66935', '53652', '17550', '12421', '8109']",66935,1. **Different floorplan:** C,"1. **Different floorplan:** C
2. **Why:** Floorplan C is the only one that does not have a symmetrical layout with respect to the main entrance. The other floorplans (A, B, D, and E) appear to be mirror images of each other along the vertical axis passing through the main entrance, indicating a consistent underlying pattern. Floorplan C, however, has a unique arrangement of rooms and hallways that deviates from this symmetry, suggesting it has a different underlying pattern."
"[17, 18]","[7, 3]","['66935', '46660', '52457', '66316', '31693']",52457,1. **Different floorplan:** C,"1. **Different floorplan:** C
2. **Why:** Floorplan C is the only one that does not have a symmetrical layout with respect to the main entrance. The other floorplans (A, B, D, and E) all appear to be mirror images of each other along the vertical axis passing through the main entrance, indicating a consistent underlying pattern. Floorplan C, however, has a unique arrangement of rooms and hallways that deviates from this symmetry, suggesting it has a different underlying pattern."
"[17, 18]","[7, 20]","['66935', '31693', '70105', '55305', '21408']",55305,1. **Different floorplan:** E,"1. **Different floorplan:** E
2. **Why:** Floorplan E is the only one that does not have a symmetrical layout with respect to the main entrance. The other four floorplans (A, B, C, and D) all exhibit a similar pattern where the rooms are arranged in a way that is mirrored across the main entrance line. Floorplan E deviates from this symmetry by having a unique arrangement of rooms around the entrance, which makes it stand out as having a different underlying pattern."
"[7, 1]","[17, 5]","['12421', '7913', '8109', '10825', '3536']",7913,1. **Different floorplan:** E,"1. **Different floorplan:** E
2. **Why:** Floorplan E is the only one that does not have a continuous hallway running from the main entrance to the back of the apartment. Instead, it features a more open layout with fewer distinct rooms, which sets it apart from the others that maintain a more traditional hallway structure."
"[7, 1]","[17, 18]","['53652', '16951', '17550', '10825', '21543']",21543,1. **Different floorplan:** E,"1. **Different floorplan:** E
2. **Why:** Floorplan E is the only one that does not follow the same pattern as the others. The other four floorplans (A, B, C, and D) all have a similar layout where the living area is centrally located with bedrooms and bathrooms surrounding it. Floorplan E deviates from this pattern by having a more complex arrangement with additional spaces that do not fit into the typical central living area configuration."
"[7, 1]","[17, 18]","['16951', '53652', '3536', '8109', '51240']",51240,1. **Different floorplan:** E,"1. **Different floorplan:** E
2. **Why:** Floorplan E is the only one that does not have a continuous hallway running from the main entrance to the back of the apartment. Instead, it features a more complex layout with multiple turns and dead ends, which is distinct from the simpler, linear patterns in the other floorplans."
"[7, 1]","[17, 18]","['6955', '53652', '10825', '8109', '12421']",6955,1. **Different floorplan:** A,"1. **Different floorplan:** A
2. **Why:** Floorplan A is the only one that does not have a symmetrical layout with respect to the main entrance. The other floorplans (B, C, D, and E) appear to be mirror images of each other along the vertical axis passing through the main entrance, indicating a consistent underlying pattern. Floorplan A deviates from this symmetry, suggesting it has a different underlying pattern."
"[17, 18]","[7, 3]","['21543', '31693', '6955', '70105', '75828']",75828,1. **Different floorplan:** E,"1. **Different floorplan:** E
2. **Why:** Floorplan E is the only one that does not have a continuous hallway running from the main entrance to the far end of the apartment. Instead, it has a more scattered arrangement of rooms with no clear central pathway, unlike the other floorplans which all feature a continuous hallway."
"[7, 1]","[17, 5]","['3536', '53652', '17550', '33045', '10825']",33045,1. **Different floorplan:** D,"1. **Different floorplan:** D
2. **Why:** Floorplan D is the only one that does not have a continuous hallway running vertically from the main entrance. In contrast, floors A, B, C, and E all feature a vertical hallway that extends from the main entrance up to the top of the floorplan. This unique characteristic sets floorplan D apart from the others."
"[17, 18]","[7, 3]","['21543', '31693', '21408', '46660', '75828']",75828,1. **Different floorplan:** E,"1. **Different floorplan:** E
2. **Why:** Floorplan E is the only one that does not have a symmetrical layout with respect to the main entrance. The other floorplans (A, B, C, and D) all appear to be mirror images of each other along the vertical axis passing through the main entrance, indicating a consistent underlying pattern. Floorplan E, however, has a unique arrangement of rooms and hallways that deviates from this symmetry, suggesting it has a different underlying pattern."
"[17, 21]","[7, 3]","['78147', '62549', '69704', '61767', '62454']",61767,1. **Different floorplan:** D,"1. **Different floorplan:** D
2. **Why:** Floorplan D is the only one that does not have a symmetrical layout with respect to the main entrance. The other four floorplans (A, B, C, and E) all exhibit a similar pattern where the rooms are arranged symmetrically around the main entrance, with the living area, bedrooms, and bathrooms distributed in a balanced manner. Floorplan D, however, has an asymmetrical arrangement, with the living area and bedrooms not being evenly distributed on either side of the main entrance. This asymmetry sets it apart from the others."
"[7, 1]","[17, 5]","['7913', '8109', '12421', '3536', '17550']",7913,1. **Different floorplan:** D,"1. **Different floorplan:** D
2. **Why:** Floorplan D is the only one that does not have a symmetrical layout with respect to the main entrance. The other floorplans (A, B, C, and E) appear to be mirror images of each other along the vertical axis passing through the main entrance, indicating a consistent underlying pattern. Floorplan D, however, shows a distinct asymmetry in the placement of rooms and the overall layout around the main entrance, making it unique compared to the others."
"[7, 1]","[17, 21]","['8109', '17550', '12376', '12421', '69704']",69704,1. **Different floorplan:** E,"1. **Different floorplan:** E
2. **Why:** Floorplan E is the only one that does not have a symmetrical layout with respect to the main entrance. The other floorplans (A, B, C, and D) all appear to be mirror images of each other along the vertical axis passing through the main entrance, indicating a consistent underlying pattern. Floorplan E, however, has a unique arrangement of rooms and hallways that deviates from this symmetry, suggesting it has a different underlying pattern."
"[17, 21]","[7, 20]","['9795', '40487', '69704', '62549', '2277']",2277,1. **Different floorplan:** E,"1. **Different floorplan:** E
2. **Why:** Floorplan E is the only one that features a central open space surrounded by multiple smaller rooms, which is not present in the other floorplans. The other floorplans have more traditional layouts with distinct rooms and hallways."
"[17, 18]","[7, 1]","['3536', '21408', '21543', '70105', '66316']",3536,1. **Different floorplan:** B,"1. **Different floorplan:** B
2. **Why:** Floorplan B is the only one that does not have a continuous hallway running from the main entrance to the far end of the floorplan. Instead, it features a more complex arrangement with multiple turns and dead ends, which is distinct from the other floorplans that maintain a linear path."
"[17, 18]","[7, 22]","['21408', '46660', '31113', '70105', '66935']",31113,1. **Different floorplan:** C,"1. **Different floorplan:** C
2. **Why:** Floorplan C is the only one that does not have a symmetrical layout with respect to the main entrance. The other floorplans (A, B, D, and E) all appear to be mirror images of each other along the vertical axis passing through the main entrance, indicating a consistent underlying pattern. Floorplan C, however, has a unique arrangement of rooms and hallways that deviates from this symmetry, suggesting it has a different underlying pattern."
"[17, 21]","[7, 22]","['40679', '62549', '40487', '69704', '62454']",40679,1. **Different floorplan:** A,"1. **Different floorplan:** A
2. **Why:** Floorplan A is the only one that does not have a symmetrical layout with respect to the main entrance. The other floorplans (B, C, D, and E) all appear to be mirror images of each other along the vertical axis passing through the main entrance, indicating a consistent underlying pattern. Floorplan A, however, has a unique arrangement of rooms and hallways that deviates from this symmetry, suggesting it has a different underlying pattern."
"[17, 18]","[7, 20]","['51240', '21543', '66935', '2425', '46660']",2425,1. **Different floorplan:** D,"1. **Different floorplan:** D
2. **Why:** Floorplan D is the only one that does not have a symmetrical layout with respect to the main entrance. The other four floorplans (A, B, C, and E) all exhibit a similar pattern where the rooms are arranged in a way that is mirrored across the main entrance line. Floorplan D has a unique arrangement of rooms that deviates from this symmetry, making it stand out as having a different underlying pattern."
"[17, 18]","[7, 1]","['10825', '70105', '21408', '46660', '6955']",10825,1. **Different floorplan:** C,"1. **Different floorplan:** C
2. **Why:** Floorplan C is the only one that does not have a continuous hallway running from the main entrance to the far end of the apartment. Instead, it features a more complex layout with multiple turns and dead ends, which is distinct from the simpler, linear patterns in the other floorplans."
"[17, 18]","[7, 3]","['64781', '51240', '21408', '66316', '46660']",64781,1. **Different floorplan:** B,"1. **Different floorplan:** B
2. **Why:** Floorplan B is the only one that has a distinct arrangement of rooms compared to the others. In particular, it features a large central open space that is not present in the other floorplans. This central open space is surrounded by smaller rooms, which is unique to B. The other floorplans have more uniform layouts with no such central open space."
"[7, 1]","[17, 21]","['62454', '17550', '10825', '16951', '12421']",62454,1. **Different floorplan:** D,"1. **Different floorplan:** D
2. **Why:** Floorplan D is the only one that does not have a symmetrical layout with respect to the main entrance. The other floorplans (A, B, C, and E) appear to be mirror images of each other along the vertical axis passing through the main entrance, indicating a consistent underlying pattern. Floorplan D, however, has a unique arrangement of rooms and hallways that deviates from this symmetry, suggesting it has a different underlying pattern."
"[7, 1]","[17, 21]","['78147', '17550', '16951', '8109', '3536']",78147,1. **Different floorplan:** E,"1. **Different floorplan:** E
2. **Why:** Floorplan E is the only one that does not have a symmetrical layout with respect to the main entrance. The other floorplans (A, B, C, and D) all appear to be mirror images of each other along the vertical axis passing through the main entrance, indicating a consistent underlying pattern. Floorplan E, however, has a unique arrangement of rooms and hallways that deviates from this symmetry, suggesting it has a different underlying pattern."
"[7, 1]","[17, 21]","['12421', '62454', '8109', '3536', '12376']",62454,1. **Different floorplan:** D,"1. **Different floorplan:** D
2. **Why:** Floorplan D is the only one that does not have a symmetrical layout with respect to the main entrance. The other floorplans (A, B, C, and E) appear to be mirror images of each other along the vertical axis passing through the main entrance, indicating a consistent underlying pattern. Floorplan D, however, has a unique arrangement of rooms and hallways that deviates from this symmetry, suggesting it has a different underlying pattern."
"[17, 18]","[7, 1]","['46660', '66316', '70105', '8109', '21543']",8109,1. **Different floorplan:** C,"1. **Different floorplan:** C
2. **Why:** Floorplan C is the only one that does not have a symmetrical layout with respect to the main entrance. The other floorplans (A, B, D, and E) all appear to be mirror images of each other along the vertical axis passing through the main entrance, indicating a consistent underlying pattern. Floorplan C, however, has a unique arrangement of rooms and hallways that deviates from this symmetry, suggesting it has a different underlying pattern."
"[17, 18]","[7, 3]","['66316', '46660', '6955', '61767', '66935']",61767,1. **Different floorplan:** D,"1. **Different floorplan:** D
2. **Why:** Floorplan D is the only one that does not have a continuous hallway running from the main entrance to the back of the apartment. Instead, it features a more complex layout with multiple turns and dead ends, which is distinct from the simpler, linear patterns in the other floorplans."
"[17, 18]","[7, 20]","['6955', '66316', '21408', '54372', '66935']",54372,1. **Different floorplan:** D,"1. **Different floorplan:** D
2. **Why:** Floorplan D is the only one that does not have a symmetrical layout with respect to the main entrance. The other floorplans (A, B, C, and E) all appear to be mirror images of each other along the vertical axis passing through the main entrance, indicating a consistent underlying pattern. Floorplan D, however, has a unique arrangement of rooms and hallways that deviates from this symmetry, suggesting it has a different underlying pattern."
"[7, 1]","[17, 5]","['50221', '12376', '10825', '12421', '8109']",50221,1. **Different floorplan:** A,"1. **Different floorplan:** A
2. **Why:** Floorplan A is the only one that does not have a symmetrical layout with respect to the main entrance. The other floorplans (B, C, D, and E) appear to be mirror images of each other along the vertical axis passing through the main entrance, indicating a consistent underlying pattern. Floorplan A deviates from this symmetry, suggesting it has a different underlying pattern."
"[17, 18]","[7, 22]","['6955', '51240', '23132', '70105', '66935']",23132,1. **Different floorplan:** C,"1. **Different floorplan:** C
2. **Why:** Floorplan C is the only one that does not have a continuous hallway running from the main entrance to the far end of the apartment. Instead, it has a T-shaped layout with two perpendicular hallways meeting at a central point, which is distinct from the linear hallway patterns in the other floorplans."
"[7, 1]","[17, 18]","['3536', '10825', '8109', '51240', '16951']",51240,1. **Different floorplan:** D,"1. **Different floorplan:** D
2. **Why:** Floorplan D is the only one that does not have a continuous hallway running vertically from the main entrance. In contrast, floors A, B, C, and E all feature a vertical hallway that extends from the main entrance up to the top of the floorplan. This unique characteristic sets floorplan D apart from the others."
"[17, 21]","[7, 1]","['9795', '69704', '12376', '62454', '40487']",12376,1. **Different floorplan:** C,"1. **Different floorplan:** C
2. **Why:** Floorplan C is the only one that does not have a symmetrical layout with respect to the main entrance. The other floorplans (A, B, D, and E) appear to be mirror images of each other along the vertical axis passing through the main entrance, indicating a consistent underlying pattern. Floorplan C, however, shows a distinct asymmetry in the placement of rooms and the overall layout around the main entrance, making it the outlier."
"[17, 18]","[7, 22]","['66935', '21543', '6955', '31693', '23132']",23132,1. **Different floorplan:** E,"1. **Different floorplan:** E
2. **Why:** Floorplan E is the only one that does not have a symmetrical layout with respect to the main entrance. All other floorplans (A, B, C, and D) appear to be mirror images of each other along the vertical axis passing through the main entrance, indicating a consistent underlying pattern. Floorplan E, however, has a unique arrangement of rooms and hallways that deviates from this symmetry, suggesting it has a different underlying pattern."
"[7, 1]","[17, 5]","['12421', '12376', '50221', '8109', '3536']",50221,1. **Different floorplan:** C,"1. **Different floorplan:** C
2. **Why:** Floorplan C is the only one that does not have a continuous hallway running from the main entrance to the back of the apartment. Instead, it features a more complex layout with multiple rooms branching off from the entrance, which is distinct from the linear hallway pattern present in A, B, D, and E."
"[17, 18]","[7, 20]","['21543', '46660', '55305', '31693', '66316']",55305,1. **Different floorplan:** C,"1. **Different floorplan:** C
2. **Why:** Floorplan C is the only one that does not have a symmetrical layout with respect to the main entrance. The other floorplans (A, B, D, and E) all appear to be mirror images of each other along the vertical axis passing through the main entrance, indicating a consistent underlying pattern. Floorplan C, however, shows a distinct asymmetry in the arrangement of rooms around the main entrance, suggesting a different underlying pattern."
"[7, 1]","[17, 21]","['3536', '12376', '8109', '9795', '17550']",9795,1. **Different floorplan:** D,"1. **Different floorplan:** D
2. **Why:** Floorplan D is the only one that does not have a continuous hallway running vertically from the main entrance. In contrast, floors A, B, C, and E all feature a vertical hallway that extends from the main entrance up to the top level, which is a consistent pattern in those plans. Floorplan D breaks this pattern by having a different arrangement of rooms and hallways around the central area, making it distinct from the others."
"[7, 1]","[17, 21]","['53652', '10825', '16951', '62454', '17550']",62454,1. **Different floorplan:** D,"1. **Different floorplan:** D
2. **Why:** Floorplan D is the only one that does not have a symmetrical layout with respect to the main entrance. The other floorplans (A, B, C, and E) appear to be mirror images of each other along the vertical axis passing through the main entrance, indicating a consistent underlying pattern. Floorplan D, however, shows a distinct asymmetry in the placement of rooms and the overall layout around the main entrance, making it unique compared to the others."
"[7, 1]","[17, 18]","['17550', '46660', '12376', '3536', '53652']",46660,1. **Different floorplan:** D,"1. **Different floorplan:** D
2. **Why:** Floorplan D is the only one that does not have a symmetrical layout with respect to the main entrance. The other floorplans (A, B, C, and E) all appear to be mirror images of each other along the vertical axis passing through the main entrance, indicating a consistent underlying pattern. Floorplan D, however, has a unique arrangement of rooms and hallways that deviates from this symmetry, suggesting it has a different underlying pattern."
"[17, 21]","[7, 1]","['9795', '40487', '69704', '3536', '62549']",3536,1. **Different floorplan:** D,"1. **Different floorplan:** D
2. **Why:** Floorplan D is the only one that has a distinct arrangement of rooms compared to the others. In contrast to the other floorplans, which have a consistent layout with a central hallway leading to various rooms, Floorplan D features a large open space that appears to be a living area or a combined living-dining room, which is not present in the other floorplans. This unique feature sets it apart from the rest."
"[17, 5]","[7, 1]","['33045', '8109', '72055', '50221', '7913']",8109,1. **Different floorplan:** B,"1. **Different floorplan:** B
2. **Why:** Floorplan B is the only one that has a distinct arrangement of rooms compared to the others. In particular, it has a unique configuration where the living area (yellow) is directly connected to the kitchen (green) without any intermediate spaces, which differs from the other floorplans where there are additional rooms or hallways between the living area and the kitchen."
"[7, 1]","[17, 5]","['33045', '12376', '3536', '10825', '12421']",33045,1. **Different floorplan:** C,"1. **Different floorplan:** C
2. **Why:** Floorplan C is the only one that does not have a symmetrical layout with respect to the main entrance. The other floorplans (A, B, D, and E) appear to be mirror images of each other along the vertical axis passing through the main entrance, indicating a consistent underlying pattern. Floorplan C, however, has a unique arrangement of rooms and hallways that deviates from this symmetry, suggesting it has a different underlying pattern."
"[7, 1]","[17, 5]","['12421', '33045', '10825', '53652', '17550']",33045,1. **Different floorplan:** B,"1. **Different floorplan:** B
2. **Why:** Floorplan B is the only one that has a distinct arrangement of rooms compared to the others. In contrast to the other floorplans, which have a more consistent layout with a central hallway leading to various rooms, floorplan B features a unique configuration where the rooms are grouped in a way that deviates from the typical central hallway design. This makes it stand out as having a different underlying pattern."
"[7, 1]","[17, 18]","['16951', '12421', '12376', '70105', '8109']",70105,1. **Different floorplan:** D,"1. **Different floorplan:** D
2. **Why:** Floorplan D is the only one that does not have a continuous hallway running from the main entrance to the back of the apartment. Instead, it features a more complex layout with multiple turns and additional rooms branching off the main entrance, which is not present in the other floorplans."
"[17, 21]","[7, 20]","['78147', '2277', '69704', '62549', '9795']",2277,1. **Different floorplan:** B,"1. **Different floorplan:** B
2. **Why:** Floorplan B is the only one that has an additional room (a small yellow room) that is not present in the other four floorplans. This extra room disrupts the uniformity of the spatial layout compared to A, C, D, and E, which all have a consistent arrangement of rooms without any additional elements that break the pattern."
"[17, 18]","[7, 1]","['17550', '51240', '66935', '6955', '46660']",17550,1. **Different floorplan:** E,"1. **Different floorplan:** E
2. **Why:** Floorplan E is the only one that does not have a continuous hallway running from the main entrance to the back of the apartment. Instead, it has a more scattered arrangement of rooms with no clear central pathway, unlike the other floorplans which all feature a continuous hallway."
"[17, 18]","[7, 20]","['6955', '66935', '55305', '51240', '70105']",55305,1. **Different floorplan:** C,"1. **Different floorplan:** C
2. **Why:** Floorplan C is the only one that does not have a symmetrical layout with respect to the main entrance. The other floorplans (A, B, D, and E) all appear to be mirror images of each other along the vertical axis passing through the main entrance, indicating a consistent underlying pattern. Floorplan C, however, has a unique arrangement of rooms and hallways that deviates from this symmetry, suggesting it has a different underlying pattern."
"[7, 1]","[17, 21]","['17550', '69704', '12421', '3536', '12376']",69704,1. **Different floorplan:** D,"1. **Different floorplan:** D
2. **Why:** Floorplan D is the only one that does not have a symmetrical layout with respect to the main entrance. The other floorplans (A, B, C, and E) all appear to be mirror images of each other along the vertical axis passing through the main entrance, indicating a consistent underlying pattern. Floorplan D, however, has a unique arrangement of rooms and hallways that deviates from this symmetry, suggesting it has a different underlying pattern."
"[17, 21]","[7, 20]","['55305', '9795', '40487', '62549', '78147']",55305,1. **Different floorplan:** A,"1. **Different floorplan:** A
2. **Why:** Floorplan A is the only one that does not have a symmetrical layout with respect to the main entrance. The other floorplans (B, C, D, and E) all appear to be mirror images of each other along the vertical axis passing through the main entrance, indicating a consistent underlying pattern. Floorplan A, however, has a unique arrangement of rooms and hallways that deviates from this symmetry, suggesting it has a different underlying pattern."
"[17, 18]","[7, 20]","['51240', '6955', '21543', '2425', '21408']",2425,1. **Different floorplan:** D,"1. **Different floorplan:** D
2. **Why:** Floorplan D is the only one that does not have a symmetrical layout with respect to the main entrance. The other four floorplans (A, B, C, and E) all exhibit a similar pattern where the rooms are arranged in a way that is mirrored across the main entrance line. Floorplan D has an asymmetrical arrangement, which sets it apart from the others."
"[7, 1]","[17, 18]","['17550', '21408', '12421', '16951', '8109']",21408,1. **Different floorplan:** B,"1. **Different floorplan:** B
2. **Why:** Floorplan B is the only one that contains a central hallway with multiple rooms branching off from it, which is not present in the other floorplans. The other floorplans have more varied layouts without a central hallway."
"[7, 1]","[17, 5]","['8109', '12421', '3536', '72055', '53652']",72055,1. **Different floorplan:** C,"1. **Different floorplan:** C
2. **Why:** Floorplan C is the only one that does not have a symmetrical layout with respect to the main entrance. The other floorplans (A, B, D, and E) appear to be mirror images of each other along the vertical axis passing through the main entrance, indicating a consistent underlying pattern. Floorplan C, however, has a unique arrangement of rooms and hallways that deviates from this symmetry, suggesting it has a different underlying pattern."
"[7, 1]","[17, 5]","['72055', '17550', '8109', '10825', '16951']",72055,1. **Different floorplan:** A,"1. **Different floorplan:** A
2. **Why:** Floorplan A is the only one that does not have a symmetrical layout with respect to the main entrance. The other floorplans (B, C, D, and E) all appear to be mirror images of each other along the vertical axis passing through the main entrance, indicating a consistent underlying pattern. Floorplan A deviates from this symmetry, suggesting it has a different underlying pattern."
"[17, 18]","[7, 3]","['64781', '66935', '46660', '31693', '70105']",64781,1. **Different floorplan:** A,"1. **Different floorplan:** A
2. **Why:** Floorplan A is the only one that does not have a symmetrical layout with respect to the main entrance. The other floorplans (B, C, D, and E) all appear to be mirror images of each other along the vertical axis passing through the main entrance, indicating a consistent underlying pattern. Floorplan A, however, has a unique arrangement of rooms and hallways that deviates from this symmetry, suggesting it has a different underlying pattern."
"[17, 18]","[7, 3]","['21408', '61767', '46660', '66316', '51240']",61767,1. **Different floorplan:** E,"1. **Different floorplan:** E
2. **Why:** Floorplan E is the only one that does not have a symmetrical layout with respect to the main entrance. The other floorplans (A, B, C, and D) all appear to be mirror images of each other along the vertical axis passing through the main entrance, indicating a consistent underlying pattern. Floorplan E, however, has a unique arrangement of rooms and hallways that deviates from this symmetry, suggesting it has a different underlying pattern."
"[7, 22]","[17, 18]","['31113', '23132', '66316', '79411', '40679']",66316,1. **Different floorplan:** E,"1. **Different floorplan:** E
2. **Why:** Floorplan E is the only one that does not have a symmetrical layout with respect to the main entrance. The other floorplans (A, B, C, and D) all appear to be mirror images of each other along the vertical axis passing through the main entrance, indicating a consistent underlying pattern. Floorplan E, however, has a unique arrangement of rooms and hallways that deviates from this symmetry, making it the one with a different underlying pattern."
"[17, 21]","[7, 20]","['40487', '78147', '2277', '69704', '62549']",2277,1. **Different floorplan:** C,"1. **Different floorplan:** C
2. **Why:** Floorplan C is the only one that features a central courtyard surrounded by rooms, which is not present in the other floorplans. All other floorplans have a more linear arrangement with rooms leading off from a central area, typically a hallway or living space. The presence of the central courtyard in C makes it distinct from the others."
"[17, 21]","[7, 3]","['69704', '40487', '52457', '62549', '78147']",52457,1. **Different floorplan:** C,"1. **Different floorplan:** C
2. **Why:** Floorplan C is the only one that does not have a symmetrical layout with respect to the main entrance. The other floorplans (A, B, D, and E) all appear to be mirror images of each other along the vertical axis passing through the main entrance, indicating a consistent underlying pattern. Floorplan C, however, has a unique arrangement of rooms and hallways that deviates from this symmetry, suggesting it has a different underlying pattern."
"[7, 20]","[17, 21]","['54372', '55305', '2425', '40487', '2277']",40487,1. **Different floorplan:** D,"1. **Different floorplan:** D
2. **Why:** Floorplan D is the only one that does not have a symmetrical layout with respect to the main entrance. The other floorplans (A, B, C, and E) all appear to be mirror images of each other along the vertical axis passing through the main entrance, indicating a consistent underlying pattern. Floorplan D, however, has a unique arrangement of rooms and hallways that deviates from this symmetry, suggesting it has a different underlying pattern."
"[17, 21]","[7, 1]","['78147', '62454', '62549', '53652', '69704']",53652,1. **Different floorplan:** D,"1. **Different floorplan:** D
2. **Why:** Floorplan D is the only one that does not have a symmetrical layout with respect to the main entrance. The other floorplans (A, B, C, and E) all appear to be mirror images of each other along the vertical axis passing through the main entrance, indicating a consistent underlying pattern. Floorplan D, however, has a unique arrangement of rooms and hallways that deviates from this symmetry, suggesting it has a different underlying pattern."
"[17, 5]","[7, 1]","['72055', '7913', '33045', '50221', '12376']",12376,1. **Different floorplan:** E,"1. **Different floorplan:** E
2. **Why:** Floorplan E is the only one that does not have a symmetrical layout with respect to the main entrance. The other floorplans (A, B, C, and D) all appear to be mirror images of each other along the vertical axis passing through the main entrance, indicating a consistent underlying pattern. Floorplan E deviates from this symmetry, making it distinct."
"[7, 1]","[17, 5]","['17550', '53652', '33045', '8109', '12376']",33045,1. **Different floorplan:** C,"1. **Different floorplan:** C
2. **Why:** Floorplan C is the only one that does not have a symmetrical layout with respect to the main entrance. The other floorplans (A, B, D, and E) all appear to be mirror images of each other along the vertical axis passing through the main entrance, indicating a consistent underlying pattern. Floorplan C, however, has a unique arrangement of rooms and hallways that deviates from this symmetry, suggesting it has a different underlying pattern."
"[17, 18]","[7, 20]","['21543', '21408', '51240', '54372', '46660']",54372,1. **Different floorplan:** B,"1. **Different floorplan:** B
2. **Why:** Floorplan B is the only one that does not have a symmetrical layout with respect to the main entrance. The other floorplans (A, C, D, and E) appear to be mirror images of each other along the vertical axis passing through the main entrance, indicating a consistent underlying pattern. Floorplan B, however, has a unique arrangement of rooms and hallways that deviates from this symmetry, suggesting it has a different underlying pattern."
"[17, 21]","[7, 22]","['62454', '79411', '40487', '9795', '62549']",79411,1. **Different floorplan:** B,"1. **Different floorplan:** B
2. **Why:** Floorplan B is the only one that does not have a symmetrical layout with respect to the main entrance. The other floorplans (A, C, D, and E) all appear to be mirror images of each other along the vertical axis passing through the main entrance, indicating a consistent underlying pattern. Floorplan B, however, shows a distinct asymmetry in the placement of rooms and the overall shape around the main entrance, making it the outlier."
"[7, 1]","[17, 18]","['10825', '3536', '21543', '53652', '16951']",21543,1. **Different floorplan:** C,"1. **Different floorplan:** C
2. **Why:** Floorplan C is the only one that does not have a symmetrical layout with respect to the main entrance. The other floorplans (A, B, D, and E) all appear to be mirror images of each other along the vertical axis passing through the main entrance, indicating a consistent underlying pattern. Floorplan C, however, has a unique arrangement of rooms and hallways that deviates from this symmetry, suggesting it has a different underlying pattern."
"[7, 1]","[17, 5]","['53652', '8109', '16951', '72055', '17550']",72055,1. **Different floorplan:** D,"1. **Different floorplan:** D
2. **Why:** Floorplan D is the only one that does not have a continuous hallway running from the main entrance to the back of the apartment. Instead, it features a more complex arrangement with multiple rooms branching off from the main entrance, which is not present in the other floorplans."
"[17, 18]","[7, 22]","['66316', '23132', '66935', '6955', '46660']",23132,1. **Different floorplan:** B,"1. **Different floorplan:** B
2. **Why:** Floorplan B is the only one that does not have a symmetrical layout with respect to the main entrance. The other floorplans (A, C, D, and E) all appear to be mirror images of each other along the vertical axis passing through the main entrance, indicating a consistent underlying pattern. Floorplan B, however, has a unique arrangement of rooms and hallways that deviates from this symmetry, suggesting it has a different underlying pattern."
"[17, 21]","[7, 22]","['9795', '62549', '62454', '31113', '40487']",31113,1. **Different floorplan:** D,"1. **Different floorplan:** D
2. **Why:** Floorplan D is the only one that does not have a continuous hallway running from the main entrance to the back of the apartment. Instead, it features a more complex layout with multiple turns and a lack of a direct path to the back, which distinguishes it from the other floorplans that all appear to have a linear or near-linear hallway pattern."
"[7, 1]","[17, 21]","['8109', '40487', '10825', '3536', '12376']",40487,1. **Different floorplan:** D,"1. **Different floorplan:** D
2. **Why:** Floorplan D is the only one that does not have a symmetrical layout with respect to the main entrance. The other floorplans (A, B, C, and E) appear to be mirror images of each other along the vertical axis passing through the main entrance, indicating a consistent underlying pattern. Floorplan D, however, has a unique arrangement of rooms and hallways that deviates from this symmetry, suggesting it has a different underlying pattern."
"[7, 20]","[17, 18]","['2277', '51240', '55305', '2425', '54372']",51240,1. **Different floorplan:** B,"1. **Different floorplan:** B
2. **Why:** Floorplan B is the only one that does not have a symmetrical layout with respect to the main entrance. The other floorplans (A, C, D, and E) appear to be mirror images of each other along the vertical axis passing through the main entrance, indicating a consistent underlying pattern. Floorplan B, however, shows a distinct asymmetry in the placement of rooms and the overall layout around the main entrance, making it unique compared to the others."
"[7, 1]","[17, 21]","['40487', '3536', '10825', '8109', '53652']",40487,1. **Different floorplan:** B,"1. **Different floorplan:** B
2. **Why:** Floorplan B is the only one that has a distinct arrangement of rooms compared to the others. In particular, it has a large central room with a smaller room attached to it, which is not present in the other floorplans. The other floorplans have more uniform layouts with similar room sizes and arrangements around a central core."
"[7, 1]","[17, 18]","['66935', '10825', '17550', '3536', '16951']",66935,1. **Different floorplan:** D,"1. **Different floorplan:** D
2. **Why:** Floorplan D is the only one that does not have a symmetrical layout with respect to the main entrance. The other floorplans (A, B, C, and E) all appear to be mirror images of each other along the vertical axis passing through the main entrance, indicating a consistent underlying pattern. Floorplan D, however, has a unique arrangement of rooms and hallways that deviates from this symmetry, suggesting it has a different underlying pattern."
"[17, 18]","[7, 3]","['6955', '31693', '51240', '64781', '46660']",64781,1. **Different floorplan:** D,"1. **Different floorplan:** D
2. **Why:** Floorplan D is the only one that does not have a continuous hallway running from the main entrance to the back of the apartment. In contrast, floors A, B, C, and E all feature a continuous hallway that extends from the main entrance to the rear of the apartment, which is a consistent pattern in the other four floorplans."
"[7, 20]","[17, 21]","['2277', '54372', '62549', '55305', '2425']",62549,1. **Different floorplan:** C,"1. **Different floorplan:** C
2. **Why:** Floorplan C is the only one that does not have a symmetrical layout with respect to the main entrance. The other floorplans (A, B, D, and E) all appear to be mirror images of each other along the vertical axis passing through the main entrance, indicating a consistent underlying pattern. Floorplan C, however, has a unique arrangement of rooms and hallways that deviates from this symmetry, suggesting it has a different underlying pattern."
"[7, 1]","[17, 21]","['17550', '3536', '8109', '62549', '53652']",62549,1. **Different floorplan:** D,"1. **Different floorplan:** D
2. **Why:** Floorplan D is the only one that does not have a symmetrical layout with respect to the main entrance. The other four floorplans (A, B, C, and E) appear to be mirror images of each other along the vertical axis passing through the main entrance, indicating a consistent underlying pattern. Floorplan D, however, has a unique arrangement of rooms and hallways that deviates from this symmetry, suggesting it has a different underlying pattern."
"[17, 18]","[7, 20]","['70105', '51240', '21543', '66316', '54372']",54372,1. **Different floorplan:** E,"1. **Different floorplan:** E
2. **Why:** Floorplan E is the only one that does not have a symmetrical layout with respect to the main entrance. The other floorplans (A, B, C, and D) all appear to be mirror images of each other along the vertical axis passing through the main entrance, indicating a consistent underlying pattern. Floorplan E, however, has a unique arrangement of rooms and hallways that deviates from this symmetry, suggesting it has a different underlying pattern."
"[17, 18]","[7, 20]","['54372', '21408', '31693', '66316', '66935']",54372,1. **Different floorplan:** B,"1. **Different floorplan:** B
2. **Why:** Floorplan B is the only one that does not have a symmetrical layout with respect to the main entrance. The other floorplans (A, C, D, and E) all appear to be mirror images of each other along the vertical axis passing through the main entrance, indicating a consistent underlying pattern. Floorplan B, however, has a unique arrangement of rooms and hallways that deviates from this symmetry, suggesting it has a different underlying pattern."
"[17, 18]","[7, 20]","['51240', '55305', '31693', '66935', '46660']",55305,1. **Different floorplan:** C,"1. **Different floorplan:** C
2. **Why:** Floorplan C is the only one that does not have a symmetrical layout with respect to the main entrance. The other floorplans (A, B, D, and E) all appear to be mirror images of each other along the vertical axis passing through the main entrance, indicating a consistent underlying pattern. Floorplan C, however, has a unique arrangement of rooms and hallways that deviates from this symmetry, suggesting it has a different underlying pattern."
"[17, 21]","[7, 22]","['9795', '40679', '62454', '78147', '62549']",40679,1. **Different floorplan:** B,"1. **Different floorplan:** B
2. **Why:** Floorplan B is the only one that has an additional hallway branching off from the main entrance, which is not present in the other floorplans. This extra hallway disrupts the uniformity of the spatial layout found in A, C, D, and E, where the main entrance leads directly into a larger open space without any additional hallways."
"[17, 18]","[7, 20]","['66316', '2277', '21408', '66935', '21543']",2277,1. **Different floorplan:** C,"1. **Different floorplan:** C
2. **Why:** Floorplan C is the only one that does not have a symmetrical layout with respect to the main entrance. The other floorplans (A, B, D, and E) appear to be mirror images of each other along the vertical axis passing through the main entrance, indicating a consistent underlying pattern. Floorplan C, however, has a unique arrangement of rooms and hallways that deviates from this symmetry, suggesting it has a different underlying pattern."
"[17, 21]","[7, 22]","['9795', '69704', '31113', '62549', '62454']",31113,1. **Different floorplan:** C,"1. **Different floorplan:** C
2. **Why:** Floorplan C is the only one that does not have a symmetrical layout with respect to the main entrance. The other floorplans (A, B, D, and E) all appear to be mirror images of each other along the vertical axis passing through the main entrance, indicating a consistent underlying pattern. Floorplan C, however, has a unique arrangement of rooms and hallways that deviates from this symmetry, suggesting it has a different underlying pattern."
"[17, 18]","[7, 3]","['21408', '75828', '46660', '51240', '6955']",75828,1. **Different floorplan:** C,"1. **Different floorplan:** C
2. **Why:** Floorplan C is the only one that does not have a symmetrical layout with respect to the main entrance. The other floorplans (A, B, D, and E) all appear to be mirror images of each other along the vertical axis passing through the main entrance, indicating a consistent underlying pattern. Floorplan C, however, has a unique arrangement of rooms and hallways that deviates from this symmetry, suggesting it has a different underlying pattern."
"[17, 21]","[7, 1]","['62549', '69704', '40487', '12376', '9795']",12376,1. **Different floorplan:** D,"1. **Different floorplan:** D
2. **Why:** Floorplan D is the only one that does not have a symmetrical layout with respect to the main entrance. The other four floorplans (A, B, C, and E) all appear to be mirror images of each other along the vertical axis passing through the main entrance, indicating a consistent underlying pattern. Floorplan D, however, has a unique arrangement of rooms and hallways that deviates from this symmetry, suggesting it has a different underlying pattern."
"[7, 1]","[17, 5]","['33045', '8109', '53652', '3536', '17550']",33045,1. **Different floorplan:** D,"1. **Different floorplan:** D
2. **Why:** Floorplan D is the only one that does not have a symmetrical layout with respect to the main entrance. The other floorplans (A, B, C, and E) appear to be mirror images of each other along the vertical axis passing through the main entrance, indicating a consistent underlying pattern. Floorplan D, however, has a unique arrangement of rooms and hallways that deviates from this symmetry, suggesting it has a different underlying pattern."
"[17, 18]","[7, 22]","['21408', '51240', '40679', '66935', '31693']",40679,1. **Different floorplan:** E,"1. **Different floorplan:** E
2. **Why:** Floorplan E is the only one that does not have a symmetrical layout with respect to the main entrance. The other floorplans (A, B, C, and D) all appear to be mirror images of each other along the vertical axis passing through the main entrance, indicating a consistent underlying pattern. Floorplan E, however, has a unique arrangement of rooms and hallways that deviates from this symmetry, suggesting it has a different underlying pattern."
"[17, 21]","[7, 1]","['62454', '9795', '40487', '69704', '53652']",53652,1. **Different floorplan:** E,"1. **Different floorplan:** E
2. **Why:** Floorplan E is the only one that does not have a symmetrical layout with respect to the main entrance. The other floorplans (A, B, C, and D) all appear to be mirror images of each other along the vertical axis passing through the main entrance, indicating a consistent underlying pattern. Floorplan E, however, has a unique arrangement of rooms and hallways that deviates from this symmetry, suggesting it has a different underlying pattern."
"[17, 18]","[7, 22]","['46660', '70105', '79411', '21408', '66935']",79411,1. **Different floorplan:** C,"1. **Different floorplan:** C
2. **Why:** Floorplan C is the only one that does not have a symmetrical layout with respect to the main entrance. The other floorplans (A, B, D, and E) all appear to be mirror images of each other along the vertical axis passing through the main entrance, indicating a consistent underlying pattern. Floorplan C, however, has a unique arrangement of rooms and hallways that deviates from this symmetry, suggesting it has a different underlying pattern."
"[17, 21]","[7, 3]","['62454', '9795', '62549', '75828', '69704']",75828,1. **Different floorplan:** D,"1. **Different floorplan:** D
2. **Why:** Floorplan D is the only one that does not have a symmetrical layout with respect to the main entrance. The other four floorplans (A, B, C, and E) all exhibit a similar pattern where the rooms are arranged symmetrically around the main entrance, with the living area, bedrooms, and bathrooms distributed in a balanced manner. Floorplan D, however, has an asymmetrical arrangement, with the living area and bedrooms not being evenly distributed on either side of the main entrance. This asymmetry sets it apart from the others."
"[17, 18]","[7, 3]","['61767', '66316', '51240', '31693', '21408']",61767,1. **Different floorplan:** E,"1. **Different floorplan:** E
2. **Why:** Floorplan E is the only one that does not have a symmetrical layout with respect to the main entrance. The other floorplans (A, B, C, and D) all appear to be mirror images of each other along the vertical axis passing through the main entrance, indicating a consistent underlying pattern. Floorplan E, however, has a unique arrangement of rooms and hallways that deviates from this symmetry, suggesting it has a different underlying pattern."
"[7, 1]","[17, 5]","['72055', '53652', '8109', '12421', '17550']",72055,1. **Different floorplan:** C,"1. **Different floorplan:** C
2. **Why:** Floorplan C is the only one that does not have a symmetrical layout with respect to the main entrance. The other floorplans (A, B, D, and E) appear to be mirror images of each other along the vertical axis passing through the main entrance, indicating a consistent underlying pattern. Floorplan C, however, has a unique arrangement of rooms and hallways that deviates from this symmetry, suggesting it has a different underlying pattern."
"[17, 21]","[7, 20]","['78147', '62549', '40487', '62454', '2277']",2277,1. **Different floorplan:** E,"1. **Different floorplan:** E
2. **Why:** Floorplan E has a distinct layout compared to the others. It features a central open space with multiple smaller rooms branching off, which is not present in the other floorplans. The other floorplans have more uniform layouts with larger, contiguous spaces."
"[7, 1]","[17, 21]","['12376', '78147', '53652', '16951', '10825']",78147,1. **Different floorplan:** C,"1. **Different floorplan:** C
2. **Why:** Floorplan C is the only one that does not have a symmetrical layout with respect to the main entrance. The other floorplans (A, B, D, and E) appear to be mirror images of each other along the vertical axis passing through the main entrance, indicating a consistent underlying pattern. Floorplan C, however, has a unique arrangement of rooms and hallways that deviates from this symmetry, suggesting it has a different underlying pattern."
"[17, 21]","[7, 3]","['62454', '62549', '40487', '61767', '9795']",61767,1. **Different floorplan:** D,"1. **Different floorplan:** D
2. **Why:** Floorplan D is the only one that does not have a symmetrical layout with respect to the main entrance. The other floorplans (A, B, C, and E) appear to be mirror images of each other along the vertical axis passing through the main entrance, indicating a consistent underlying pattern. Floorplan D, however, has a unique arrangement of rooms and hallways that deviates from this symmetry, suggesting it has a different underlying pattern."
"[17, 21]","[7, 3]","['62454', '61767', '78147', '69704', '9795']",61767,1. **Different floorplan:** B,"1. **Different floorplan:** B
2. **Why:** Floorplan B is the only one that has a distinct arrangement of rooms compared to the others. In all other floorplans (A, C, D, and E), the living area (yellow) is consistently positioned at the back, with the kitchen (orange) and bedrooms (green) arranged around it in a similar manner. However, in floorplan B, the living area is placed in the middle, with the kitchen and bedrooms surrounding it in a different configuration. This unique layout sets floorplan B apart from the rest."
"[17, 21]","[7, 1]","['12421', '69704', '78147', '40487', '62549']",12421,1. **Different floorplan:** E,"1. **Different floorplan:** E
2. **Why:** Floorplan E is the only one that does not have a symmetrical layout with respect to the main entrance. The other floorplans (A, B, C, and D) appear to have a consistent pattern where the rooms are arranged in a similar manner around the central axis defined by the main entrance. Floorplan E has a more complex and asymmetrical arrangement of rooms, which sets it apart from the others."
"[7, 20]","[17, 18]","['54372', '2425', '31693', '55305', '2277']",31693,1. **Different floorplan:** C,"1. **Different floorplan:** C
2. **Why:** Floorplan C is the only one that does not have a symmetrical layout with respect to the main entrance. The other floorplans (A, B, D, and E) all appear to be mirror images of each other along the vertical axis passing through the main entrance, indicating a consistent underlying pattern. Floorplan C, however, has a unique arrangement of rooms and hallways that deviates from this symmetry, suggesting it has a different underlying pattern."
"[17, 18]","[7, 22]","['21408', '66935', '40679', '6955', '21543']",40679,1. **Different floorplan:** C,"1. **Different floorplan:** C
2. **Why:** Floorplan C is the only one that does not have a symmetrical layout with respect to the main entrance. The other floorplans (A, B, D, and E) appear to be mirror images of each other along the vertical axis passing through the main entrance, indicating a consistent underlying pattern. Floorplan C, however, has a unique arrangement of rooms and hallways that deviates from this symmetry, suggesting it has a different underlying pattern."
"[17, 18]","[7, 1]","['31693', '6955', '21543', '12421', '46660']",12421,1. **Different floorplan:** D,"1. **Different floorplan:** D
2. **Why:** Floorplan D is the only one that does not have a continuous hallway running from the main entrance to the far end of the apartment. In contrast, floors A, B, C, and E all feature a continuous hallway that extends from the main entrance to the opposite side of the apartment, which is a consistent pattern in the other four floorplans."
"[17, 18]","[7, 20]","['2277', '21543', '6955', '46660', '70105']",2277,1. **Different floorplan:** C,"1. **Different floorplan:** C
2. **Why:** Floorplan C is the only one that does not have a symmetrical layout with respect to the main entrance. The other floorplans (A, B, D, and E) appear to be mirror images of each other along the vertical axis passing through the main entrance, indicating a consistent underlying pattern. Floorplan C, however, shows a distinct asymmetry in the arrangement of rooms around the main entrance, suggesting a different underlying pattern."
"[7, 1]","[17, 5]","['3536', '16951', '17550', '12421', '72055']",72055,1. **Different floorplan:** E,"1. **Different floorplan:** E
2. **Why:** Floorplan E is the only one that does not have a continuous hallway running vertically from the main entrance. Instead, it has a more complex arrangement with multiple turns and additional rooms branching off in various directions, which is distinct from the simpler, more linear layouts of the other floorplans."
"[17, 18]","[7, 3]","['61767', '66935', '31693', '21543', '66316']",61767,1. **Different floorplan:** C,"1. **Different floorplan:** C
2. **Why:** Floorplan C is the only one that does not have a continuous hallway running from the main entrance to the far end of the apartment. Instead, it features a more complex layout with multiple turns and dead ends, which is distinct from the other floorplans that maintain a linear path."
"[7, 1]","[17, 5]","['8109', '12421', '3536', '7913', '16951']",7913,1. **Different floorplan:** C,"1. **Different floorplan:** C
2. **Why:** Floorplan C is the only one that does not have a symmetrical layout with respect to the main entrance. The other floorplans (A, B, D, and E) appear to be mirror images of each other along the vertical axis passing through the main entrance, indicating a consistent underlying pattern. Floorplan C, however, has a unique arrangement of rooms and hallways that deviates from this symmetry, suggesting it has a different underlying pattern."
"[17, 18]","[7, 22]","['6955', '46660', '31693', '70105', '31113']",31113,1. **Different floorplan:** C,"1. **Different floorplan:** C
2. **Why:** Floorplan C is the only one that does not have a symmetrical layout with respect to the main entrance. The other floorplans (A, B, D, and E) all appear to be mirror images of each other along the vertical axis passing through the main entrance, indicating a consistent underlying pattern. Floorplan C, however, has a unique arrangement of rooms and hallways that deviates from this symmetry, suggesting it has a different underlying pattern."
"[7, 1]","[17, 18]","['53652', '10825', '6955', '12376', '3536']",6955,1. **Different floorplan:** C,"1. **Different floorplan:** C
2. **Why:** Floorplan C is the only one that does not have a symmetrical layout with respect to the main entrance. The other floorplans (A, B, D, and E) appear to be mirror images of each other along the vertical axis passing through the main entrance, indicating a consistent underlying pattern. Floorplan C, however, has a unique arrangement of rooms and hallways that deviates from this symmetry, suggesting it has a different underlying pattern."
"[17, 18]","[7, 22]","['21408', '31693', '40679', '70105', '51240']",40679,1. **Different floorplan:** C,"1. **Different floorplan:** C
2. **Why:** Floorplan C is the only one that does not have a symmetrical layout with respect to the main entrance. The other floorplans (A, B, D, and E) all appear to be mirror images of each other along the vertical axis passing through the main entrance, indicating a consistent underlying pattern. Floorplan C, however, has a unique arrangement of rooms and hallways that deviates from this symmetry, suggesting it has a different underlying pattern."
"[17, 5]","[7, 3]","['50221', '72055', '33045', '64781', '7913']",64781,1. **Different floorplan:** D,"1. **Different floorplan:** D
2. **Why:** Floorplan D is the only one that does not have a symmetrical layout with respect to the main entrance. The other floorplans (A, B, C, and E) appear to be mirror images of each other along the vertical axis passing through the main entrance, indicating a consistent underlying pattern. Floorplan D, however, has a unique arrangement of rooms and hallways that deviates from this symmetry, suggesting it has a different underlying pattern."
"[17, 18]","[7, 3]","['70105', '46660', '75828', '21408', '31693']",75828,1. **Different floorplan:** C,"1. **Different floorplan:** C
2. **Why:** Floorplan C is the only one that does not have a symmetrical layout with respect to the main entrance. The other floorplans (A, B, D, and E) all appear to be mirror images of each other along the vertical axis passing through the main entrance, indicating a consistent underlying pattern. Floorplan C, however, has a unique arrangement of rooms and hallways that deviates from this symmetry, suggesting it has a different underlying pattern."
"[7, 1]","[17, 18]","['53652', '6955', '16951', '12421', '8109']",6955,1. **Different floorplan:** B,"1. **Different floorplan:** B
2. **Why:** Floorplan B is the only one that does not have a symmetrical layout with respect to the main entrance. The other floorplans (A, C, D, and E) all appear to be mirror images of each other along the vertical axis passing through the main entrance, indicating a consistent underlying pattern. Floorplan B, however, has a unique arrangement of rooms and hallways that deviates from this symmetry, suggesting it has a different underlying pattern."
"[17, 18]","[7, 1]","['16951', '46660', '31693', '21408', '51240']",16951,1. **Different floorplan:** E,"1. **Different floorplan:** E
2. **Why:** Floorplan E is the only one that does not have a continuous hallway running from the main entrance to the far end of the apartment. Instead, it features a more complex layout with multiple turns and dead ends, which is distinct from the other floorplans that maintain a linear path throughout."
"[7, 1]","[17, 21]","['12376', '16951', '10825', '40487', '8109']",40487,1. **Different floorplan:** D,"1. **Different floorplan:** D
2. **Why:** Floorplan D is the only one that does not have a symmetrical arrangement of rooms around the central corridor. In contrast, floors A, B, C, and E all exhibit a similar pattern where the rooms are symmetrically placed around a central corridor, with the living area and bedrooms arranged in a consistent manner. Floorplan D breaks this symmetry by having a different configuration of rooms, particularly in the distribution of the living area and bedrooms."
"[17, 18]","[7, 1]","['6955', '12376', '70105', '21543', '21408']",12376,1. **Different floorplan:** B,"1. **Different floorplan:** B
2. **Why:** Floorplan B is the only one that does not have a symmetrical layout with respect to the main entrance. The other floorplans (A, C, D, and E) all appear to be mirror images of each other along the vertical axis passing through the main entrance, indicating a consistent underlying pattern. Floorplan B, however, has a unique arrangement of rooms and hallways that deviates from this symmetry, suggesting it has a different underlying pattern."
"[7, 1]","[17, 21]","['12376', '53652', '40487', '16951', '3536']",40487,1. **Different floorplan:** E,"1. **Different floorplan:** E
2. **Why:** Floorplan E is the only one that does not have a symmetrical layout with respect to the main entrance. The other floorplans (A, B, C, and D) appear to be mirror images of each other along the vertical axis passing through the main entrance, indicating a consistent underlying pattern. Floorplan E, however, has a unique arrangement of rooms and hallways that deviates from this symmetry, suggesting it has a different underlying pattern."
"[17, 21]","[7, 22]","['78147', '62549', '9795', '69704', '31113']",31113,1. **Different floorplan:** E,"1. **Different floorplan:** E
2. **Why:** Floorplan E is the only one that does not have a symmetrical layout with respect to the main entrance. The other floorplans (A, B, C, and D) all appear to be mirror images of each other along the vertical axis passing through the main entrance, indicating a consistent underlying pattern. Floorplan E, however, has a unique arrangement of rooms and hallways that deviates from this symmetry, suggesting it has a different underlying pattern."
"[7, 3]","[17, 18]","['61767', '52457', '64781', '21543', '75828']",21543,1. **Different floorplan:** D,"1. **Different floorplan:** D
2. **Why:** Floorplan D is the only one that does not have a continuous hallway running from the main entrance to the back of the apartment. Instead, it features a more complex layout with multiple rooms branching off from the entrance without a clear central pathway. The other floorplans (A, B, C, and E) all have a continuous hallway or a similar linear arrangement of spaces leading from the entrance to the back of the apartment."
"[7, 3]","[17, 18]","['75828', '52457', '66935', '64781', '61767']",66935,1. **Different floorplan:** C,"1. **Different floorplan:** C
2. **Why:** Floorplan C is the only one that does not have a symmetrical layout with respect to the main entrance. The other floorplans (A, B, D, and E) appear to be mirror images of each other along the vertical axis passing through the main entrance, indicating a consistent underlying pattern. Floorplan C, however, shows a distinct asymmetry in the placement of rooms and the overall layout around the main entrance, making it unique compared to the others."
"[17, 18]","[7, 22]","['31113', '51240', '70105', '6955', '21543']",31113,1. **Different floorplan:** B,"1. **Different floorplan:** B
2. **Why:** Floorplan B is the only one that does not have a symmetrical layout with respect to the main entrance. The other floorplans (A, C, D, and E) appear to be mirror images of each other along the vertical axis passing through the main entrance, indicating a consistent underlying pattern. Floorplan B, however, shows a distinct asymmetry in the placement of rooms and corridors around the main entrance, suggesting a different underlying pattern."
"[7, 22]","[17, 21]","['40487', '23132', '40679', '31113', '79411']",40487,1. **Different floorplan:** E,"1. **Different floorplan:** E
2. **Why:** Floorplan E is the only one that does not have a continuous hallway running from the main entrance to the far end of the apartment. Instead, it features a more complex layout with multiple turns and dead ends, which is distinct from the other floorplans that maintain a linear path throughout."
"[17, 21]","[7, 1]","['69704', '62549', '16951', '78147', '9795']",16951,1. **Different floorplan:** C,"1. **Different floorplan:** C
2. **Why:** Floorplan C is the only one that does not have a symmetrical layout with respect to the main entrance. The other floorplans (A, B, D, and E) appear to be mirror images of each other along the vertical axis passing through the main entrance, indicating a consistent underlying pattern. Floorplan C, however, shows a distinct asymmetry in the placement of rooms and the overall layout around the main entrance, making it unique compared to the others."
"[7, 1]","[17, 5]","['17550', '3536', '16951', '7913', '53652']",7913,1. **Different floorplan:** D,"1. **Different floorplan:** D
2. **Why:** Floorplan D is the only one that does not have a symmetrical layout with respect to the main entrance. The other floorplans (A, B, C, and E) all appear to be mirror images of each other along the vertical axis passing through the main entrance, indicating a consistent underlying pattern. Floorplan D, however, has a unique arrangement of rooms and hallways that deviates from this symmetry, suggesting it has a different underlying pattern."
"[7, 1]","[17, 21]","['3536', '17550', '53652', '78147', '8109']",78147,1. **Different floorplan:** D,"1. **Different floorplan:** D
2. **Why:** Floorplan D is the only one that does not have a symmetrical layout with respect to the main entrance. The other floorplans (A, B, C, and E) appear to be mirror images of each other along the vertical axis passing through the main entrance, indicating a consistent underlying pattern. Floorplan D, however, has a unique arrangement of rooms and hallways that deviates from this symmetry, suggesting it has a different underlying pattern."
"[7, 1]","[17, 21]","['53652', '69704', '10825', '3536', '12421']",69704,1. **Different floorplan:** D,"1. **Different floorplan:** D
2. **Why:** Floorplan D is the only one that does not have a symmetrical layout with respect to the main entrance. The other floorplans (A, B, C, and E) appear to be mirror images of each other along the vertical axis passing through the main entrance, indicating a consistent underlying pattern. Floorplan D, however, has a unique arrangement of rooms and hallways that deviates from this symmetry, suggesting it has a different underlying pattern."
"[17, 18]","[7, 20]","['21408', '55305', '21543', '46660', '6955']",55305,1. **Different floorplan:** B,"1. **Different floorplan:** B
2. **Why:** Floorplan B is the only one that does not have a symmetrical layout with respect to the main entrance. The other floorplans (A, C, D, and E) all appear to be mirror images of each other along the vertical axis passing through the main entrance, indicating a consistent underlying pattern. Floorplan B, however, shows a distinct asymmetry in the arrangement of rooms around the main entrance, suggesting it has a different underlying pattern."
"[7, 1]","[17, 18]","['16951', '3536', '70105', '8109', '10825']",70105,1. **Different floorplan:** C,"1. **Different floorplan:** C
2. **Why:** Floorplan C is the only one that does not have a symmetrical layout with respect to the main entrance. The other floorplans (A, B, D, and E) all appear to be mirror images of each other along the vertical axis passing through the main entrance, indicating a consistent underlying pattern. Floorplan C, however, has a unique arrangement of rooms and hallways that deviates from this symmetry, suggesting it has a different underlying pattern."
"[17, 18]","[7, 1]","['46660', '31693', '17550', '6955', '21408']",17550,1. **Different floorplan:** E,"1. **Different floorplan:** E
2. **Why:** Floorplan E is the only one that does not have a symmetrical layout with respect to the main entrance. The other floorplans (A, B, C, and D) all appear to be mirror images of each other along the vertical axis passing through the main entrance, indicating a consistent underlying pattern. Floorplan E, however, has a unique arrangement of rooms and hallways that deviates from this symmetry, suggesting it has a different underlying pattern."
"[17, 18]","[7, 3]","['21543', '70105', '61767', '6955', '46660']",61767,1. **Different floorplan:** C,"1. **Different floorplan:** C
2. **Why:** Floorplan C is the only one that does not have a symmetrical layout with respect to the main entrance. The other floorplans (A, B, D, and E) appear to be mirror images of each other along the vertical axis passing through the main entrance, indicating a consistent underlying pattern. Floorplan C, however, has a unique arrangement of rooms and hallways that deviates from this symmetry, suggesting it has a different underlying pattern."
"[17, 21]","[7, 20]","['62549', '9795', '54372', '78147', '69704']",54372,1. **Different floorplan:** C,"1. **Different floorplan:** C
2. **Why:** Floorplan C is the only one that does not have a symmetrical layout with respect to the main entrance. The other floorplans (A, B, D, and E) appear to be mirror images of each other along the vertical axis passing through the main entrance, indicating a consistent underlying pattern. Floorplan C, however, has a unique arrangement of rooms and hallways that deviates from this symmetry, suggesting it has a different underlying pattern."
"[17, 18]","[7, 22]","['51240', '66316', '79411', '70105', '46660']",79411,1. **Different floorplan:** C,"1. **Different floorplan:** C
2. **Why:** Floorplan C is the only one that does not have a continuous hallway running from the main entrance to the far end of the apartment. In contrast, floorplans A, B, D, and E all feature a continuous hallway that extends from the main entrance to the opposite side of the apartment, which is a consistent pattern in the other four floorplans."
"[17, 18]","[7, 1]","['8109', '21543', '51240', '46660', '6955']",8109,1. **Different floorplan:** A,"1. **Different floorplan:** A
2. **Why:** Floorplan A is the only one that does not have a symmetrical layout with respect to the main entrance. The other floorplans (B, C, D, and E) all exhibit a similar pattern where the rooms are arranged symmetrically around the central axis defined by the main entrance. Floorplan A deviates from this symmetry, making it distinct in terms of its underlying pattern."
"[7, 1]","[17, 18]","['10825', '66935', '16951', '53652', '17550']",66935,1. **Different floorplan:** B,"1. **Different floorplan:** B
2. **Why:** Floorplan B is the only one that contains an additional room (pink room) that is not present in the other four floorplans. This extra room disrupts the uniformity of the spatial layout and room types found in A, C, D, and E."
"[7, 1]","[17, 5]","['16951', '3536', '72055', '10825', '17550']",72055,1. **Different floorplan:** C,"1. **Different floorplan:** C
2. **Why:** Floorplan C is the only one that does not have a symmetrical layout with respect to the main entrance. The other floorplans (A, B, D, and E) all appear to be mirror images of each other along the vertical axis passing through the main entrance, indicating a consistent underlying pattern. Floorplan C, however, shows a unique arrangement of rooms and hallways that deviates from this symmetry, suggesting it has a different underlying pattern."
"[7, 1]","[17, 18]","['53652', '12421', '17550', '12376', '6955']",6955,1. **Different floorplan:** E,"1. **Different floorplan:** E
2. **Why:** Floorplan E is the only one that does not follow the same underlying pattern as the others. The other four floorplans (A, B, C, and D) all have a similar layout where the living area is centrally located with bedrooms and bathrooms arranged around it. Floorplan E deviates from this pattern by having a more complex arrangement with multiple smaller rooms and a different distribution of spaces, making it distinct from the others."
"[17, 18]","[7, 1]","['8109', '51240', '70105', '21543', '66316']",8109,1. **Different floorplan:** B,"1. **Different floorplan:** B
2. **Why:** Floorplan B is the only one that does not have a continuous hallway running from the main entrance to the far end of the apartment. All other floorplans (A, C, D, and E) have a continuous hallway, which is a common feature in many apartment designs. Floorplan B breaks this pattern by having a more complex layout with multiple turns and smaller rooms, making it distinct from the others."
"[7, 1]","[17, 18]","['3536', '51240', '16951', '10825', '12376']",51240,1. **Different floorplan:** B,"1. **Different floorplan:** B
2. **Why:** Floorplan B is the only one that features a central hallway with rooms branching off from it in a symmetrical manner, which is distinct from the more irregular and varied layouts of the other floorplans. The other floorplans have more complex and less symmetrical arrangements of rooms."
"[17, 18]","[7, 22]","['51240', '21543', '66935', '23132', '6955']",23132,1. **Different floorplan:** D,"1. **Different floorplan:** D
2. **Why:** Floorplan D is the only one that does not have a continuous hallway running from the main entrance to the opposite side of the floorplan. In contrast, floors A, B, C, and E all feature a continuous hallway that extends from the main entrance to the far end of the floorplan, which is a consistent pattern in the other four designs."
"[17, 21]","[7, 20]","['54372', '9795', '62549', '62454', '78147']",54372,1. **Different floorplan:** A,"1. **Different floorplan:** A
2. **Why:** Floorplan A is the only one that does not have a symmetrical layout with respect to the main entrance. The other floorplans (B, C, D, and E) all appear to be mirror images of each other along the vertical axis passing through the main entrance, indicating a consistent underlying pattern. Floorplan A, however, has a unique arrangement of rooms and hallways that deviates from this symmetry, suggesting it has a different underlying pattern."
"[17, 18]","[7, 1]","['8109', '6955', '21543', '70105', '66935']",8109,1. **Different floorplan:** E,"1. **Different floorplan:** E
2. **Why:** Floorplan E is the only one that does not have a symmetrical layout with respect to the main entrance. The other floorplans (A, B, C, and D) all appear to be mirror images of each other along the vertical axis passing through the main entrance, indicating a consistent underlying pattern. Floorplan E deviates from this symmetry, suggesting it has a different underlying pattern."
"[7, 1]","[17, 21]","['8109', '3536', '12421', '40487', '53652']",40487,1. **Different floorplan:** D,"1. **Different floorplan:** D
2. **Why:** Floorplan D is the only one that does not have a symmetrical layout with respect to the main entrance. The other floorplans (A, B, C, and E) all appear to be mirror images of each other along the vertical axis passing through the main entrance, indicating a consistent underlying pattern. Floorplan D, however, has a unique arrangement of rooms and hallways that deviates from this symmetry, suggesting it has a different underlying pattern."
"[17, 21]","[7, 3]","['64781', '62454', '40487', '69704', '62549']",64781,1. **Different floorplan:** E,"1. **Different floorplan:** E
2. **Why:** Floorplan E is the only one that does not have a symmetrical layout with respect to the main entrance. The other floorplans (A, B, C, and D) all appear to be mirror images of each other along the vertical axis passing through the main entrance, indicating a consistent underlying pattern. Floorplan E deviates from this symmetry, suggesting it has a different underlying pattern."
"[17, 21]","[7, 1]","['9795', '62454', '69704', '78147', '8109']",8109,1. **Different floorplan:** E,"1. **Different floorplan:** E
2. **Why:** Floorplan E is the only one that does not have a symmetrical layout with respect to the main entrance. The other floorplans (A, B, C, and D) all appear to be mirror images of each other along the vertical axis passing through the main entrance, indicating a consistent underlying pattern. Floorplan E, however, has a unique arrangement of rooms and hallways that deviates from this symmetry, suggesting it has a different underlying pattern."
"[17, 5]","[7, 20]","['54372', '33045', '50221', '7913', '72055']",54372,1. **Different floorplan:** C,"1. **Different floorplan:** C
2. **Why:** Floorplan C is the only one that does not have a symmetrical layout with respect to the main entrance. The other floorplans (A, B, D, and E) appear to be mirror images of each other along the vertical axis passing through the main entrance, indicating a consistent underlying pattern. Floorplan C, however, has a unique arrangement of rooms and hallways that deviates from this symmetry, suggesting it has a different underlying pattern."
"[7, 1]","[17, 5]","['17550', '72055', '3536', '12421', '53652']",72055,1. **Different floorplan:** B,"1. **Different floorplan:** B
2. **Why:** Floorplan B is the only one that does not have a symmetrical layout with respect to the main entrance. The other floorplans (A, C, D, and E) all appear to be mirror images of each other along the vertical axis passing through the main entrance, indicating a consistent underlying pattern. Floorplan B, however, has a unique arrangement of rooms and hallways that deviates from this symmetry, suggesting it has a different underlying pattern."
"[17, 21]","[7, 3]","['40487', '62454', '61767', '69704', '9795']",61767,1. **Different floorplan:** C,"1. **Different floorplan:** C
2. **Why:** Floorplan C is the only one that has a different arrangement of rooms compared to the others. In all other floorplans (A, B, D, and E), the living room (yellow) is adjacent to the kitchen (orange) and the bedrooms (green) are positioned in a similar manner. However, in floorplan C, the living room is not directly connected to the kitchen, and the bedroom arrangement is also distinct from the others. This unique configuration makes it stand out as having a different underlying pattern."
"[17, 18]","[7, 20]","['31693', '54372', '6955', '70105', '21408']",54372,1. **Different floorplan:** E,"1. **Different floorplan:** E
2. **Why:** Floorplan E is the only one that does not have a symmetrical layout with respect to the main entrance. The other floorplans (A, B, C, and D) all appear to be mirror images of each other along the vertical axis passing through the main entrance, indicating a consistent underlying pattern. Floorplan E, however, has a unique arrangement of rooms and hallways that deviates from this symmetry, suggesting it has a different underlying pattern."
"[7, 1]","[17, 21]","['16951', '12421', '3536', '62454', '17550']",62454,1. **Different floorplan:** C,"1. **Different floorplan:** C
2. **Why:** Floorplan C is the only one that does not have a symmetrical layout with respect to the main entrance. The other floorplans (A, B, D, and E) appear to be mirror images of each other along the vertical axis passing through the main entrance, indicating a consistent underlying pattern. Floorplan C, however, has a unique arrangement of rooms and hallways that deviates from this symmetry, suggesting it has a different underlying pattern."
"[17, 21]","[7, 1]","['16951', '9795', '78147', '69704', '62454']",16951,1. **Different floorplan:** B,"1. **Different floorplan:** B
2. **Why:** Floorplan B is the only one that does not have a symmetrical arrangement of rooms around the central corridor. All other floorplans (A, C, D, and E) exhibit a consistent pattern where the rooms are symmetrically placed with respect to the central corridor, which is a common design feature in many apartment layouts. Floorplan B breaks this symmetry by having an asymmetrical distribution of rooms, making it distinct from the others."
"[17, 18]","[7, 1]","['6955', '21408', '46660', '53652', '51240']",53652,1. **Different floorplan:** D,"1. **Different floorplan:** D
2. **Why:** Floorplan D is the only one that does not have a continuous hallway running from the main entrance to the far end of the apartment. In contrast, floors A, B, C, and E all feature a continuous hallway that extends from the main entrance to the opposite side of the apartment, which is a consistent pattern in the other four floorplans."
"[17, 21]","[7, 3]","['62549', '40487', '75828', '62454', '69704']",75828,1. **Different floorplan:** C,"1. **Different floorplan:** C
2. **Why:** Floorplan C is the only one that does not have a symmetrical layout with respect to the main entrance. The other floorplans (A, B, D, and E) appear to be mirror images of each other along the vertical axis passing through the main entrance, indicating a consistent underlying pattern. Floorplan C, however, has a unique arrangement of rooms and hallways that deviates from this symmetry, suggesting it has a different underlying pattern."
"[17, 18]","[7, 22]","['66316', '40679', '6955', '51240', '21543']",40679,1. **Different floorplan:** B,"1. **Different floorplan:** B
2. **Why:** Floorplan B is the only one that has a distinct arrangement of rooms compared to the others. In contrast to the other floorplans which have a consistent layout with a central hallway leading to various rooms, floorplan B has a more complex and irregular layout. The rooms do not follow a clear linear path from the entrance, and there is a noticeable difference in the positioning and size of the rooms, making it stand out from the rest."
"[17, 18]","[7, 20]","['31693', '2277', '6955', '51240', '46660']",2277,1. **Different floorplan:** D,"1. **Different floorplan:** D
2. **Why:** Floorplan D is the only one that does not have a symmetrical layout with respect to the main entrance. The other floorplans (A, B, C, and E) all appear to be mirror images of each other along the vertical axis passing through the main entrance, indicating a consistent underlying pattern. Floorplan D, however, has a unique arrangement of rooms and hallways that deviates from this symmetry, suggesting it has a different underlying pattern."
"[7, 1]","[17, 5]","['7913', '3536', '12421', '17550', '16951']",7913,1. **Different floorplan:** B,"1. **Different floorplan:** B
2. **Why:** Floorplan B is the only one that has a distinct arrangement of rooms compared to the others. The other floorplans (A, C, D, and E) all have a similar layout with a central living area flanked by bedrooms and bathrooms, but with varying sizes and configurations. Floorplan B has a unique configuration where the living area is not centrally located and there is an additional room (possibly a study or a small office) that is not present in the other floorplans. This makes it stand out as having a different underlying pattern."
"[7, 1]","[17, 5]","['50221', '16951', '53652', '17550', '10825']",50221,1. **Different floorplan:** A,"1. **Different floorplan:** A
2. **Why:** Floorplan A is the only one that does not have a symmetrical layout with respect to the main entrance. The other four floorplans (B, C, D, and E) appear to be mirror images of each other along the vertical axis passing through the main entrance, indicating a consistent underlying pattern. Floorplan A, however, has a unique arrangement of rooms and hallways that deviates from this symmetry, suggesting it has a different underlying pattern."
"[17, 18]","[7, 20]","['51240', '70105', '21408', '46660', '55305']",55305,1. **Different floorplan:** C,"1. **Different floorplan:** C
2. **Why:** Floorplan C is the only one that does not have a symmetrical layout with respect to the main entrance. The other floorplans (A, B, D, and E) appear to be mirror images of each other along the vertical axis passing through the main entrance, indicating a consistent underlying pattern. Floorplan C, however, has a unique arrangement of rooms and hallways that deviates from this symmetry, suggesting it has a different underlying pattern."
"[7, 1]","[17, 5]","['12421', '10825', '72055', '53652', '17550']",72055,1. **Different floorplan:** C,"1. **Different floorplan:** C
2. **Why:** Floorplan C is the only one that does not have a consistent pattern in terms of room sizes and shapes compared to the others. The rooms within C vary significantly in size and shape, which deviates from the more uniform and symmetrical patterns observed in A, B, D, and E."
"[7, 3]","[17, 18]","['70105', '61767', '52457', '75828', '64781']",70105,1. **Different floorplan:** C,"1. **Different floorplan:** C
2. **Why:** Floorplan C is the only one that does not have a symmetrical layout with respect to the main entrance. The other floorplans (A, B, D, and E) appear to be mirror images of each other along the vertical axis passing through the main entrance, indicating a consistent underlying pattern. Floorplan C, however, has a unique arrangement of rooms and hallways that deviates from this symmetry, suggesting it has a different underlying pattern."
"[17, 18]","[7, 1]","['70105', '16951', '6955', '46660', '31693']",16951,1. **Different floorplan:** E,"1. **Different floorplan:** E
2. **Why:** Floorplan E is the only one that does not have a continuous hallway running from the main entrance to the back of the apartment. Instead, it has a more compact arrangement with rooms directly connected without a clear central hallway, which distinguishes it from the other floorplans that all feature a similar layout with a central hallway."
"[7, 1]","[17, 5]","['16951', '10825', '53652', '3536', '50221']",50221,1. **Different floorplan:** E,"1. **Different floorplan:** E
2. **Why:** Floorplan E is the only one that does not have a continuous hallway running vertically from the main entrance. Instead, it features a more complex arrangement with multiple smaller rooms branching off from the main entrance, which is not present in the other floorplans."
"[17, 18]","[7, 1]","['66316', '21543', '12376', '51240', '21408']",12376,1. **Different floorplan:** E,"1. **Different floorplan:** E
2. **Why:** Floorplan E is the only one that does not have a symmetrical layout with respect to the main entrance. The other floorplans (A, B, C, and D) all appear to be mirror images of each other along the vertical axis passing through the main entrance, indicating a consistent underlying pattern. Floorplan E, however, has a unique arrangement of rooms and hallways that deviates from this symmetry, suggesting it has a different underlying pattern."
"[7, 1]","[17, 18]","['66935', '10825', '53652', '8109', '17550']",66935,1. **Different floorplan:** C,"1. **Different floorplan:** C
2. **Why:** Floorplan C is the only one that does not have a symmetrical layout with respect to the main entrance. The other floorplans (A, B, D, and E) appear to be mirror images of each other along the vertical axis passing through the main entrance, indicating a consistent underlying pattern. Floorplan C, however, has a unique arrangement of rooms and hallways that deviates from this symmetry, suggesting it has a different underlying pattern."
"[17, 18]","[7, 22]","['21408', '23132', '66935', '31693', '21543']",23132,1. **Different floorplan:** B,"1. **Different floorplan:** B
2. **Why:** Floorplan B is the only one that does not have a symmetrical layout with respect to the main entrance. The other floorplans (A, C, D, and E) all appear to be mirror images of each other along the vertical axis passing through the main entrance, indicating a consistent underlying pattern. Floorplan B, however, has a unique arrangement of rooms and hallways that deviates from this symmetry, suggesting it has a different underlying pattern."
"[17, 18]","[7, 20]","['66935', '55305', '21408', '70105', '51240']",55305,1. **Different floorplan:** E,"1. **Different floorplan:** E
2. **Why:** Floorplan E is the only one that does not have a symmetrical layout with respect to the main entrance. The other floorplans (A, B, C, and D) all appear to be mirror images of each other along the vertical axis passing through the main entrance, indicating a consistent underlying pattern. Floorplan E, however, has a unique arrangement of rooms and hallways that deviates from this symmetry, suggesting it has a different underlying pattern."
"[7, 20]","[17, 18]","['55305', '2277', '54372', '66935', '2425']",66935,1. **Different floorplan:** E,"1. **Different floorplan:** E
2. **Why:** Floorplan E is the only one that does not have a symmetrical layout with respect to the main entrance. The other floorplans (A, B, C, and D) all appear to be mirror images of each other along the vertical axis passing through the main entrance, indicating a consistent underlying pattern. Floorplan E deviates from this symmetry, suggesting it has a different underlying pattern."
"[17, 18]","[7, 20]","['66935', '31693', '66316', '54372', '46660']",54372,1. **Different floorplan:** B,"1. **Different floorplan:** B
2. **Why:** Floorplan B is the only one that does not have a symmetrical layout with respect to the main entrance. The other floorplans (A, C, D, and E) all appear to be mirror images of each other along the vertical axis passing through the main entrance, indicating a consistent underlying pattern. Floorplan B, however, has a unique arrangement of rooms and hallways that deviates from this symmetry, suggesting it has a different underlying pattern."
"[17, 21]","[7, 22]","['40487', '62549', '62454', '23132', '69704']",23132,1. **Different floorplan:** D,"1. **Different floorplan:** D
2. **Why:** Floorplan D is the only one that does not have a continuous hallway running from the main entrance to the back of the apartment. Instead, it features a more complex layout with multiple turns and dead ends, which is distinct from the simpler, linear patterns in the other floorplans."
"[17, 21]","[7, 22]","['62454', '62549', '69704', '40679', '78147']",40679,1. **Different floorplan:** D,"1. **Different floorplan:** D
2. **Why:** Floorplan D is the only one that contains a distinct feature not present in the others: a small red room with a door leading into it from the main entrance. This room is not present in any of the other floorplans, which all have a more uniform layout with larger rooms and no such isolated small room near the entrance."
"[17, 21]","[7, 3]","['69704', '62549', '78147', '9795', '64781']",64781,1. **Different floorplan:** E,"1. **Different floorplan:** E
2. **Why:** Floorplan E is the only one that does not have a symmetrical layout with respect to the main entrance. The other floorplans (A, B, C, and D) all appear to be mirror images of each other along the vertical axis passing through the main entrance, indicating a consistent underlying pattern. Floorplan E, however, has a unique arrangement of rooms and hallways that deviates from this symmetry, suggesting it has a different underlying pattern."
"[17, 21]","[7, 20]","['69704', '2277', '9795', '78147', '40487']",2277,1. **Different floorplan:** B,"1. **Different floorplan:** B
2. **Why:** Floorplan B is the only one that has a distinct arrangement of rooms compared to the others. While the other floorplans have a consistent layout with a central hallway leading to various rooms, floorplan B has a more complex and irregular layout with additional walls and corners that do not align with the typical central hallway design. This makes it stand out as having a different underlying pattern."
"[7, 1]","[17, 18]","['46660', '8109', '3536', '10825', '16951']",46660,1. **Different floorplan:** C,"1. **Different floorplan:** C
2. **Why:** Floorplan C is the only one that does not have a symmetrical arrangement of rooms around the central corridor. In contrast, floors A, B, D, and E all exhibit a similar pattern where the rooms are symmetrically placed around a central corridor, with the main entrance leading into this corridor. Floorplan C has an asymmetrical layout, which sets it apart from the others."
"[17, 21]","[7, 3]","['75828', '62454', '78147', '9795', '62549']",75828,1. **Different floorplan:** E,"1. **Different floorplan:** E
2. **Why:** Floorplan E is the only one that does not have a symmetrical layout with respect to the main entrance. The other floorplans (A, B, C, and D) all appear to be mirror images of each other along the vertical axis passing through the main entrance, indicating a consistent underlying pattern. Floorplan E deviates from this symmetry, suggesting it has a different underlying pattern."
"[7, 1]","[17, 18]","['16951', '66316', '53652', '3536', '8109']",66316,1. **Different floorplan:** D,"1. **Different floorplan:** D
2. **Why:** Floorplan D is the only one that does not have a symmetrical layout with respect to the main entrance. The other floorplans (A, B, C, and E) all appear to be mirror images of each other along the vertical axis passing through the main entrance, indicating a consistent underlying pattern. Floorplan D, however, has a unique arrangement of rooms and hallways that deviates from this symmetry, suggesting it has a different underlying pattern."
"[17, 18]","[7, 3]","['21408', '31693', '21543', '66316', '61767']",61767,1. **Different floorplan:** E,"1. **Different floorplan:** E
2. **Why:** Floorplan E is the only one that does not have a symmetrical layout with respect to the main entrance. The other floorplans (A, B, C, and D) all appear to be mirror images of each other along the vertical axis passing through the main entrance, indicating a consistent underlying pattern. Floorplan E, however, has a unique arrangement of rooms and hallways that deviates from this symmetry, suggesting it has a different underlying pattern."
"[17, 18]","[7, 1]","['66935', '21543', '53652', '46660', '66316']",53652,1. **Different floorplan:** C,"1. **Different floorplan:** C
2. **Why:** Floorplan C is the only one that does not have a symmetrical layout with respect to the main entrance. The other floorplans (A, B, D, and E) appear to be mirror images of each other along the vertical axis passing through the main entrance, indicating a consistent underlying pattern. Floorplan C, however, has a unique arrangement of rooms and hallways that deviates from this symmetry, suggesting it has a different underlying pattern."
"[17, 21]","[7, 20]","['78147', '9795', '40487', '62549', '2277']",2277,1. **Different floorplan:** E,"1. **Different floorplan:** E
2. **Why:** Floorplan E is the only one that does not have a rectangular shape with a consistent layout of rooms around a central core. It appears to be more irregular in shape compared to the others, which all have a more uniform and symmetrical arrangement of rooms around a central area."
"[17, 18]","[7, 3]","['21408', '52457', '66316', '31693', '46660']",52457,1. **Different floorplan:** B,"1. **Different floorplan:** B
2. **Why:** Floorplan B is the only one that does not have a symmetrical layout with respect to the main entrance. The other floorplans (A, C, D, and E) all appear to be mirror images of each other along the vertical axis passing through the main entrance, indicating a consistent underlying pattern. Floorplan B, however, has a unique arrangement of rooms and hallways that deviates from this symmetry, suggesting it has a different underlying pattern."
"[17, 18]","[7, 1]","['6955', '12421', '66316', '31693', '46660']",12421,1. **Different floorplan:** B,"1. **Different floorplan:** B
2. **Why:** Floorplan B is the only one that does not have a symmetrical layout with respect to the main entrance. The other floorplans (A, C, D, and E) all appear to be mirror images of each other along the vertical axis passing through the main entrance, indicating a consistent underlying pattern. Floorplan B, however, has a unique arrangement of rooms and hallways that deviates from this symmetry, suggesting it has a different underlying pattern."
"[7, 1]","[17, 18]","['10825', '12421', '66935', '53652', '12376']",66935,1. **Different floorplan:** C,"1. **Different floorplan:** C
2. **Why:** Floorplan C is the only one that contains an additional room (the pink room) that is not present in the other four floorplans. This extra room disrupts the uniformity of the spatial layout, making it distinct from the others."
"[17, 18]","[7, 1]","['21543', '70105', '21408', '12376', '66935']",12376,1. **Different floorplan:** D,"1. **Different floorplan:** D
2. **Why:** Floorplan D is the only one that does not have a symmetrical layout with respect to the main entrance. The other floorplans (A, B, C, and E) all appear to be mirror images of each other along the vertical axis passing through the main entrance, indicating a consistent underlying pattern. Floorplan D, however, has a unique arrangement of rooms and hallways that deviates from this symmetry, suggesting it has a different underlying pattern."
"[7, 1]","[17, 21]","['12376', '3536', '16951', '12421', '62454']",62454,1. **Different floorplan:** E,"1. **Different floorplan:** E
2. **Why:** Floorplan E is the only one that does not have a symmetrical layout with respect to the main entrance. The other floorplans (A, B, C, and D) all appear to be mirror images of each other along the vertical axis passing through the main entrance, indicating a consistent underlying pattern. Floorplan E, however, has a unique arrangement of rooms and hallways that deviates from this symmetry, suggesting it has a different underlying pattern."
"[17, 18]","[7, 1]","['3536', '66935', '21408', '31693', '46660']",3536,1. **Different floorplan:** B,"1. **Different floorplan:** B
2. **Why:** Floorplan B is the only one that has an additional room (pink room) that is not present in the other four floorplans. This extra room disrupts the uniformity of the spatial layout and room types found in A, C, D, and E."
"[17, 21]","[7, 22]","['69704', '40487', '78147', '62549', '23132']",23132,1. **Different floorplan:** E,"1. **Different floorplan:** E
2. **Why:** Floorplan E is the only one that does not have a rectangular shape with a consistent layout of rooms around a central core. It appears to be more irregularly shaped compared to the others, which all have a more uniform and symmetrical arrangement of rooms around a central area."
"[17, 18]","[7, 1]","['66935', '70105', '21408', '31693', '17550']",17550,1. **Different floorplan:** C,"1. **Different floorplan:** C
2. **Why:** Floorplan C is the only one that does not have a symmetrical layout with respect to the main entrance. The other floorplans (A, B, D, and E) all appear to be mirror images of each other along the vertical axis passing through the main entrance, indicating a consistent underlying pattern. Floorplan C, however, has a unique arrangement of rooms and hallways that deviates from this symmetry, suggesting it has a different underlying pattern."
"[17, 21]","[7, 1]","['9795', '78147', '12421', '62454', '69704']",12421,1. **Different floorplan:** C,"1. **Different floorplan:** C
2. **Why:** Floorplan C is the only one that does not have a symmetrical layout with respect to the main entrance. The other floorplans (A, B, D, and E) appear to be mirror images of each other along the vertical axis passing through the main entrance, indicating a consistent underlying pattern. Floorplan C, however, has a unique arrangement of rooms and hallways that deviates from this symmetry, suggesting it has a different underlying pattern."
"[7, 1]","[17, 21]","['8109', '16951', '10825', '40487', '3536']",40487,1. **Different floorplan:** E,"1. **Different floorplan:** E
2. **Why:** Floorplan E is the only one that does not have a symmetrical layout with respect to the main entrance. The other floorplans (A, B, C, and D) all appear to be mirror images of each other along the vertical axis passing through the main entrance, indicating a consistent underlying pattern. Floorplan E, however, has a unique arrangement of rooms and hallways that deviates from this symmetry, suggesting it has a different underlying pattern."
"[17, 18]","[7, 22]","['51240', '46660', '66316', '21408', '40679']",40679,1. **Different floorplan:** E,"1. **Different floorplan:** E
2. **Why:** Floorplan E is the only one that does not have a symmetrical layout with respect to the main entrance. The other four floorplans (A, B, C, and D) all exhibit a similar pattern where the rooms are arranged in a way that is mirrored across the main entrance line. Floorplan E deviates from this symmetry by having a different arrangement of rooms around the entrance, making it distinct from the others."
"[7, 1]","[17, 18]","['12421', '12376', '53652', '46660', '16951']",46660,1. **Different floorplan:** D,"1. **Different floorplan:** D
2. **Why:** Floorplan D is the only one that does not have a continuous hallway running vertically from the main entrance. In contrast, floors A, B, C, and E all feature a vertical hallway that extends from the main entrance up to the top of the floorplan. This unique characteristic sets floorplan D apart from the others."
"[17, 18]","[7, 20]","['21543', '6955', '54372', '51240', '31693']",54372,1. **Different floorplan:** C,"1. **Different floorplan:** C
2. **Why:** Floorplan C is the only one that does not have a symmetrical layout with respect to the main entrance. The other floorplans (A, B, D, and E) all appear to be mirror images of each other along the vertical axis passing through the main entrance, indicating a consistent underlying pattern. Floorplan C, however, has a unique arrangement of rooms and hallways that deviates from this symmetry, suggesting it has a different underlying pattern."
"[7, 1]","[17, 21]","['62549', '3536', '8109', '16951', '12421']",62549,1. **Different floorplan:** C,"1. **Different floorplan:** C
2. **Why:** Floorplan C is the only one that does not have a symmetrical layout with respect to the main entrance. The other floorplans (A, B, D, and E) appear to be mirror images of each other along the vertical axis passing through the main entrance, indicating a consistent underlying pattern. Floorplan C, however, has a unique arrangement of rooms and hallways that deviates from this symmetry, suggesting it has a different underlying pattern."
"[17, 21]","[7, 20]","['9795', '62454', '2425', '78147', '62549']",2425,1. **Different floorplan:** C,"1. **Different floorplan:** C
2. **Why:** Floorplan C is the only one that does not have a continuous hallway running from the main entrance to the back of the apartment. Instead, it features a more complex layout with multiple turns and a smaller room near the entrance that disrupts the flow compared to the other floorplans, which all have a more straightforward path from the entrance to the back."
"[17, 18]","[7, 22]","['6955', '46660', '40679', '21408', '31693']",40679,1. **Different floorplan:** C,"1. **Different floorplan:** C
2. **Why:** Floorplan C is the only one that does not have a symmetrical layout with respect to the main entrance. The other floorplans (A, B, D, and E) all appear to be mirror images of each other along the vertical axis passing through the main entrance, indicating a consistent underlying pattern. Floorplan C, however, has a unique arrangement of rooms and hallways that deviates from this symmetry, suggesting it has a different underlying pattern."
"[7, 1]","[17, 18]","['53652', '12376', '12421', '16951', '66935']",66935,1. **Different floorplan:** E,"1. **Different floorplan:** E
2. **Why:** Floorplan E is the only one that does not have a symmetrical layout with respect to the main entrance. The other four floorplans (A, B, C, and D) all exhibit a similar pattern where the rooms are arranged in a way that is mirrored across the main entrance line. Floorplan E deviates from this symmetry by having a different arrangement of rooms around the entrance, making it distinct from the others."
"[7, 1]","[17, 18]","['17550', '70105', '8109', '3536', '16951']",70105,1. **Different floorplan:** B,"1. **Different floorplan:** B
2. **Why:** Floorplan B is the only one that does not have a symmetrical layout with respect to the main entrance. The other floorplans (A, C, D, and E) all appear to be mirror images of each other along the vertical axis passing through the main entrance, indicating a consistent underlying pattern. Floorplan B, however, has a unique arrangement of rooms and hallways that deviates from this symmetry, suggesting it has a different underlying pattern."
"[17, 18]","[7, 22]","['23132', '66316', '21408', '70105', '51240']",23132,1. **Different floorplan:** C,"1. **Different floorplan:** C
2. **Why:** Floorplan C is the only one that does not have a symmetrical layout with respect to the main entrance. The other floorplans (A, B, D, and E) all appear to be mirror images of each other along the vertical axis passing through the main entrance, indicating a consistent underlying pattern. Floorplan C, however, shows a unique arrangement of rooms and hallways that deviates from this symmetry, suggesting it has a different underlying pattern."
"[7, 1]","[17, 5]","['7913', '12421', '3536', '17550', '53652']",7913,1. **Different floorplan:** C,"1. **Different floorplan:** C
2. **Why:** Floorplan C is the only one that does not have a symmetrical layout with respect to the main entrance. The other floorplans (A, B, D, and E) appear to be mirror images of each other along the vertical axis passing through the main entrance, indicating a consistent underlying pattern. Floorplan C, however, has a unique arrangement of rooms and hallways that deviates from this symmetry, suggesting it has a different underlying pattern."
"[17, 5]","[7, 1]","['50221', '7913', '53652', '33045', '72055']",53652,1. **Different floorplan:** C,"1. **Different floorplan:** C
2. **Why:** Floorplan C is the only one that does not have a symmetrical layout with respect to the main entrance. The other floorplans (A, B, D, and E) appear to be mirror images of each other along the vertical axis passing through the main entrance, indicating a consistent underlying pattern. Floorplan C, however, has a unique arrangement of rooms and hallways that deviates from this symmetry, suggesting it has a different underlying pattern."
"[17, 18]","[7, 1]","['21543', '31693', '66316', '46660', '10825']",10825,1. **Different floorplan:** E,"1. **Different floorplan:** E
2. **Why:** Floorplan E is the only one that does not have a symmetrical layout with respect to the main entrance. The other floorplans (A, B, C, and D) all appear to be mirror images of each other along the vertical axis passing through the main entrance, indicating a consistent underlying pattern. Floorplan E, however, has a unique arrangement of rooms and hallways that deviates from this symmetry, suggesting it has a different underlying pattern."
"[7, 1]","[17, 21]","['12376', '10825', '78147', '53652', '3536']",78147,1. **Different floorplan:** E,"1. **Different floorplan:** E
2. **Why:** Floorplan E is the only one that does not have a symmetrical layout with respect to the main entrance. The other floorplans (A, B, C, and D) all appear to be mirror images of each other along the vertical axis passing through the main entrance, indicating a consistent underlying pattern. Floorplan E, however, has a unique arrangement of rooms and hallways that deviates from this symmetry, suggesting it has a different underlying pattern."
"[17, 18]","[7, 1]","['21408', '12376', '21543', '66935', '66316']",12376,1. **Different floorplan:** B,"1. **Different floorplan:** B
2. **Why:** Floorplan B is the only one that does not have a symmetrical layout with respect to the main entrance. The other floorplans (A, C, D, and E) all appear to be mirror images of each other along the vertical axis passing through the main entrance, indicating a consistent underlying pattern. Floorplan B, however, has a unique arrangement of rooms and hallways that deviates from this symmetry, suggesting it has a different underlying pattern."
"[7, 1]","[17, 5]","['8109', '3536', '33045', '10825', '17550']",33045,1. **Different floorplan:** C,"1. **Different floorplan:** C
2. **Why:** Floorplan C is the only one that does not have a symmetrical layout with respect to the main entrance. The other floorplans (A, B, D, and E) all appear to be mirror images of each other along the vertical axis passing through the main entrance, indicating a consistent underlying pattern. Floorplan C, however, has a unique arrangement of rooms and hallways that deviates from this symmetry, suggesting it has a different underlying pattern."
"[17, 18]","[7, 20]","['51240', '66316', '6955', '46660', '55305']",55305,1. **Different floorplan:** E,"1. **Different floorplan:** E
2. **Why:** Floorplan E is the only one that does not have a symmetrical layout with respect to the main entrance. The other floorplans (A, B, C, and D) all appear to be mirror images of each other along the vertical axis passing through the main entrance, indicating a consistent underlying pattern. Floorplan E, however, has a unique arrangement of rooms and hallways that deviates from this symmetry, suggesting it has a different underlying pattern."
"[17, 18]","[7, 22]","['31693', '70105', '66935', '51240', '31113']",31113,1. **Different floorplan:** E,"1. **Different floorplan:** E
2. **Why:** Floorplan E is the only one that does not have a symmetrical layout with respect to the main entrance. The other floorplans (A, B, C, and D) all exhibit a similar pattern where the rooms are arranged in a way that is mirrored across the main entrance line. Floorplan E has an asymmetrical arrangement, which sets it apart from the others."
"[17, 21]","[7, 1]","['78147', '62549', '12376', '69704', '9795']",12376,1. **Different floorplan:** C,"1. **Different floorplan:** C
2. **Why:** Floorplan C is the only one that does not have a symmetrical layout with respect to the main entrance. The other floorplans (A, B, D, and E) appear to be mirror images of each other along the vertical axis passing through the main entrance, indicating a consistent underlying pattern. Floorplan C, however, shows a distinct asymmetry in the placement of rooms and the overall layout around the main entrance, making it unique compared to the others."
"[17, 18]","[7, 1]","['66935', '21543', '21408', '12421', '51240']",12421,1. **Different floorplan:** C,"1. **Different floorplan:** C
2. **Why:** Floorplan C is the only one that does not have a symmetrical layout with respect to the main entrance. The other floorplans (A, B, D, and E) appear to be mirror images of each other along the vertical axis passing through the main entrance, indicating a consistent underlying pattern. Floorplan C, however, shows a unique arrangement of rooms and hallways that deviates from this symmetry, suggesting it has a different underlying pattern."
"[17, 18]","[7, 3]","['31693', '64781', '66316', '51240', '46660']",64781,1. **Different floorplan:** D,"1. **Different floorplan:** D
2. **Why:** Floorplan D is the only one that does not have a symmetrical layout with respect to the main entrance. The other floorplans (A, B, C, and E) appear to be mirror images of each other along the vertical axis passing through the main entrance, indicating a consistent underlying pattern. Floorplan D, however, has a unique arrangement of rooms and hallways that deviates from this symmetry, suggesting it has a different underlying pattern."
"[7, 1]","[17, 5]","['53652', '8109', '72055', '12421', '10825']",72055,1. **Different floorplan:** C,"1. **Different floorplan:** C
2. **Why:** Floorplan C is the only one that does not have a symmetrical layout with respect to the main entrance. The other floorplans (A, B, D, and E) appear to be mirror images of each other along the vertical axis passing through the main entrance, indicating a consistent underlying pattern. Floorplan C, however, shows a unique arrangement of rooms and hallways that deviates from this symmetry, suggesting it has a different underlying pattern."
"[7, 1]","[17, 18]","['12376', '12421', '70105', '8109', '17550']",70105,1. **Different floorplan:** C,"1. **Different floorplan:** C
2. **Why:** Floorplan C is the only one that does not have a symmetrical layout with respect to the main entrance. The other floorplans (A, B, D, and E) all appear to be mirror images of each other along the vertical axis passing through the main entrance, indicating a consistent underlying pattern. Floorplan C, however, has a unique arrangement of rooms and hallways that deviates from this symmetry, suggesting it has a different underlying pattern."
