base_cluster,other_cluster,options,outlier_id,predicted_id,raw_response
"[0, 7]","[15, 13]","['25079', '15613', '66807', '65801', '10984']",25079,1. **Different floorplan:** C,"1. **Different floorplan:** C
2. **Why:** Floorplan C is the only one that does not have a symmetrical layout with respect to the main entrance. The other floorplans (A, B, D, and E) all appear to be symmetrical around the main entrance, with rooms arranged in a consistent manner on either side. Floorplan C has an asymmetrical arrangement, which sets it apart from the others."
"[14, 7]","[3, 26]","['38835', '67483', '11033', '51393', '77045']",11033,1. **Different floorplan:** C,"1. **Different floorplan:** C
2. **Why:** Floorplan C is the only one that does not have a symmetrical layout with respect to the main entrance. The other floorplans (A, B, D, and E) all appear to be symmetrical or have a consistent pattern around their main entrances, whereas C has an asymmetrical arrangement of rooms and spaces."
"[15, 28]","[0, 7]","['38548', '10526', '67905', '66807', '3258']",66807,1. **Different floorplan:** D,"1. **Different floorplan:** D
2. **Why:** Floorplan D is the only one that does not have a continuous hallway running from the main entrance to the far end of the building. Instead, it has a more compact arrangement with smaller rooms and a different flow compared to the other four floorplans, which all feature a longer hallway extending from the entrance."
"[19, 13]","[15, 17]","['43396', '43324', '37914', '1225', '42612']",1225,1. **Different floorplan:** C,"1. **Different floorplan:** C
2. **Why:** Floorplan C is the only one that does not have a symmetrical layout with respect to the main entrance. The other floorplans (A, B, D, and E) all appear to be mirror images of each other along the vertical axis passing through the main entrance, indicating a consistent underlying pattern. Floorplan C, however, has a unique arrangement of rooms and hallways that deviates from this symmetry, suggesting it has a different underlying pattern."
"[3, 26]","[14, 8]","['9147', '28694', '50906', '32729', '68096']",28694,1. **Different floorplan:** C,"1. **Different floorplan:** C
2. **Why:** Floorplan C is the only one that does not have a continuous hallway running vertically from the main entrance. All other floorplans (A, B, D, and E) have a vertical hallway that extends from the main entrance to the far end of the floorplan. Floorplan C has a more complex layout with multiple rooms branching off from the main entrance without a continuous hallway."
"[15, 28]","[5, 19]","['3258', '53655', '23274', '10526', '38548']",53655,1. **Different floorplan:** B,"1. **Different floorplan:** B
2. **Why:** Floorplan B is the only one that does not have a symmetrical layout with respect to the main entrance. The other floorplans (A, C, D, and E) all appear to be mirror images of each other along the vertical axis passing through the main entrance, indicating a consistent underlying pattern. Floorplan B, however, has a unique arrangement of rooms and hallways that deviates from this symmetry, suggesting it has a different underlying pattern."
"[14, 9]","[4, 27]","['14102', '39708', '26678', '12888', '6508']",12888,1. **Different floorplan:** C,"1. **Different floorplan:** C
2. **Why:** Floorplan C is the only one that does not have a continuous hallway running from the main entrance to the far end of the apartment. Instead, it features a T-shaped layout with a central room branching off into two smaller rooms, which is distinct from the linear layouts in A, B, D, and E."
"[18, 23]","[14, 7]","['40817', '20502', '32105', '25607', '61353']",25607,1. **Different floorplan:** E,"1. **Different floorplan:** E
2. **Why:** Floorplan E is the only one that does not have a symmetrical layout with respect to the main entrance. The other floorplans (A, B, C, and D) all exhibit a similar pattern where the rooms are arranged in a way that is mirrored across the main entrance line. Floorplan E has an asymmetrical arrangement of rooms around the main entrance, which sets it apart from the others."
"[5, 4]","[15, 17]","['53032', '63485', '51114', '1225', '70560']",1225,1. **Different floorplan:** D,"1. **Different floorplan:** D
2. **Why:** Floorplan D is the only one that does not have a continuous hallway running from the main entrance to the far end of the apartment. Instead, it features a more complex layout with multiple turns and dead ends, which is distinct from the simpler, linear patterns seen in the other floorplans."
"[0, 14]","[15, 28]","['39894', '17291', '3258', '1261', '80522']",3258,1. **Different floorplan:** C,"1. **Different floorplan:** C
2. **Why:** Floorplan C is the only one that does not have a symmetrical layout with respect to the main entrance. The other floorplans (A, B, D, and E) all appear to be mirror images of each other along the vertical axis passing through the main entrance, indicating a consistent underlying pattern. Floorplan C, however, has a unique arrangement of rooms and hallways that deviates from this symmetry, suggesting it has a different underlying pattern."
"[18, 23]","[5, 19]","['64148', '25667', '51211', '72365', '42151']",51211,1. **Different floorplan:** E,"1. **Different floorplan:** E
2. **Why:** Floorplan E is the only one that does not have a symmetrical layout with respect to the main entrance. The other floorplans (A, B, C, and D) all exhibit a similar pattern where the rooms are arranged in a way that is mirrored across the main entrance line. Floorplan E has an asymmetrical arrangement, which sets it apart from the others."
"[3, 28]","[14, 9]","['12683', '55090', '14102', '42226', '8257']",14102,1. **Different floorplan:** B,"1. **Different floorplan:** B
2. **Why:** Floorplan B is the only one that does not have a continuous hallway running from the main entrance to the far end of the building. Instead, it features a T-shaped layout with two perpendicular hallways meeting at the main entrance, which is unique compared to the other floorplans that all have a more linear or U-shaped layout."
"[3, 21]","[14, 8]","['53064', '47060', '42206', '28732', '57272']",28732,1. **Different floorplan:** B,"1. **Different floorplan:** B
2. **Why:** Floorplan B is the only one that does not have a symmetrical layout with respect to the main entrance. The other floorplans (A, C, D, and E) all appear to be mirror images of each other along the vertical axis passing through the main entrance, indicating a consistent underlying pattern. Floorplan B, however, has a unique arrangement of rooms and hallways that deviates from this symmetry, suggesting it has a different underlying pattern."
"[18, 25]","[9, 11]","['4132', '25711', '73827', '61914', '3282']",61914,1. **Different floorplan:** D,"1. **Different floorplan:** D
2. **Why:** Floorplan D is the only one that does not have a continuous hallway running from the main entrance to the far end of the building. Instead, it features a more compact arrangement with rooms clustered together, which is distinct from the other floorplans that all have a more linear layout with a clear path from the entrance to the back of the building."
"[18, 23]","[5, 4]","['35725', '15451', '72978', '5909', '48306']",35725,1. **Different floorplan:** B,"1. **Different floorplan:** B
2. **Why:** Floorplan B is the only one that does not have a symmetrical layout with respect to the main entrance. The other floorplans (A, C, D, and E) all appear to be mirror images of each other along the vertical axis passing through the main entrance, indicating a consistent underlying pattern. Floorplan B, however, has a unique arrangement of rooms and hallways that deviates from this symmetry, suggesting it has a different underlying pattern."
"[14, 8]","[3, 26]","['28694', '46039', '28732', '39691', '49864']",49864,1. **Different floorplan:** E,"1. **Different floorplan:** E
2. **Why:** Floorplan E is the only one that does not have a symmetrical layout with respect to the main entrance. The other floorplans (A, B, C, and D) all appear to be mirror images of each other along the vertical axis passing through the main entrance, indicating a consistent underlying pattern. Floorplan E, however, has a unique arrangement of rooms and hallways that deviates from this symmetry, suggesting it has a different underlying pattern."
"[18, 23]","[14, 8]","['72978', '28732', '37360', '65195', '6216']",28732,1. **Different floorplan:** B,"1. **Different floorplan:** B
2. **Why:** Floorplan B is the only one that has a distinct arrangement of rooms compared to the others. The other floorplans (A, C, D, and E) all have a similar layout with a central living area flanked by bedrooms and bathrooms, and a kitchen at the back. Floorplan B, however, has a unique configuration where the living area is not directly connected to the kitchen, and there is an additional room (possibly a study or a small office) that is not present in the other floorplans. This difference in layout makes it stand out as having a different underlying pattern."
"[18, 23]","[9, 11]","['67584', '30907', '48306', '32105', '65195']",30907,1. **Different floorplan:** B,"1. **Different floorplan:** B
2. **Why:** Floorplan B is the only one that does not have a symmetrical layout with respect to the main entrance. The other floorplans (A, C, D, and E) all appear to be mirror images of each other along the vertical axis passing through the main entrance, indicating a consistent underlying pattern. Floorplan B, however, has a unique arrangement of rooms and hallways that deviates from this symmetry, suggesting it has a different underlying pattern."
"[9, 11]","[17, 21]","['41897', '30907', '78147', '52758', '78534']",78147,1. **Different floorplan:** B,"1. **Different floorplan:** B
2. **Why:** Floorplan B is the only one that does not have a symmetrical layout with respect to the main entrance. The other floorplans (A, C, D, and E) appear to have a consistent pattern where the rooms are arranged in a way that is mirrored across the main entrance line, suggesting a similar underlying design. Floorplan B deviates from this symmetry, indicating it has a different underlying pattern."
"[9, 26]","[17, 18]","['27788', '6955', '50181', '23716', '7474']",6955,1. **Different floorplan:** B,"1. **Different floorplan:** B
2. **Why:** Floorplan B is the only one that features a central hallway with rooms branching off from it in a symmetrical manner, which is distinct from the more irregular and varied layouts of the other floorplans. The other floorplans have more complex and less symmetrical arrangements of rooms."
"[3, 28]","[14, 8]","['39691', '55090', '73823', '8257', '42226']",39691,1. **Different floorplan:** C,"1. **Different floorplan:** C
2. **Why:** Floorplan C is the only one that does not have a symmetrical layout with respect to the main entrance. The other floorplans (A, B, D, and E) all appear to be mirror images of each other along the vertical axis passing through the main entrance, indicating a consistent underlying pattern. Floorplan C, however, has a unique arrangement of rooms and hallways that deviates from this symmetry, suggesting it has a different underlying pattern."
"[0, 6]","[15, 28]","['3258', '43375', '75880', '49395', '25447']",3258,1. **Different floorplan:** E,"1. **Different floorplan:** E
2. **Why:** Floorplan E is the only one that does not have a symmetrical layout with respect to the main entrance. The other floorplans (A, B, C, and D) all appear to be mirror images of each other along the vertical axis passing through the main entrance, indicating a consistent underlying pattern. Floorplan E, however, has a unique arrangement of rooms and hallways that deviates from this symmetry, suggesting it has a different underlying pattern."
"[19, 28]","[15, 13]","['55589', '52721', '40111', '43363', '20590']",20590,1. **Different floorplan:** E,"1. **Different floorplan:** E
2. **Why:** Floorplan E is the only one that does not have a symmetrical layout with respect to the main entrance. The other floorplans (A, B, C, and D) all appear to be mirror images of each other along the vertical axis passing through the main entrance, indicating a consistent underlying pattern. Floorplan E, however, has a unique arrangement of rooms and hallways that deviates from this symmetry, suggesting it has a different underlying pattern."
"[0, 7]","[7, 3]","['64781', '66807', '10984', '65801', '72266']",64781,1. **Different floorplan:** D,"1. **Different floorplan:** D
2. **Why:** Floorplan D is the only one that does not have a continuous hallway running from the main entrance to the back of the apartment. Instead, it features a more complex arrangement with multiple rooms branching off from the main entrance, which is not present in the other floorplans."
"[5, 19]","[18, 25]","['49189', '53655', '54232', '77183', '25711']",25711,1. **Different floorplan:** E,"1. **Different floorplan:** E
2. **Why:** Floorplan E is the only one that does not have a symmetrical layout with respect to the main entrance. The other floorplans (A, B, C, and D) all appear to be mirror images of each other along the vertical axis passing through the main entrance, indicating a consistent underlying pattern. Floorplan E, however, has a unique arrangement of rooms and hallways that deviates from this symmetry, suggesting it has a different underlying pattern."
"[0, 24]","[7, 3]","['31926', '48780', '37989', '52457', '74418']",52457,1. **Different floorplan:** D,"1. **Different floorplan:** D
2. **Why:** Floorplan D is the only one that does not have a continuous hallway running from the main entrance to the far end of the floorplan. In contrast, floors A, B, C, and E all feature a continuous hallway that extends from the main entrance to the opposite side of the floorplan. This unique characteristic sets floorplan D apart from the others."
"[3, 3]","[14, 9]","['14102', '72700', '994', '10017', '10131']",14102,1. **Different floorplan:** C,"1. **Different floorplan:** C
2. **Why:** Floorplan C is the only one that does not have a symmetrical layout with respect to the main entrance. The other floorplans (A, B, D, and E) all appear to be mirror images of each other along the vertical axis passing through the main entrance, indicating a consistent underlying pattern. Floorplan C, however, has a unique arrangement of rooms and hallways that deviates from this symmetry, suggesting it has a different underlying pattern."
"[5, 4]","[15, 17]","['47834', '51114', '63485', '70560', '35725']",47834,1. **Different floorplan:** C,"1. **Different floorplan:** C
2. **Why:** Floorplan C is the only one that does not have a continuous hallway running from the main entrance to the far end of the floorplan. Instead, it features a more complex arrangement with multiple rooms branching off from the main entrance, which is not present in the other floorplans."
"[19, 10]","[15, 13]","['21540', '55791', '73023', '25618', '24364']",24364,1. **Different floorplan:** C,"1. **Different floorplan:** C
2. **Why:** Floorplan C is the only one that does not have a continuous hallway running from the main entrance to the far end of the building. Instead, it features a more complex arrangement with multiple turns and dead ends, which is distinct from the linear layout seen in the other floorplans."
"[3, 7]","[14, 9]","['26678', '19992', '73164', '4286', '30859']",26678,1. **Different floorplan:** C,"1. **Different floorplan:** C
2. **Why:** Floorplan C is the only one that does not have a symmetrical layout with respect to the main entrance. The other floorplans (A, B, D, and E) all appear to be mirror images of each other along the vertical axis passing through the main entrance, indicating a consistent underlying pattern. Floorplan C, however, has a unique arrangement of rooms and hallways that deviates from this symmetry, suggesting it has a different underlying pattern."
"[7, 3]","[0, 14]","['61767', '52457', '75828', '64781', '17291']",17291,1. **Different floorplan:** C,"1. **Different floorplan:** C
2. **Why:** Floorplan C is the only one that does not have a symmetrical layout with respect to the main entrance. The other floorplans (A, B, D, and E) appear to be mirror images of each other along the vertical axis passing through the main entrance, indicating a consistent underlying pattern. Floorplan C, however, has a unique arrangement of rooms and hallways that deviates from this symmetry, suggesting it has a different underlying pattern."
"[3, 21]","[14, 9]","['57272', '53064', '6508', '42206', '47060']",6508,1. **Different floorplan:** E,"1. **Different floorplan:** E
2. **Why:** Floorplan E is the only one that does not have a symmetrical layout with respect to the main entrance. The other floorplans (A, B, C, and D) all exhibit a similar pattern where the rooms are arranged in a way that is mirrored across the main entrance line, creating a balanced and symmetrical design. Floorplan E, however, has an asymmetrical arrangement of rooms around the main entrance, which sets it apart from the others."
"[5, 4]","[15, 21]","['62609', '51114', '63485', '13497', '53032']",13497,1. **Different floorplan:** E,"1. **Different floorplan:** E
2. **Why:** Floorplan E is the only one that does not have a symmetrical layout with respect to the main entrance. The other floorplans (A, B, C, and D) all appear to be mirror images of each other along the vertical axis passing through the main entrance, indicating a consistent underlying pattern. Floorplan E, however, has a unique arrangement of rooms and hallways that deviates from this symmetry, suggesting it has a different underlying pattern."
"[15, 13]","[5, 22]","['53137', '68970', '34763', '24364', '48795']",48795,1. **Different floorplan:** E,"1. **Different floorplan:** E
2. **Why:** Floorplan E is the only one that does not have a symmetrical layout with respect to the main entrance. The other floorplans (A, B, C, and D) all appear to be mirror images of each other along the vertical axis passing through the main entrance, indicating a consistent underlying pattern. Floorplan E, however, has a unique arrangement of rooms and hallways that deviates from this symmetry, suggesting it has a different underlying pattern."
"[0, 2]","[15, 28]","['44145', '66847', '23274', '48095', '59390']",23274,1. **Different floorplan:** C,"1. **Different floorplan:** C
2. **Why:** Floorplan C is the only one that does not have a symmetrical layout with respect to the main entrance. The other floorplans (A, B, D, and E) appear to be mirror images of each other along the vertical axis passing through the main entrance, indicating a consistent underlying pattern. Floorplan C, however, has a unique arrangement of rooms and hallways that deviates from this symmetry, suggesting it has a different underlying pattern."
"[9, 3]","[15, 13]","['68970', '1268', '14914', '64671', '74662']",68970,1. **Different floorplan:** C,"1. **Different floorplan:** C
2. **Why:** Floorplan C is the only one that does not have a symmetrical layout with respect to the main entrance. The other floorplans (A, B, D, and E) all appear to be mirror images of each other along the vertical axis passing through the main entrance, indicating a consistent underlying pattern. Floorplan C, however, has a unique arrangement of rooms and hallways that deviates from this symmetry, suggesting it has a different underlying pattern."
"[7, 20]","[0, 0]","['54372', '2277', '55305', '2425', '78009']",78009,1. **Different floorplan:** C,"1. **Different floorplan:** C
2. **Why:** Floorplan C is the only one that does not have a symmetrical layout with respect to the main entrance. The other floorplans (A, B, D, and E) all appear to be mirror images of each other along the vertical axis passing through the main entrance, indicating a consistent underlying pattern. Floorplan C, however, has a unique arrangement of rooms and hallways that deviates from this symmetry, suggesting it has a different underlying pattern."
"[15, 13]","[0, 14]","['42684', '80522', '25079', '53137', '34763']",80522,1. **Different floorplan:** C,"1. **Different floorplan:** C
2. **Why:** Floorplan C is the only one that does not have a symmetrical layout with respect to the main entrance. The other floorplans (A, B, D, and E) all appear to be mirror images of each other along the vertical axis passing through the main entrance, indicating a consistent underlying pattern. Floorplan C, however, has a unique arrangement of rooms and hallways that deviates from this symmetry, suggesting it has a different underlying pattern."
"[3, 12]","[14, 9]","['27821', '26506', '37955', '1181', '20968']",26506,1. **Different floorplan:** B,"1. **Different floorplan:** B
2. **Why:** Floorplan B is the only one that has an additional small room (pink) attached to the main entrance, which is not present in the other floorplans. This unique feature distinguishes it from the others, indicating a different underlying pattern."
"[19, 8]","[15, 17]","['47834', '36396', '19346', '71082', '6777']",47834,1. **Different floorplan:** D,"1. **Different floorplan:** D
2. **Why:** Floorplan D is the only one that does not have a continuous hallway running from the main entrance to the back of the apartment. Instead, it features a more compact arrangement with rooms directly connected to the entrance without a central hallway. The other floorplans (A, B, C, and E) all have a similar layout with a central hallway extending from the entrance to the back of the apartment."
"[18, 25]","[14, 7]","['73827', '3282', '4132', '62071', '77045']",77045,1. **Different floorplan:** E,"1. **Different floorplan:** E
2. **Why:** Floorplan E is the only one that does not have a continuous hallway running from the main entrance to the far end of the building. Instead, it features a more complex arrangement with multiple rooms and a different flow compared to the other floorplans, which all have a linear hallway pattern."
"[3, 12]","[14, 8]","['1181', '37955', '27821', '20968', '39691']",39691,1. **Different floorplan:** E,"1. **Different floorplan:** E
2. **Why:** Floorplan E is the only one that does not have a continuous hallway running from the main entrance to the back of the apartment. Instead, it features a more complex layout with multiple smaller rooms branching off from the main entrance, which is not present in the other floorplans."
"[0, 7]","[7, 1]","['8109', '66807', '65801', '10984', '72266']",8109,1. **Different floorplan:** E,"1. **Different floorplan:** E
2. **Why:** Floorplan E is the only one that does not have a symmetrical layout with respect to the main entrance. The other floorplans (A, B, C, and D) all exhibit a similar pattern where the rooms are arranged in a way that is mirrored across the main entrance line, creating a balanced and symmetrical design. Floorplan E, however, has an asymmetrical arrangement of rooms around the main entrance, which sets it apart from the others."
"[0, 2]","[15, 13]","['60860', '25079', '9836', '62759', '67842']",25079,1. **Different floorplan:** B,"1. **Different floorplan:** B
2. **Why:** Floorplan B is the only one that has a distinct arrangement of rooms compared to the others. In contrast to the other floorplans which have a more consistent layout with a central hallway leading to various rooms, floorplan B has a unique configuration where the rooms are grouped in a way that does not follow the same pattern. Specifically, the rooms in B are arranged in a way that creates a more complex and less symmetrical layout, making it stand out from the rest."
"[0, 2]","[7, 20]","['48095', '27625', '28242', '54372', '67465']",54372,1. **Different floorplan:** E,"1. **Different floorplan:** E
2. **Why:** Floorplan E is the only one that does not have a symmetrical layout with respect to the main entrance. The other floorplans (A, B, C, and D) all exhibit a similar pattern where the rooms are arranged in a way that is mirrored across the main entrance line. Floorplan E has an asymmetrical arrangement of rooms around the main entrance, which sets it apart from the others."
"[7, 3]","[0, 7]","['61767', '52457', '64781', '15613', '75828']",15613,1. **Different floorplan:** E,"1. **Different floorplan:** E
2. **Why:** Floorplan E is the only one that does not have a continuous hallway running from the main entrance to the back of the apartment. Instead, it features a more complex layout with multiple rooms branching off from the entrance, which is distinct from the other floorplans that maintain a linear flow."
"[3, 7]","[14, 8]","['46039', '73164', '30859', '4286', '19796']",46039,1. **Different floorplan:** C,"1. **Different floorplan:** C
2. **Why:** Floorplan C is the only one that does not have a symmetrical layout with respect to the main entrance. The other floorplans (A, B, D, and E) all appear to be symmetrical around their main entrances, with rooms arranged in a consistent manner on either side. Floorplan C has an asymmetrical arrangement, which sets it apart from the others."
"[5, 4]","[15, 28]","['27706', '70560', '23274', '63485', '53032']",23274,1. **Different floorplan:** B,"1. **Different floorplan:** B
2. **Why:** Floorplan B is the only one that does not have a continuous hallway running from the main entrance to the far end of the apartment. All other floorplans (A, C, D, and E) have a continuous hallway, which is a common feature in many apartment designs. Floorplan B breaks this pattern by having a more complex layout with multiple rooms branching off from the main entrance without a direct path to the far end."
"[7, 22]","[0, 7]","['31113', '40679', '79411', '23132', '65801']",65801,1. **Different floorplan:** C,"1. **Different floorplan:** C
2. **Why:** Floorplan C is the only one that does not have a continuous hallway running from the main entrance to the far end of the building. Instead, it features a more complex arrangement with multiple turns and dead ends, which is distinct from the linear layout seen in the other floorplans."
"[15, 21]","[19, 8]","['3384', '13497', '7489', '20839', '36396']",36396,1. **Different floorplan:** E,"1. **Different floorplan:** E
2. **Why:** Floorplan E is the only one that includes an additional small room (purple) and a hallway (light blue) that extends beyond the main entrance, which is not present in the other floorplans. This unique addition makes it distinct from the others, which all have a more uniform layout with no such extension."
"[19, 10]","[18, 23]","['14167', '25168', '21540', '55791', '73023']",14167,1. **Different floorplan:** E,"1. **Different floorplan:** E
2. **Why:** Floorplan E is the only one that does not have a continuous hallway running from the main entrance to the back of the apartment. Instead, it has a T-shaped layout with a central room branching off into two smaller rooms, which is distinct from the linear hallway patterns in A, B, C, and D."
"[9, 3]","[18, 23]","['14914', '1268', '74662', '64247', '9662']",64247,1. **Different floorplan:** C,"1. **Different floorplan:** C
2. **Why:** Floorplan C is the only one that does not have a symmetrical layout with respect to the main entrance. The other floorplans (A, B, D, and E) all appear to be mirror images of each other along the vertical axis passing through the main entrance, indicating a consistent underlying pattern. Floorplan C, however, has a unique arrangement of rooms and hallways that deviates from this symmetry, suggesting it has a different underlying pattern."
"[18, 23]","[14, 7]","['5909', '61353', '25607', '20502', '12104']",25607,1. **Different floorplan:** C,"1. **Different floorplan:** C
2. **Why:** Floorplan C is the only one that does not have a symmetrical layout with respect to the main entrance. The other floorplans (A, B, D, and E) appear to be mirror images of each other along the vertical axis passing through the main entrance, indicating a consistent underlying pattern. Floorplan C, however, has a unique arrangement of rooms and hallways that deviates from this symmetry, suggesting it has a different underlying pattern."
"[9, 3]","[15, 13]","['9662', '14914', '42684', '64671', '74662']",42684,1. **Different floorplan:** E,"1. **Different floorplan:** E
2. **Why:** Floorplan E is the only one that does not have a continuous hallway running from the main entrance to the far end of the apartment. Instead, it features a more compact arrangement with rooms clustered together, which is distinct from the other floorplans that all have a linear hallway extending from the entrance."
"[17, 5]","[9, 11]","['50221', '335', '33045', '7913', '72055']",335,1. **Different floorplan:** B,"1. **Different floorplan:** B
2. **Why:** Floorplan B is the only one that does not have a symmetrical layout with respect to the main entrance. The other floorplans (A, C, D, and E) appear to be mirror images of each other along the vertical axis passing through the main entrance, indicating a consistent underlying pattern. Floorplan B, however, shows a distinct asymmetry in the placement of rooms and spaces around the main entrance, suggesting a different underlying pattern."
"[4, 27]","[14, 7]","['77515', '38835', '12888', '5222', '70239']",38835,1. **Different floorplan:** C,"1. **Different floorplan:** C
2. **Why:** Floorplan C is the only one that does not have a continuous hallway running vertically from the main entrance. All other floorplans (A, B, D, and E) have a vertical hallway that extends from the main entrance, which is a consistent feature in the other four floorplans. Floorplan C has a more complex layout with multiple turns and no direct vertical connection from the entrance to the rest of the floor plan."
"[15, 13]","[5, 29]","['68970', '20590', '53137', '57316', '42684']",57316,1. **Different floorplan:** C,"1. **Different floorplan:** C
2. **Why:** Floorplan C is the only one that does not have a symmetrical layout with respect to the main entrance. All other floorplans (A, B, D, and E) appear to be mirror images of each other along the vertical axis passing through the main entrance, indicating a consistent underlying pattern. Floorplan C, however, has a unique arrangement of rooms and hallways that deviates from this symmetry, suggesting it has a different underlying pattern."
"[3, 26]","[14, 9]","['68096', '1064', '14102', '11033', '32729']",14102,1. **Different floorplan:** E,"1. **Different floorplan:** E
2. **Why:** Floorplan E is the only one that does not have a symmetrical layout with respect to the main entrance. The other floorplans (A, B, C, and D) all appear to be mirror images of each other along the vertical axis passing through the main entrance, indicating a consistent underlying pattern. Floorplan E deviates from this symmetry, suggesting it has a different underlying pattern."
"[18, 23]","[19, 25]","['67584', '64247', '26994', '40817', '72365']",26994,1. **Different floorplan:** C,"1. **Different floorplan:** C
2. **Why:** Floorplan C is the only one that does not have a symmetrical layout with respect to the main entrance. The other floorplans (A, B, D, and E) all appear to be mirror images of each other along the vertical axis passing through the main entrance, indicating a consistent underlying pattern. Floorplan C, however, has a unique arrangement of rooms and hallways that deviates from this symmetry, suggesting it has a different underlying pattern."
"[0, 0]","[15, 17]","['78009', '8176', '60915', '14834', '28082']",60915,1. **Different floorplan:** C,"1. **Different floorplan:** C
2. **Why:** Floorplan C is the only one that does not have a continuous hallway running from the main entrance to the back of the apartment. Instead, it features a more compact arrangement with rooms clustered together, which is distinct from the other floorplans that all have a more linear layout with a clear path from the entrance to the rear of the apartment."
"[15, 17]","[9, 26]","['47834', '60915', '1225', '11908', '23716']",23716,1. **Different floorplan:** E,"1. **Different floorplan:** E
2. **Why:** Floorplan E is the only one that features a distinct addition of a small pink room at the top right corner, which is not present in the other floorplans. This unique feature sets it apart from the others, indicating a different underlying pattern."
"[14, 9]","[3, 28]","['73823', '6508', '40550', '26506', '39708']",73823,1. **Different floorplan:** A,"1. **Different floorplan:** A
2. **Why:** Floorplan A is the only one that does not have a continuous hallway running from the main entrance to the back of the apartment. Instead, it has a separate entrance leading directly into a smaller room, which is not present in the other floorplans. This unique feature distinguishes it from the others, indicating a different underlying pattern."
"[7, 1]","[0, 2]","['67465', '3536', '8109', '10825', '17550']",67465,1. **Different floorplan:** B,"1. **Different floorplan:** B
2. **Why:** Floorplan B is the only one that does not have a symmetrical layout with respect to the main entrance. The other floorplans (A, C, D, and E) all appear to be mirror images of each other along the vertical axis passing through the main entrance, indicating a consistent underlying pattern. Floorplan B, however, shows a distinct asymmetry in the placement of rooms and corridors, which suggests it has a different underlying pattern."
"[15, 28]","[19, 10]","['23274', '38548', '25618', '10526', '67905']",25618,1. **Different floorplan:** C,"1. **Different floorplan:** C
2. **Why:** Floorplan C is the only one that does not have a symmetrical layout with respect to the main entrance. The other floorplans (A, B, D, and E) all appear to be mirror images of each other along the vertical axis passing through the main entrance, indicating a consistent underlying pattern. Floorplan C, however, has a unique arrangement of rooms and hallways that deviates from this symmetry, suggesting it has a different underlying pattern."
"[18, 25]","[5, 29]","['4132', '51743', '3282', '25711', '73827']",51743,1. **Different floorplan:** B,"1. **Different floorplan:** B
2. **Why:** Floorplan B is the only one that does not have a symmetrical layout with respect to the main entrance. The other floorplans (A, C, D, and E) all appear to be mirror images of each other along the vertical axis passing through the main entrance, indicating a consistent underlying pattern. Floorplan B, however, has a unique arrangement of rooms and hallways that deviates from this symmetry, suggesting it has a different underlying pattern."
"[15, 28]","[19, 14]","['64729', '3258', '67905', '38548', '10526']",64729,1. **Different floorplan:** A,"1. **Different floorplan:** A
2. **Why:** Floorplan A is the only one that does not have a symmetrical layout with respect to the main entrance. The other floorplans (B, C, D, and E) all appear to be mirror images of each other along the vertical axis passing through the main entrance, indicating a consistent underlying pattern. Floorplan A, however, has a unique arrangement of rooms and hallways that deviates from this symmetry, suggesting it has a different underlying pattern."
"[15, 13]","[0, 6]","['24364', '41154', '25079', '20590', '42684']",41154,1. **Different floorplan:** D,"1. **Different floorplan:** D
2. **Why:** Floorplan D is the only one that does not have a continuous hallway running from the main entrance to the back of the apartment. Instead, it features a T-shaped layout with two distinct sections branching off from the main entrance, which is unique compared to the other floorplans that maintain a more linear flow."
"[15, 21]","[0, 14]","['20839', '13497', '7489', '3384', '17291']",17291,1. **Different floorplan:** E,"1. **Different floorplan:** E
2. **Why:** Floorplan E is the only one that does not have a continuous hallway running from the main entrance to the back of the apartment. Instead, it features a more complex layout with multiple turns and dead ends, which is distinct from the simpler, linear layouts of the other floorplans."
"[19, 25]","[15, 21]","['33749', '3384', '59747', '26994', '74532']",3384,1. **Different floorplan:** E,"1. **Different floorplan:** E
2. **Why:** Floorplan E is the only one that does not have a continuous hallway running from the main entrance to the far end of the building. Instead, it has a T-shaped layout with a central area that branches off into two perpendicular sections. This unique branching pattern distinguishes it from the other floorplans, which all feature a more linear or rectangular layout."
"[14, 7]","[3, 5]","['51393', '25607', '67483', '64', '77045']",64,1. **Different floorplan:** E,"1. **Different floorplan:** E
2. **Why:** Floorplan E is the only one that does not have a symmetrical layout with respect to the main entrance. The other floorplans (A, B, C, and D) appear to have a consistent pattern where the rooms are arranged in a way that is mirrored or repeated around the main entrance, suggesting a more uniform design. Floorplan E, however, shows a unique arrangement of rooms that deviates from this symmetry, making it stand out as having a different underlying pattern."
"[7, 1]","[0, 2]","['17550', '54867', '16951', '12421', '10825']",54867,1. **Different floorplan:** D,"1. **Different floorplan:** D
2. **Why:** Floorplan D is the only one that does not have a symmetrical layout with respect to the main entrance. The other floorplans (A, B, C, and E) appear to be mirror images of each other along the vertical axis passing through the main entrance, indicating a consistent underlying pattern. Floorplan D, however, shows a distinct asymmetry in the placement of rooms and the overall layout around the main entrance, making it unique compared to the others."
"[14, 7]","[3, 4]","['51393', '9383', '67483', '77045', '38835']",9383,1. **Different floorplan:** C,"1. **Different floorplan:** C
2. **Why:** Floorplan C is the only one that does not have a symmetrical layout with respect to the main entrance. The other floorplans (A, B, D, and E) all appear to be mirror images of each other along the vertical axis passing through the main entrance, indicating a consistent underlying pattern. Floorplan C, however, has a unique arrangement of rooms and hallways that deviates from this symmetry, suggesting it has a different underlying pattern."
"[3, 26]","[14, 9]","['72586', '34449', '32729', '6508', '19246']",6508,1. **Different floorplan:** D,"1. **Different floorplan:** D
2. **Why:** Floorplan D is the only one that features a distinct arrangement of rooms with a unique configuration of hallways and rooms compared to the others. Specifically, it has an additional green room that is not present in the other floorplans, which suggests a different underlying pattern."
"[15, 13]","[5, 4]","['53137', '20590', '42684', '63485', '24364']",63485,1. **Different floorplan:** D,"1. **Different floorplan:** D
2. **Why:** Floorplan D is the only one that does not have a continuous hallway running from the main entrance to the far end of the apartment. Instead, it features a more complex layout with multiple smaller rooms and a different arrangement of spaces compared to the other four floorplans, which all have a similar linear hallway pattern."
"[9, 11]","[15, 17]","['78534', '61914', '41897', '4186', '60915']",60915,1. **Different floorplan:** C,"1. **Different floorplan:** C
2. **Why:** Floorplan C is the only one that does not have a continuous hallway running from the main entrance to the opposite side of the floorplan. Instead, it features a central open space with rooms branching off in a more scattered manner compared to the other floorplans, which all have a more linear arrangement of spaces leading from the entrance."
"[18, 23]","[19, 18]","['32105', '10433', '12104', '58616', '72365']",58616,1. **Different floorplan:** D,"1. **Different floorplan:** D
2. **Why:** Floorplan D is the only one that does not have a continuous hallway running vertically from the main entrance. In contrast, floors A, B, C, and E all feature a vertical hallway extending from the main entrance, which is a consistent pattern in the other four floorplans."
"[14, 7]","[4, 27]","['67483', '12888', '51393', '77045', '25607']",12888,1. **Different floorplan:** D,"1. **Different floorplan:** D
2. **Why:** Floorplan D is the only one that does not have a symmetrical layout with respect to the main entrance. The other floorplans (A, B, C, and E) all appear to be mirror images of each other along the vertical axis passing through the main entrance, indicating a consistent underlying pattern. Floorplan D, however, has a unique arrangement of rooms and hallways that deviates from this symmetry, suggesting it has a different underlying pattern."
"[0, 24]","[15, 21]","['20839', '48780', '74418', '37989', '31926']",20839,1. **Different floorplan:** E,"1. **Different floorplan:** E
2. **Why:** Floorplan E is the only one that does not have a continuous hallway running from the main entrance to the far end of the floorplan. Instead, it features a more complex layout with multiple turns and dead ends, which is distinct from the other floorplans that maintain a more linear path."
"[15, 13]","[0, 7]","['20590', '24364', '53137', '34763', '65801']",65801,1. **Different floorplan:** B,"1. **Different floorplan:** B
2. **Why:** Floorplan B is the only one that does not have a symmetrical layout with respect to the main entrance. The other floorplans (A, C, D, and E) all appear to be symmetrical or have a consistent pattern around the main entrance, whereas B has an asymmetrical arrangement of rooms and spaces."
"[19, 25]","[15, 21]","['26994', '74532', '47247', '59747', '7489']",7489,1. **Different floorplan:** E,"1. **Different floorplan:** E
2. **Why:** Floorplan E is the only one that does not have a continuous hallway running from the main entrance to the far end of the apartment. Instead, it features a T-shaped layout with a central area that branches off into two perpendicular sections, which is distinct from the linear hallway patterns in the other floorplans."
"[15, 28]","[9, 3]","['14914', '23274', '38548', '67905', '3258']",14914,1. **Different floorplan:** C,"1. **Different floorplan:** C
2. **Why:** Floorplan C is the only one that does not have a symmetrical layout with respect to the main entrance. The other floorplans (A, B, D, and E) appear to be mirror images of each other along the vertical axis passing through the main entrance, indicating a consistent underlying pattern. Floorplan C, however, has a unique arrangement of rooms and hallways that deviates from this symmetry, suggesting it has a different underlying pattern."
"[0, 7]","[7, 3]","['72266', '61767', '65801', '10984', '66807']",61767,1. **Different floorplan:** E,"1. **Different floorplan:** E
2. **Why:** Floorplan E is the only one that does not have a symmetrical layout with respect to the main entrance. The other floorplans (A, B, C, and D) all appear to be mirror images of each other along the vertical axis passing through the main entrance, indicating a consistent underlying pattern. Floorplan E, however, has a unique arrangement of rooms and hallways that deviates from this symmetry, making it stand out as having a different underlying pattern."
"[0, 2]","[7, 3]","['28242', '43995', '67465', '61767', '51831']",61767,1. **Different floorplan:** C,"1. **Different floorplan:** C
2. **Why:** Floorplan C is the only one that does not have a symmetrical layout with respect to the main entrance. The other floorplans (A, B, D, and E) appear to be mirror images of each other along the vertical axis passing through the main entrance, indicating a consistent underlying pattern. Floorplan C, however, has a unique arrangement of rooms and hallways that deviates from this symmetry, suggesting it has a different underlying pattern."
"[15, 28]","[9, 11]","['67905', '3258', '335', '23274', '10526']",335,1. **Different floorplan:** C,"1. **Different floorplan:** C
2. **Why:** Floorplan C is the only one that does not have a symmetrical layout with respect to the main entrance. The other floorplans (A, B, D, and E) all appear to be mirror images of each other along the vertical axis passing through the main entrance, indicating a consistent underlying pattern. Floorplan C, however, has a unique arrangement of rooms and hallways that deviates from this symmetry, suggesting it has a different underlying pattern."
"[7, 1]","[4, 27]","['53652', '17550', '3536', '70239', '16951']",70239,1. **Different floorplan:** C,"1. **Different floorplan:** C
2. **Why:** Floorplan C is the only one that does not have a continuous hallway running from the main entrance to the far end of the apartment. Instead, it features a more complex layout with multiple turns and a lack of a direct path to the opposite side, which distinguishes it from the other floorplans that all appear to have a linear or near-linear hallway pattern."
"[18, 25]","[19, 28]","['55589', '62071', '25711', '4132', '3282']",55589,1. **Different floorplan:** C,"1. **Different floorplan:** C
2. **Why:** Floorplan C is the only one that does not have a symmetrical layout with respect to the main entrance. The other floorplans (A, B, D, and E) all appear to be mirror images of each other along the vertical axis passing through the main entrance, indicating a consistent underlying pattern. Floorplan C, however, has a unique arrangement of rooms and hallways that deviates from this symmetry, suggesting it has a different underlying pattern."
"[15, 17]","[19, 13]","['1225', '47834', '11908', '43324', '60915']",43324,1. **Different floorplan:** D,"1. **Different floorplan:** D
2. **Why:** Floorplan D is the only one that does not have a continuous hallway running vertically from the main entrance. Instead, it features a more complex layout with multiple turns and additional rooms branching off the main entrance, which distinguishes it from the other floorplans that maintain a more straightforward vertical hallway pattern."
"[15, 28]","[19, 18]","['23274', '38548', '67905', '3258', '30721']",30721,1. **Different floorplan:** E,"1. **Different floorplan:** E
2. **Why:** Floorplan E is the only one that includes an additional room (pink-colored area) that is not present in the other four floorplans. This extra room disrupts the uniformity of the spatial layout and room types found in A, B, C, and D."
"[15, 21]","[0, 6]","['59474', '13497', '20839', '7489', '3384']",59474,1. **Different floorplan:** C,"1. **Different floorplan:** C
2. **Why:** Floorplan C is the only one that does not have a continuous hallway running from the main entrance to the back of the apartment. Instead, it features a T-shaped layout with two distinct sections branching off from the main entrance, which is unique compared to the other floorplans that maintain a more linear progression."
"[15, 28]","[0, 2]","['67905', '3258', '44802', '23274', '10526']",44802,1. **Different floorplan:** C,"1. **Different floorplan:** C
2. **Why:** Floorplan C is the only one that does not have a continuous hallway running from the main entrance to the back of the apartment. Instead, it features a more compact arrangement with rooms directly connected without a clear central hallway, which distinguishes it from the other floorplans that all have a similar layout with a central hallway."
"[9, 3]","[15, 17]","['1268', '1225', '64671', '14914', '74662']",1225,1. **Different floorplan:** B,"1. **Different floorplan:** B
2. **Why:** Floorplan B is the only one that does not have a continuous hallway running from the main entrance to the back of the apartment. Instead, it features a T-shaped layout with a central room branching off into two directions, which is distinct from the linear layouts of the other floorplans."
"[0, 6]","[15, 28]","['41154', '25447', '43036', '75880', '10526']",10526,1. **Different floorplan:** E,"1. **Different floorplan:** E
2. **Why:** Floorplan E is the only one that does not have a symmetrical layout with respect to the main entrance. The other floorplans (A, B, C, and D) all appear to be mirror images of each other along the vertical axis passing through the main entrance, indicating a consistent underlying pattern. Floorplan E, however, has a unique arrangement of rooms and hallways that deviates from this symmetry, suggesting it has a different underlying pattern."
"[15, 13]","[9, 11]","['25079', '68970', '34763', '41897', '20590']",41897,1. **Different floorplan:** E,"1. **Different floorplan:** E
2. **Why:** Floorplan E is the only one that does not have a symmetrical layout with respect to the main entrance. The other floorplans (A, B, C, and D) all appear to be mirror images of each other along the vertical axis passing through the main entrance, indicating a consistent underlying pattern. Floorplan E, however, has a unique arrangement of rooms and hallways that deviates from this symmetry, suggesting it has a different underlying pattern."
"[19, 25]","[18, 23]","['74532', '47247', '59747', '25667', '26994']",25667,1. **Different floorplan:** C,"1. **Different floorplan:** C
2. **Why:** Floorplan C is the only one that does not have a continuous hallway running from the main entrance to the far end of the building. Instead, it features a T-shaped layout with a central room branching off into two smaller rooms, which is distinct from the linear layouts of the other floorplans."
"[15, 21]","[5, 22]","['3384', '7489', '77349', '20839', '13497']",77349,1. **Different floorplan:** D,"1. **Different floorplan:** D
2. **Why:** Floorplan D is the only one that does not have a continuous hallway running from the main entrance to the back of the apartment. Instead, it features a more complex arrangement with multiple rooms branching off from the main entrance, which is not present in the other floorplans."
"[0, 2]","[15, 13]","['80744', '70440', '48095', '9836', '53137']",53137,1. **Different floorplan:** E,"1. **Different floorplan:** E
2. **Why:** Floorplan E is the only one that does not follow the same underlying pattern as the others. The other four floorplans (A, B, C, and D) all have a similar layout where the living spaces are arranged around a central core with a kitchen and bathrooms typically located in the corners. Floorplan E, however, has a more complex and less symmetrical arrangement, with the living areas spread out in a way that deviates from the typical central core design seen in A, B, C, and D."
"[15, 13]","[5, 22]","['7217', '25079', '68970', '53137', '42684']",7217,1. **Different floorplan:** A,"1. **Different floorplan:** A
2. **Why:** Floorplan A is the only one that does not have a symmetrical layout with respect to the main entrance. The other four floorplans (B, C, D, and E) all exhibit a similar pattern where the rooms are arranged symmetrically around the central axis passing through the main entrance. Floorplan A deviates from this symmetry by having an asymmetrical arrangement of rooms, particularly in the distribution of the living areas and bedrooms."
"[14, 7]","[4, 27]","['51393', '38835', '70239', '67483', '25607']",70239,1. **Different floorplan:** C,"1. **Different floorplan:** C
2. **Why:** Floorplan C is the only one that does not have a symmetrical layout with respect to the main entrance. The other floorplans (A, B, D, and E) appear to be mirror images of each other along the vertical axis passing through the main entrance, indicating a consistent underlying pattern. Floorplan C, however, has a unique arrangement of rooms and hallways that deviates from this symmetry, suggesting it has a different underlying pattern."
"[5, 29]","[18, 25]","['73827', '18711', '51743', '52548', '21765']",73827,1. **Different floorplan:** E,"1. **Different floorplan:** E
2. **Why:** Floorplan E is the only one that does not have a symmetrical layout with respect to the main entrance. The other floorplans (A, B, C, and D) all exhibit a similar pattern where the rooms are arranged in a way that is mirrored across the main entrance line, creating a balanced and symmetrical design. Floorplan E, however, has an asymmetrical arrangement of rooms around the main entrance, which sets it apart from the others."
"[9, 11]","[15, 13]","['4186', '42684', '335', '15606', '41897']",42684,1. **Different floorplan:** E,"1. **Different floorplan:** E
2. **Why:** Floorplan E is the only one that does not have a continuous hallway running from the main entrance to the far end of the apartment. Instead, it features a more complex layout with multiple turns and dead ends, which is distinct from the simpler, linear patterns in the other floorplans."
"[18, 23]","[14, 8]","['46039', '10433', '32105', '12104', '72978']",46039,1. **Different floorplan:** C,"1. **Different floorplan:** C
2. **Why:** Floorplan C is the only one that does not have a symmetrical layout with respect to the main entrance. The other floorplans (A, B, D, and E) all appear to be mirror images of each other along the vertical axis passing through the main entrance, indicating a consistent underlying pattern. Floorplan C, however, has a unique arrangement of rooms and hallways that deviates from this symmetry, suggesting it has a different underlying pattern."
"[3, 16]","[14, 8]","['28694', '63317', '11746', '56017', '59100']",28694,1. **Different floorplan:** E,"1. **Different floorplan:** E
2. **Why:** Floorplan E is the only one that does not have a symmetrical layout with respect to the main entrance. The other floorplans (A, B, C, and D) all appear to be mirror images of each other along the vertical axis passing through the main entrance, indicating a consistent underlying pattern. Floorplan E, however, has a unique arrangement of rooms and hallways that deviates from this symmetry, suggesting it has a different underlying pattern."
"[15, 17]","[0, 2]","['47834', '11908', '60915', '1225', '44802']",44802,1. **Different floorplan:** E,"1. **Different floorplan:** E
2. **Why:** Floorplan E is the only one that does not have a continuous hallway running vertically from the main entrance. Instead, it features a more complex arrangement with multiple turns and a different distribution of rooms compared to the other floorplans, which all have a similar layout with a central hallway."
"[15, 21]","[9, 11]","['7489', '4186', '20839', '3384', '13497']",4186,1. **Different floorplan:** C,"1. **Different floorplan:** C
2. **Why:** Floorplan C is the only one that does not have a continuous hallway running vertically from the main entrance. In contrast, floorplans A, B, D, and E all feature a vertical hallway extending from the main entrance, which is a consistent pattern in the other four floorplans."
"[0, 24]","[7, 3]","['48780', '37989', '74418', '31926', '64781']",64781,1. **Different floorplan:** D,"1. **Different floorplan:** D
2. **Why:** Floorplan D is the only one that does not have a symmetrical layout with respect to the main entrance. The other floorplans (A, B, C, and E) all appear to be mirror images of each other along the vertical axis passing through the main entrance, indicating a consistent underlying pattern. Floorplan D, however, has a unique arrangement of rooms and hallways that deviates from this symmetry, suggesting it has a different underlying pattern."
"[17, 18]","[9, 26]","['50181', '21408', '51240', '46660', '66316']",50181,1. **Different floorplan:** A,"1. **Different floorplan:** A
2. **Why:** Floorplan A is the only one that does not have a symmetrical layout with respect to the main entrance. The other floorplans (B, C, D, and E) all appear to be mirror images of each other along the vertical axis passing through the main entrance, indicating a consistent underlying pattern. Floorplan A deviates from this symmetry, suggesting it has a different underlying pattern."
"[19, 10]","[15, 28]","['73023', '21540', '25618', '25168', '3258']",3258,1. **Different floorplan:** E,"1. **Different floorplan:** E
2. **Why:** Floorplan E is the only one that does not have a continuous hallway running from the main entrance to the far end of the building. Instead, it features a more compact arrangement with rooms clustered together, which is distinct from the other floorplans that all have a more linear layout with a clear path from the entrance to the back of the building."
"[9, 3]","[18, 25]","['14914', '3282', '9662', '64671', '74662']",3282,1. **Different floorplan:** E,"1. **Different floorplan:** E
2. **Why:** Floorplan E is the only one that does not have a continuous hallway running from the main entrance to the far end of the apartment. Instead, it features a more compact layout with rooms clustered together, which is distinct from the other floorplans that all have a more linear arrangement of spaces."
"[19, 5]","[18, 25]","['32569', '4132', '55314', '17017', '59952']",4132,1. **Different floorplan:** B,"1. **Different floorplan:** B
2. **Why:** Floorplan B is the only one that does not have a symmetrical layout with respect to the main entrance. The other floorplans (A, C, D, and E) appear to be mirror images of each other along the vertical axis passing through the main entrance, indicating a consistent underlying pattern. Floorplan B, however, has a unique arrangement of rooms and hallways that deviates from this symmetry, suggesting it has a different underlying pattern."
"[15, 28]","[5, 29]","['57316', '38548', '67905', '10526', '3258']",57316,1. **Different floorplan:** C,"1. **Different floorplan:** C
2. **Why:** Floorplan C is the only one that does not have a symmetrical layout with respect to the main entrance. The other floorplans (A, B, D, and E) all appear to be mirror images of each other along the vertical axis passing through the main entrance, indicating a consistent underlying pattern. Floorplan C, however, has a unique arrangement of rooms and hallways that deviates from this symmetry, suggesting it has a different underlying pattern."
"[9, 26]","[17, 18]","['7474', '70105', '50181', '6759', '27788']",70105,1. **Different floorplan:** E,"1. **Different floorplan:** E
2. **Why:** Floorplan E is the only one that does not have a symmetrical layout with respect to the main entrance. The other floorplans (A, B, C, and D) appear to have a consistent pattern where the rooms are arranged in a way that is mirrored across the main entrance line. Floorplan E has a unique arrangement of rooms that deviates from this symmetry, making it stand out as having a different underlying pattern."
"[18, 23]","[19, 25]","['26755', '78682', '10433', '48306', '47247']",47247,1. **Different floorplan:** E,"1. **Different floorplan:** E
2. **Why:** Floorplan E is the only one that does not have a symmetrical layout with respect to the main entrance. The other floorplans (A, B, C, and D) all exhibit a similar pattern where the rooms are arranged in a way that is mirrored across the main entrance line. Floorplan E has an asymmetrical arrangement, which sets it apart from the others."
"[19, 10]","[18, 23]","['55791', '78682', '25618', '21540', '73023']",78682,1. **Different floorplan:** E,"1. **Different floorplan:** E
2. **Why:** Floorplan E is the only one that does not have a continuous hallway running from the main entrance to the far end of the apartment. Instead, it features a more complex layout with multiple turns and dead ends, which is distinct from the other floorplans that maintain a more linear path."
"[9, 26]","[18, 25]","['7474', '50181', '62071', '23716', '6759']",62071,1. **Different floorplan:** D,"1. **Different floorplan:** D
2. **Why:** Floorplan D is the only one that does not have a continuous hallway running from the main entrance to the far end of the building. Instead, it features a more complex layout with multiple turns and dead ends, which is distinct from the other floorplans that maintain a more linear path."
"[17, 21]","[9, 11]","['62549', '62454', '69704', '40487', '41897']",41897,1. **Different floorplan:** E,"1. **Different floorplan:** E
2. **Why:** Floorplan E is the only one that does not have a symmetrical arrangement of rooms around the central axis defined by the main entrance. All other floorplans (A, B, C, and D) exhibit a mirrored symmetry in their room layouts, with similar room types and sizes on either side of the entrance. Floorplan E breaks this symmetry, making it distinct from the others."
"[14, 8]","[3, 7]","['28694', '40877', '19796', '39691', '46039']",19796,1. **Different floorplan:** C,"1. **Different floorplan:** C
2. **Why:** Floorplan C is the only one that does not have a symmetrical layout with respect to the main entrance. The other floorplans (A, B, D, and E) appear to be mirror images of each other along the vertical axis passing through the main entrance, indicating a consistent underlying pattern. Floorplan C, however, has a unique arrangement of rooms and hallways that deviates from this symmetry, suggesting it has a different underlying pattern."
"[9, 11]","[15, 17]","['61914', '78534', '47834', '335', '15606']",47834,1. **Different floorplan:** C,"1. **Different floorplan:** C
2. **Why:** Floorplan C is the only one that does not have a symmetrical layout with respect to the main entrance. The other floorplans (A, B, D, and E) appear to be mirror images of each other along the vertical axis passing through the main entrance, indicating a consistent underlying pattern. Floorplan C, however, has a unique arrangement of rooms and hallways that deviates from this symmetry, suggesting it has a different underlying pattern."
"[0, 7]","[7, 1]","['12376', '15613', '10984', '65801', '66807']",12376,1. **Different floorplan:** E,"1. **Different floorplan:** E
2. **Why:** Floorplan E is the only one that does not have a symmetrical layout with respect to the main entrance. The other floorplans (A, B, C, and D) all appear to be symmetrical along the line passing through the main entrance, which suggests a consistent underlying pattern. Floorplan E, however, has an asymmetrical arrangement of rooms around the main entrance, indicating a different underlying pattern."
"[5, 4]","[15, 17]","['51114', '70560', '53032', '60915', '35725']",60915,1. **Different floorplan:** E,"1. **Different floorplan:** E
2. **Why:** Floorplan E is the only one that does not have a continuous hallway running from the main entrance to the back of the apartment. Instead, it features a more complex arrangement with multiple turns and dead ends, which is distinct from the simpler linear layout found in the other floorplans."
"[15, 21]","[19, 13]","['43396', '20839', '3384', '13497', '7489']",43396,1. **Different floorplan:** B,"1. **Different floorplan:** B
2. **Why:** Floorplan B is the only one that does not have a symmetrical layout with respect to the main entrance. The other four floorplans (A, C, D, and E) all appear to be mirror images of each other along the vertical axis passing through the main entrance, indicating a consistent underlying pattern. Floorplan B, however, has a unique arrangement of rooms and hallways that deviates from this symmetry, suggesting it has a different underlying pattern."
"[0, 6]","[7, 22]","['40679', '25447', '49395', '41154', '43375']",40679,1. **Different floorplan:** B,"1. **Different floorplan:** B
2. **Why:** Floorplan B is the only one that does not have a symmetrical layout with respect to the main entrance. The other floorplans (A, C, D, and E) all appear to be mirror images of each other along the vertical axis passing through the main entrance, indicating a consistent underlying pattern. Floorplan B, however, has a unique arrangement of rooms and hallways that deviates from this symmetry, suggesting it has a different underlying pattern."
"[15, 21]","[9, 11]","['13497', '20839', '335', '7489', '3384']",335,1. **Different floorplan:** B,"1. **Different floorplan:** B
2. **Why:** Floorplan B is the only one that features a distinct arrangement of rooms with a unique configuration of hallways and rooms compared to the others. The other floorplans (A, C, D, and E) all have a similar layout where the main entrance leads into a central hallway that branches off into various rooms, which are relatively symmetrical in their placement and size. Floorplan B, however, has a more complex and asymmetrical layout with a different distribution of spaces around the central hallway, making it stand out from the rest."
"[3, 12]","[14, 9]","['37955', '14102', '1181', '20968', '27821']",14102,1. **Different floorplan:** B,"1. **Different floorplan:** B
2. **Why:** Floorplan B is the only one that does not have a symmetrical layout with respect to the main entrance. The other floorplans (A, C, D, and E) all appear to be mirror images of each other along the vertical axis passing through the main entrance, indicating a consistent underlying pattern. Floorplan B, however, has a unique arrangement of rooms and hallways that deviates from this symmetry, suggesting it has a different underlying pattern."
"[18, 23]","[14, 8]","['72978', '59794', '39691', '6216', '10433']",39691,1. **Different floorplan:** C,"1. **Different floorplan:** C
2. **Why:** Floorplan C is the only one that does not have a symmetrical layout with respect to the main entrance. The other floorplans (A, B, D, and E) all appear to be mirror images of each other along the vertical axis passing through the main entrance, indicating a consistent underlying pattern. Floorplan C, however, has a unique arrangement of rooms and hallways that deviates from this symmetry, suggesting it has a different underlying pattern."
"[15, 28]","[9, 3]","['23274', '3258', '74662', '10526', '67905']",74662,1. **Different floorplan:** C,"1. **Different floorplan:** C
2. **Why:** Floorplan C is the only one that does not have a continuous hallway running from the main entrance to the back of the apartment. Instead, it features a more compact arrangement with smaller rooms and a different flow compared to the other floorplans, which all have a similar layout with a central hallway."
"[17, 21]","[9, 4]","['62549', '9795', '62454', '78147', '80219']",80219,1. **Different floorplan:** B,"1. **Different floorplan:** B
2. **Why:** Floorplan B is the only one that does not have a symmetrical layout with respect to the main entrance. The other floorplans (A, C, D, and E) appear to be mirror images of each other along the vertical axis passing through the main entrance, indicating a consistent underlying pattern. Floorplan B, however, has a unique arrangement of rooms and hallways that deviates from this symmetry, suggesting it has a different underlying pattern."
"[5, 4]","[15, 13]","['70560', '68970', '62609', '51114', '35725']",68970,1. **Different floorplan:** C,"1. **Different floorplan:** C
2. **Why:** Floorplan C is the only one that does not have a symmetrical layout with respect to the main entrance. The other floorplans (A, B, D, and E) all appear to be mirror images of each other along the vertical axis passing through the main entrance, indicating a consistent underlying pattern. Floorplan C, however, has a unique arrangement of rooms and hallways that deviates from this symmetry, suggesting it has a different underlying pattern."
"[7, 1]","[0, 14]","['80522', '3536', '16951', '8109', '10825']",80522,1. **Different floorplan:** E,"1. **Different floorplan:** E
2. **Why:** Floorplan E is the only one that does not have a continuous hallway running from the main entrance to the back of the apartment. Instead, it has a more compact layout with rooms directly connected to the entrance without a clear hallway. The other floorplans (A, B, C, and D) all feature a continuous hallway that extends from the main entrance to the back of the apartment, which is a consistent pattern in the other four floorplans."
"[19, 18]","[15, 21]","['74633', '41277', '7489', '30721', '35149']",7489,1. **Different floorplan:** C,"1. **Different floorplan:** C
2. **Why:** Floorplan C is the only one that does not have a continuous hallway running vertically from the main entrance. In contrast, floorplans A, B, D, and E all feature a vertical hallway extending from the main entrance, which is a consistent pattern in the other four floorplans."
"[19, 5]","[15, 13]","['72346', '68970', '17017', '63902', '55314']",68970,1. **Different floorplan:** C,"1. **Different floorplan:** C
2. **Why:** Floorplan C is the only one that does not have a symmetrical layout with respect to the main entrance. The other floorplans (A, B, D, and E) appear to be mirror images of each other along the vertical axis passing through the main entrance, indicating a consistent underlying pattern. Floorplan C, however, shows a unique arrangement of rooms and hallways that deviates from this symmetry, suggesting it has a different underlying pattern."
"[9, 26]","[15, 17]","['7474', '6759', '1225', '27788', '23716']",1225,1. **Different floorplan:** C,"1. **Different floorplan:** C
2. **Why:** Floorplan C is the only one that does not have a symmetrical layout with respect to the main entrance. The other floorplans (A, B, D, and E) appear to be mirror images of each other along the vertical axis passing through the main entrance, indicating a consistent underlying pattern. Floorplan C, however, shows a distinct asymmetry in the placement of rooms and corridors around the main entrance, suggesting a different underlying pattern."
"[4, 27]","[7, 22]","['12888', '5222', '77515', '40679', '70239']",40679,1. **Different floorplan:** C,"1. **Different floorplan:** C
2. **Why:** Floorplan C is the only one that does not have a continuous hallway running from the main entrance to the back of the apartment. Instead, it features a more complex arrangement with multiple rooms branching off from the main entrance, which is not present in the other floorplans."
"[0, 0]","[7, 20]","['28082', '55305', '8176', '78009', '14834']",55305,1. **Different floorplan:** E,"1. **Different floorplan:** E
2. **Why:** Floorplan E is the only one that does not have a symmetrical layout with respect to the main entrance. The other floorplans (A, B, C, and D) all exhibit a similar pattern where the rooms are arranged in a way that is mirrored across the main entrance line, creating a balanced and symmetrical design. Floorplan E, however, has an asymmetrical arrangement of rooms around the main entrance, which sets it apart from the others."
"[18, 25]","[14, 7]","['3282', '73827', '25711', '62071', '77045']",77045,1. **Different floorplan:** E,"1. **Different floorplan:** E
2. **Why:** Floorplan E is the only one that does not have a symmetrical layout with respect to the main entrance. The other four floorplans (A, B, C, and D) all exhibit a similar pattern where the rooms are arranged in a way that is mirrored across the main entrance line. Floorplan E has a unique arrangement of rooms that deviates from this symmetry, making it distinct from the others."
"[7, 22]","[0, 0]","['23132', '40679', '79411', '14834', '31113']",14834,1. **Different floorplan:** C,"1. **Different floorplan:** C
2. **Why:** Floorplan C is the only one that does not have a symmetrical layout with respect to the main entrance. The other floorplans (A, B, D, and E) all appear to be mirror images of each other along the vertical axis passing through the main entrance, indicating a consistent underlying pattern. Floorplan C, however, has a unique arrangement of rooms and hallways that deviates from this symmetry, suggesting it has a different underlying pattern."
"[0, 24]","[15, 21]","['13497', '31926', '37989', '48780', '74418']",13497,1. **Different floorplan:** D,"1. **Different floorplan:** D
2. **Why:** Floorplan D is the only one that does not have a symmetrical layout with respect to the main entrance. The other floorplans (A, B, C, and E) all appear to be mirror images of each other along the vertical axis passing through the main entrance, indicating a consistent underlying pattern. Floorplan D, however, has a unique arrangement of rooms and hallways that deviates from this symmetry, suggesting it has a different underlying pattern."
"[19, 10]","[15, 13]","['73023', '21540', '25168', '25618', '42684']",42684,1. **Different floorplan:** A,"1. **Different floorplan:** A
2. **Why:** Floorplan A is the only one that does not have a continuous hallway running from the main entrance to the back of the apartment. Instead, it has a T-shaped layout with a central room branching off into two smaller rooms, which is distinct from the other floorplans that all feature a more linear hallway pattern."
"[19, 25]","[15, 21]","['33749', '74532', '20839', '59747', '26994']",20839,1. **Different floorplan:** C,"1. **Different floorplan:** C
2. **Why:** Floorplan C is the only one that does not have a symmetrical layout with respect to the main entrance. The other floorplans (A, B, D, and E) all appear to be mirror images of each other along the vertical axis passing through the main entrance, indicating a consistent underlying pattern. Floorplan C, however, has a unique arrangement of rooms and hallways that deviates from this symmetry, suggesting it has a different underlying pattern."
"[5, 19]","[15, 28]","['35619', '77183', '10743', '38548', '60473']",38548,1. **Different floorplan:** D,"1. **Different floorplan:** D
2. **Why:** Floorplan D is the only one that does not have a symmetrical layout with respect to the main entrance. The other floorplans (A, B, C, and E) appear to be mirror images of each other along the vertical axis passing through the main entrance, indicating a consistent underlying pattern. Floorplan D, however, has a unique arrangement of rooms and hallways that deviates from this symmetry, suggesting it has a different underlying pattern."
"[0, 2]","[7, 22]","['70440', '9639', '66847', '40679', '63508']",40679,1. **Different floorplan:** D,"1. **Different floorplan:** D
2. **Why:** Floorplan D is the only one that does not have a symmetrical layout with respect to the main entrance. The other floorplans (A, B, C, and E) all appear to be mirror images of each other along the vertical axis passing through the main entrance, indicating a consistent underlying pattern. Floorplan D, however, has a unique arrangement of rooms and hallways that deviates from this symmetry, suggesting it has a different underlying pattern."
"[15, 13]","[19, 25]","['34763', '20590', '24364', '26994', '25079']",26994,1. **Different floorplan:** B,"1. **Different floorplan:** B
2. **Why:** Floorplan B is the only one that features a central hallway with rooms branching off from it in a symmetrical manner, which is distinct from the more irregular and varied layouts of the other floorplans. The other floorplans have more complex and less symmetrical arrangements of rooms."
"[5, 29]","[18, 25]","['73827', '57316', '55950', '51743', '18711']",73827,1. **Different floorplan:** C,"1. **Different floorplan:** C
2. **Why:** Floorplan C is the only one that does not have a continuous hallway running from the main entrance to the back of the apartment. Instead, it has a more complex layout with multiple turns and dead ends, which is distinct from the other floorplans that maintain a more linear path."
"[15, 28]","[0, 2]","['10526', '3258', '48095', '23274', '38548']",48095,1. **Different floorplan:** C,"1. **Different floorplan:** C
2. **Why:** Floorplan C is the only one that does not have a symmetrical layout with respect to the main entrance. The other floorplans (A, B, D, and E) appear to be mirror images of each other along the vertical axis passing through the main entrance, indicating a consistent underlying pattern. Floorplan C, however, has a unique arrangement of rooms and hallways that deviates from this symmetry, suggesting it has a different underlying pattern."
"[3, 28]","[14, 8]","['73823', '12683', '55090', '42226', '39691']",39691,1. **Different floorplan:** E,"1. **Different floorplan:** E
2. **Why:** Floorplan E is the only one that does not have a symmetrical layout with respect to the main entrance. The other floorplans (A, B, C, and D) all exhibit a similar pattern where the rooms are arranged in a way that is mirrored across the main entrance line, creating a symmetrical design. Floorplan E breaks this symmetry, making it distinct from the others."
"[5, 4]","[15, 28]","['2004', '51114', '35725', '63485', '3258']",3258,1. **Different floorplan:** E,"1. **Different floorplan:** E
2. **Why:** Floorplan E is the only one that does not have a continuous hallway running from the main entrance to the far end of the building. Instead, it features a more complex arrangement with multiple turns and dead ends, which is distinct from the other floorplans that maintain a linear path throughout."
"[3, 26]","[14, 8]","['40877', '18887', '72586', '32729', '11033']",40877,1. **Different floorplan:** B,"1. **Different floorplan:** B
2. **Why:** Floorplan B is the only one that has a distinct arrangement of rooms compared to the others. While the other floorplans have a consistent pattern with a central hallway leading to various rooms, floorplan B has a more complex layout with a smaller room at the entrance and a larger room further inside, which deviates from the simpler, more uniform patterns of the other floorplans."
"[15, 13]","[9, 3]","['20590', '42684', '64671', '25079', '68970']",64671,1. **Different floorplan:** C,"1. **Different floorplan:** C
2. **Why:** Floorplan C is the only one that does not have a symmetrical layout with respect to the main entrance. The other floorplans (A, B, D, and E) all appear to be mirror images of each other along the vertical axis passing through the main entrance, indicating a consistent underlying pattern. Floorplan C, however, has a unique arrangement of rooms and hallways that deviates from this symmetry, suggesting it has a different underlying pattern."
"[15, 13]","[0, 0]","['28082', '24364', '34763', '42684', '25079']",28082,1. **Different floorplan:** B,"1. **Different floorplan:** B
2. **Why:** Floorplan B is the only one that does not have a symmetrical layout with respect to the main entrance. The other floorplans (A, C, D, and E) all appear to be mirror images of each other along the vertical axis passing through the main entrance, indicating a consistent underlying pattern. Floorplan B, however, has a unique arrangement of rooms and hallways that deviates from this symmetry, suggesting it has a different underlying pattern."
"[17, 21]","[9, 4]","['9795', '40487', '78147', '69704', '64614']",64614,1. **Different floorplan:** E,"1. **Different floorplan:** E
2. **Why:** Floorplan E is the only one that does not have a symmetrical layout with respect to the main entrance. The other floorplans (A, B, C, and D) appear to be mirror images of each other along the vertical axis passing through the main entrance, indicating a consistent underlying pattern. Floorplan E deviates from this symmetry, suggesting it has a different underlying pattern."
"[9, 4]","[15, 28]","['67905', '79413', '50510', '80219', '64614']",67905,1. **Different floorplan:** E,"1. **Different floorplan:** E
2. **Why:** Floorplan E is the only one that does not follow the same pattern as the others. The other four floorplans (A, B, C, and D) all have a similar layout where the main entrance leads into a central area with rooms branching off in a consistent manner. Floorplan E, however, has a more complex and irregular layout with rooms that do not follow the same branching pattern as the others."
"[15, 28]","[19, 8]","['38548', '23274', '6777', '67905', '3258']",6777,1. **Different floorplan:** C,"1. **Different floorplan:** C
2. **Why:** Floorplan C is the only one that does not have a symmetrical layout with respect to the main entrance. The other floorplans (A, B, D, and E) appear to be mirror images of each other along the vertical axis passing through the main entrance, indicating a consistent underlying pattern. Floorplan C, however, has a unique arrangement of rooms and hallways that deviates from this symmetry, suggesting it has a different underlying pattern."
"[15, 13]","[9, 11]","['34763', '53137', '20590', '61914', '68970']",61914,1. **Different floorplan:** B,"1. **Different floorplan:** B
2. **Why:** Floorplan B is the only one that does not have a symmetrical layout with respect to the main entrance. All other floorplans (A, C, D, and E) appear to be mirror images of each other along the vertical axis passing through the main entrance, indicating a consistent underlying pattern. Floorplan B, however, has a unique arrangement of rooms and hallways that deviates from this symmetry, suggesting it has a different underlying pattern."
"[15, 17]","[0, 14]","['47834', '42604', '1225', '60915', '11908']",42604,1. **Different floorplan:** B,"1. **Different floorplan:** B
2. **Why:** Floorplan B is the only one that does not have a symmetrical layout with respect to the main entrance. The other floorplans (A, C, D, and E) all appear to be mirror images of each other along the vertical axis passing through the main entrance, indicating a consistent underlying pattern. Floorplan B, however, has a unique arrangement of rooms and hallways that deviates from this symmetry, suggesting it has a different underlying pattern."
"[15, 28]","[5, 4]","['27706', '23274', '67905', '38548', '3258']",27706,1. **Different floorplan:** C,"1. **Different floorplan:** C
2. **Why:** Floorplan C is the only one that does not have a symmetrical layout with respect to the main entrance. The other floorplans (A, B, D, and E) all appear to be mirror images of each other along the vertical axis passing through the main entrance, indicating a consistent underlying pattern. Floorplan C, however, has a unique arrangement of rooms and hallways that deviates from this symmetry, suggesting it has a different underlying pattern."
"[14, 8]","[3, 3]","['28732', '28694', '40877', '30004', '46039']",30004,1. **Different floorplan:** D,"1. **Different floorplan:** D
2. **Why:** Floorplan D is the only one that does not have a symmetrical layout with respect to the main entrance. The other floorplans (A, B, C, and E) all appear to be mirror images of each other along the vertical axis passing through the main entrance, indicating a consistent underlying pattern. Floorplan D, however, has a unique arrangement of rooms and hallways that deviates from this symmetry, making it the one with a different underlying pattern."
"[15, 28]","[0, 14]","['10526', '23274', '3258', '42604', '67905']",42604,1. **Different floorplan:** D,"1. **Different floorplan:** D
2. **Why:** Floorplan D is the only one that does not have a continuous hallway running vertically from the main entrance to the far end of the building. In contrast, floors A, B, C, and E all feature a vertical hallway that extends from the main entrance to the back of the building, which is a consistent pattern in the other four floorplans."
"[0, 14]","[7, 22]","['75707', '1261', '80522', '23132', '42604']",23132,1. **Different floorplan:** E,"1. **Different floorplan:** E
2. **Why:** Floorplan E is the only one that does not have a continuous hallway running from the main entrance to the far end of the floorplan. Instead, it features a more complex arrangement with multiple smaller rooms branching off from the main entrance, which is not present in the other floorplans. The other floorplans (A, B, C, and D) all have a linear progression from the main entrance to the far end, either directly or with minor variations in room placement."
"[15, 13]","[5, 19]","['53137', '34763', '53655', '42684', '20590']",53655,1. **Different floorplan:** E,"1. **Different floorplan:** E
2. **Why:** Floorplan E is the only one that does not have a symmetrical layout with respect to the main entrance. The other floorplans (A, B, C, and D) all appear to be mirror images of each other along the vertical axis passing through the main entrance, indicating a consistent underlying pattern. Floorplan E, however, has a unique arrangement of rooms and hallways that deviates from this symmetry, suggesting it has a different underlying pattern."
"[14, 7]","[3, 12]","['38835', '51393', '77045', '25607', '1181']",1181,1. **Different floorplan:** E,"1. **Different floorplan:** E
2. **Why:** Floorplan E is the only one that does not follow the same pattern as the others. The other floorplans (A, B, C, and D) all have a similar layout where the main entrance leads into a central area with rooms branching off in a consistent manner. Floorplan E, however, has a more complex and irregular layout with multiple entrances and a less symmetrical arrangement of spaces, making it distinct from the others."
"[9, 4]","[18, 23]","['50510', '79413', '64614', '72365', '80219']",72365,1. **Different floorplan:** B,"1. **Different floorplan:** B
2. **Why:** Floorplan B is the only one that does not have a symmetrical layout with respect to the main entrance. The other floorplans (A, C, D, and E) appear to be mirror images of each other along the vertical axis passing through the main entrance, indicating a consistent underlying pattern. Floorplan B, however, has a unique arrangement of rooms and hallways that deviates from this symmetry, suggesting it has a different underlying pattern."
"[18, 23]","[19, 8]","['25667', '6777', '72978', '64247', '72365']",6777,1. **Different floorplan:** B,"1. **Different floorplan:** B
2. **Why:** Floorplan B is the only one that does not have a symmetrical layout with respect to the main entrance. The other floorplans (A, C, D, and E) all appear to be mirror images of each other along the vertical axis passing through the main entrance, indicating a consistent underlying pattern. Floorplan B, however, has a unique arrangement of rooms and hallways that deviates from this symmetry, suggesting it has a different underlying pattern."
"[9, 3]","[15, 21]","['20839', '14914', '9662', '74662', '1268']",20839,1. **Different floorplan:** E,"1. **Different floorplan:** E
2. **Why:** Floorplan E is the only one that does not have a continuous hallway running from the main entrance to the far end of the apartment. Instead, it features a more complex layout with multiple turns and dead ends, which is distinct from the other floorplans that maintain a linear path throughout."
"[14, 7]","[18, 23]","['38835', '51393', '77045', '72365', '67483']",72365,1. **Different floorplan:** E,"1. **Different floorplan:** E
2. **Why:** Floorplan E is the only one that does not have a symmetrical layout with respect to the main entrance. The other floorplans (A, B, C, and D) all exhibit a similar pattern where the rooms are arranged in a way that is mirrored across the main entrance line, creating a balanced and symmetrical design. Floorplan E, however, has an asymmetrical arrangement of rooms around the main entrance, which sets it apart from the others."
"[15, 13]","[19, 25]","['53137', '24364', '20590', '26994', '25079']",26994,1. **Different floorplan:** C,"1. **Different floorplan:** C
2. **Why:** Floorplan C is the only one that does not have a continuous hallway running from the main entrance to the back of the apartment. Instead, it features a more complex layout with multiple turns and dead ends, which is distinct from the simpler, more linear layouts of the other floorplans."
"[19, 8]","[15, 13]","['71082', '19346', '24364', '36396', '6777']",24364,1. **Different floorplan:** C,"1. **Different floorplan:** C
2. **Why:** Floorplan C is the only one that does not have a continuous hallway running from the main entrance to the back of the apartment. Instead, it has a T-shaped layout with two distinct sections branching off from the main entrance, which is unique compared to the other floorplans that maintain a more linear progression."
"[5, 19]","[15, 17]","['1225', '60473', '54232', '63077', '51211']",1225,1. **Different floorplan:** E,"1. **Different floorplan:** E
2. **Why:** Floorplan E has a distinct arrangement of rooms compared to the others. While the other floorplans have a more consistent layout with a central hallway leading to various rooms, Floorplan E features a unique configuration where the rooms are grouped in a way that is not mirrored by the others. Specifically, the placement of the rooms around the central area is different, making it stand out from the rest."
"[9, 4]","[18, 23]","['79413', '50510', '64614', '61353', '80219']",61353,1. **Different floorplan:** C,"1. **Different floorplan:** C
2. **Why:** Floorplan C is the only one that does not have a symmetrical layout with respect to the main entrance. The other floorplans (A, B, D, and E) appear to be mirror images of each other along the vertical axis passing through the main entrance, indicating a consistent underlying pattern. Floorplan C, however, has a unique arrangement of rooms and hallways that deviates from this symmetry, suggesting it has a different underlying pattern."
"[0, 7]","[7, 22]","['10984', '65801', '66807', '31113', '15613']",31113,1. **Different floorplan:** C,"1. **Different floorplan:** C
2. **Why:** Floorplan C is the only one that does not have a symmetrical layout with respect to the main entrance. The other floorplans (A, B, D, and E) all appear to be symmetrical around their main entrances, with rooms arranged in a consistent manner on either side. Floorplan C has an asymmetrical arrangement, which sets it apart from the others."
"[9, 11]","[15, 17]","['30907', '1225', '41897', '78534', '335']",1225,1. **Different floorplan:** C,"1. **Different floorplan:** C
2. **Why:** Floorplan C is the only one that does not have a continuous hallway running from the main entrance to the far end of the floorplan. Instead, it features a more complex arrangement with multiple rooms branching off from the entrance area, which is distinct from the linear layout seen in the other floorplans."
"[9, 26]","[17, 21]","['50181', '27788', '23716', '6759', '40487']",40487,1. **Different floorplan:** B,"1. **Different floorplan:** B
2. **Why:** Floorplan B is the only one that does not have a symmetrical layout with respect to the main entrance. The other floorplans (A, C, D, and E) appear to be mirror images of each other along the vertical axis passing through the main entrance, indicating a consistent underlying pattern. Floorplan B, however, shows a distinct asymmetry in the placement of rooms and corridors around the main entrance, suggesting a different underlying pattern."
"[7, 3]","[0, 24]","['48780', '61767', '75828', '64781', '52457']",48780,1. **Different floorplan:** E,"1. **Different floorplan:** E
2. **Why:** Floorplan E is the only one that does not have a continuous hallway running from the main entrance to the far end of the apartment. Instead, it features a more compact arrangement with rooms clustered together, which is distinct from the other floorplans that all have a linear hallway extending from the entrance."
"[14, 9]","[18, 25]","['6508', '26678', '14102', '73827', '40550']",73827,1. **Different floorplan:** B,"1. **Different floorplan:** B
2. **Why:** Floorplan B is the only one that does not have a symmetrical layout with respect to the main entrance. The other floorplans (A, C, D, and E) all appear to be mirror images of each other along the vertical axis passing through the main entrance, indicating a consistent underlying pattern. Floorplan B, however, has a unique arrangement of rooms and hallways that deviates from this symmetry, suggesting it has a different underlying pattern."
"[17, 18]","[9, 3]","['1268', '70105', '66935', '6955', '51240']",1268,1. **Different floorplan:** B,"1. **Different floorplan:** B
2. **Why:** Floorplan B is the only one that does not have a continuous hallway running from the main entrance to the far end of the floorplan. All other floorplans (A, C, D, and E) have a continuous hallway that extends from the main entrance to the opposite side, which is a common design feature in many apartment layouts. Floorplan B breaks this pattern by having a more complex arrangement with multiple turns and smaller rooms, making it distinct from the others."
"[19, 18]","[18, 25]","['58616', '55086', '36535', '49556', '3282']",3282,1. **Different floorplan:** C,"1. **Different floorplan:** C
2. **Why:** Floorplan C is the only one that does not have a symmetrical layout with respect to the main entrance. The other floorplans (A, B, D, and E) all appear to be mirror images of each other along the vertical axis passing through the main entrance, indicating a consistent underlying pattern. Floorplan C, however, has a unique arrangement of rooms and hallways that deviates from this symmetry, suggesting it has a different underlying pattern."
"[0, 2]","[15, 13]","['32703', '67842', '70440', '43995', '68970']",68970,1. **Different floorplan:** C,"1. **Different floorplan:** C
2. **Why:** Floorplan C is the only one that does not have a symmetrical layout with respect to the main entrance. The other floorplans (A, B, D, and E) all appear to be symmetrical or have a consistent pattern around the main entrance, whereas C has a distinct asymmetry in the placement of rooms and spaces around the entrance."
"[5, 19]","[18, 25]","['77183', '53655', '51211', '35619', '62071']",62071,1. **Different floorplan:** B,"1. **Different floorplan:** B
2. **Why:** Floorplan B is the only one that does not have a symmetrical layout with respect to the main entrance. The other floorplans (A, C, D, and E) appear to be mirror images of each other along the vertical axis passing through the main entrance, indicating a consistent underlying pattern. Floorplan B, however, shows a distinct asymmetry in the placement of rooms and hallways around the main entrance, suggesting a different underlying pattern."
"[14, 8]","[18, 23]","['28732', '39691', '61353', '46039', '28694']",61353,1. **Different floorplan:** C,"1. **Different floorplan:** C
2. **Why:** Floorplan C is the only one that does not have a symmetrical layout with respect to the main entrance. The other floorplans (A, B, D, and E) all appear to be mirror images of each other along the vertical axis passing through the main entrance, indicating a consistent underlying pattern. Floorplan C, however, has a unique arrangement of rooms and hallways that deviates from this symmetry, suggesting it has a different underlying pattern."
"[15, 13]","[0, 24]","['25079', '34763', '68970', '53137', '48780']",48780,1. **Different floorplan:** E,"1. **Different floorplan:** E
2. **Why:** Floorplan E is the only one that does not follow the same underlying pattern as the others. The other four floorplans (A, B, C, and D) all have a similar layout where the living spaces are arranged around a central core with a kitchen and bedrooms, and the main entrance leads into a common area. Floorplan E, however, has a more complex and irregular layout with multiple protrusions and a different arrangement of rooms, which sets it apart from the others."
"[3, 16]","[14, 8]","['56017', '11746', '59100', '177', '28732']",28732,1. **Different floorplan:** C,"1. **Different floorplan:** C
2. **Why:** Floorplan C is the only one that does not have a symmetrical layout with respect to the main entrance. The other floorplans (A, B, D, and E) all appear to be mirror images of each other along the vertical axis passing through the main entrance, indicating a consistent underlying pattern. Floorplan C, however, has a unique arrangement of rooms and hallways that deviates from this symmetry, suggesting it has a different underlying pattern."
"[0, 6]","[7, 22]","['31113', '75880', '43375', '49395', '25447']",31113,1. **Different floorplan:** E,"1. **Different floorplan:** E
2. **Why:** Floorplan E is the only one that does not have a symmetrical layout with respect to the main entrance. The other floorplans (A, B, C, and D) all appear to be mirror images of each other along the vertical axis passing through the main entrance, indicating a consistent underlying pattern. Floorplan E, however, has a unique arrangement of rooms and hallways that deviates from this symmetry, suggesting it has a different underlying pattern."
"[19, 10]","[15, 17]","['25168', '55791', '11908', '21540', '73023']",11908,1. **Different floorplan:** C,"1. **Different floorplan:** C
2. **Why:** Floorplan C is the only one that does not have a continuous hallway running from the main entrance to the far end of the building. Instead, it features a T-shaped layout with a central core that branches off into two perpendicular sections. This unique configuration sets it apart from the other floorplans, which all have a more linear or corridor-like arrangement."
"[18, 23]","[9, 3]","['12104', '5909', '1268', '14167', '59794']",1268,1. **Different floorplan:** C,"1. **Different floorplan:** C
2. **Why:** Floorplan C is the only one that does not have a symmetrical layout with respect to the main entrance. The other floorplans (A, B, D, and E) appear to have a consistent pattern where the rooms are arranged in a similar manner around the entrance, either symmetrically or with a clear flow. Floorplan C has a more complex and irregular arrangement of rooms, which deviates from the pattern observed in the others."
"[19, 18]","[15, 13]","['34763', '30721', '74633', '55086', '29042']",34763,1. **Different floorplan:** D,"1. **Different floorplan:** D
2. **Why:** Floorplan D is the only one that does not have a symmetrical layout with respect to the main entrance. The other floorplans (A, B, C, and E) all appear to be mirror images of each other along the vertical axis passing through the main entrance, indicating a consistent underlying pattern. Floorplan D, however, has a unique arrangement of rooms and hallways that deviates from this symmetry, suggesting it has a different underlying pattern."
"[17, 5]","[9, 4]","['72055', '33045', '50221', '7913', '50510']",50510,1. **Different floorplan:** C,"1. **Different floorplan:** C
2. **Why:** Floorplan C is the only one that does not have a symmetrical layout with respect to the main entrance. The other floorplans (A, B, D, and E) all appear to be mirror images of each other along the vertical axis passing through the main entrance, indicating a consistent underlying pattern. Floorplan C, however, has a unique arrangement of rooms and hallways that deviates from this symmetry, suggesting it has a different underlying pattern."
"[9, 4]","[18, 25]","['80219', '3282', '64614', '50510', '79413']",3282,1. **Different floorplan:** E,"1. **Different floorplan:** E
2. **Why:** Floorplan E has a distinct arrangement of rooms compared to the others. While the other floorplans have a more consistent layout with a central hallway leading to various rooms, floorplan E features a more complex and irregular distribution of spaces. The presence of multiple small rooms clustered together in one area and the lack of a clear central pathway make it stand out from the others."
"[17, 18]","[9, 11]","['70105', '31693', '66316', '78534', '6955']",78534,1. **Different floorplan:** A,"1. **Different floorplan:** A
2. **Why:** Floorplan A is the only one that does not have a symmetrical layout with respect to the main entrance. The other floorplans (B, C, D, and E) all appear to be mirror images of each other along the vertical axis passing through the main entrance, indicating a consistent underlying pattern. Floorplan A, however, has a unique arrangement of rooms and hallways that deviates from this symmetry, suggesting it has a different underlying pattern."
"[0, 14]","[7, 1]","['17550', '75707', '1261', '42604', '37963']",17550,1. **Different floorplan:** C,"1. **Different floorplan:** C
2. **Why:** Floorplan C is the only one that does not have a continuous hallway running from the main entrance to the back of the apartment. Instead, it features a T-shaped layout with two distinct sections branching off from the main entrance, which is unique compared to the other floorplans that maintain a more linear progression."
"[9, 11]","[15, 21]","['15606', '30907', '20839', '41897', '335']",20839,1. **Different floorplan:** C,"1. **Different floorplan:** C
2. **Why:** Floorplan C is the only one that does not have a continuous hallway running from the main entrance to the far end of the apartment. Instead, it features a more complex arrangement with multiple rooms branching off from the entrance area, which is distinct from the linear layout seen in the other floorplans."
"[15, 13]","[5, 19]","['68970', '35619', '53137', '20590', '24364']",35619,1. **Different floorplan:** C,"1. **Different floorplan:** C
2. **Why:** Floorplan C is the only one that does not have a symmetrical layout with respect to the main entrance. The other floorplans (A, B, D, and E) all exhibit a similar pattern where the rooms are arranged in a way that is mirrored across the main entrance line, creating a balanced and symmetrical design. Floorplan C, however, has an asymmetrical arrangement of rooms around the main entrance, which sets it apart from the others."
"[3, 3]","[14, 7]","['10131', '67483', '22487', '22002', '30004']",67483,1. **Different floorplan:** C,"1. **Different floorplan:** C
2. **Why:** Floorplan C is the only one that does not have a symmetrical layout with respect to the main entrance. The other floorplans (A, B, D, and E) appear to be mirror images of each other along the vertical axis passing through the main entrance, indicating a consistent underlying pattern. Floorplan C, however, has a unique arrangement of rooms and hallways that deviates from this symmetry, suggesting it has a different underlying pattern."
"[19, 10]","[15, 13]","['73023', '25168', '53137', '55791', '21540']",53137,1. **Different floorplan:** C,"1. **Different floorplan:** C
2. **Why:** Floorplan C is the only one that does not have a symmetrical layout with respect to the main entrance. The other floorplans (A, B, D, and E) all appear to be mirror images of each other along the vertical axis passing through the main entrance, indicating a consistent underlying pattern. Floorplan C, however, has a unique arrangement of rooms and hallways that deviates from this symmetry, suggesting it has a different underlying pattern."
"[9, 11]","[18, 23]","['64247', '4186', '30907', '335', '15606']",64247,1. **Different floorplan:** C,"1. **Different floorplan:** C
2. **Why:** Floorplan C is the only one that does not have a symmetrical layout with respect to the main entrance. The other floorplans (A, B, D, and E) appear to be mirror images of each other along the vertical axis passing through the main entrance, indicating a consistent underlying pattern. Floorplan C, however, shows a distinct asymmetry in the arrangement of rooms around the main entrance, suggesting a different underlying pattern."
"[18, 25]","[9, 26]","['62071', '23716', '25711', '3282', '4132']",23716,1. **Different floorplan:** C,"1. **Different floorplan:** C
2. **Why:** Floorplan C is the only one that does not have a continuous hallway running from the main entrance to the back of the apartment. Instead, it features a more complex arrangement with multiple rooms branching off from the main entrance, which is not present in the other floorplans."
"[14, 9]","[3, 17]","['33084', '26678', '40550', '39708', '6508']",33084,1. **Different floorplan:** B,"1. **Different floorplan:** B
2. **Why:** Floorplan B is the only one that does not have a continuous hallway running from the main entrance to the far end of the apartment. Instead, it features a T-shaped layout with two distinct sections branching off from the main entrance, which is unique compared to the other floorplans that maintain a more linear progression."
"[0, 6]","[15, 28]","['43036', '59474', '41154', '3258', '43375']",3258,1. **Different floorplan:** B,"1. **Different floorplan:** B
2. **Why:** Floorplan B is the only one that does not have a continuous hallway running vertically from the main entrance. All other floorplans (A, C, D, and E) have a vertical hallway that extends from the main entrance, which is a consistent feature in the other four floorplans. Floorplan B has a more complex layout with multiple rooms branching off from the main entrance without a continuous hallway, making it distinct from the others."
"[3, 3]","[14, 7]","['22002', '10017', '30004', '22487', '38835']",38835,1. **Different floorplan:** C,"1. **Different floorplan:** C
2. **Why:** Floorplan C is the only one that does not have a symmetrical layout with respect to the main entrance. The other floorplans (A, B, D, and E) appear to be mirror images of each other along the vertical axis passing through the main entrance, indicating a consistent underlying pattern. Floorplan C, however, has a unique arrangement of rooms and hallways that deviates from this symmetry, suggesting it has a different underlying pattern."
"[17, 18]","[9, 11]","['6955', '4186', '51240', '66316', '31693']",4186,1. **Different floorplan:** B,"1. **Different floorplan:** B
2. **Why:** Floorplan B is the only one that does not have a continuous hallway running vertically from the main entrance. All other floorplans (A, C, D, and E) have a vertical hallway extending from the main entrance, which is a consistent feature in the other four floorplans. Floorplan B has a more complex layout with multiple rooms branching off directly from the entrance without a central hallway, making it distinct from the others."
"[14, 9]","[3, 26]","['6508', '26506', '14102', '1064', '26678']",1064,1. **Different floorplan:** D,"1. **Different floorplan:** D
2. **Why:** Floorplan D is the only one that does not have a continuous hallway running from the main entrance to the back of the apartment. Instead, it features a more compact arrangement with rooms directly connected without a central hallway, which is distinct from the other floorplans that all have a similar layout with a central hallway."
"[9, 26]","[18, 25]","['50181', '27788', '6759', '73827', '23716']",73827,1. **Different floorplan:** B,"1. **Different floorplan:** B
2. **Why:** Floorplan B is the only one that does not have a symmetrical layout with respect to the main entrance. The other floorplans (A, C, D, and E) appear to be mirror images of each other along the vertical axis passing through the main entrance, indicating a consistent underlying pattern. Floorplan B, however, shows a distinct asymmetry in the placement of rooms and corridors around the main entrance, suggesting a different underlying pattern."
"[5, 22]","[15, 13]","['40863', '57572', '7217', '20590', '77349']",20590,1. **Different floorplan:** C,"1. **Different floorplan:** C
2. **Why:** Floorplan C is the only one that does not have a continuous hallway running from the main entrance to the back of the apartment. Instead, it features a more complex layout with multiple turns and dead ends, which is distinct from the simpler, more linear layouts of the other floorplans."
"[0, 14]","[15, 28]","['42604', '75707', '1261', '37963', '23274']",23274,1. **Different floorplan:** B,"1. **Different floorplan:** B
2. **Why:** Floorplan B is the only one that does not have a continuous hallway running from the main entrance to the far end of the building. All other floorplans (A, C, D, and E) have a continuous hallway that extends from the main entrance to the opposite side of the building, which is a common design feature in many apartment layouts. Floorplan B breaks this pattern by having a more complex arrangement of rooms and hallways that do not follow a straight path from the entrance."
"[14, 7]","[18, 25]","['25607', '67483', '38835', '25711', '51393']",25711,1. **Different floorplan:** C,"1. **Different floorplan:** C
2. **Why:** Floorplan C is the only one that does not have a symmetrical layout with respect to the main entrance. The other floorplans (A, B, D, and E) all appear to be mirror images of each other along the vertical axis passing through the main entrance, indicating a consistent underlying pattern. Floorplan C, however, has a unique arrangement of rooms and hallways that deviates from this symmetry, suggesting it has a different underlying pattern."
"[18, 25]","[19, 28]","['42272', '25711', '4132', '62071', '73827']",42272,1. **Different floorplan:** C,"1. **Different floorplan:** C
2. **Why:** Floorplan C is the only one that does not have a continuous hallway running from the main entrance to the far end of the building. Instead, it features a T-shaped layout with two perpendicular hallways meeting at a central point, which is distinct from the linear hallway patterns in the other floorplans."
"[15, 21]","[19, 8]","['3384', '71082', '7489', '13497', '20839']",71082,1. **Different floorplan:** E,"1. **Different floorplan:** E
2. **Why:** Floorplan E is the only one that features a distinct arrangement of rooms with a unique combination of shapes and sizes compared to the others. The presence of a large purple room in E, which is not present in the other floorplans, suggests a different underlying pattern. Additionally, the overall layout of E appears more complex and irregular compared to the simpler, more uniform designs of A, B, C, and D."
"[18, 25]","[5, 22]","['4132', '77349', '73827', '62071', '3282']",77349,1. **Different floorplan:** B,"1. **Different floorplan:** B
2. **Why:** Floorplan B is the only one that does not have a continuous hallway running from the main entrance to the far end of the apartment. Instead, it features a T-shaped layout with a central room branching off into two smaller rooms, which is distinct from the other floorplans that maintain a more linear progression."
"[0, 2]","[15, 13]","['25079', '32703', '27625', '60860', '67842']",25079,1. **Different floorplan:** A,"1. **Different floorplan:** A
2. **Why:** Floorplan A is the only one that does not have a symmetrical layout with respect to the main entrance. The other floorplans (B, C, D, and E) all appear to be symmetrical around their main entrances, with rooms arranged in a consistent manner on either side. Floorplan A has an asymmetrical arrangement, which sets it apart from the others."
"[5, 4]","[18, 23]","['53032', '2004', '15451', '35725', '62609']",15451,1. **Different floorplan:** E,"1. **Different floorplan:** E
2. **Why:** Floorplan E is the only one that does not have a symmetrical layout with respect to the main entrance. The other floorplans (A, B, C, and D) all exhibit a similar pattern where the rooms are arranged in a way that is mirrored across the main entrance line, creating a balanced and symmetrical design. Floorplan E, however, has an asymmetrical arrangement of rooms around the main entrance, which sets it apart from the others."
"[15, 13]","[19, 18]","['29042', '25079', '68970', '20590', '42684']",29042,1. **Different floorplan:** D,"1. **Different floorplan:** D
2. **Why:** Floorplan D is the only one that does not have a continuous hallway running vertically from the main entrance. In contrast, floors A, B, C, and E all feature a vertical hallway extending from the main entrance, which is a consistent pattern in the other four floorplans."
"[18, 25]","[5, 22]","['40863', '4132', '62071', '3282', '73827']",40863,1. **Different floorplan:** B,"1. **Different floorplan:** B
2. **Why:** Floorplan B is the only one that does not have a symmetrical layout with respect to the main entrance. All other floorplans (A, C, D, and E) appear to be mirror images of each other along the vertical axis passing through the main entrance, indicating a consistent underlying pattern. Floorplan B, however, has a unique arrangement of rooms and hallways that deviates from this symmetry, suggesting it has a different underlying pattern."
"[3, 26]","[14, 8]","['32729', '50906', '11033', '28732', '68096']",28732,1. **Different floorplan:** C,"1. **Different floorplan:** C
2. **Why:** Floorplan C is the only one that does not have a symmetrical layout with respect to the main entrance. The other floorplans (A, B, D, and E) all appear to be mirror images of each other along the vertical axis passing through the main entrance, indicating a consistent underlying pattern. Floorplan C, however, has a unique arrangement of rooms and hallways that deviates from this symmetry, suggesting it has a different underlying pattern."
"[3, 26]","[14, 9]","['40031', '19246', '50906', '72586', '6508']",6508,1. **Different floorplan:** E,"1. **Different floorplan:** E
2. **Why:** Floorplan E is the only one that includes an additional room (the green room) that is not present in the other four floorplans. This extra room disrupts the uniformity of the spatial layout and room types found in A, B, C, and D."
"[18, 23]","[9, 11]","['64148', '48306', '26755', '10433', '78534']",78534,1. **Different floorplan:** E,"1. **Different floorplan:** E
2. **Why:** Floorplan E is the only one that does not have a symmetrical layout with respect to the main entrance. The other floorplans (A, B, C, and D) all appear to be mirror images of each other along the vertical axis passing through the main entrance, indicating a consistent underlying pattern. Floorplan E, however, has a unique arrangement of rooms and hallways that deviates from this symmetry, suggesting it has a different underlying pattern."
"[14, 7]","[3, 3]","['38835', '22487', '67483', '25607', '51393']",22487,1. **Different floorplan:** B,"1. **Different floorplan:** B
2. **Why:** Floorplan B is the only one that has a distinct arrangement of rooms compared to the others. The other floorplans (A, C, D, and E) all have a similar layout with a central living area flanked by smaller rooms, such as bedrooms and bathrooms. Floorplan B, however, has a more complex and irregular distribution of spaces, which sets it apart from the others."
"[0, 2]","[15, 17]","['60860', '11908', '43995', '44125', '9836']",11908,1. **Different floorplan:** B,"1. **Different floorplan:** B
2. **Why:** Floorplan B is the only one that does not have a symmetrical layout with respect to the main entrance. The other floorplans (A, C, D, and E) all appear to be mirror images of each other along the vertical axis passing through the main entrance, indicating a consistent underlying pattern. Floorplan B, however, has a unique arrangement of rooms and hallways that deviates from this symmetry, suggesting it has a different underlying pattern."
"[7, 20]","[0, 24]","['74418', '54372', '2425', '2277', '55305']",74418,1. **Different floorplan:** C,"1. **Different floorplan:** C
2. **Why:** Floorplan C is the only one that does not have a continuous hallway running from the main entrance to the back of the apartment. Instead, it features a more compact arrangement with rooms directly connected without a clear central hallway, which distinguishes it from the other floorplans that all have a similar layout with a central hallway."
"[18, 25]","[19, 18]","['3282', '4132', '41277', '25711', '62071']",41277,1. **Different floorplan:** C,"1. **Different floorplan:** C
2. **Why:** Floorplan C is the only one that does not have a symmetrical layout with respect to the main entrance. The other floorplans (A, B, D, and E) all appear to be mirror images of each other along the vertical axis passing through the main entrance, indicating a consistent underlying pattern. Floorplan C, however, has a unique arrangement of rooms and hallways that deviates from this symmetry, suggesting it has a different underlying pattern."
"[14, 7]","[18, 25]","['77045', '38835', '67483', '4132', '51393']",4132,1. **Different floorplan:** C,"1. **Different floorplan:** C
2. **Why:** Floorplan C is the only one that does not have a continuous hallway running from the main entrance to the opposite side of the floorplan. In contrast, floors A, B, D, and E all feature a continuous hallway that extends from the main entrance to the far end of the floorplan, which is a consistent pattern in the other four."
"[19, 25]","[15, 17]","['47834', '59747', '33749', '26994', '47247']",47834,1. **Different floorplan:** E,"1. **Different floorplan:** E
2. **Why:** Floorplan E is the only one that does not have a continuous hallway running from the main entrance to the back of the apartment. Instead, it features a more complex layout with multiple rooms branching off from the main entrance, which is not present in the other floorplans."
"[3, 28]","[14, 9]","['39708', '8257', '73823', '12683', '42226']",39708,1. **Different floorplan:** C,"1. **Different floorplan:** C
2. **Why:** Floorplan C is the only one that does not have a symmetrical layout with respect to the main entrance. The other floorplans (A, B, D, and E) all appear to be mirror images of each other along the vertical axis passing through the main entrance, indicating a consistent underlying pattern. Floorplan C, however, has a unique arrangement of rooms and hallways that deviates from this symmetry, suggesting it has a different underlying pattern."
"[9, 3]","[15, 13]","['64671', '74662', '1268', '25079', '9662']",25079,1. **Different floorplan:** E,"1. **Different floorplan:** E
2. **Why:** Floorplan E is the only one that does not follow the same pattern as the others. The other four floorplans (A, B, C, and D) all have a similar layout where the living spaces are concentrated in the center with bedrooms and bathrooms distributed around them. Floorplan E, however, has a more scattered arrangement with larger open spaces and fewer enclosed rooms, which sets it apart from the others."
"[9, 3]","[15, 28]","['23274', '64671', '74662', '14914', '9662']",23274,1. **Different floorplan:** C,"1. **Different floorplan:** C
2. **Why:** Floorplan C is the only one that does not have a symmetrical layout with respect to the main entrance. The other floorplans (A, B, D, and E) all appear to be symmetrical or have a consistent pattern around the main entrance, whereas C has a distinct asymmetry in the placement of rooms and spaces."
"[0, 0]","[15, 21]","['78009', '8176', '28082', '14834', '20839']",20839,1. **Different floorplan:** E,"1. **Different floorplan:** E
2. **Why:** Floorplan E is the only one that does not have a symmetrical layout with respect to the main entrance. The other four floorplans (A, B, C, and D) all exhibit a similar pattern where the rooms are arranged in a way that is mirrored across the main entrance line. Floorplan E has a unique arrangement of rooms that deviates from this symmetry, making it distinct from the others."
"[5, 19]","[15, 21]","['7489', '49189', '53655', '63077', '10743']",7489,1. **Different floorplan:** E,"1. **Different floorplan:** E
2. **Why:** Floorplan E is the only one that does not follow the same pattern as the others. The other floorplans (A, B, C, and D) all have a similar layout where the living spaces are arranged around a central core with bedrooms and bathrooms distributed symmetrically. Floorplan E deviates from this by having a more complex and asymmetrical arrangement of rooms, which is not consistent with the other floorplans."
"[18, 25]","[5, 4]","['3282', '35725', '4132', '73827', '62071']",35725,1. **Different floorplan:** C,"1. **Different floorplan:** C
2. **Why:** Floorplan C is the only one that does not have a continuous hallway running from the main entrance to the far end of the apartment. Instead, it features a T-shaped layout with a central room branching off into two smaller rooms, which is distinct from the linear layouts of the other floorplans."
"[7, 3]","[0, 6]","['64781', '43375', '75828', '52457', '61767']",43375,1. **Different floorplan:** C,"1. **Different floorplan:** C
2. **Why:** Floorplan C is the only one that does not have a symmetrical layout with respect to the main entrance. The other floorplans (A, B, D, and E) appear to be mirror images of each other along the vertical axis passing through the main entrance, indicating a consistent underlying pattern. Floorplan C, however, has a unique arrangement of rooms and hallways that deviates from this symmetry, suggesting it has a different underlying pattern."
"[0, 7]","[15, 21]","['20839', '10984', '15613', '66807', '72266']",20839,1. **Different floorplan:** E,"1. **Different floorplan:** E
2. **Why:** Floorplan E is the only one that does not have a continuous hallway running from the main entrance to the back of the apartment. Instead, it features a more compact arrangement with rooms clustered together, which is distinct from the other floorplans that all have a more linear layout with a clear path from the entrance to the rear of the apartment."
"[18, 25]","[19, 28]","['73827', '55589', '25711', '62071', '3282']",55589,1. **Different floorplan:** C,"1. **Different floorplan:** C
2. **Why:** Floorplan C is the only one that does not have a continuous hallway running from the main entrance to the far end of the apartment. Instead, it features a T-shaped layout with two perpendicular hallways meeting at a central point, which is distinct from the linear hallway patterns in the other floorplans."
"[3, 17]","[14, 7]","['54792', '53579', '64047', '38478', '67483']",67483,1. **Different floorplan:** E,"1. **Different floorplan:** E
2. **Why:** Floorplan E is the only one that does not have a continuous hallway running from the main entrance to the back of the apartment. Instead, it features a more complex arrangement with multiple rooms branching off from the main entrance, which is not present in the other floorplans."
"[0, 6]","[15, 17]","['75880', '25447', '43375', '43036', '1225']",1225,1. **Different floorplan:** E,"1. **Different floorplan:** E
2. **Why:** Floorplan E is the only one that does not have a continuous hallway running vertically from the main entrance. All other floorplans (A, B, C, and D) have a vertical hallway that extends from the main entrance, which is a consistent feature in the other four floorplans. Floorplan E has a more complex layout with multiple turns and no clear vertical hallway, making it distinct from the others."
"[7, 3]","[4, 27]","['75828', '61767', '70239', '52457', '64781']",70239,1. **Different floorplan:** A,"1. **Different floorplan:** A
2. **Why:** Floorplan A is the only one that does not have a symmetrical layout with respect to the main entrance. The other floorplans (B, C, D, and E) appear to be mirror images of each other along the vertical axis passing through the main entrance, indicating a consistent underlying pattern. Floorplan A, however, has a unique arrangement of rooms and hallways that deviates from this symmetry, suggesting it has a different underlying pattern."
"[19, 25]","[15, 17]","['26994', '1225', '47247', '59747', '74532']",1225,1. **Different floorplan:** B,"1. **Different floorplan:** B
2. **Why:** Floorplan B is the only one that does not have a continuous hallway running from the main entrance to the far end of the building. All other floorplans (A, C, D, and E) have a continuous hallway that extends from the main entrance to the opposite side of the building, which is a common design feature in many apartment layouts. Floorplan B breaks this pattern by having a more complex arrangement with multiple turns and dead ends, making it distinct from the others."
"[9, 3]","[17, 21]","['62454', '1268', '9662', '74662', '64671']",62454,1. **Different floorplan:** C,"1. **Different floorplan:** C
2. **Why:** Floorplan C is the only one that does not have a symmetrical layout with respect to the main entrance. The other floorplans (A, B, D, and E) appear to be mirror images of each other along the vertical axis passing through the main entrance, indicating a consistent underlying pattern. Floorplan C, however, has a unique arrangement of rooms and hallways that deviates from this symmetry, suggesting it has a different underlying pattern."
"[14, 8]","[18, 25]","['40877', '25711', '28732', '46039', '28694']",25711,1. **Different floorplan:** B,"1. **Different floorplan:** B
2. **Why:** Floorplan B is the only one that does not have a continuous hallway running from the main entrance to the back of the apartment. All other floorplans (A, C, D, and E) have a continuous hallway, which is a common feature in many apartment designs. Floorplan B breaks this pattern by having a more complex layout with multiple turns and a lack of a direct path from the entrance to the back."
"[19, 28]","[15, 21]","['55589', '52721', '43363', '42272', '3384']",3384,1. **Different floorplan:** E,"1. **Different floorplan:** E
2. **Why:** Floorplan E is the only one that does not have a symmetrical layout with respect to the main entrance. The other floorplans (A, B, C, and D) all appear to be mirror images of each other along the vertical axis passing through the main entrance, indicating a consistent underlying pattern. Floorplan E, however, has a unique arrangement of rooms and hallways that deviates from this symmetry, suggesting it has a different underlying pattern."
"[18, 23]","[14, 9]","['78682', '26755', '72365', '65195', '6508']",6508,1. **Different floorplan:** E,"1. **Different floorplan:** E
2. **Why:** Floorplan E is the only one that features an additional section extending from the main entrance, which is not present in the other four floorplans. This extra section disrupts the uniformity of the spatial layout found in A, B, C, and D."
"[0, 24]","[15, 28]","['74418', '23274', '48780', '31926', '37989']",23274,1. **Different floorplan:** D,"1. **Different floorplan:** D
2. **Why:** Floorplan D is the only one that does not have a continuous hallway running from the main entrance to the far end of the apartment. Instead, it features a more complex layout with multiple turns and dead ends, which is distinct from the other floorplans that maintain a more linear path."
"[17, 18]","[9, 3]","['46660', '21408', '6955', '31693', '64671']",64671,1. **Different floorplan:** E,"1. **Different floorplan:** E
2. **Why:** Floorplan E is the only one that does not have a continuous hallway running from the main entrance to the back of the apartment. Instead, it features a more complex layout with multiple turns and dead ends, which is distinct from the simpler, more linear patterns in A, B, C, and D."
"[9, 11]","[17, 5]","['7913', '4186', '61914', '15606', '30907']",7913,1. **Different floorplan:** C,"1. **Different floorplan:** C
2. **Why:** Floorplan C is the only one that does not have a symmetrical layout with respect to the main entrance. The other floorplans (A, B, D, and E) appear to be mirror images of each other along the vertical axis passing through the main entrance, indicating a consistent underlying pattern. Floorplan C, however, shows a unique arrangement of rooms and hallways that deviates from this symmetry, suggesting it has a different underlying pattern."
"[0, 14]","[15, 13]","['75707', '39894', '80522', '24364', '42604']",24364,1. **Different floorplan:** D,"1. **Different floorplan:** D
2. **Why:** Floorplan D is the only one that does not have a continuous hallway running from the main entrance to the far end of the building. Instead, it features a more complex layout with multiple turns and dead ends, which is distinct from the other floorplans that maintain a more linear path."
"[19, 28]","[18, 23]","['40111', '23197', '25667', '43363', '55589']",25667,1. **Different floorplan:** C,"1. **Different floorplan:** C
2. **Why:** Floorplan C is the only one that does not have a symmetrical layout with respect to the main entrance. The other floorplans (A, B, D, and E) all appear to be mirror images of each other along the vertical axis passing through the main entrance, indicating a consistent underlying pattern. Floorplan C, however, has a unique arrangement of rooms and hallways that deviates from this symmetry, suggesting it has a different underlying pattern."
"[7, 3]","[0, 14]","['75707', '61767', '75828', '64781', '52457']",75707,1. **Different floorplan:** E,"1. **Different floorplan:** E
2. **Why:** Floorplan E is the only one that does not have a continuous hallway running from the main entrance to the far end of the building. Instead, it features a more complex arrangement with multiple rooms branching off from the main entrance, which is not present in the other floorplans."
"[14, 9]","[3, 21]","['40550', '6508', '26678', '53064', '14102']",53064,1. **Different floorplan:** C,"1. **Different floorplan:** C
2. **Why:** Floorplan C is the only one that does not have a symmetrical layout with respect to the main entrance. The other floorplans (A, B, D, and E) appear to be mirror images of each other along the vertical axis passing through the main entrance, indicating a consistent underlying pattern. Floorplan C, however, has a unique arrangement of rooms and hallways that deviates from this symmetry, suggesting it has a different underlying pattern."
"[19, 14]","[18, 25]","['26372', '26703', '62071', '64729', '72517']",62071,1. **Different floorplan:** E,"1. **Different floorplan:** E
2. **Why:** Floorplan E is the only one that does not have a symmetrical layout with respect to the main entrance. The other floorplans (A, B, C, and D) all appear to be mirror images of each other along the vertical axis passing through the main entrance, indicating a consistent underlying pattern. Floorplan E, however, has a unique arrangement of rooms and hallways that deviates from this symmetry, suggesting it has a different underlying pattern."
"[18, 25]","[9, 3]","['25711', '3282', '4132', '64671', '73827']",64671,1. **Different floorplan:** C,"1. **Different floorplan:** C
2. **Why:** Floorplan C is the only one that does not have a continuous hallway running from the main entrance to the far end of the apartment. Instead, it has a T-shaped layout with two perpendicular hallways meeting at a central point, which is distinct from the linear hallway patterns in A, B, D, and E."
"[9, 11]","[15, 13]","['30907', '61914', '68970', '52758', '78534']",68970,1. **Different floorplan:** A,"1. **Different floorplan:** A
2. **Why:** Floorplan A is the only one that does not have a symmetrical layout with respect to the main entrance. The other floorplans (B, C, D, and E) all appear to be mirror images of each other along the vertical axis passing through the main entrance, indicating a consistent underlying pattern. Floorplan A deviates from this symmetry, suggesting it has a different underlying pattern."
"[7, 3]","[0, 7]","['61767', '52457', '64781', '75828', '65801']",65801,1. **Different floorplan:** B,"1. **Different floorplan:** B
2. **Why:** Floorplan B is the only one that does not have a symmetrical layout with respect to the main entrance. All other floorplans (A, C, D, and E) appear to be mirror images of each other along the vertical axis passing through the main entrance, indicating a consistent underlying pattern. Floorplan B, however, has a unique arrangement of rooms and hallways that deviates from this symmetry, suggesting it has a different underlying pattern."
"[9, 11]","[15, 13]","['61914', '20590', '30907', '335', '15606']",20590,1. **Different floorplan:** B,"1. **Different floorplan:** B
2. **Why:** Floorplan B is the only one that does not have a symmetrical layout with respect to the main entrance. The other floorplans (A, C, D, and E) appear to be mirror images of each other along the vertical axis passing through the main entrance, indicating a consistent underlying pattern. Floorplan B, however, has a unique arrangement of rooms and hallways that deviates from this symmetry, suggesting it has a different underlying pattern."
"[7, 22]","[0, 14]","['31113', '75707', '79411', '23132', '40679']",75707,1. **Different floorplan:** C,"1. **Different floorplan:** C
2. **Why:** Floorplan C is the only one that does not have a continuous hallway running from the main entrance to the far end of the building. Instead, it features a more complex arrangement with multiple turns and dead ends, which is distinct from the linear layout seen in the other floorplans."
"[14, 9]","[3, 7]","['4286', '6508', '40550', '39708', '26506']",4286,1. **Different floorplan:** A,"1. **Different floorplan:** A
2. **Why:** Floorplan A is the only one that does not have a symmetrical layout with respect to the main entrance. The other floorplans (B, C, D, and E) all exhibit a similar pattern where the rooms are arranged symmetrically around the central axis defined by the main entrance. Floorplan A has an asymmetrical arrangement, which sets it apart from the others."
"[15, 17]","[9, 11]","['47834', '61914', '11908', '1225', '60915']",61914,1. **Different floorplan:** B,"1. **Different floorplan:** B
2. **Why:** Floorplan B is the only one that does not have a continuous hallway running vertically from the main entrance. All other floorplans (A, C, D, and E) have a vertical hallway that extends from the main entrance, which is a consistent feature in the other four floorplans. Floorplan B has a more complex layout with multiple smaller rooms branching off from the main entrance without a continuous hallway, making it distinct from the others."
"[19, 25]","[15, 28]","['47247', '3258', '26994', '33749', '74532']",3258,1. **Different floorplan:** B,"1. **Different floorplan:** B
2. **Why:** Floorplan B is the only one that does not have a continuous hallway running from the main entrance to the far end of the building. All other floorplans (A, C, D, and E) have a continuous hallway that extends from the main entrance to the opposite side of the building, which is a common design feature in many apartment layouts. Floorplan B breaks this pattern by having a more complex arrangement with multiple turns and dead ends, making it distinct from the others."
"[15, 21]","[0, 14]","['7489', '80522', '13497', '3384', '20839']",80522,1. **Different floorplan:** E,"1. **Different floorplan:** E
2. **Why:** Floorplan E is the only one that does not have a continuous hallway running vertically from the main entrance. Instead, it features a more complex arrangement with multiple smaller rooms branching off from the main entrance, which is not present in the other floorplans."
"[14, 9]","[4, 27]","['40550', '70239', '26678', '14102', '39708']",70239,1. **Different floorplan:** C,"1. **Different floorplan:** C
2. **Why:** Floorplan C is the only one that does not have a continuous hallway running from the main entrance to the far end of the apartment. Instead, it features a more complex layout with multiple turns and dead ends, which is distinct from the other floorplans that maintain a linear path."
"[15, 28]","[5, 19]","['3258', '67905', '49189', '10526', '38548']",49189,1. **Different floorplan:** C,"1. **Different floorplan:** C
2. **Why:** Floorplan C is the only one that does not have a symmetrical layout with respect to the main entrance. The other floorplans (A, B, D, and E) all appear to be mirror images of each other along the vertical axis passing through the main entrance, indicating a consistent underlying pattern. Floorplan C, however, has a unique arrangement of rooms and hallways that deviates from this symmetry, suggesting it has a different underlying pattern."
"[7, 22]","[0, 24]","['79411', '23132', '40679', '48780', '31113']",48780,1. **Different floorplan:** E,"1. **Different floorplan:** E
2. **Why:** Floorplan E is the only one that does not have a continuous hallway running from the main entrance to the far end of the building. Instead, it features a more compact arrangement with rooms clustered together, which is distinct from the other floorplans that all have a more linear layout with a clear path from the entrance to the back of the building."
"[19, 13]","[15, 28]","['26354', '43396', '38548', '43324', '37914']",38548,1. **Different floorplan:** C,"1. **Different floorplan:** C
2. **Why:** Floorplan C is the only one that does not have a symmetrical layout with respect to the main entrance. The other floorplans (A, B, D, and E) all appear to be mirror images of each other along the vertical axis passing through the main entrance, indicating a consistent underlying pattern. Floorplan C, however, has a unique arrangement of rooms and hallways that deviates from this symmetry, suggesting it has a different underlying pattern."
"[7, 20]","[0, 6]","['41154', '55305', '54372', '2425', '2277']",41154,1. **Different floorplan:** D,"1. **Different floorplan:** D
2. **Why:** Floorplan D is the only one that does not have a symmetrical layout with respect to the main entrance. The other floorplans (A, B, C, and E) all appear to be mirror images of each other along the vertical axis passing through the main entrance, indicating a consistent underlying pattern. Floorplan D, however, has a unique arrangement of rooms and hallways that deviates from this symmetry, suggesting it has a different underlying pattern."
"[19, 5]","[15, 28]","['55314', '76431', '63902', '72346', '10526']",10526,1. **Different floorplan:** D,"1. **Different floorplan:** D
2. **Why:** Floorplan D is the only one that does not have a symmetrical layout with respect to the main entrance. The other floorplans (A, B, C, and E) all appear to be mirror images of each other along the vertical axis passing through the main entrance, indicating a consistent underlying pattern. Floorplan D, however, has a unique arrangement of rooms and hallways that deviates from this symmetry, suggesting it has a different underlying pattern."
"[18, 25]","[5, 4]","['25711', '62071', '53032', '4132', '73827']",53032,1. **Different floorplan:** C,"1. **Different floorplan:** C
2. **Why:** Floorplan C is the only one that does not have a symmetrical layout with respect to the main entrance. The other floorplans (A, B, D, and E) all appear to be mirror images of each other along the vertical axis passing through the main entrance, indicating a consistent underlying pattern. Floorplan C, however, has a unique arrangement of rooms and hallways that deviates from this symmetry, suggesting it has a different underlying pattern."
"[3, 3]","[14, 8]","['22002', '72700', '28694', '10131', '30004']",28694,1. **Different floorplan:** E,"1. **Different floorplan:** E
2. **Why:** Floorplan E is the only one that does not have a continuous hallway running from the main entrance to the far end of the apartment. Instead, it features a more complex layout with multiple rooms branching off from the entrance area, which is distinct from the other floorplans that maintain a linear path."
"[15, 17]","[0, 24]","['1225', '31926', '47834', '11908', '60915']",31926,1. **Different floorplan:** B,"1. **Different floorplan:** B
2. **Why:** Floorplan B is the only one that does not have a continuous hallway running vertically from the main entrance. All other floorplans (A, C, D, and E) have a vertical hallway that extends from the main entrance, which is a consistent feature in the other four floorplans. Floorplan B has a more complex layout with multiple turns and a lack of a continuous vertical hallway, making it distinct from the others."
"[19, 13]","[15, 28]","['10526', '43396', '35479', '26354', '42612']",10526,1. **Different floorplan:** E,"1. **Different floorplan:** E
2. **Why:** Floorplan E is the only one that does not have a symmetrical layout with respect to the main entrance. The other four floorplans (A, B, C, and D) all exhibit a similar pattern where the rooms are arranged symmetrically around the central axis defined by the main entrance. Floorplan E deviates from this symmetry, making it distinct in terms of its underlying pattern."
"[19, 18]","[15, 21]","['20839', '36535', '49556', '55086', '41277']",20839,1. **Different floorplan:** A,"1. **Different floorplan:** A
2. **Why:** Floorplan A is the only one that does not have a symmetrical layout with respect to the main entrance. The other floorplans (B, C, D, and E) all appear to be mirror images of each other along the vertical axis passing through the main entrance, indicating a consistent underlying pattern. Floorplan A, however, has a unique arrangement of rooms and hallways that deviates from this symmetry, suggesting it has a different underlying pattern."
"[7, 20]","[0, 2]","['9639', '54372', '2277', '55305', '2425']",9639,1. **Different floorplan:** E,"1. **Different floorplan:** E
2. **Why:** Floorplan E is the only one that does not have a symmetrical layout with respect to the main entrance. The other floorplans (A, B, C, and D) all appear to be mirror images of each other along the vertical axis passing through the main entrance, indicating a consistent underlying pattern. Floorplan E deviates from this symmetry, suggesting it has a different underlying pattern."
"[0, 2]","[7, 1]","['27625', '16951', '28242', '67842', '62759']",16951,1. **Different floorplan:** E,"1. **Different floorplan:** E
2. **Why:** Floorplan E is the only one that does not have a rectangular layout with a consistent orientation for the rooms. The other floorplans (A, B, C, and D) all appear to follow a similar rectangular pattern with rooms aligned in a grid-like fashion. Floorplan E has a more irregular shape and room arrangement, which sets it apart from the others."
"[15, 21]","[5, 29]","['13497', '20839', '3384', '51743', '7489']",51743,1. **Different floorplan:** B,"1. **Different floorplan:** B
2. **Why:** Floorplan B is the only one that features a distinct arrangement of rooms with a unique configuration of hallways and rooms compared to the others. The other floorplans (A, C, D, and E) all have a similar layout where the main entrance leads into a central hallway that branches off into various rooms, which are relatively symmetrical and consistent in their placement and size. Floorplan B, however, has a more complex and irregular layout with a different distribution of spaces, making it stand out from the rest."
"[19, 10]","[15, 21]","['73023', '55791', '25168', '21540', '13497']",13497,1. **Different floorplan:** E,"1. **Different floorplan:** E
2. **Why:** Floorplan E is the only one that does not have a continuous hallway running from the main entrance to the back of the apartment. Instead, it has a more compact layout with rooms directly connected to the entrance without a clear hallway. The other floorplans (A, B, C, and D) all feature a continuous hallway that extends from the main entrance to the back of the apartment, which is a consistent pattern in the other four floorplans."
"[7, 22]","[0, 24]","['31926', '23132', '31113', '79411', '40679']",31926,1. **Different floorplan:** D,"1. **Different floorplan:** D
2. **Why:** Floorplan D is the only one that does not have a symmetrical layout with respect to the main entrance. The other floorplans (A, B, C, and E) all appear to be mirror images of each other along the vertical axis passing through the main entrance, indicating a consistent underlying pattern. Floorplan D, however, has a unique arrangement of rooms and hallways that deviates from this symmetry, making it the one with a different underlying pattern."
"[15, 13]","[9, 4]","['53137', '34763', '42684', '79413', '24364']",79413,1. **Different floorplan:** D,"1. **Different floorplan:** D
2. **Why:** Floorplan D is the only one that does not have a symmetrical layout with respect to the main entrance. The other floorplans (A, B, C, and E) all appear to be mirror images of each other along the vertical axis passing through the main entrance, indicating a consistent underlying pattern. Floorplan D, however, has a unique arrangement of rooms and hallways that deviates from this symmetry, suggesting it has a different underlying pattern."
"[19, 28]","[15, 13]","['55589', '52721', '43363', '34763', '23197']",34763,1. **Different floorplan:** C,"1. **Different floorplan:** C
2. **Why:** Floorplan C is the only one that does not have a symmetrical layout with respect to the main entrance. The other floorplans (A, B, D, and E) all appear to be mirror images of each other along the vertical axis passing through the main entrance, indicating a consistent underlying pattern. Floorplan C, however, has a unique arrangement of rooms and hallways that deviates from this symmetry, suggesting it has a different underlying pattern."
"[3, 21]","[14, 8]","['53064', '57272', '40877', '14038', '47060']",40877,1. **Different floorplan:** C,"1. **Different floorplan:** C
2. **Why:** Floorplan C is the only one that does not have a symmetrical layout with respect to the main entrance. The other floorplans (A, B, D, and E) appear to be mirror images of each other along the vertical axis passing through the main entrance, indicating a consistent underlying pattern. Floorplan C, however, has a unique arrangement of rooms and hallways that deviates from this symmetry, suggesting it has a different underlying pattern."
"[5, 4]","[18, 23]","['35725', '70560', '12104', '2004', '63485']",12104,1. **Different floorplan:** E,"1. **Different floorplan:** E
2. **Why:** Floorplan E is the only one that does not follow the same pattern as the others. The other floorplans (A, B, C, and D) all have a consistent layout where the living spaces are arranged around a central core with a kitchen and bedrooms, and the entrance leads into this central area. In contrast, floorplan E has a more linear arrangement with the living spaces extending along one side, which is distinct from the circular or semi-circular layouts of the other floorplans."
"[15, 13]","[5, 29]","['53137', '34763', '25079', '52548', '68970']",52548,1. **Different floorplan:** B,"1. **Different floorplan:** B
2. **Why:** Floorplan B is the only one that does not have a symmetrical layout with respect to the main entrance. The other floorplans (A, C, D, and E) all appear to be mirror images of each other along the vertical axis passing through the main entrance, indicating a consistent underlying pattern. Floorplan B, however, has a unique arrangement of rooms and hallways that deviates from this symmetry, suggesting it has a different underlying pattern."
"[0, 6]","[15, 21]","['43375', '41154', '43036', '3384', '25447']",3384,1. **Different floorplan:** E,"1. **Different floorplan:** E
2. **Why:** Floorplan E is the only one that does not have a symmetrical layout with respect to the main entrance. The other floorplans (A, B, C, and D) all appear to be mirror images of each other along the vertical axis passing through the main entrance, indicating a consistent underlying pattern. Floorplan E, however, has a unique arrangement of rooms and hallways that deviates from this symmetry, suggesting it has a different underlying pattern."
"[15, 17]","[0, 0]","['1225', '28082', '47834', '60915', '11908']",28082,1. **Different floorplan:** B,"1. **Different floorplan:** B
2. **Why:** Floorplan B is the only one that has an additional room (pink) that is not present in the other four floorplans. This extra room disrupts the uniformity of the spatial layout compared to A, C, D, and E, which all have a consistent arrangement of rooms without any additional features like the pink room in B."
"[0, 7]","[7, 3]","['66807', '72266', '15613', '52457', '10984']",52457,1. **Different floorplan:** E,"1. **Different floorplan:** E
2. **Why:** Floorplan E is the only one that does not have a symmetrical layout with respect to the main entrance. The other floorplans (A, B, C, and D) all appear to be mirror images of each other along the vertical axis passing through the main entrance, indicating a consistent underlying pattern. Floorplan E, however, has a unique arrangement of rooms and hallways that deviates from this symmetry, suggesting it has a different underlying pattern."
"[0, 14]","[7, 22]","['42604', '80522', '75707', '23132', '37963']",23132,1. **Different floorplan:** C,"1. **Different floorplan:** C
2. **Why:** Floorplan C is the only one that does not have a continuous hallway running from the main entrance to the far end of the apartment. Instead, it features a more compact arrangement with rooms clustered together, which is distinct from the other floorplans that all have a more linear layout with a clear path from the entrance to the back of the apartment."
"[15, 28]","[0, 7]","['67905', '23274', '38548', '65801', '3258']",65801,1. **Different floorplan:** D,"1. **Different floorplan:** D
2. **Why:** Floorplan D is the only one that does not have a continuous hallway running vertically from the main entrance. Instead, it features a more complex arrangement with multiple rooms branching off from the main entrance, which is not present in the other floorplans."
"[5, 19]","[15, 17]","['53655', '49189', '10743', '77183', '60915']",60915,1. **Different floorplan:** C,"1. **Different floorplan:** C
2. **Why:** Floorplan C is the only one that does not have a symmetrical layout with respect to the main entrance. The other floorplans (A, B, D, and E) appear to be mirror images of each other along the vertical axis passing through the main entrance, indicating a consistent underlying pattern. Floorplan C, however, has a unique arrangement of rooms and hallways that deviates from this symmetry, suggesting it has a different underlying pattern."
"[15, 13]","[5, 19]","['42684', '20590', '35619', '24364', '53137']",35619,1. **Different floorplan:** C,"1. **Different floorplan:** C
2. **Why:** Floorplan C is the only one that does not have a continuous hallway running from the main entrance to the far end of the floorplan. Instead, it features a more complex arrangement with multiple turns and dead ends, which is distinct from the other floorplans that maintain a linear path."
"[0, 6]","[15, 21]","['59474', '75880', '49395', '25447', '13497']",13497,1. **Different floorplan:** D,"1. **Different floorplan:** D
2. **Why:** Floorplan D is the only one that does not have a continuous hallway running vertically from the main entrance. In contrast, floors A, B, C, and E all feature a vertical hallway extending from the main entrance, which is a consistent pattern in the other four floorplans."
"[0, 24]","[15, 28]","['37989', '10526', '31926', '74418', '48780']",10526,1. **Different floorplan:** C,"1. **Different floorplan:** C
2. **Why:** Floorplan C is the only one that does not have a continuous hallway running from the main entrance to the far end of the building. Instead, it features a more complex arrangement with multiple turns and dead ends, which is distinct from the other floorplans that maintain a more linear path."
"[15, 21]","[0, 14]","['3384', '13497', '7489', '20839', '39894']",39894,1. **Different floorplan:** D,"1. **Different floorplan:** D
2. **Why:** Floorplan D is the only one that does not have a continuous hallway running vertically from the main entrance. Instead, it features a more complex arrangement with multiple rooms branching off from the main entrance, which is not present in the other floorplans."
"[0, 6]","[15, 17]","['25447', '43375', '41154', '75880', '11908']",11908,1. **Different floorplan:** E,"1. **Different floorplan:** E
2. **Why:** Floorplan E is the only one that does not have a symmetrical layout with respect to the main entrance. The other floorplans (A, B, C, and D) all appear to be mirror images of each other along the vertical axis passing through the main entrance, indicating a consistent underlying pattern. Floorplan E, however, has a unique arrangement of rooms and hallways that deviates from this symmetry, suggesting it has a different underlying pattern."
"[15, 28]","[19, 8]","['6777', '10526', '3258', '23274', '67905']",6777,1. **Different floorplan:** B,"1. **Different floorplan:** B
2. **Why:** Floorplan B is the only one that does not have a continuous hallway running vertically from the main entrance. All other floorplans (A, C, D, and E) have a vertical hallway that extends from the main entrance, which is a consistent feature in the other four floorplans. Floorplan B lacks this characteristic, making it distinct with a different underlying pattern."
"[18, 23]","[5, 19]","['26052', '67584', '78682', '49189', '12104']",49189,1. **Different floorplan:** D,"1. **Different floorplan:** D
2. **Why:** Floorplan D is the only one that does not have a symmetrical layout with respect to the main entrance. The other floorplans (A, B, C, and E) appear to be mirror images of each other along the vertical axis passing through the main entrance, indicating a consistent underlying pattern. Floorplan D, however, shows a distinct asymmetry in the arrangement of rooms and spaces around the main entrance, suggesting a different underlying pattern."
"[15, 28]","[19, 13]","['26354', '3258', '23274', '10526', '38548']",26354,1. **Different floorplan:** D,"1. **Different floorplan:** D
2. **Why:** Floorplan D is the only one that does not have a symmetrical layout with respect to the main entrance. The other four floorplans (A, B, C, and E) all exhibit a similar pattern where the rooms are arranged symmetrically around the central axis defined by the main entrance. Floorplan D breaks this symmetry, making it distinct from the others."
"[15, 21]","[5, 4]","['70560', '13497', '3384', '20839', '7489']",70560,1. **Different floorplan:** D,"1. **Different floorplan:** D
2. **Why:** Floorplan D is the only one that does not have a continuous hallway running from the main entrance to the back of the apartment. Instead, it features a T-shaped layout with two distinct sections branching off from the main entrance, which is unique compared to the other floorplans that maintain a more linear flow."
"[19, 10]","[15, 28]","['25168', '10526', '55791', '25618', '73023']",10526,1. **Different floorplan:** B,"1. **Different floorplan:** B
2. **Why:** Floorplan B is the only one that does not have a T-shaped layout with a central corridor branching off into two perpendicular sections. Instead, it has a more complex, irregular shape with multiple turns and no clear central axis. The other floorplans (A, C, D, and E) all share a similar T-shaped pattern with a central corridor."
"[3, 4]","[14, 8]","['40877', '11039', '35787', '9383', '20671']",40877,1. **Different floorplan:** C,"1. **Different floorplan:** C
2. **Why:** Floorplan C is the only one that does not have a symmetrical layout with respect to the main entrance. The other floorplans (A, B, D, and E) appear to be mirror images of each other along the vertical axis passing through the main entrance, indicating a consistent underlying pattern. Floorplan C, however, shows a distinct asymmetry in the arrangement of rooms and spaces around the main entrance, suggesting a different underlying pattern."
"[14, 8]","[4, 27]","['28694', '39691', '40877', '28732', '77515']",77515,1. **Different floorplan:** E,"1. **Different floorplan:** E
2. **Why:** Floorplan E is the only one that does not have a symmetrical layout with respect to the main entrance. The other floorplans (A, B, C, and D) all appear to be mirror images of each other along the vertical axis passing through the main entrance, indicating a consistent underlying pattern. Floorplan E deviates from this symmetry, suggesting it has a different underlying pattern."
"[5, 29]","[18, 23]","['18711', '21765', '72365', '51743', '55950']",72365,1. **Different floorplan:** C,"1. **Different floorplan:** C
2. **Why:** Floorplan C is the only one that does not have a continuous hallway running from the main entrance to the far end of the building. Instead, it features a more compact arrangement with rooms directly connected to the entrance without a long corridor. The other floorplans (A, B, D, and E) all have a similar layout with a central hallway extending from the entrance to the back of the building."
"[15, 17]","[0, 24]","['47834', '60915', '1225', '11908', '37989']",37989,1. **Different floorplan:** E,"1. **Different floorplan:** E
2. **Why:** Floorplan E is the only one that does not have a symmetrical layout with respect to the main entrance. The other floorplans (A, B, C, and D) all appear to be mirror images of each other along the vertical axis passing through the main entrance, indicating a consistent underlying pattern. Floorplan E, however, has a unique arrangement of rooms and hallways that deviates from this symmetry, suggesting it has a different underlying pattern."
"[19, 18]","[18, 25]","['74633', '30721', '58616', '41277', '25711']",25711,1. **Different floorplan:** E,"1. **Different floorplan:** E
2. **Why:** Floorplan E is the only one that does not have a symmetrical layout with respect to the main entrance. The other floorplans (A, B, C, and D) all exhibit a similar pattern where the rooms are arranged in a way that is mirrored across the main entrance line. Floorplan E has a unique arrangement of rooms that deviates from this symmetry, making it distinct from the others."
"[7, 20]","[0, 24]","['2277', '48780', '2425', '55305', '54372']",48780,1. **Different floorplan:** C,"1. **Different floorplan:** C
2. **Why:** Floorplan C is the only one that does not have a symmetrical layout with respect to the main entrance. The other floorplans (A, B, D, and E) all appear to be mirror images of each other along the vertical axis passing through the main entrance, indicating a consistent underlying pattern. Floorplan C, however, has a unique arrangement of rooms and hallways that deviates from this symmetry, suggesting it has a different underlying pattern."
"[17, 18]","[9, 11]","['335', '66935', '6955', '21543', '46660']",335,1. **Different floorplan:** B,"1. **Different floorplan:** B
2. **Why:** Floorplan B is the only one that does not have a continuous hallway running from the main entrance to the back of the apartment. All other floorplans (A, C, D, and E) have a continuous hallway, which is a common feature in many apartment designs. Floorplan B breaks this pattern by having a more complex layout with multiple turns and dead ends, making it distinct from the others."
"[14, 8]","[3, 26]","['46039', '28732', '28694', '39691', '1064']",1064,1. **Different floorplan:** E,"1. **Different floorplan:** E
2. **Why:** Floorplan E is the only one that does not have a symmetrical layout with respect to the main entrance. The other floorplans (A, B, C, and D) all appear to be mirror images of each other along the vertical axis passing through the main entrance, indicating a consistent underlying pattern. Floorplan E deviates from this symmetry, making it distinct."
"[15, 28]","[9, 11]","['10526', '67905', '30907', '38548', '23274']",30907,1. **Different floorplan:** C,"1. **Different floorplan:** C
2. **Why:** Floorplan C is the only one that does not have a symmetrical layout with respect to the main entrance. The other floorplans (A, B, D, and E) appear to be mirror images of each other along the vertical axis passing through the main entrance, indicating a consistent underlying pattern. In contrast, Floorplan C has a unique arrangement of rooms and hallways that deviates from this symmetry, suggesting it has a different underlying pattern."
"[15, 17]","[0, 7]","['11908', '10984', '47834', '60915', '1225']",10984,1. **Different floorplan:** B,"1. **Different floorplan:** B
2. **Why:** Floorplan B is the only one that has an additional small room (pink) that is not present in the other four floorplans. This extra room disrupts the uniformity of the spatial layout compared to A, C, D, and E, which all have a consistent arrangement of rooms without any additional smaller rooms."
"[14, 8]","[3, 16]","['40877', '28732', '28694', '63317', '39691']",63317,1. **Different floorplan:** D,"1. **Different floorplan:** D
2. **Why:** Floorplan D is the only one that does not have a symmetrical layout with respect to the main entrance. The other four floorplans (A, B, C, and E) all exhibit a similar pattern where the rooms are arranged symmetrically around the central axis defined by the main entrance. Floorplan D breaks this symmetry, making it distinct from the others."
"[0, 0]","[15, 13]","['20590', '28082', '78009', '8176', '14834']",20590,1. **Different floorplan:** E,"1. **Different floorplan:** E
2. **Why:** Floorplan E is the only one that does not have a symmetrical layout with respect to the main entrance. The other floorplans (A, B, C, and D) all exhibit a similar pattern where the rooms are arranged in a way that is mirrored across the main entrance line. Floorplan E has an asymmetrical arrangement of rooms around the main entrance, which sets it apart from the others."
"[15, 21]","[9, 26]","['7489', '13497', '20839', '3384', '50181']",50181,1. **Different floorplan:** C,"1. **Different floorplan:** C
2. **Why:** Floorplan C is the only one that does not have a continuous hallway running from the main entrance to the back of the apartment. Instead, it features a T-shaped layout with two distinct sections branching off from the main entrance, which is unique compared to the other floorplans that maintain a more linear progression."
"[7, 20]","[0, 2]","['54867', '54372', '2425', '2277', '55305']",54867,1. **Different floorplan:** C,"1. **Different floorplan:** C
2. **Why:** Floorplan C is the only one that does not have a continuous hallway running from the main entrance to the back of the apartment. Instead, it features a more compact arrangement with rooms directly connected to the entrance without a central hallway. The other floorplans (A, B, D, and E) all have a similar layout with a central hallway extending from the entrance to the back of the apartment."
"[18, 23]","[5, 4]","['59794', '27706', '78682', '61353', '65195']",27706,1. **Different floorplan:** B,"1. **Different floorplan:** B
2. **Why:** Floorplan B is the only one that does not have a symmetrical layout with respect to the main entrance. The other floorplans (A, C, D, and E) appear to be mirror images of each other along the vertical axis passing through the main entrance, indicating a consistent underlying pattern. Floorplan B, however, has a unique arrangement of rooms and hallways that deviates from this symmetry, suggesting it has a different underlying pattern."
"[14, 8]","[3, 17]","['28694', '53579', '39691', '28732', '46039']",53579,1. **Different floorplan:** B,"1. **Different floorplan:** B
2. **Why:** Floorplan B is the only one that has a unique arrangement of rooms compared to the others. In all other floorplans (A, C, D, and E), the living area (yellow) is consistently positioned adjacent to the kitchen (orange) with the bedroom (green) and bathroom (blue) in a similar relative position. However, in floorplan B, the living area is separated from the kitchen by an additional room (pink), which is not present in the other floorplans. This distinct layout makes it the one with a different underlying pattern."
"[18, 23]","[14, 8]","['59794', '40877', '5909', '48306', '72978']",40877,1. **Different floorplan:** B,"1. **Different floorplan:** B
2. **Why:** Floorplan B is the only one that does not have a symmetrical layout with respect to the main entrance. The other floorplans (A, C, D, and E) all appear to be mirror images of each other along the vertical axis passing through the main entrance, indicating a consistent underlying pattern. Floorplan B, however, has a unique arrangement of rooms and hallways that deviates from this symmetry, suggesting it has a different underlying pattern."
"[19, 8]","[18, 25]","['6777', '71082', '36396', '19346', '73827']",73827,1. **Different floorplan:** B,"1. **Different floorplan:** B
2. **Why:** Floorplan B is the only one that does not have a symmetrical layout with respect to the main entrance. The other floorplans (A, C, D, and E) all appear to be mirror images of each other along the vertical axis passing through the main entrance, indicating a consistent underlying pattern. Floorplan B, however, has a unique arrangement of rooms and hallways that deviates from this symmetry, suggesting it has a different underlying pattern."
"[9, 11]","[15, 28]","['41897', '335', '10526', '52758', '15606']",10526,1. **Different floorplan:** D,"1. **Different floorplan:** D
2. **Why:** Floorplan D is the only one that does not have a symmetrical layout with respect to the main entrance. The other floorplans (A, B, C, and E) appear to have a consistent pattern where the rooms are arranged in a way that is mirrored across the main entrance line. Floorplan D has an asymmetrical arrangement of rooms around the main entrance, which sets it apart from the others."
"[15, 28]","[0, 24]","['23274', '10526', '38548', '3258', '48780']",48780,1. **Different floorplan:** E,"1. **Different floorplan:** E
2. **Why:** Floorplan E is the only one that features an additional room (pink room) that is not present in the other four floorplans. This extra room disrupts the uniformity of the spatial layout, making it distinct from the others which maintain a consistent pattern of rooms and corridors."
"[15, 28]","[9, 26]","['38548', '3258', '10526', '23274', '50181']",50181,1. **Different floorplan:** E,"1. **Different floorplan:** E
2. **Why:** Floorplan E is the only one that does not have a symmetrical layout with respect to the main entrance. The other floorplans (A, B, C, and D) all appear to be mirror images of each other along the vertical axis passing through the main entrance, indicating a consistent underlying pattern. Floorplan E, however, has a unique arrangement of rooms and hallways that deviates from this symmetry, suggesting it has a different underlying pattern."
"[18, 23]","[5, 22]","['14167', '48306', '77349', '61353', '72365']",77349,1. **Different floorplan:** C,"1. **Different floorplan:** C
2. **Why:** Floorplan C is the only one that does not have a symmetrical layout with respect to the main entrance. The other floorplans (A, B, D, and E) all appear to be mirror images of each other along the vertical axis passing through the main entrance, indicating a consistent underlying pattern. Floorplan C, however, has a unique arrangement of rooms and hallways that deviates from this symmetry, suggesting it has a different underlying pattern."
"[3, 5]","[14, 7]","['38835', '63514', '12162', '74226', '64']",38835,1. **Different floorplan:** B,"1. **Different floorplan:** B
2. **Why:** Floorplan B is the only one that does not have a symmetrical layout with respect to the main entrance. The other floorplans (A, C, D, and E) all appear to be symmetrical along the line passing through the main entrance, which suggests a consistent underlying pattern. Floorplan B, however, has an asymmetrical arrangement of rooms around the entrance, indicating a different underlying pattern compared to the others."
"[19, 14]","[15, 13]","['26372', '24364', '64729', '26703', '72517']",24364,1. **Different floorplan:** E,"1. **Different floorplan:** E
2. **Why:** Floorplan E is the only one that does not have a continuous hallway running from the main entrance to the far end of the apartment. Instead, it features a more complex layout with multiple turns and dead ends, which is distinct from the simpler, linear patterns in the other floorplans."
"[15, 21]","[0, 6]","['25447', '20839', '13497', '7489', '3384']",25447,1. **Different floorplan:** B,"1. **Different floorplan:** B
2. **Why:** Floorplan B is the only one that does not have a continuous hallway running from the main entrance to the back of the apartment. Instead, it features a T-shaped layout with two distinct sections branching off from the main entrance, which is unique compared to the other floorplans that maintain a more linear progression."
"[0, 6]","[7, 1]","['41154', '25447', '16951', '43375', '59474']",16951,1. **Different floorplan:** E,"1. **Different floorplan:** E
2. **Why:** Floorplan E is the only one that does not have a continuous hallway running from the main entrance to the back of the apartment. Instead, it features a more open layout with fewer distinct rooms, which sets it apart from the others that have a more traditional hallway layout."
"[15, 13]","[19, 8]","['25079', '42684', '53137', '36396', '20590']",36396,1. **Different floorplan:** C,"1. **Different floorplan:** C
2. **Why:** Floorplan C is the only one that does not have a continuous hallway running from the main entrance to the opposite side of the floorplan. Instead, it features a T-shaped layout with two perpendicular hallways meeting at the center, which is distinct from the linear hallway patterns in the other floorplans (A, B, D, and E)."
"[9, 26]","[17, 18]","['50181', '46660', '27788', '7474', '23716']",46660,1. **Different floorplan:** C,"1. **Different floorplan:** C
2. **Why:** Floorplan C is the only one that does not have a symmetrical layout with respect to the main entrance. The other floorplans (A, B, D, and E) appear to be mirror images of each other along the vertical axis passing through the main entrance, indicating a consistent underlying pattern. Floorplan C, however, has a unique arrangement of rooms and hallways that deviates from this symmetry, suggesting it has a different underlying pattern."
"[3, 16]","[14, 7]","['11746', '63317', '51393', '56017', '177']",51393,1. **Different floorplan:** C,"1. **Different floorplan:** C
2. **Why:** Floorplan C is the only one that does not have a symmetrical layout with respect to the main entrance. The other floorplans (A, B, D, and E) all appear to be mirror images of each other along the vertical axis passing through the main entrance, indicating a consistent underlying pattern. Floorplan C, however, has a unique arrangement of rooms and hallways that deviates from this symmetry, suggesting it has a different underlying pattern."
"[0, 24]","[15, 17]","['37989', '74418', '1225', '48780', '31926']",1225,1. **Different floorplan:** C,"1. **Different floorplan:** C
2. **Why:** Floorplan C is the only one that does not have a symmetrical layout with respect to the main entrance. The other floorplans (A, B, D, and E) appear to be mirror images of each other along the vertical axis passing through the main entrance, indicating a consistent underlying pattern. Floorplan C, however, has a unique arrangement of rooms and hallways that deviates from this symmetry, suggesting it has a different underlying pattern."
"[19, 10]","[18, 23]","['64148', '55791', '25618', '73023', '21540']",64148,1. **Different floorplan:** D,"1. **Different floorplan:** D
2. **Why:** Floorplan D is the only one that does not have a continuous hallway running from the main entrance to the back of the apartment. Instead, it features a T-shaped layout with a central room branching off into two smaller rooms, which is distinct from the other floorplans that maintain a more linear progression."
"[18, 25]","[19, 5]","['62071', '3282', '73827', '25711', '32569']",32569,1. **Different floorplan:** B,"1. **Different floorplan:** B
2. **Why:** Floorplan B is the only one that has a distinct arrangement of rooms compared to the others. In particular, it features a large central open space that is not present in the other floorplans. This central open space is surrounded by smaller rooms, which is unique to B. The other floorplans have more consistent layouts with similar room arrangements and sizes."
"[14, 9]","[3, 4]","['26506', '6508', '20671', '39708', '40550']",20671,1. **Different floorplan:** C,"1. **Different floorplan:** C
2. **Why:** Floorplan C is the only one that does not have a symmetrical layout with respect to the main entrance. The other floorplans (A, B, D, and E) all appear to be mirror images of each other along the vertical axis passing through the main entrance, indicating a consistent underlying pattern. Floorplan C, however, has a unique arrangement of rooms and hallways that deviates from this symmetry, suggesting it has a different underlying pattern."
"[15, 13]","[0, 14]","['42684', '68970', '25079', '53137', '1261']",1261,1. **Different floorplan:** D,"1. **Different floorplan:** D
2. **Why:** Floorplan D is the only one that does not have a continuous hallway running from the main entrance to the far end of the building. Instead, it features a T-shaped layout with a central area that branches off into two perpendicular sections. This unique configuration sets it apart from the other floorplans, which all have a more linear or U-shaped arrangement."
"[15, 28]","[19, 8]","['38548', '67905', '6777', '3258', '10526']",6777,1. **Different floorplan:** C,"1. **Different floorplan:** C
2. **Why:** Floorplan C is the only one that includes a staircase leading up to an upper level, which is not present in the other floorplans. All other floorplans have a single level with no visible stairs."
"[15, 28]","[0, 2]","['23274', '9639', '38548', '10526', '67905']",9639,1. **Different floorplan:** C,"1. **Different floorplan:** C
2. **Why:** Floorplan C is the only one that does not have a symmetrical layout with respect to the main entrance. The other floorplans (A, B, D, and E) all appear to be mirror images of each other along the vertical axis passing through the main entrance, indicating a consistent underlying pattern. Floorplan C, however, has a unique arrangement of rooms and hallways that deviates from this symmetry, suggesting it has a different underlying pattern."
"[3, 5]","[14, 8]","['28732', '12162', '63514', '74226', '64']",28732,1. **Different floorplan:** C,"1. **Different floorplan:** C
2. **Why:** Floorplan C is the only one that does not have a symmetrical layout with respect to the main entrance. The other floorplans (A, B, D, and E) all appear to be mirror images of each other along the vertical axis passing through the main entrance, indicating a consistent underlying pattern. Floorplan C, however, has a unique arrangement of rooms and hallways that deviates from this symmetry, suggesting it has a different underlying pattern."
"[15, 28]","[0, 0]","['10526', '3258', '67905', '28082', '38548']",28082,1. **Different floorplan:** E,"1. **Different floorplan:** E
2. **Why:** Floorplan E is the only one that does not have a continuous hallway running vertically from the main entrance. All other floorplans (A, B, C, and D) have a vertical hallway extending from the main entrance, which is a consistent feature in the other four floorplans. Floorplan E has a more complex layout with multiple turns and a different arrangement of rooms, making it distinct from the others."
"[15, 17]","[0, 6]","['11908', '60915', '43375', '1225', '47834']",43375,1. **Different floorplan:** C,"1. **Different floorplan:** C
2. **Why:** Floorplan C is the only one that does not have a continuous hallway running vertically from the main entrance. Instead, it features a more complex arrangement with multiple turns and a different distribution of rooms compared to the other floorplans, which all have a similar layout with a central hallway."
"[7, 3]","[0, 2]","['43629', '61767', '75828', '64781', '52457']",43629,1. **Different floorplan:** E,"1. **Different floorplan:** E
2. **Why:** Floorplan E is the only one that does not have a symmetrical layout with respect to the main entrance. The other floorplans (A, B, C, and D) all exhibit a similar pattern where the rooms are arranged in a way that is mirrored across the main entrance line. Floorplan E has a unique arrangement of rooms that deviates from this symmetry, making it distinct from the others."
"[15, 13]","[5, 4]","['24364', '20590', '62609', '68970', '42684']",62609,1. **Different floorplan:** C,"1. **Different floorplan:** C
2. **Why:** Floorplan C is the only one that does not have a symmetrical layout with respect to the main entrance. The other floorplans (A, B, D, and E) all appear to be mirror images of each other along the vertical axis passing through the main entrance, indicating a consistent underlying pattern. Floorplan C, however, has a unique arrangement of rooms and hallways that deviates from this symmetry, suggesting it has a different underlying pattern."
"[9, 3]","[15, 13]","['14914', '64671', '9662', '1268', '20590']",20590,1. **Different floorplan:** E,"1. **Different floorplan:** E
2. **Why:** Floorplan E is the only one that does not have a continuous hallway running from the main entrance to the far end of the apartment. Instead, it features a more complex layout with multiple intersecting rooms and a lack of a clear linear path, which distinguishes it from the other floorplans that all appear to have a similar linear hallway pattern."
"[14, 9]","[3, 7]","['6508', '26678', '30859', '14102', '40550']",30859,1. **Different floorplan:** C,"1. **Different floorplan:** C
2. **Why:** Floorplan C is the only one that does not have a continuous hallway running from the main entrance to the far end of the building. Instead, it features a more compact arrangement with rooms clustered together, which is distinct from the other floorplans that all have a linear hallway extending from the entrance."
"[15, 17]","[19, 25]","['47834', '11908', '60915', '26994', '1225']",26994,1. **Different floorplan:** D,"1. **Different floorplan:** D
2. **Why:** Floorplan D is the only one that does not have a continuous hallway running vertically from the main entrance. In contrast, floors A, B, C, and E all feature a vertical hallway that extends from the main entrance up to the top level, which is a consistent pattern in the other four floorplans."
"[3, 17]","[14, 7]","['12043', '53579', '64047', '38478', '25607']",25607,1. **Different floorplan:** E,"1. **Different floorplan:** E
2. **Why:** Floorplan E is the only one that does not follow the same pattern as the others. The other floorplans (A, B, C, and D) all have a similar layout where the living spaces are arranged around a central core with bedrooms and bathrooms distributed symmetrically. Floorplan E deviates from this by having a more complex and irregular arrangement of rooms, which does not fit the typical symmetrical pattern seen in the others."
"[3, 7]","[14, 9]","['73164', '19992', '37907', '6508', '4286']",6508,1. **Different floorplan:** B,"1. **Different floorplan:** B
2. **Why:** Floorplan B is the only one that does not have a symmetrical layout with respect to the main entrance. The other floorplans (A, C, D, and E) all appear to be symmetrical around the main entrance, with rooms arranged in a consistent manner on either side. Floorplan B has an asymmetrical arrangement, which sets it apart from the others."
"[19, 25]","[18, 23]","['26994', '74532', '59747', '72978', '33749']",72978,1. **Different floorplan:** B,"1. **Different floorplan:** B
2. **Why:** Floorplan B is the only one that does not have a continuous hallway running vertically from the main entrance. All other floorplans (A, C, D, and E) have a vertical hallway that extends from the main entrance, which is a consistent feature in the other four floorplans. Floorplan B has a more complex layout with multiple turns and no clear vertical hallway, making it distinct from the others."
"[15, 17]","[19, 14]","['11908', '47834', '60915', '64729', '1225']",64729,1. **Different floorplan:** D,"1. **Different floorplan:** D
2. **Why:** Floorplan D is the only one that does not have a continuous hallway running vertically from the main entrance. In contrast, floors A, B, C, and E all feature a vertical hallway that extends from the main entrance up to the top level, which is a consistent pattern in those four floorplans. Floorplan D breaks this pattern by having a different arrangement of rooms and hallways around the main entrance, making it distinct."
"[14, 7]","[3, 21]","['25607', '38835', '14038', '67483', '51393']",14038,1. **Different floorplan:** C,"1. **Different floorplan:** C
2. **Why:** Floorplan C is the only one that does not have a symmetrical layout with respect to the main entrance. The other floorplans (A, B, D, and E) all appear to be symmetrical along the line passing through the main entrance, which suggests a consistent underlying pattern. Floorplan C, however, has an asymmetrical arrangement of rooms around the entrance, indicating a different underlying pattern."
"[0, 7]","[7, 3]","['10984', '65801', '61767', '72266', '15613']",61767,1. **Different floorplan:** C,"1. **Different floorplan:** C
2. **Why:** Floorplan C is the only one that does not have a symmetrical layout with respect to the main entrance. The other floorplans (A, B, D, and E) all appear to be symmetrical in their arrangement of rooms around the main entrance, whereas C has an asymmetrical distribution of spaces, which suggests a different underlying pattern."
"[19, 18]","[15, 17]","['30721', '41277', '47834', '55086', '29042']",47834,1. **Different floorplan:** C,"1. **Different floorplan:** C
2. **Why:** Floorplan C is the only one that does not have a symmetrical layout with respect to the main entrance. The other floorplans (A, B, D, and E) all appear to be mirror images of each other along the vertical axis passing through the main entrance, indicating a consistent underlying pattern. Floorplan C, however, has a unique arrangement of rooms and hallways that deviates from this symmetry, suggesting it has a different underlying pattern."
"[15, 13]","[0, 2]","['59390', '20590', '24364', '34763', '68970']",59390,1. **Different floorplan:** B,"1. **Different floorplan:** B
2. **Why:** Floorplan B is the only one that does not have a symmetrical layout with respect to the main entrance. The other floorplans (A, C, D, and E) all appear to be mirror images of each other along the vertical axis passing through the main entrance, indicating a consistent underlying pattern. Floorplan B, however, has a unique arrangement of rooms and hallways that deviates from this symmetry, suggesting it has a different underlying pattern."
"[14, 8]","[3, 17]","['38478', '40877', '39691', '46039', '28732']",38478,1. **Different floorplan:** B,"1. **Different floorplan:** B
2. **Why:** Floorplan B is the only one that has a distinct arrangement of rooms compared to the others. While the other floorplans have a consistent pattern with a central hallway leading to various rooms, floorplan B has an additional section at the bottom left corner that disrupts this pattern. This extra section does not follow the same layout as the rest of the floorplan, making it stand out as having a different underlying pattern."
"[0, 2]","[7, 1]","['45218', '9639', '9836', '17550', '51831']",17550,1. **Different floorplan:** C,"1. **Different floorplan:** C
2. **Why:** Floorplan C is the only one that does not have a symmetrical layout with respect to the main entrance. The other floorplans (A, B, D, and E) all appear to be mirror images of each other along the vertical axis passing through the main entrance, indicating a consistent underlying pattern. Floorplan C, however, has a unique arrangement of rooms and hallways that deviates from this symmetry, suggesting it has a different underlying pattern."
"[19, 28]","[15, 17]","['43363', '23197', '11908', '52721', '55589']",11908,1. **Different floorplan:** C,"1. **Different floorplan:** C
2. **Why:** Floorplan C is the only one that does not have a symmetrical layout with respect to the main entrance. The other floorplans (A, B, D, and E) all appear to be mirror images of each other along the vertical axis passing through the main entrance, indicating a consistent underlying pattern. Floorplan C, however, has a unique arrangement of rooms and hallways that deviates from this symmetry, suggesting it has a different underlying pattern."
"[3, 12]","[14, 7]","['27821', '20968', '51393', '37955', '1181']",51393,1. **Different floorplan:** C,"1. **Different floorplan:** C
2. **Why:** Floorplan C is the only one that does not have a continuous hallway running from the main entrance to the far end of the building. Instead, it features a more complex layout with multiple turns and dead ends, which is distinct from the other floorplans that maintain a linear path."
"[15, 13]","[9, 3]","['53137', '68970', '34763', '20590', '64671']",64671,1. **Different floorplan:** E,"1. **Different floorplan:** E
2. **Why:** Floorplan E is the only one that does not have a continuous hallway running from the main entrance to the far end of the apartment. Instead, it features a more complex layout with multiple turns and dead ends, which is distinct from the other floorplans that maintain a more linear path."
"[15, 13]","[9, 11]","['53137', '42684', '20590', '34763', '15606']",15606,1. **Different floorplan:** E,"1. **Different floorplan:** E
2. **Why:** Floorplan E is the only one that does not have a continuous hallway running from the main entrance to the far end of the apartment. Instead, it features a more complex layout with multiple turns and dead ends, which is distinct from the other floorplans that maintain a more linear path."
"[0, 6]","[15, 28]","['38548', '59474', '75880', '43036', '43375']",38548,1. **Different floorplan:** A,"1. **Different floorplan:** A
2. **Why:** Floorplan A is the only one that does not have a symmetrical layout with respect to the main entrance. The other floorplans (B, C, D, and E) all appear to be mirror images of each other along the vertical axis passing through the main entrance, indicating a consistent underlying pattern. Floorplan A, however, has a unique arrangement of rooms and hallways that deviates from this symmetry, suggesting it has a different underlying pattern."
"[15, 28]","[9, 4]","['50510', '23274', '10526', '67905', '3258']",50510,1. **Different floorplan:** C,"1. **Different floorplan:** C
2. **Why:** Floorplan C is the only one that does not have a symmetrical layout with respect to the main entrance. The other floorplans (A, B, D, and E) all appear to be mirror images of each other along the vertical axis passing through the main entrance, indicating a consistent underlying pattern. Floorplan C, however, has a unique arrangement of rooms and hallways that deviates from this symmetry, suggesting it has a different underlying pattern."
"[19, 28]","[18, 25]","['40111', '23197', '52721', '43363', '25711']",25711,1. **Different floorplan:** E,"1. **Different floorplan:** E
2. **Why:** Floorplan E is the only one that does not have a symmetrical layout with respect to the main entrance. The other floorplans (A, B, C, and D) all appear to be mirror images of each other along the vertical axis passing through the main entrance, indicating a consistent underlying pattern. Floorplan E, however, has a unique arrangement of rooms and hallways that deviates from this symmetry, suggesting it has a different underlying pattern."
"[3, 17]","[14, 8]","['46039', '53579', '33084', '54792', '38478']",46039,1. **Different floorplan:** E,"1. **Different floorplan:** E
2. **Why:** Floorplan E is the only one that does not have a symmetrical layout with respect to the main entrance. The other floorplans (A, B, C, and D) all exhibit a similar pattern where the rooms are arranged in a way that is mirrored across the main entrance line. Floorplan E has a unique arrangement of rooms that deviates from this symmetry, making it distinct from the others."
"[15, 13]","[9, 26]","['24364', '20590', '68970', '7474', '42684']",7474,1. **Different floorplan:** D,"1. **Different floorplan:** D
2. **Why:** Floorplan D is the only one that does not have a continuous hallway running from the main entrance to the back of the apartment. Instead, it features a more complex layout with multiple rooms branching off from the entrance, which is distinct from the other floorplans that maintain a more linear path."
"[15, 28]","[0, 7]","['3258', '10526', '72266', '38548', '67905']",72266,1. **Different floorplan:** C,"1. **Different floorplan:** C
2. **Why:** Floorplan C is the only one that does not have a continuous hallway running from the main entrance to the far end of the building. Instead, it features a more compact arrangement with smaller rooms and a different flow compared to the other floorplans, which all have a similar layout with a central hallway extending throughout."
"[18, 23]","[14, 8]","['20502', '61353', '46039', '15451', '64148']",46039,1. **Different floorplan:** B,"1. **Different floorplan:** B
2. **Why:** Floorplan B is the only one that does not have a symmetrical layout with respect to the main entrance. The other floorplans (A, C, D, and E) all appear to be mirror images of each other along the vertical axis passing through the main entrance, indicating a consistent underlying pattern. Floorplan B, however, has a unique arrangement of rooms and hallways that deviates from this symmetry, suggesting it has a different underlying pattern."
"[5, 4]","[18, 25]","['27706', '3282', '35725', '70560', '53032']",3282,1. **Different floorplan:** E,"1. **Different floorplan:** E
2. **Why:** Floorplan E is the only one that does not have a symmetrical layout with respect to the main entrance. The other floorplans (A, B, C, and D) all appear to be mirror images of each other along the vertical axis passing through the main entrance, indicating a consistent underlying pattern. Floorplan E, however, has a unique arrangement of rooms and hallways that deviates from this symmetry, suggesting it has a different underlying pattern."
"[3, 5]","[14, 9]","['12162', '74226', '63514', '6508', '64']",6508,1. **Different floorplan:** B,"1. **Different floorplan:** B
2. **Why:** Floorplan B is the only one that does not have a continuous hallway running from the main entrance to the far end of the apartment. Instead, it features a T-shaped layout with a central room branching off from the main entrance, which is distinct from the linear layouts of the other floorplans."
"[0, 6]","[15, 13]","['25079', '49395', '43375', '59474', '41154']",25079,1. **Different floorplan:** D,"1. **Different floorplan:** D
2. **Why:** Floorplan D is the only one that does not have a continuous hallway running from the main entrance to the back of the apartment. Instead, it features a more complex arrangement with multiple rooms branching off from the entrance, which is distinct from the other floorplans that maintain a linear path."
"[15, 28]","[19, 18]","['58616', '23274', '3258', '67905', '38548']",58616,1. **Different floorplan:** A,"1. **Different floorplan:** A
2. **Why:** Floorplan A is the only one that features a central hallway with multiple rooms branching off from it, including a living room, dining room, and bedrooms. This layout is distinct from the others, which have more compact and symmetrical designs without a central hallway. The other floorplans (B, C, D, and E) all appear to be variations of a single, simpler design where the main entrance leads directly into a larger open space, possibly a living area, with smaller rooms arranged around it in a more uniform manner."
"[15, 13]","[0, 14]","['25079', '1261', '42684', '20590', '34763']",1261,1. **Different floorplan:** B,"1. **Different floorplan:** B
2. **Why:** Floorplan B is the only one that does not have a symmetrical layout with respect to the main entrance. The other floorplans (A, C, D, and E) all appear to be mirror images of each other along the vertical axis passing through the main entrance, indicating a consistent underlying pattern. Floorplan B, however, has a unique arrangement of rooms and hallways that deviates from this symmetry, suggesting it has a different underlying pattern."
"[17, 5]","[9, 26]","['7913', '33045', '72055', '27788', '50221']",27788,1. **Different floorplan:** D,"1. **Different floorplan:** D
2. **Why:** Floorplan D is the only one that does not have a symmetrical layout with respect to the main entrance. The other floorplans (A, B, C, and E) all appear to be mirror images of each other along the vertical axis passing through the main entrance, indicating a consistent underlying pattern. Floorplan D, however, has a unique arrangement of rooms and hallways that deviates from this symmetry, suggesting it has a different underlying pattern."
"[14, 9]","[3, 4]","['14102', '26506', '9383', '6508', '40550']",9383,1. **Different floorplan:** C,"1. **Different floorplan:** C
2. **Why:** Floorplan C is the only one that does not have a continuous hallway running from the main entrance to the back of the apartment. Instead, it features a T-shaped layout with a central room branching off into two smaller rooms, which is distinct from the linear hallway patterns in A, B, D, and E."
"[18, 25]","[19, 18]","['3282', '62071', '4132', '25711', '30721']",30721,1. **Different floorplan:** C,"1. **Different floorplan:** C
2. **Why:** Floorplan C is the only one that does not have a continuous hallway running from the main entrance to the back of the apartment. Instead, it has a T-shaped layout with a central room branching off into two smaller rooms, which is distinct from the other floorplans that all have a more linear or corridor-like arrangement."
"[15, 13]","[5, 29]","['51743', '53137', '24364', '42684', '20590']",51743,1. **Different floorplan:** E,"1. **Different floorplan:** E
2. **Why:** Floorplan E is the only one that does not have a symmetrical layout with respect to the main entrance. The other four floorplans (A, B, C, and D) all exhibit a similar pattern where the rooms are arranged in a way that is mirrored across the main entrance line. Floorplan E has an asymmetrical arrangement of rooms around the main entrance, which sets it apart from the others."
"[15, 17]","[5, 4]","['47834', '35725', '60915', '11908', '1225']",35725,1. **Different floorplan:** B,"1. **Different floorplan:** B
2. **Why:** Floorplan B is the only one that does not have a continuous hallway running vertically from the main entrance. All other floorplans (A, C, D, and E) have a vertical hallway that extends from the main entrance up to the top level, which is consistent with the other four floorplans. Floorplan B has a more complex layout with multiple turns and a lack of a continuous vertical hallway, making it distinct from the others."
"[0, 14]","[15, 17]","['42604', '1261', '39894', '1225', '17291']",1225,1. **Different floorplan:** D,"1. **Different floorplan:** D
2. **Why:** Floorplan D is the only one that does not have a continuous hallway running from the main entrance to the far end of the floorplan. Instead, it features a more complex layout with multiple turns and dead ends, which is distinct from the other floorplans that maintain a more linear path."
"[0, 6]","[15, 28]","['59474', '49395', '25447', '67905', '75880']",67905,1. **Different floorplan:** B,"1. **Different floorplan:** B
2. **Why:** Floorplan B is the only one that has a distinct arrangement of rooms compared to the others. While the other floorplans have a consistent pattern with a central hallway leading to various rooms, floorplan B has a more complex layout with multiple intersecting hallways and a different distribution of room sizes and types. This makes it stand out from the rest in terms of spatial organization."
"[15, 21]","[19, 13]","['13497', '7489', '20839', '3384', '37914']",37914,1. **Different floorplan:** C,"1. **Different floorplan:** C
2. **Why:** Floorplan C is the only one that does not have a continuous hallway running from the main entrance to the back of the apartment. Instead, it features a T-shaped layout with two distinct sections branching off from the main entrance, which is unique compared to the other floorplans that maintain a more linear progression."
"[0, 24]","[15, 13]","['31926', '48780', '24364', '37989', '74418']",24364,1. **Different floorplan:** C,"1. **Different floorplan:** C
2. **Why:** Floorplan C is the only one that does not have a continuous hallway running from the main entrance to the far end of the building. Instead, it features a more complex arrangement with multiple turns and dead ends, which is distinct from the other floorplans that maintain a linear path throughout."
"[19, 18]","[15, 17]","['30721', '36535', '29042', '11908', '55086']",11908,1. **Different floorplan:** D,"1. **Different floorplan:** D
2. **Why:** Floorplan D is the only one that does not have a continuous hallway running vertically from the main entrance. In contrast, floors A, B, C, and E all feature a vertical hallway that extends from the main entrance up to the top level, which is a consistent pattern in the other four floorplans."
"[7, 3]","[0, 7]","['75828', '10984', '61767', '52457', '64781']",10984,1. **Different floorplan:** C,"1. **Different floorplan:** C
2. **Why:** Floorplan C is the only one that does not have a symmetrical layout with respect to the main entrance. The other floorplans (A, B, D, and E) appear to be mirror images of each other along the vertical axis passing through the main entrance, indicating a consistent underlying pattern. Floorplan C, however, shows a distinct asymmetry in the placement of rooms and the overall layout, making it stand out from the others."
"[15, 21]","[9, 11]","['20839', '13497', '3384', '7489', '15606']",15606,1. **Different floorplan:** E,"1. **Different floorplan:** E
2. **Why:** Floorplan E is the only one that does not have a continuous hallway running from the main entrance to the back of the apartment. Instead, it has a more compact arrangement with smaller rooms and a different flow compared to the other four floorplans, which all feature a similar layout with a central hallway."
"[14, 9]","[3, 17]","['38478', '26678', '40550', '26506', '6508']",38478,1. **Different floorplan:** B,"1. **Different floorplan:** B
2. **Why:** Floorplan B is the only one that does not have a continuous hallway running from the main entrance to the back of the apartment. Instead, it features a more complex arrangement with multiple rooms branching off from the main entrance, which is not present in the other floorplans."
"[5, 19]","[15, 21]","['7489', '60473', '77183', '63077', '53655']",7489,1. **Different floorplan:** D,"1. **Different floorplan:** D
2. **Why:** Floorplan D is the only one that does not have a continuous hallway running vertically from the main entrance. In contrast, floors A, B, C, and E all feature a vertical hallway that extends from the main entrance up to the top level, which is a consistent pattern in those plans. Floorplan D has a more complex layout with multiple levels and rooms that do not follow this vertical hallway pattern."
"[15, 13]","[19, 18]","['74633', '25079', '53137', '34763', '42684']",74633,1. **Different floorplan:** C,"1. **Different floorplan:** C
2. **Why:** Floorplan C is the only one that does not have a symmetrical layout with respect to the main entrance. The other floorplans (A, B, D, and E) all appear to be mirror images of each other along the vertical axis passing through the main entrance, indicating a consistent underlying pattern. Floorplan C, however, has a unique arrangement of rooms and hallways that deviates from this symmetry, suggesting it has a different underlying pattern."
"[19, 14]","[15, 28]","['64729', '72517', '26372', '10526', '26703']",10526,1. **Different floorplan:** C,"1. **Different floorplan:** C
2. **Why:** Floorplan C is the only one that does not have a symmetrical layout with respect to the main entrance. The other floorplans (A, B, D, and E) all appear to be mirror images of each other along the vertical axis passing through the main entrance, indicating a consistent underlying pattern. Floorplan C, however, has a unique arrangement of rooms and hallways that deviates from this symmetry, suggesting it has a different underlying pattern."
"[15, 17]","[19, 10]","['11908', '60915', '47834', '1225', '73023']",73023,1. **Different floorplan:** E,"1. **Different floorplan:** E
2. **Why:** Floorplan E is the only one that does not have a continuous hallway running vertically from the main entrance. All other floorplans (A, B, C, and D) have a vertical hallway that extends from the main entrance, which is a common feature in the other four floorplans. Floorplan E has a more complex layout with multiple rooms branching off from the main entrance without a continuous hallway."
"[9, 11]","[18, 23]","['61914', '52758', '335', '41897', '42151']",42151,1. **Different floorplan:** C,"1. **Different floorplan:** C
2. **Why:** Floorplan C is the only one that does not have a symmetrical layout with respect to the main entrance. The other floorplans (A, B, D, and E) appear to be mirror images of each other along the vertical axis passing through the main entrance, indicating a consistent underlying pattern. Floorplan C, however, shows a distinct asymmetry in the placement of rooms and hallways around the main entrance, suggesting a different underlying pattern."
"[19, 18]","[18, 23]","['59794', '35149', '49556', '30721', '74633']",59794,1. **Different floorplan:** B,"1. **Different floorplan:** B
2. **Why:** Floorplan B is the only one that has a distinct arrangement of rooms compared to the others. In particular, the placement of the living room and bedroom in relation to the kitchen and bathroom differs significantly from the other floorplans. The living room in B is positioned closer to the entrance and shares a wall with the bedroom, which is not the case in the other floorplans where the living room is typically separated from the bedroom by an open space or a door. Additionally, the kitchen and bathroom in B are located in a way that does not match the typical layout seen in the other floorplans, making it stand out as having a different underlying pattern."
"[19, 14]","[15, 28]","['3258', '72517', '64729', '26372', '26703']",3258,1. **Different floorplan:** D,"1. **Different floorplan:** D
2. **Why:** Floorplan D is the only one that does not have a continuous hallway running from the main entrance to the far end of the building. Instead, it features a more complex layout with multiple turns and dead ends, which is distinct from the simpler, linear patterns seen in the other floorplans."
"[3, 4]","[14, 9]","['20671', '9383', '11039', '35787', '14102']",14102,1. **Different floorplan:** E,"1. **Different floorplan:** E
2. **Why:** Floorplan E is the only one that does not have a symmetrical layout with respect to the main entrance. The other floorplans (A, B, C, and D) all appear to be mirror images of each other along the vertical axis passing through the main entrance, indicating a consistent underlying pattern. Floorplan E, however, has a unique arrangement of rooms and hallways that deviates from this symmetry, suggesting it has a different underlying pattern."
"[15, 13]","[19, 14]","['25079', '24364', '34763', '20590', '72517']",72517,1. **Different floorplan:** E,"1. **Different floorplan:** E
2. **Why:** Floorplan E is the only one that does not have a continuous hallway running from the main entrance to the far end of the building. Instead, it features a more complex layout with multiple turns and dead ends, which is distinct from the other floorplans that maintain a more linear path."
"[18, 23]","[9, 11]","['26755', '10433', '6216', '78682', '61914']",61914,1. **Different floorplan:** E,"1. **Different floorplan:** E
2. **Why:** Floorplan E has a distinct arrangement of rooms compared to the others. In contrast to the other floorplans which have a more consistent layout with a central hallway leading to various rooms, floorplan E features a unique configuration where the rooms are grouped in a way that is not mirrored by the others. Specifically, the placement of the rooms around the central area and the orientation of the spaces do not align with the typical patterns observed in A, B, C, and D."
"[19, 8]","[18, 23]","['36396', '71082', '19346', '6777', '64148']",64148,1. **Different floorplan:** B,"1. **Different floorplan:** B
2. **Why:** Floorplan B is the only one that does not have a symmetrical layout with respect to the main entrance. The other floorplans (A, C, D, and E) all appear to be mirror images of each other along the vertical axis passing through the main entrance, indicating a consistent underlying pattern. Floorplan B, however, has a unique arrangement of rooms and hallways that deviates from this symmetry, suggesting it has a different underlying pattern."
"[18, 23]","[5, 29]","['65195', '40817', '52548', '64247', '37360']",52548,1. **Different floorplan:** C,"1. **Different floorplan:** C
2. **Why:** Floorplan C is the only one that does not have a symmetrical layout with respect to the main entrance. The other floorplans (A, B, D, and E) all appear to be mirror images of each other along the vertical axis passing through the main entrance, indicating a consistent underlying pattern. Floorplan C, however, has a unique arrangement of rooms and hallways that deviates from this symmetry, suggesting it has a different underlying pattern."
"[18, 23]","[19, 8]","['59794', '40817', '5909', '72978', '19346']",19346,1. **Different floorplan:** E,"1. **Different floorplan:** E
2. **Why:** Floorplan E is the only one that does not have a symmetrical layout with respect to the main entrance. The other floorplans (A, B, C, and D) all exhibit a similar pattern where the rooms are arranged in a way that is mirrored across the main entrance line. Floorplan E has an asymmetrical arrangement, which sets it apart from the others."
"[7, 20]","[0, 7]","['2277', '2425', '55305', '54372', '15613']",15613,1. **Different floorplan:** C,"1. **Different floorplan:** C
2. **Why:** Floorplan C is the only one that does not have a symmetrical layout with respect to the main entrance. The other floorplans (A, B, D, and E) all appear to be mirror images of each other along the vertical axis passing through the main entrance, indicating a consistent underlying pattern. Floorplan C, however, has a unique arrangement of rooms and hallways that deviates from this symmetry, suggesting it has a different underlying pattern."
"[7, 3]","[4, 27]","['77515', '64781', '52457', '61767', '75828']",77515,1. **Different floorplan:** C,"1. **Different floorplan:** C
2. **Why:** Floorplan C is the only one that does not have a symmetrical layout with respect to the main entrance. The other floorplans (A, B, D, and E) all appear to be mirror images of each other along the vertical axis passing through the main entrance, indicating a consistent underlying pattern. Floorplan C, however, shows a distinct asymmetry in the placement of rooms and the overall layout, making it stand out from the others."
"[3, 16]","[14, 8]","['11746', '56017', '40877', '59100', '177']",40877,1. **Different floorplan:** C,"1. **Different floorplan:** C
2. **Why:** Floorplan C is the only one that does not have a symmetrical layout with respect to the main entrance. The other floorplans (A, B, D, and E) all appear to be mirror images of each other along the vertical axis passing through the main entrance, indicating a consistent underlying pattern. Floorplan C, however, has a unique arrangement of rooms and hallways that deviates from this symmetry, suggesting it has a different underlying pattern."
"[4, 27]","[7, 22]","['70239', '77515', '12888', '31113', '5222']",31113,1. **Different floorplan:** D,"1. **Different floorplan:** D
2. **Why:** Floorplan D is the only one that does not have a continuous hallway running from the main entrance to the far end of the building. Instead, it features a more complex arrangement with multiple turns and dead ends, which is distinct from the other floorplans that maintain a linear path throughout."
"[0, 6]","[15, 13]","['41154', '43375', '49395', '75880', '25079']",25079,1. **Different floorplan:** E,"1. **Different floorplan:** E
2. **Why:** Floorplan E is the only one that does not have a symmetrical layout with respect to the main entrance. The other floorplans (A, B, C, and D) all appear to be symmetrical around the main entrance, with rooms arranged in a consistent manner on either side. Floorplan E has an asymmetrical arrangement, which sets it apart from the others."
"[18, 25]","[5, 29]","['62071', '73827', '25711', '55950', '4132']",55950,1. **Different floorplan:** C,"1. **Different floorplan:** C
2. **Why:** Floorplan C is the only one that does not have a continuous hallway running from the main entrance to the far end of the building. Instead, it features a more complex arrangement with multiple rooms branching off from the central area, which is distinct from the linear layout seen in the other floorplans."
"[18, 25]","[9, 11]","['78534', '73827', '4132', '62071', '3282']",78534,1. **Different floorplan:** C,"1. **Different floorplan:** C
2. **Why:** Floorplan C is the only one that does not have a continuous hallway running from the main entrance to the far end of the building. Instead, it features a T-shaped layout with a central area that branches off into two perpendicular sections, which is distinct from the linear layouts of the other floorplans."
"[14, 7]","[3, 16]","['67483', '56017', '25607', '77045', '51393']",56017,1. **Different floorplan:** B,"1. **Different floorplan:** B
2. **Why:** Floorplan B is the only one that has a distinct arrangement of rooms compared to the others. The other floorplans (A, C, D, and E) all have a similar layout with a central living area flanked by bedrooms and bathrooms, and a kitchen in the corner. Floorplan B, however, has a more complex and irregular distribution of spaces, with a larger central area that appears to be a combination of multiple rooms rather than a single large open space. This makes it stand out from the others."
"[18, 23]","[5, 29]","['67584', '26755', '20502', '55950', '59794']",55950,1. **Different floorplan:** E,"1. **Different floorplan:** E
2. **Why:** Floorplan E is the only one that does not have a symmetrical layout with respect to the main entrance. The other floorplans (A, B, C, and D) all exhibit a similar pattern where the rooms are arranged in a way that is mirrored across the main entrance line. Floorplan E has an asymmetrical arrangement, which sets it apart from the others."
"[5, 29]","[15, 13]","['21765', '52548', '42684', '57316', '18711']",42684,1. **Different floorplan:** B,"1. **Different floorplan:** B
2. **Why:** Floorplan B is the only one that does not have a symmetrical layout with respect to the main entrance. The other floorplans (A, C, D, and E) all appear to be mirror images of each other along the vertical axis passing through the main entrance, indicating a consistent underlying pattern. Floorplan B, however, has a unique arrangement of rooms and hallways that deviates from this symmetry, suggesting it has a different underlying pattern."
"[15, 17]","[19, 13]","['42612', '1225', '60915', '47834', '11908']",42612,1. **Different floorplan:** E,"1. **Different floorplan:** E
2. **Why:** Floorplan E is the only one that does not have a continuous hallway running from the main entrance to the back of the apartment. Instead, it has a more compact layout with rooms directly connected to the entrance without a central hallway. The other floorplans (A, B, C, and D) all feature a central hallway that extends from the main entrance to the back of the apartment, which is a consistent pattern in the other four floorplans."
"[14, 8]","[3, 12]","['46039', '1181', '28694', '40877', '28732']",1181,1. **Different floorplan:** B,"1. **Different floorplan:** B
2. **Why:** Floorplan B is the only one that does not have a symmetrical layout with respect to the main entrance. The other floorplans (A, C, D, and E) all appear to be mirror images of each other along the vertical axis passing through the main entrance, indicating a consistent underlying pattern. Floorplan B, however, has a unique arrangement of rooms and hallways that deviates from this symmetry, suggesting it has a different underlying pattern."
"[19, 5]","[15, 28]","['63902', '17017', '32569', '38548', '59952']",38548,1. **Different floorplan:** B,"1. **Different floorplan:** B
2. **Why:** Floorplan B is the only one that does not have a symmetrical layout with respect to the main entrance. All other floorplans (A, C, D, and E) appear to be mirror images of each other along the vertical axis passing through the main entrance, indicating a consistent underlying pattern. Floorplan B, however, has a unique arrangement of rooms and hallways that deviates from this symmetry, suggesting it has a different underlying pattern."
"[9, 3]","[18, 25]","['1268', '74662', '64671', '9662', '73827']",73827,1. **Different floorplan:** E,"1. **Different floorplan:** E
2. **Why:** Floorplan E is the only one that does not have a continuous hallway running from the main entrance to the back of the apartment. Instead, it features a more complex arrangement with multiple rooms branching off from the main entrance, which is not present in the other floorplans."
"[15, 28]","[0, 7]","['3258', '65801', '38548', '10526', '23274']",65801,1. **Different floorplan:** B,"1. **Different floorplan:** B
2. **Why:** Floorplan B is the only one that does not have a symmetrical layout with respect to the main entrance. The other floorplans (A, C, D, and E) all appear to be mirror images of each other along the vertical axis passing through the main entrance, indicating a consistent underlying pattern. Floorplan B, however, has a unique arrangement of rooms and hallways that deviates from this symmetry, suggesting it has a different underlying pattern."
"[7, 20]","[0, 14]","['55305', '17291', '2277', '2425', '54372']",17291,1. **Different floorplan:** B,"1. **Different floorplan:** B
2. **Why:** Floorplan B is the only one that does not have a symmetrical layout with respect to the main entrance. The other floorplans (A, C, D, and E) appear to be mirror images of each other along the vertical axis passing through the main entrance, indicating a consistent underlying pattern. Floorplan B, however, has a unique arrangement of rooms and hallways that deviates from this symmetry, suggesting it has a different underlying pattern."
"[14, 9]","[3, 16]","['26678', '26506', '39708', '56017', '6508']",56017,1. **Different floorplan:** B,"1. **Different floorplan:** B
2. **Why:** Floorplan B is the only one that does not have a symmetrical layout with respect to the main entrance. The other floorplans (A, C, D, and E) all appear to be mirror images of each other along the vertical axis passing through the main entrance, indicating a consistent underlying pattern. Floorplan B, however, has a unique arrangement of rooms and hallways that deviates from this symmetry, suggesting it has a different underlying pattern."
"[0, 0]","[7, 22]","['40679', '8176', '78009', '28082', '14834']",40679,1. **Different floorplan:** E,"1. **Different floorplan:** E
2. **Why:** Floorplan E is the only one that does not have a continuous hallway running from the main entrance to the back of the apartment. Instead, it features a more open layout with fewer distinct rooms, which differs from the other floorplans that all have a more structured hallway layout."
"[17, 21]","[9, 11]","['62454', '41897', '62549', '40487', '78147']",41897,1. **Different floorplan:** B,"1. **Different floorplan:** B
2. **Why:** Floorplan B is the only one that does not have a symmetrical arrangement of rooms around the central corridor. All other floorplans (A, C, D, and E) have a consistent pattern where the rooms are symmetrically placed around a central corridor, which is evident in their layout and the way the rooms are distributed. Floorplan B deviates from this symmetry by having an asymmetrical placement of rooms, making it distinct from the others."
"[0, 14]","[7, 22]","['42604', '31113', '1261', '17291', '80522']",31113,1. **Different floorplan:** C,"1. **Different floorplan:** C
2. **Why:** Floorplan C is the only one that does not have a continuous hallway running from the main entrance to the back of the apartment. Instead, it has a more complex layout with multiple turns and dead ends, which is distinct from the other floorplans that maintain a more linear path."
"[3, 26]","[14, 7]","['11033', '34449', '38835', '50906', '1064']",38835,1. **Different floorplan:** C,"1. **Different floorplan:** C
2. **Why:** Floorplan C is the only one that does not have a symmetrical layout with respect to the main entrance. The other floorplans (A, B, D, and E) all appear to be mirror images of each other along the vertical axis passing through the main entrance, indicating a consistent underlying pattern. Floorplan C, however, has a distinct arrangement of rooms and hallways that deviates from this symmetry, suggesting it has a different underlying pattern."
"[17, 21]","[9, 11]","['62454', '62549', '40487', '9795', '61914']",61914,1. **Different floorplan:** D,"1. **Different floorplan:** D
2. **Why:** Floorplan D is the only one that does not have a symmetrical layout with respect to the main entrance. The other floorplans (A, B, C, and E) appear to be mirror images of each other along the vertical axis passing through the main entrance, indicating a consistent underlying pattern. Floorplan D, however, shows a distinct asymmetry in the placement of rooms and the overall layout, making it stand out from the others."
"[3, 17]","[14, 7]","['53579', '33084', '12043', '77045', '64047']",77045,1. **Different floorplan:** D,"1. **Different floorplan:** D
2. **Why:** Floorplan D is the only one that does not have a continuous hallway running vertically from the main entrance. In contrast, floors A, B, C, and E all feature a vertical hallway that extends from the main entrance up to the top level, which is a consistent pattern in the other four floorplans."
"[15, 13]","[19, 18]","['20590', '24364', '53137', '68970', '36535']",36535,1. **Different floorplan:** C,"1. **Different floorplan:** C
2. **Why:** Floorplan C is the only one that does not have a symmetrical layout with respect to the main entrance. The other floorplans (A, B, D, and E) all appear to be mirror images of each other along the vertical axis passing through the main entrance, indicating a consistent underlying pattern. Floorplan C, however, has a unique arrangement of rooms and hallways that deviates from this symmetry, suggesting it has a different underlying pattern."
"[7, 20]","[0, 24]","['2425', '54372', '2277', '37989', '55305']",37989,1. **Different floorplan:** B,"1. **Different floorplan:** B
2. **Why:** Floorplan B is the only one that has a distinct arrangement of rooms compared to the others. While the other floorplans (A, C, D, and E) all have a similar layout with a central hallway leading to various rooms, including a living area, dining area, kitchen, and bedrooms, Floorplan B has an additional room attached to the right side of the hallway that is not present in the others. This extra room disrupts the uniformity of the layout, making it the one with a different underlying pattern."
"[0, 0]","[15, 13]","['78009', '8176', '28082', '42684', '14834']",42684,1. **Different floorplan:** E,"1. **Different floorplan:** E
2. **Why:** Floorplan E is the only one that does not have a continuous hallway running from the main entrance to the far end of the apartment. Instead, it features a more compact layout with smaller rooms and a different arrangement of spaces compared to the other four floorplans, which all have a similar layout with a central hallway extending throughout."
"[15, 13]","[0, 14]","['42684', '20590', '34763', '53137', '80522']",80522,1. **Different floorplan:** B,"1. **Different floorplan:** B
2. **Why:** Floorplan B is the only one that does not have a continuous hallway running from the main entrance to the far end of the building. Instead, it features a T-shaped layout with two perpendicular hallways meeting at the main entrance, which is unique compared to the other floorplans that have a more linear or U-shaped arrangement."
"[15, 21]","[19, 14]","['3384', '13497', '7489', '20839', '72517']",72517,1. **Different floorplan:** D,"1. **Different floorplan:** D
2. **Why:** Floorplan D is the only one that does not have a continuous hallway running from the main entrance to the back of the apartment. Instead, it features a more complex layout with multiple rooms branching off from the main entrance, which is not present in the other floorplans."
"[18, 25]","[19, 8]","['4132', '19346', '25711', '62071', '3282']",19346,1. **Different floorplan:** B,"1. **Different floorplan:** B
2. **Why:** Floorplan B is the only one that has an additional small room (pink) attached to the main entrance area, which is not present in the other floorplans. This unique feature distinguishes it from the others, indicating a different underlying pattern."
"[19, 13]","[15, 28]","['42612', '43324', '43396', '35479', '10526']",10526,1. **Different floorplan:** E,"1. **Different floorplan:** E
2. **Why:** Floorplan E is the only one that does not have a symmetrical layout with respect to the main entrance. The other floorplans (A, B, C, and D) all exhibit a similar pattern where the rooms are arranged in a way that is mirrored across the main entrance line, creating a symmetrical design. Floorplan E breaks this symmetry, making it distinct from the others."
"[14, 7]","[3, 21]","['25607', '38835', '77045', '53064', '51393']",53064,1. **Different floorplan:** D,"1. **Different floorplan:** D
2. **Why:** Floorplan D is the only one that does not have a symmetrical layout with respect to the main entrance. The other floorplans (A, B, C, and E) all appear to be symmetrical around their main entrances, with rooms arranged in a balanced manner. Floorplan D has an asymmetrical arrangement, which sets it apart from the others."
"[3, 26]","[14, 7]","['51393', '50906', '11033', '32729', '49864']",51393,1. **Different floorplan:** C,"1. **Different floorplan:** C
2. **Why:** Floorplan C is the only one that does not have a symmetrical layout with respect to the main entrance. The other floorplans (A, B, D, and E) appear to be mirror images of each other along the vertical axis passing through the main entrance, indicating a consistent underlying pattern. Floorplan C, however, has a unique arrangement of rooms and hallways that deviates from this symmetry, suggesting it has a different underlying pattern."
"[15, 13]","[9, 3]","['24364', '53137', '34763', '68970', '9662']",9662,1. **Different floorplan:** E,"1. **Different floorplan:** E
2. **Why:** Floorplan E is the only one that does not follow the same underlying pattern as the others. The other floorplans (A, B, C, and D) all have a similar layout where the living spaces are arranged around a central core with a kitchen and bedrooms, and the main entrance leads into a hallway that branches out to the rooms. Floorplan E, however, has a more complex arrangement with additional smaller rooms and a different distribution of spaces, making it distinct from the others."
"[5, 19]","[15, 17]","['77183', '51211', '35619', '60915', '10743']",60915,1. **Different floorplan:** D,"1. **Different floorplan:** D
2. **Why:** Floorplan D is the only one that does not have a symmetrical layout with respect to the main entrance. The other floorplans (A, B, C, and E) all appear to be mirror images of each other along the vertical axis passing through the main entrance, indicating a consistent underlying pattern. Floorplan D, however, has a unique arrangement of rooms and hallways that deviates from this symmetry, suggesting it has a different underlying pattern."
"[15, 21]","[0, 24]","['48780', '7489', '13497', '3384', '20839']",48780,1. **Different floorplan:** E,"1. **Different floorplan:** E
2. **Why:** Floorplan E is the only one that does not have a continuous hallway running from the main entrance to the back of the apartment. Instead, it features a more compact arrangement with rooms clustered together, which is distinct from the other floorplans that all have a more linear or corridor-like layout extending from the entrance."
"[15, 28]","[5, 22]","['38548', '10526', '3258', '23274', '48795']",48795,1. **Different floorplan:** E,"1. **Different floorplan:** E
2. **Why:** Floorplan E is the only one that does not have a continuous hallway running from the main entrance to the back of the apartment. Instead, it features a more complex layout with multiple turns and dead ends, which is distinct from the simpler, more linear patterns in A, B, C, and D."
"[0, 0]","[15, 28]","['14834', '28082', '78009', '3258', '8176']",3258,1. **Different floorplan:** D,"1. **Different floorplan:** D
2. **Why:** Floorplan D is the only one that does not have a continuous hallway running from the main entrance to the far end of the building. Instead, it features a T-shaped layout with two perpendicular hallways meeting at a central point, which is distinct from the linear hallway patterns in the other floorplans."
"[15, 21]","[0, 2]","['13497', '3384', '48095', '7489', '20839']",48095,1. **Different floorplan:** E,"1. **Different floorplan:** E
2. **Why:** Floorplan E is the only one that does not follow the same underlying pattern as the others. The other floorplans (A, B, C, and D) all have a similar layout where the living area is centrally located with bedrooms on either side, and there is a kitchen at the back. Floorplan E deviates from this pattern by having a different arrangement of rooms and a different distribution of space, making it distinct from the others."
"[3, 17]","[14, 8]","['38478', '28694', '54792', '64047', '53579']",28694,1. **Different floorplan:** B,"1. **Different floorplan:** B
2. **Why:** Floorplan B is the only one that has a distinct arrangement of rooms compared to the others. While the other floorplans have a consistent pattern with a central hallway leading to various rooms, floorplan B has a more complex layout with additional corridors and a different distribution of spaces around the central area. This makes it stand out from the rest in terms of spatial organization."
"[9, 26]","[15, 28]","['6759', '50181', '67905', '23716', '7474']",67905,1. **Different floorplan:** C,"1. **Different floorplan:** C
2. **Why:** Floorplan C is the only one that does not have a symmetrical layout with respect to the main entrance. The other floorplans (A, B, D, and E) appear to be mirror images of each other along the vertical axis passing through the main entrance, indicating a consistent underlying pattern. Floorplan C, however, has a unique arrangement of rooms and hallways that deviates from this symmetry, suggesting it has a different underlying pattern."
"[15, 13]","[5, 4]","['51114', '53137', '25079', '68970', '24364']",51114,1. **Different floorplan:** B,"1. **Different floorplan:** B
2. **Why:** Floorplan B is the only one that does not have a symmetrical layout with respect to the main entrance. All other floorplans (A, C, D, and E) appear to be mirror images of each other along the vertical axis passing through the main entrance, indicating a consistent underlying pattern. Floorplan B, however, has a unique arrangement of rooms and hallways that deviates from this symmetry, suggesting it has a different underlying pattern."
"[14, 8]","[18, 23]","['28732', '40877', '46039', '28694', '26755']",26755,1. **Different floorplan:** E,"1. **Different floorplan:** E
2. **Why:** Floorplan E is the only one that does not have a symmetrical layout with respect to the main entrance. The other floorplans (A, B, C, and D) all appear to be mirror images of each other along the vertical axis passing through the main entrance, indicating a consistent underlying pattern. Floorplan E deviates from this symmetry, suggesting it has a different underlying pattern."
"[9, 4]","[15, 13]","['80219', '24364', '50510', '64614', '79413']",24364,1. **Different floorplan:** E,"1. **Different floorplan:** E
2. **Why:** Floorplan E is the only one that does not have a symmetrical layout with respect to the main entrance. The other floorplans (A, B, C, and D) all appear to be mirror images of each other along the vertical axis passing through the main entrance, indicating a consistent underlying pattern. Floorplan E deviates from this symmetry, suggesting it has a different underlying pattern."
"[0, 2]","[7, 1]","['66847', '45218', '10825', '70440', '9836']",10825,1. **Different floorplan:** C,"1. **Different floorplan:** C
2. **Why:** Floorplan C is the only one that does not have a symmetrical layout with respect to the main entrance. The other floorplans (A, B, D, and E) appear to be mirror images of each other along the vertical axis passing through the main entrance, indicating a consistent underlying pattern. Floorplan C, however, has a unique arrangement of rooms and hallways that deviates from this symmetry, suggesting it has a different underlying pattern."
"[15, 21]","[9, 26]","['20839', '7489', '13497', '3384', '7474']",7474,1. **Different floorplan:** E,"1. **Different floorplan:** E
2. **Why:** Floorplan E is the only one that does not have a continuous hallway running from the main entrance to the back of the apartment. Instead, it features a more complex layout with multiple turns and dead ends, which is distinct from the simpler, more linear layouts of the other floorplans."
"[15, 28]","[0, 24]","['67905', '10526', '74418', '38548', '3258']",74418,1. **Different floorplan:** C,"1. **Different floorplan:** C
2. **Why:** Floorplan C is the only one that does not have a continuous hallway running from the main entrance to the far end of the building. Instead, it features a more complex arrangement with multiple turns and dead ends, which is distinct from the simpler linear layouts of the other floorplans."
"[15, 13]","[5, 29]","['34763', '24364', '18711', '42684', '53137']",18711,1. **Different floorplan:** E,"1. **Different floorplan:** E
2. **Why:** Floorplan E is the only one that does not have a continuous hallway running from the main entrance to the far end of the building. Instead, it features a more complex layout with multiple intersecting hallways and rooms, which is distinct from the simpler, linear patterns seen in A, B, C, and D."
"[3, 12]","[14, 9]","['40550', '1181', '37955', '20968', '27821']",40550,1. **Different floorplan:** C,"1. **Different floorplan:** C
2. **Why:** Floorplan C is the only one that does not have a symmetrical layout with respect to the main entrance. The other floorplans (A, B, D, and E) appear to be mirror images of each other along the vertical axis passing through the main entrance, indicating a consistent underlying pattern. Floorplan C, however, has a unique arrangement of rooms and hallways that deviates from this symmetry, suggesting it has a different underlying pattern."
"[15, 17]","[9, 3]","['11908', '1225', '60915', '47834', '64671']",64671,1. **Different floorplan:** E,"1. **Different floorplan:** E
2. **Why:** Floorplan E is the only one that does not have a continuous hallway running from the main entrance to the back of the apartment. Instead, it features a more complex layout with multiple turns and a lack of a direct path to the back, which distinguishes it from the other floorplans that all appear to have a linear hallway pattern."
"[15, 28]","[19, 13]","['23274', '37914', '10526', '67905', '3258']",37914,1. **Different floorplan:** C,"1. **Different floorplan:** C
2. **Why:** Floorplan C is the only one that does not have a symmetrical layout with respect to the main entrance. The other floorplans (A, B, D, and E) all appear to be mirror images of each other along the vertical axis passing through the main entrance, indicating a consistent underlying pattern. Floorplan C, however, has a unique arrangement of rooms and hallways that deviates from this symmetry, suggesting it has a different underlying pattern."
"[14, 9]","[3, 5]","['12162', '26678', '39708', '6508', '14102']",12162,1. **Different floorplan:** B,"1. **Different floorplan:** B
2. **Why:** Floorplan B is the only one that does not have a symmetrical layout with respect to the main entrance. The other floorplans (A, C, D, and E) all appear to be mirror images of each other along the vertical axis passing through the main entrance, indicating a consistent underlying pattern. Floorplan B, however, has a unique arrangement of rooms and hallways that deviates from this symmetry, suggesting it has a different underlying pattern."
"[14, 8]","[18, 25]","['28732', '46039', '39691', '3282', '28694']",3282,1. **Different floorplan:** D,"1. **Different floorplan:** D
2. **Why:** Floorplan D is the only one that does not have a symmetrical layout with respect to the main entrance. The other four floorplans (A, B, C, and E) all appear to be mirror images of each other along the vertical axis passing through the main entrance, indicating a consistent underlying pattern. Floorplan D, however, has a unique arrangement of rooms and hallways that deviates from this symmetry, suggesting it has a different underlying pattern."
"[15, 17]","[0, 24]","['60915', '47834', '1225', '11908', '74418']",74418,1. **Different floorplan:** E,"1. **Different floorplan:** E
2. **Why:** Floorplan E is the only one that does not follow the same underlying pattern as the others. The other floorplans (A, B, C, and D) all have a similar layout where the living spaces are arranged around a central core with a kitchen and bedrooms, and the main entrance leads into a hallway that branches out to these rooms. Floorplan E, however, has a completely different arrangement with a more open layout and no clear central core, making it distinct from the others."
"[0, 2]","[15, 21]","['7489', '62759', '70440', '66847', '9836']",7489,1. **Different floorplan:** B,"1. **Different floorplan:** B
2. **Why:** Floorplan B is the only one that does not have a symmetrical layout with respect to the main entrance. The other floorplans (A, C, D, and E) all appear to be mirror images of each other along the vertical axis passing through the main entrance, indicating a consistent underlying pattern. Floorplan B, however, has a unique arrangement of rooms and hallways that deviates from this symmetry, suggesting it has a different underlying pattern."
"[18, 23]","[9, 26]","['50181', '14167', '61353', '78682', '65195']",50181,1. **Different floorplan:** A,"1. **Different floorplan:** A
2. **Why:** Floorplan A is the only one that does not have a symmetrical layout with respect to the main entrance. The other floorplans (B, C, D, and E) all exhibit a similar pattern where the rooms are arranged in a way that is mirrored across the main entrance line, creating a balanced and symmetrical design. Floorplan A, however, has an asymmetrical arrangement of rooms around the main entrance, which sets it apart from the others."
"[5, 29]","[15, 13]","['51743', '57316', '52548', '18711', '42684']",42684,1. **Different floorplan:** E,"1. **Different floorplan:** E
2. **Why:** Floorplan E is the only one that does not have a symmetrical layout with respect to the main entrance. All other floorplans (A, B, C, and D) appear to be mirror images of each other along the vertical axis passing through the main entrance, indicating a consistent underlying pattern. Floorplan E, however, has a unique arrangement of rooms and hallways that deviates from this symmetry, suggesting it has a different underlying pattern."
"[18, 23]","[19, 8]","['20502', '6777', '6216', '59794', '12104']",6777,1. **Different floorplan:** D,"1. **Different floorplan:** D
2. **Why:** Floorplan D is the only one that does not have a symmetrical layout with respect to the main entrance. The other floorplans (A, B, C, and E) all exhibit a similar pattern where the rooms are arranged in a way that is mirrored across the main entrance line. Floorplan D has an asymmetrical arrangement of rooms around the main entrance, which sets it apart from the others."
"[15, 13]","[9, 3]","['53137', '25079', '42684', '1268', '24364']",1268,1. **Different floorplan:** D,"1. **Different floorplan:** D
2. **Why:** Floorplan D is the only one that does not have a symmetrical layout with respect to the main entrance. The other floorplans (A, B, C, and E) all appear to be mirror images of each other along the vertical axis passing through the main entrance, indicating a consistent underlying pattern. Floorplan D, however, has a unique arrangement of rooms and hallways that deviates from this symmetry, suggesting it has a different underlying pattern."
"[9, 26]","[18, 23]","['27788', '10433', '50181', '6759', '7474']",10433,1. **Different floorplan:** E,"1. **Different floorplan:** E
2. **Why:** Floorplan E is the only one that does not have a symmetrical layout with respect to the main entrance. The other floorplans (A, B, C, and D) appear to have a consistent pattern where the rooms are arranged in a way that is mirrored or repeated around the main entrance, suggesting a more uniform design. Floorplan E, however, shows a unique arrangement of rooms that deviates from this symmetry, indicating it has a different underlying pattern."
"[0, 7]","[15, 13]","['15613', '72266', '66807', '24364', '65801']",24364,1. **Different floorplan:** C,"1. **Different floorplan:** C
2. **Why:** Floorplan C is the only one that does not have a symmetrical layout with respect to the main entrance. The other floorplans (A, B, D, and E) all appear to be symmetrical along the line passing through the main entrance, which suggests a consistent underlying pattern. Floorplan C, however, has an asymmetrical arrangement of rooms around the entrance, indicating a different underlying pattern."
"[19, 14]","[15, 13]","['72517', '34763', '64729', '26372', '26703']",34763,1. **Different floorplan:** D,"1. **Different floorplan:** D
2. **Why:** Floorplan D is the only one that does not have a continuous hallway running from the main entrance to the far end of the apartment. Instead, it features a more complex layout with multiple turns and dead ends, which is distinct from the simpler, linear patterns seen in the other floorplans."
"[14, 7]","[3, 16]","['77045', '67483', '25607', '11746', '51393']",11746,1. **Different floorplan:** C,"1. **Different floorplan:** C
2. **Why:** Floorplan C is the only one that does not have a symmetrical layout with respect to the main entrance. The other floorplans (A, B, D, and E) appear to be mirror images of each other along the vertical axis passing through the main entrance, indicating a consistent underlying pattern. Floorplan C, however, has a unique arrangement of rooms and hallways that deviates from this symmetry, suggesting it has a different underlying pattern."
"[14, 9]","[18, 25]","['26506', '39708', '25711', '40550', '6508']",25711,1. **Different floorplan:** C,"1. **Different floorplan:** C
2. **Why:** Floorplan C is the only one that does not have a symmetrical layout with respect to the main entrance. The other floorplans (A, B, D, and E) appear to be mirror images of each other along the vertical axis passing through the main entrance, indicating a consistent underlying pattern. Floorplan C, however, has a unique arrangement of rooms and hallways that deviates from this symmetry, suggesting it has a different underlying pattern."
"[9, 4]","[15, 17]","['64614', '79413', '47834', '80219', '50510']",47834,1. **Different floorplan:** C,"1. **Different floorplan:** C
2. **Why:** Floorplan C is the only one that does not have a symmetrical layout with respect to the main entrance. The other floorplans (A, B, D, and E) appear to be mirror images of each other along the vertical axis passing through the main entrance, indicating a consistent underlying pattern. Floorplan C, however, has a unique arrangement of rooms and hallways that deviates from this symmetry, suggesting it has a different underlying pattern."
"[0, 2]","[15, 17]","['67465', '47834', '63508', '54867', '43629']",47834,1. **Different floorplan:** B,"1. **Different floorplan:** B
2. **Why:** Floorplan B is the only one that does not have a symmetrical layout with respect to the main entrance. The other floorplans (A, C, D, and E) all appear to be mirror images of each other along the vertical axis passing through the main entrance, indicating a consistent underlying pattern. Floorplan B, however, has a unique arrangement of rooms and hallways that deviates from this symmetry, suggesting it has a different underlying pattern."
"[0, 7]","[7, 22]","['15613', '65801', '10984', '79411', '72266']",79411,1. **Different floorplan:** D,"1. **Different floorplan:** D
2. **Why:** Floorplan D is the only one that does not have a symmetrical layout with respect to the main entrance. The other floorplans (A, B, C, and E) all appear to be mirror images of each other along the vertical axis passing through the main entrance, indicating a consistent underlying pattern. Floorplan D, however, has a unique arrangement of rooms and hallways that deviates from this symmetry, suggesting it has a different underlying pattern."
"[3, 17]","[14, 8]","['53579', '12043', '64047', '54792', '28732']",28732,1. **Different floorplan:** E,"1. **Different floorplan:** E
2. **Why:** Floorplan E is the only one that does not have a symmetrical layout with respect to the main entrance. The other floorplans (A, B, C, and D) all appear to be mirror images of each other along the vertical axis passing through the main entrance, indicating a consistent underlying pattern. Floorplan E, however, has a unique arrangement of rooms and hallways that deviates from this symmetry, suggesting it has a different underlying pattern."
"[15, 28]","[9, 26]","['67905', '23274', '3258', '7474', '10526']",7474,1. **Different floorplan:** D,"1. **Different floorplan:** D
2. **Why:** Floorplan D is the only one that does not have a continuous hallway running vertically from the main entrance. In contrast, floors A, B, C, and E all feature a vertical hallway extending from the main entrance, which is a consistent pattern in the other four floorplans."
"[18, 25]","[19, 5]","['32569', '62071', '25711', '73827', '4132']",32569,1. **Different floorplan:** E,"1. **Different floorplan:** E
2. **Why:** Floorplan E is the only one that does not have a continuous hallway running from the main entrance to the far end of the building. Instead, it has a more compact arrangement with rooms directly connected to the entrance without a clear central hallway. The other floorplans (A, B, C, and D) all feature a central hallway that extends from the entrance to the opposite side of the building, which is a consistent pattern in the other four floorplans."
"[19, 8]","[18, 23]","['65195', '36396', '71082', '6777', '19346']",65195,1. **Different floorplan:** C,"1. **Different floorplan:** C
2. **Why:** Floorplan C is the only one that does not have a symmetrical layout with respect to the main entrance. The other floorplans (A, B, D, and E) all appear to be mirror images of each other along the vertical axis passing through the main entrance, indicating a consistent underlying pattern. Floorplan C, however, has a unique arrangement of rooms and hallways that deviates from this symmetry, suggesting it has a different underlying pattern."
"[19, 18]","[18, 23]","['55086', '41277', '64148', '58616', '49556']",64148,1. **Different floorplan:** C,"1. **Different floorplan:** C
2. **Why:** Floorplan C is the only one that does not have a symmetrical layout with respect to the main entrance. The other floorplans (A, B, D, and E) all appear to be mirror images of each other along the vertical axis passing through the main entrance, indicating a consistent underlying pattern. Floorplan C, however, has a unique arrangement of rooms and hallways that deviates from this symmetry, suggesting it has a different underlying pattern."
"[7, 3]","[0, 2]","['52457', '61767', '75828', '64781', '54867']",54867,1. **Different floorplan:** C,"1. **Different floorplan:** C
2. **Why:** Floorplan C is the only one that does not have a symmetrical layout with respect to the main entrance. The other floorplans (A, B, D, and E) appear to be mirror images of each other along the vertical axis passing through the main entrance, indicating a consistent underlying pattern. Floorplan C, however, has a unique arrangement of rooms and hallways that deviates from this symmetry, suggesting it has a different underlying pattern."
"[5, 4]","[18, 25]","['70560', '35725', '27706', '25711', '53032']",25711,1. **Different floorplan:** E,"1. **Different floorplan:** E
2. **Why:** Floorplan E is the only one that does not have a continuous hallway running from the main entrance towards the back of the apartment. Instead, it features a more complex arrangement with multiple rooms branching off directly from the entrance area, which is distinct from the other floorplans that maintain a more linear path through the space."
"[7, 22]","[0, 14]","['40679', '23132', '42604', '31113', '79411']",42604,1. **Different floorplan:** E,"1. **Different floorplan:** E
2. **Why:** Floorplan E is the only one that does not have a symmetrical layout with respect to the main entrance. The other floorplans (A, B, C, and D) all appear to be mirror images of each other along the vertical axis passing through the main entrance, indicating a consistent underlying pattern. Floorplan E, however, has a unique arrangement of rooms and hallways that deviates from this symmetry, suggesting it has a different underlying pattern."
"[15, 13]","[19, 28]","['68970', '24364', '40111', '42684', '20590']",40111,1. **Different floorplan:** E,"1. **Different floorplan:** E
2. **Why:** Floorplan E is the only one that does not have a continuous hallway running from the main entrance to the back of the apartment. Instead, it features a more complex layout with multiple smaller rooms and a different arrangement of spaces compared to the other four floorplans, which all have a similar linear hallway pattern."
"[5, 22]","[18, 25]","['40863', '77349', '73827', '48795', '57572']",73827,1. **Different floorplan:** C,"1. **Different floorplan:** C
2. **Why:** Floorplan C is the only one that does not have a continuous hallway running from the main entrance to the back of the apartment. Instead, it features a more complex layout with multiple turns and a lack of a direct path to the back, which distinguishes it from the other floorplans that all appear to have a linear or near-linear hallway pattern."
"[15, 17]","[19, 18]","['11908', '47834', '41277', '60915', '1225']",41277,1. **Different floorplan:** C,"1. **Different floorplan:** C
2. **Why:** Floorplan C is the only one that includes an additional room (pink) that is not present in the other four floorplans. This extra room disrupts the uniformity of the spatial layout, making it distinct from the others."
"[19, 8]","[18, 25]","['19346', '71082', '25711', '36396', '6777']",25711,1. **Different floorplan:** B,"1. **Different floorplan:** B
2. **Why:** Floorplan B is the only one that does not have a symmetrical layout with respect to the main entrance. The other floorplans (A, C, D, and E) all appear to be mirror images of each other along the vertical axis passing through the main entrance, indicating a consistent underlying pattern. Floorplan B, however, has a unique arrangement of rooms and hallways that deviates from this symmetry, suggesting it has a different underlying pattern."
"[5, 19]","[15, 21]","['49189', '54232', '13497', '77183', '63077']",13497,1. **Different floorplan:** C,"1. **Different floorplan:** C
2. **Why:** Floorplan C is the only one that does not have a continuous hallway running from the main entrance to the far end of the apartment. Instead, it features a more compact arrangement with rooms clustered together, which is distinct from the other floorplans that all have a linear hallway extending from the entrance."
"[3, 5]","[14, 7]","['74226', '77045', '64', '63514', '12162']",77045,1. **Different floorplan:** B,"1. **Different floorplan:** B
2. **Why:** Floorplan B is the only one that features a central hallway with rooms branching off from it in a symmetrical manner, which is distinct from the more irregular and varied layouts of the other floorplans. The other floorplans have more complex and less symmetrical arrangements of rooms."
"[4, 27]","[7, 22]","['5222', '12888', '70239', '79411', '77515']",79411,1. **Different floorplan:** C,"1. **Different floorplan:** C
2. **Why:** Floorplan C is the only one that does not have a symmetrical layout with respect to the main entrance. The other floorplans (A, B, D, and E) all appear to be mirror images of each other along the vertical axis passing through the main entrance, indicating a consistent underlying pattern. Floorplan C, however, has a unique arrangement of rooms and hallways that deviates from this symmetry, suggesting it has a different underlying pattern."
"[3, 17]","[14, 8]","['53579', '54792', '28694', '38478', '33084']",28694,1. **Different floorplan:** D,"1. **Different floorplan:** D
2. **Why:** Floorplan D is the only one that does not have a continuous hallway running from the main entrance to the back of the apartment. Instead, it features a T-shaped layout with two distinct sections branching off from the main entrance, which is unique compared to the other floorplans that maintain a more linear flow."
"[0, 6]","[15, 17]","['75880', '41154', '59474', '43036', '60915']",60915,1. **Different floorplan:** C,"1. **Different floorplan:** C
2. **Why:** Floorplan C is the only one that does not have a continuous hallway running from the main entrance to the back of the apartment. Instead, it features a more complex layout with multiple turns and a lack of a direct path through the space, which distinguishes it from the other floorplans that all appear to have a linear or near-linear hallway pattern."
"[15, 28]","[19, 10]","['38548', '3258', '10526', '25618', '23274']",25618,1. **Different floorplan:** C,"1. **Different floorplan:** C
2. **Why:** Floorplan C is the only one that does not have a symmetrical layout with respect to the main entrance. The other floorplans (A, B, D, and E) all appear to be mirror images of each other along the vertical axis passing through the main entrance, indicating a consistent underlying pattern. Floorplan C, however, has a unique arrangement of rooms and hallways that deviates from this symmetry, suggesting it has a different underlying pattern."
"[9, 3]","[18, 23]","['64671', '1268', '74662', '9662', '10433']",10433,1. **Different floorplan:** E,"1. **Different floorplan:** E
2. **Why:** Floorplan E is the only one that does not have a symmetrical layout with respect to the main entrance. The other floorplans (A, B, C, and D) all exhibit a similar pattern where the rooms are arranged in a way that is mirrored across the main entrance line. Floorplan E has an asymmetrical arrangement of rooms around the main entrance, which sets it apart from the others."
"[19, 10]","[15, 17]","['21540', '55791', '47834', '25168', '73023']",47834,1. **Different floorplan:** E,"1. **Different floorplan:** E
2. **Why:** Floorplan E is the only one that does not have a continuous hallway running from the main entrance to the far end of the building. Instead, it has a T-shaped layout with a central area that branches off into two perpendicular sections, which is distinct from the other floorplans that all have a more linear or corridor-like arrangement."
"[0, 14]","[15, 13]","['24364', '17291', '1261', '80522', '39894']",24364,1. **Different floorplan:** E,"1. **Different floorplan:** E
2. **Why:** Floorplan E is the only one that does not have a continuous hallway running from the main entrance to the back of the apartment. Instead, it features a more complex arrangement with multiple smaller rooms branching off from the main entrance, which is not present in the other floorplans."
"[9, 3]","[18, 25]","['1268', '73827', '74662', '14914', '64671']",73827,1. **Different floorplan:** C,"1. **Different floorplan:** C
2. **Why:** Floorplan C is the only one that does not have a continuous hallway running from the main entrance to the back of the apartment. Instead, it has a more compact arrangement with rooms directly connected without a clear central hallway, which distinguishes it from the other floorplans that all feature a similar layout with a central hallway."
"[3, 28]","[14, 7]","['55090', '12683', '42226', '51393', '73823']",51393,1. **Different floorplan:** C,"1. **Different floorplan:** C
2. **Why:** Floorplan C is the only one that does not have a symmetrical layout with respect to the main entrance. The other floorplans (A, B, D, and E) appear to be mirror images of each other along the vertical axis passing through the main entrance, indicating a consistent underlying pattern. Floorplan C, however, has a unique arrangement of rooms and hallways that deviates from this symmetry, suggesting it has a different underlying pattern."
"[18, 23]","[14, 9]","['10433', '37360', '65195', '26678', '48306']",26678,1. **Different floorplan:** D,"1. **Different floorplan:** D
2. **Why:** Floorplan D is the only one that does not have a symmetrical layout with respect to the main entrance. The other floorplans (A, B, C, and E) all appear to be mirror images of each other along the vertical axis passing through the main entrance, indicating a consistent underlying pattern. Floorplan D, however, has a unique arrangement of rooms and hallways that deviates from this symmetry, suggesting it has a different underlying pattern."
"[19, 10]","[15, 17]","['25168', '55791', '25618', '73023', '11908']",11908,1. **Different floorplan:** E,"1. **Different floorplan:** E
2. **Why:** Floorplan E is the only one that does not have a continuous hallway running from the main entrance to the back of the apartment. Instead, it features a more complex layout with multiple turns and dead ends, which is distinct from the simpler, more linear patterns in A, B, C, and D."
"[14, 7]","[3, 17]","['33084', '51393', '25607', '38835', '77045']",33084,1. **Different floorplan:** E,"1. **Different floorplan:** E
2. **Why:** Floorplan E is the only one that does not follow the same pattern as the others. The other four floorplans (A, B, C, and D) all have a similar layout where the living spaces are arranged around a central core with bedrooms and bathrooms distributed symmetrically. Floorplan E deviates from this pattern by having a more irregular and less symmetrical arrangement of rooms, which makes it stand out as unique in terms of its underlying floorplan pattern."
"[3, 17]","[14, 8]","['64047', '40877', '53579', '38478', '54792']",40877,1. **Different floorplan:** B,"1. **Different floorplan:** B
2. **Why:** Floorplan B is the only one that does not have a symmetrical layout with respect to the main entrance. The other floorplans (A, C, D, and E) all appear to be mirror images of each other along the vertical axis passing through the main entrance, indicating a consistent underlying pattern. Floorplan B, however, has a unique arrangement of rooms and hallways that deviates from this symmetry, suggesting it has a different underlying pattern."
"[15, 13]","[5, 22]","['25079', '7217', '20590', '24364', '42684']",7217,1. **Different floorplan:** B,"1. **Different floorplan:** B
2. **Why:** Floorplan B is the only one that features a distinct arrangement of rooms with a unique configuration of hallways and rooms compared to the others. The other floorplans (A, C, D, and E) all have a similar layout where the living area is centrally located with bedrooms and bathrooms arranged around it in a symmetrical fashion. Floorplan B deviates from this by having a more complex and asymmetrical arrangement of spaces, making it stand out as the one with a different underlying pattern."
"[18, 25]","[19, 5]","['62071', '25711', '4132', '59952', '73827']",59952,1. **Different floorplan:** C,"1. **Different floorplan:** C
2. **Why:** Floorplan C is the only one that does not have a continuous hallway running from the main entrance to the far end of the building. Instead, it features a T-shaped layout with a central area that branches off into two perpendicular sections, which is distinct from the linear layouts of the other floorplans."
"[15, 13]","[19, 10]","['68970', '25079', '34763', '42684', '55791']",55791,1. **Different floorplan:** E,"1. **Different floorplan:** E
2. **Why:** Floorplan E is the only one that does not have a continuous hallway running from the main entrance to the back of the apartment. Instead, it has a more complex layout with additional rooms branching off from the main entrance area, which is not present in the other floorplans."
"[19, 28]","[15, 13]","['52721', '40111', '53137', '55589', '42272']",53137,1. **Different floorplan:** C,"1. **Different floorplan:** C
2. **Why:** Floorplan C is the only one that does not have a symmetrical layout with respect to the main entrance. All other floorplans (A, B, D, and E) appear to be mirror images of each other along the vertical axis passing through the main entrance, indicating a consistent underlying pattern. Floorplan C, however, has a unique arrangement of rooms and hallways that deviates from this symmetry, suggesting it has a different underlying pattern."
"[17, 21]","[9, 26]","['62549', '40487', '62454', '69704', '50181']",50181,1. **Different floorplan:** D,"1. **Different floorplan:** D
2. **Why:** Floorplan D is the only one that does not have a symmetrical layout with respect to the main entrance. The other floorplans (A, B, C, and E) appear to be mirror images of each other along the vertical axis passing through the main entrance, indicating a consistent underlying pattern. Floorplan D, however, has a unique arrangement of rooms and hallways that deviates from this symmetry, suggesting it has a different underlying pattern."
"[3, 28]","[14, 7]","['42226', '12683', '8257', '73823', '38835']",38835,1. **Different floorplan:** A,"1. **Different floorplan:** A
2. **Why:** Floorplan A is the only one that does not have a symmetrical layout with respect to the main entrance. The other floorplans (B, C, D, and E) all appear to be mirror images of each other along the vertical axis passing through the main entrance, indicating a consistent underlying pattern. Floorplan A, however, has a unique arrangement of rooms and hallways that deviates from this symmetry, suggesting it has a different underlying pattern."
"[14, 8]","[3, 17]","['28732', '53579', '39691', '46039', '40877']",53579,1. **Different floorplan:** B,"1. **Different floorplan:** B
2. **Why:** Floorplan B is the only one that has a different arrangement of rooms compared to the others. In all other floorplans (A, C, D, and E), the living room (yellow) is consistently positioned in the same location relative to the entrance, with the kitchen (orange) directly adjacent to it. However, in floorplan B, the kitchen is not adjacent to the living room but instead is located further away, which disrupts the uniformity of the spatial layout observed in the other floorplans."
"[15, 17]","[19, 8]","['1225', '11908', '47834', '36396', '60915']",36396,1. **Different floorplan:** D,"1. **Different floorplan:** D
2. **Why:** Floorplan D is the only one that includes an additional small room (purple) that is not present in the other four floorplans. This extra room disrupts the uniformity of the spatial layout compared to A, B, C, and E, which all have a consistent arrangement of rooms without any additional small rooms."
"[3, 3]","[14, 7]","['77045', '22487', '10131', '72700', '10017']",77045,1. **Different floorplan:** B,"1. **Different floorplan:** B
2. **Why:** Floorplan B is the only one that does not have a symmetrical layout with respect to the main entrance. The other floorplans (A, C, D, and E) all appear to be mirror images of each other along the vertical axis passing through the main entrance, indicating a consistent underlying pattern. Floorplan B, however, has a unique arrangement of rooms and hallways that deviates from this symmetry, suggesting it has a different underlying pattern."
"[7, 1]","[0, 0]","['10825', '16951', '12376', '53652', '28082']",28082,1. **Different floorplan:** E,"1. **Different floorplan:** E
2. **Why:** Floorplan E is the only one that does not have a symmetrical layout with respect to the main entrance. The other floorplans (A, B, C, and D) all appear to be mirror images of each other along the vertical axis passing through the main entrance, indicating a consistent underlying pattern. Floorplan E, however, has a unique arrangement of rooms and hallways that deviates from this symmetry, suggesting it has a different underlying pattern."
"[15, 21]","[19, 10]","['20839', '25168', '3384', '7489', '13497']",25168,1. **Different floorplan:** B,"1. **Different floorplan:** B
2. **Why:** Floorplan B is the only one that has a distinct pattern where the living area (yellow) is separated from the bedroom (purple) by a wall, unlike the other floorplans which have more open layouts with less separation between rooms."
"[7, 22]","[0, 6]","['79411', '23132', '43375', '40679', '31113']",43375,1. **Different floorplan:** C,"1. **Different floorplan:** C
2. **Why:** Floorplan C is the only one that does not have a continuous hallway running from the main entrance to the back of the apartment. Instead, it features a more complex layout with multiple rooms branching off from the main entrance, which is not present in the other floorplans."
"[3, 16]","[14, 7]","['67483', '11746', '56017', '63317', '177']",67483,1. **Different floorplan:** E,"1. **Different floorplan:** E
2. **Why:** Floorplan E is the only one that does not have a symmetrical layout with respect to the main entrance. The other floorplans (A, B, C, and D) appear to be mirror images of each other along the vertical axis passing through the main entrance, indicating a consistent underlying pattern. Floorplan E deviates from this symmetry, suggesting it has a different underlying pattern."
"[14, 9]","[3, 26]","['14102', '39708', '40550', '1064', '26678']",1064,1. **Different floorplan:** D,"1. **Different floorplan:** D
2. **Why:** Floorplan D is the only one that does not have a continuous hallway running from the main entrance to the back of the apartment. Instead, it features a more compact arrangement with rooms directly connected without a central hallway, which distinguishes it from the other floorplans that all have a similar layout with a central hallway."
"[18, 23]","[5, 22]","['5909', '77349', '65195', '61353', '72978']",77349,1. **Different floorplan:** D,"1. **Different floorplan:** D
2. **Why:** Floorplan D is the only one that does not have a symmetrical layout with respect to the main entrance. The other floorplans (A, B, C, and E) all appear to be mirror images of each other along the vertical axis passing through the main entrance, indicating a consistent underlying pattern. Floorplan D, however, has a unique arrangement of rooms and hallways that deviates from this symmetry, making it the one with a different underlying pattern."
"[15, 28]","[9, 26]","['3258', '10526', '6759', '67905', '23274']",6759,1. **Different floorplan:** C,"1. **Different floorplan:** C
2. **Why:** Floorplan C is the only one that does not have a continuous hallway running from the main entrance to the back of the apartment. Instead, it features a more complex layout with multiple turns and a smaller room at the end, which deviates from the linear pattern observed in the other floorplans."
"[5, 29]","[18, 25]","['18711', '52548', '57316', '25711', '21765']",25711,1. **Different floorplan:** E,"1. **Different floorplan:** E
2. **Why:** Floorplan E is the only one that does not have a continuous hallway running from the main entrance to the back of the apartment. Instead, it features a more complex arrangement with multiple rooms branching off from the main entrance without a clear central hallway. The other floorplans (A, B, C, and D) all have a continuous hallway that extends from the main entrance to the back of the apartment, which is a consistent pattern in the other four floorplans."
"[18, 23]","[9, 4]","['64247', '15451', '59794', '80219', '40817']",80219,1. **Different floorplan:** C,"1. **Different floorplan:** C
2. **Why:** Floorplan C is the only one that does not have a symmetrical layout with respect to the main entrance. The other floorplans (A, B, D, and E) all appear to be mirror images of each other along the vertical axis passing through the main entrance, indicating a consistent underlying pattern. Floorplan C, however, has a unique arrangement of rooms and hallways that deviates from this symmetry, suggesting it has a different underlying pattern."
"[3, 5]","[14, 9]","['12162', '74226', '63514', '64', '39708']",39708,1. **Different floorplan:** E,"1. **Different floorplan:** E
2. **Why:** Floorplan E is the only one that features a distinct arrangement of rooms with a unique configuration of hallways and rooms compared to the others. The other floorplans (A, B, C, and D) all have a similar layout where the living area is centrally located with bedrooms and bathrooms arranged around it in a symmetrical fashion. Floorplan E deviates from this by having a more complex and less symmetrical arrangement of spaces, making it stand out as the one with a different underlying pattern."
"[18, 25]","[19, 10]","['3282', '62071', '25711', '4132', '21540']",21540,1. **Different floorplan:** C,"1. **Different floorplan:** C
2. **Why:** Floorplan C is the only one that does not have a continuous hallway running from the main entrance to the back of the apartment. Instead, it features a T-shaped layout with a central room branching off into two smaller rooms, which is distinct from the linear layouts in A, B, D, and E."
"[0, 6]","[15, 21]","['41154', '59474', '25447', '43036', '13497']",13497,1. **Different floorplan:** B,"1. **Different floorplan:** B
2. **Why:** Floorplan B is the only one that does not have a continuous hallway running vertically from the main entrance. All other floorplans (A, C, D, and E) have a vertical hallway that extends from the main entrance, which is a consistent feature in the other four floorplans. Floorplan B has a more complex layout with multiple turns and a lack of a continuous vertical hallway, making it distinct from the others."
"[5, 19]","[18, 25]","['4132', '51211', '35619', '53655', '60473']",4132,1. **Different floorplan:** A,"1. **Different floorplan:** A
2. **Why:** Floorplan A is the only one that does not have a symmetrical layout with respect to the main entrance. The other floorplans (B, C, D, and E) all exhibit a similar pattern where the rooms are arranged in a way that is mirrored across the main entrance line, creating a symmetrical design. Floorplan A breaks this symmetry, making it distinct from the others."
"[14, 8]","[3, 4]","['40877', '28694', '28732', '46039', '9383']",9383,1. **Different floorplan:** E,"1. **Different floorplan:** E
2. **Why:** Floorplan E has a unique configuration where the living area is significantly larger and more open compared to the other floorplans. The other floorplans (A, B, C, and D) have a more compact and symmetrical arrangement with smaller rooms and a consistent layout around a central core. Floorplan E stands out due to its expansive living space and the way it integrates the kitchen and dining areas in a way that is distinct from the others."
"[15, 13]","[0, 2]","['53137', '34763', '20590', '54867', '24364']",54867,1. **Different floorplan:** B,"1. **Different floorplan:** B
2. **Why:** Floorplan B is the only one that does not have a symmetrical layout with respect to the main entrance. The other floorplans (A, C, D, and E) all appear to be mirror images of each other along the vertical axis passing through the main entrance, indicating a consistent underlying pattern. Floorplan B, however, has a unique arrangement of rooms and hallways that deviates from this symmetry, suggesting it has a different underlying pattern."
"[19, 18]","[18, 23]","['35149', '64247', '49556', '58616', '41277']",64247,1. **Different floorplan:** B,"1. **Different floorplan:** B
2. **Why:** Floorplan B is the only one that does not have a symmetrical layout with respect to the main entrance. All other floorplans (A, C, D, and E) appear to be mirror images of each other along the vertical axis passing through the main entrance, indicating a consistent underlying pattern. Floorplan B, however, has a unique arrangement of rooms and hallways that deviates from this symmetry, suggesting it has a different underlying pattern."
"[18, 23]","[9, 4]","['79413', '67584', '20502', '59794', '37360']",79413,1. **Different floorplan:** D,"1. **Different floorplan:** D
2. **Why:** Floorplan D is the only one that does not have a symmetrical layout with respect to the main entrance. The other floorplans (A, B, C, and E) all appear to be mirror images of each other along the vertical axis passing through the main entrance, indicating a consistent underlying pattern. Floorplan D, however, has a unique arrangement of rooms and hallways that deviates from this symmetry, suggesting it has a different underlying pattern."
"[14, 8]","[3, 17]","['28732', '33084', '28694', '46039', '39691']",33084,1. **Different floorplan:** B,"1. **Different floorplan:** B
2. **Why:** Floorplan B is the only one that does not have a symmetrical layout with respect to the main entrance. The other floorplans (A, C, D, and E) all appear to be mirror images of each other along the vertical axis passing through the main entrance, indicating a consistent underlying pattern. Floorplan B, however, has a unique arrangement of rooms and hallways that deviates from this symmetry, suggesting it has a different underlying pattern."
"[3, 26]","[14, 7]","['11033', '34449', '19246', '1064', '25607']",25607,1. **Different floorplan:** E,"1. **Different floorplan:** E
2. **Why:** Floorplan E is the only one that features a distinct arrangement of rooms with a unique configuration of hallways and rooms compared to the others. The other floorplans (A, B, C, and D) all have a similar layout where the main entrance leads into a central hallway that branches off into various rooms, typically including a living area, bedrooms, and bathrooms. Floorplan E deviates from this by having a more complex and less symmetrical arrangement of spaces, which sets it apart from the rest."
"[5, 19]","[15, 21]","['51211', '3384', '49189', '54232', '35619']",3384,1. **Different floorplan:** B,"1. **Different floorplan:** B
2. **Why:** Floorplan B is the only one that does not have a symmetrical layout with respect to the main entrance. The other floorplans (A, C, D, and E) appear to be mirror images of each other along the vertical axis passing through the main entrance, indicating a consistent underlying pattern. Floorplan B, however, has a unique arrangement of rooms and hallways that deviates from this symmetry, suggesting it has a different underlying pattern."
"[9, 4]","[18, 23]","['80219', '79413', '20502', '64614', '50510']",20502,1. **Different floorplan:** C,"1. **Different floorplan:** C
2. **Why:** Floorplan C is the only one that does not have a symmetrical layout with respect to the main entrance. The other floorplans (A, B, D, and E) all appear to be mirror images of each other along the vertical axis passing through the main entrance, indicating a consistent underlying pattern. Floorplan C, however, has a unique arrangement of rooms and hallways that deviates from this symmetry, suggesting it has a different underlying pattern."
"[17, 18]","[9, 26]","['51240', '46660', '31693', '23716', '6955']",23716,1. **Different floorplan:** C,"1. **Different floorplan:** C
2. **Why:** Floorplan C is the only one that does not have a symmetrical layout with respect to the main entrance. The other floorplans (A, B, D, and E) all appear to be mirror images of each other along the vertical axis passing through the main entrance, indicating a consistent underlying pattern. Floorplan C, however, has a unique arrangement of rooms and hallways that deviates from this symmetry, suggesting it has a different underlying pattern."
"[15, 28]","[0, 0]","['10526', '23274', '3258', '14834', '67905']",14834,1. **Different floorplan:** D,"1. **Different floorplan:** D
2. **Why:** Floorplan D is the only one that does not have a continuous hallway running from the main entrance to the far end of the building. Instead, it features a T-shaped layout with a central area that branches off into two perpendicular sections, which is distinct from the linear layouts of the other floorplans."
"[17, 21]","[9, 4]","['62549', '64614', '40487', '69704', '78147']",64614,1. **Different floorplan:** D,"1. **Different floorplan:** D
2. **Why:** Floorplan D is the only one that does not have a symmetrical layout with respect to the main entrance. The other floorplans (A, B, C, and E) appear to be mirror images of each other along the vertical axis passing through the main entrance, indicating a consistent underlying pattern. Floorplan D, however, has a unique arrangement of rooms and hallways that deviates from this symmetry, suggesting it has a different underlying pattern."
"[0, 0]","[7, 22]","['78009', '79411', '8176', '28082', '14834']",79411,1. **Different floorplan:** B,"1. **Different floorplan:** B
2. **Why:** Floorplan B is the only one that does not have a continuous hallway running from the main entrance to the far end of the apartment. Instead, it features a T-shaped layout with two perpendicular hallways meeting at a central point, which is distinct from the linear hallway patterns in the other floorplans."
"[19, 18]","[15, 13]","['20590', '36535', '35149', '30721', '58616']",20590,1. **Different floorplan:** B,"1. **Different floorplan:** B
2. **Why:** Floorplan B is the only one that does not have a symmetrical layout with respect to the main entrance. The other floorplans (A, C, D, and E) all appear to be mirror images of each other along the vertical axis passing through the main entrance, indicating a consistent underlying pattern. Floorplan B, however, has a unique arrangement of rooms and hallways that deviates from this symmetry, suggesting it has a different underlying pattern."
"[15, 17]","[9, 26]","['47834', '11908', '6759', '1225', '60915']",6759,1. **Different floorplan:** C,"1. **Different floorplan:** C
2. **Why:** Floorplan C is the only one that does not have a symmetrical layout with respect to the main entrance. The other floorplans (A, B, D, and E) appear to be mirror images of each other along the vertical axis passing through the main entrance, indicating a consistent underlying pattern. Floorplan C, however, has a unique arrangement of rooms and hallways that deviates from this symmetry, suggesting it has a different underlying pattern."
"[15, 13]","[0, 6]","['53137', '34763', '42684', '43375', '68970']",43375,1. **Different floorplan:** D,"1. **Different floorplan:** D
2. **Why:** Floorplan D is the only one that does not have a symmetrical layout with respect to the main entrance. The other floorplans (A, B, C, and E) all appear to be mirror images of each other along the vertical axis passing through the main entrance, indicating a consistent underlying pattern. Floorplan D, however, has a unique arrangement of rooms and hallways that deviates from this symmetry, suggesting it has a different underlying pattern."
"[19, 10]","[15, 13]","['68970', '25168', '21540', '73023', '25618']",68970,1. **Different floorplan:** D,"1. **Different floorplan:** D
2. **Why:** Floorplan D is the only one that does not have a continuous hallway running from the main entrance to the back of the apartment. Instead, it features a T-shaped layout with a central room branching off into two smaller rooms, which is distinct from the other floorplans that maintain a more linear progression."
"[17, 21]","[9, 11]","['9795', '62549', '62454', '335', '69704']",335,1. **Different floorplan:** D,"1. **Different floorplan:** D
2. **Why:** Floorplan D is the only one that does not have a symmetrical layout with respect to the main entrance. The other floorplans (A, B, C, and E) appear to be mirror images of each other along the vertical axis passing through the main entrance, indicating a consistent underlying pattern. Floorplan D, however, shows a distinct asymmetry in the placement of rooms and the overall layout around the main entrance, making it unique compared to the others."
"[15, 28]","[19, 14]","['3258', '67905', '72517', '38548', '23274']",72517,1. **Different floorplan:** C,"1. **Different floorplan:** C
2. **Why:** Floorplan C is the only one that does not have a continuous hallway running from the main entrance to the back of the apartment. Instead, it has a T-shaped layout with a central room branching off into two smaller rooms, which is distinct from the linear layouts of the other floorplans."
"[0, 14]","[7, 20]","['1261', '2277', '17291', '75707', '80522']",2277,1. **Different floorplan:** C,"1. **Different floorplan:** C
2. **Why:** Floorplan C is the only one that does not have a symmetrical layout with respect to the main entrance. The other floorplans (A, B, D, and E) appear to be mirror images of each other along the vertical axis passing through the main entrance, indicating a consistent underlying pattern. Floorplan C, however, shows a unique arrangement of rooms and hallways that deviates from this symmetry, suggesting it has a different underlying pattern."
"[3, 28]","[14, 8]","['73823', '12683', '55090', '8257', '40877']",40877,1. **Different floorplan:** C,"1. **Different floorplan:** C
2. **Why:** Floorplan C is the only one that does not have a symmetrical layout with respect to the main entrance. The other floorplans (A, B, D, and E) appear to be mirror images of each other along the vertical axis passing through the main entrance, indicating a consistent underlying pattern. Floorplan C, however, has a unique arrangement of rooms and hallways that deviates from this symmetry, suggesting it has a different underlying pattern."
"[15, 17]","[19, 18]","['60915', '1225', '47834', '11908', '35149']",35149,1. **Different floorplan:** E,"1. **Different floorplan:** E
2. **Why:** Floorplan E is the only one that has an additional room (pink-colored area) that is not present in the other four floorplans. This extra room disrupts the uniformity of the spatial layout and room types found in A, B, C, and D."
"[0, 2]","[7, 20]","['51831', '43995', '55305', '44802', '27625']",55305,1. **Different floorplan:** E,"1. **Different floorplan:** E
2. **Why:** Floorplan E is the only one that does not have a continuous hallway running from the main entrance to the far end of the building. Instead, it features a more complex arrangement with multiple rooms branching off from the main entrance, which is not present in the other floorplans."
"[15, 13]","[19, 18]","['68970', '25079', '20590', '34763', '36535']",36535,1. **Different floorplan:** C,"1. **Different floorplan:** C
2. **Why:** Floorplan C is the only one that does not have a continuous hallway running from the main entrance to the back of the apartment. Instead, it features a more complex layout with multiple rooms branching off from the entrance, which is distinct from the other floorplans that maintain a linear path."
"[15, 13]","[9, 4]","['53137', '79413', '24364', '68970', '25079']",79413,1. **Different floorplan:** B,"1. **Different floorplan:** B
2. **Why:** Floorplan B is the only one that does not have a symmetrical layout with respect to the main entrance. The other floorplans (A, C, D, and E) all appear to be mirror images of each other along the vertical axis passing through the main entrance, indicating a consistent underlying pattern. Floorplan B, however, has a unique arrangement of rooms and hallways that deviates from this symmetry, suggesting it has a different underlying pattern."
"[15, 21]","[5, 19]","['3384', '13497', '20839', '7489', '63077']",63077,1. **Different floorplan:** C,"1. **Different floorplan:** C
2. **Why:** Floorplan C is the only one that does not have a continuous hallway running from the main entrance to the back of the apartment. Instead, it features a more complex arrangement with multiple rooms branching off from the main entrance, which is not present in the other floorplans."
"[15, 13]","[0, 7]","['34763', '25079', '20590', '24364', '65801']",65801,1. **Different floorplan:** E,"1. **Different floorplan:** E
2. **Why:** Floorplan E is the only one that does not have a continuous hallway running from the main entrance to the back of the apartment. Instead, it features a more compact arrangement with rooms directly connected to the entrance without a central hallway. The other floorplans (A, B, C, and D) all have a similar layout with a central hallway leading to the back of the apartment."
"[9, 4]","[18, 23]","['50510', '65195', '80219', '64614', '79413']",65195,1. **Different floorplan:** E,"1. **Different floorplan:** E
2. **Why:** Floorplan E has a distinct arrangement of rooms compared to the others. While the other floorplans have a more consistent layout with similar room sizes and configurations, E features a larger central area surrounded by smaller rooms, which is not present in the other floorplans. This unique central space sets it apart from the rest."
"[15, 28]","[19, 10]","['73023', '23274', '67905', '10526', '3258']",73023,1. **Different floorplan:** C,"1. **Different floorplan:** C
2. **Why:** Floorplan C is the only one that does not have a continuous hallway running from the main entrance to the far end of the building. Instead, it features a T-shaped layout with a central room branching off into two smaller rooms, which is distinct from the linear layouts of the other floorplans."
"[9, 4]","[15, 13]","['64614', '20590', '80219', '79413', '50510']",20590,1. **Different floorplan:** B,"1. **Different floorplan:** B
2. **Why:** Floorplan B is the only one that does not have a symmetrical layout with respect to the main entrance. The other floorplans (A, C, D, and E) appear to be mirror images of each other along the vertical axis passing through the main entrance, indicating a consistent underlying pattern. Floorplan B, however, has a unique arrangement of rooms and hallways that deviates from this symmetry, suggesting it has a different underlying pattern."
"[19, 5]","[15, 13]","['32569', '59952', '20590', '17017', '55314']",20590,1. **Different floorplan:** C,"1. **Different floorplan:** C
2. **Why:** Floorplan C is the only one that does not have a symmetrical layout with respect to the main entrance. The other floorplans (A, B, D, and E) appear to be mirror images of each other along the vertical axis passing through the main entrance, indicating a consistent underlying pattern. Floorplan C, however, has a unique arrangement of rooms and hallways that deviates from this symmetry, suggesting it has a different underlying pattern."
"[15, 21]","[5, 22]","['7489', '20839', '7217', '13497', '3384']",7217,1. **Different floorplan:** B,"1. **Different floorplan:** B
2. **Why:** Floorplan B is the only one that does not have a continuous hallway running vertically from the main entrance. All other floorplans (A, C, D, and E) have a vertical hallway that extends from the main entrance, which is a consistent feature in the other four floorplans. Floorplan B has a more complex layout with multiple rooms branching off from the main entrance without a continuous hallway, making it distinct from the others."
"[15, 28]","[9, 11]","['67905', '335', '38548', '3258', '10526']",335,1. **Different floorplan:** B,"1. **Different floorplan:** B
2. **Why:** Floorplan B is the only one that does not have a symmetrical layout with respect to the main entrance. The other floorplans (A, C, D, and E) all appear to be mirror images of each other along the vertical axis passing through the main entrance, indicating a consistent underlying pattern. Floorplan B, however, has a unique arrangement of rooms and hallways that deviates from this symmetry, suggesting it has a different underlying pattern."
"[17, 18]","[9, 26]","['66316', '51240', '31693', '70105', '6759']",6759,1. **Different floorplan:** D,"1. **Different floorplan:** D
2. **Why:** Floorplan D is the only one that does not have a continuous hallway running from the main entrance to the back of the apartment. Instead, it features a more complex layout with multiple turns and dead ends, which is distinct from the other floorplans that maintain a more linear path."
"[0, 14]","[15, 13]","['42684', '42604', '80522', '37963', '17291']",42684,1. **Different floorplan:** E,"1. **Different floorplan:** E
2. **Why:** Floorplan E is the only one that does not follow the same underlying pattern as the others. The other floorplans (A, B, C, and D) all have a similar layout where the living spaces are arranged around a central core with bedrooms and bathrooms distributed symmetrically. Floorplan E deviates from this by having a more irregular and less symmetrical arrangement of rooms, particularly in the distribution of the living areas and the placement of the bathrooms."
"[3, 21]","[14, 9]","['42206', '14038', '47060', '6508', '53064']",6508,1. **Different floorplan:** E,"1. **Different floorplan:** E
2. **Why:** Floorplan E is the only one that does not have a continuous hallway running from the main entrance to the far end of the apartment. Instead, it features a more compact arrangement with rooms clustered together, which is distinct from the other floorplans that all have a more linear layout with a clear path from the entrance to the back of the apartment."
"[3, 12]","[14, 8]","['1181', '27821', '37955', '46039', '20968']",46039,1. **Different floorplan:** C,"1. **Different floorplan:** C
2. **Why:** Floorplan C is the only one that does not have a continuous hallway running from the main entrance to the back of the apartment. Instead, it has a T-shaped layout with two separate sections branching off from the main entrance, which is distinct from the other floorplans that all have a more linear or corridor-like arrangement."
"[7, 22]","[0, 14]","['17291', '40679', '23132', '31113', '79411']",17291,1. **Different floorplan:** D,"1. **Different floorplan:** D
2. **Why:** Floorplan D is the only one that does not have a symmetrical layout with respect to the main entrance. The other floorplans (A, B, C, and E) appear to have a consistent pattern where the rooms are arranged in a way that is mirrored across the main entrance line. Floorplan D has an asymmetrical arrangement of rooms around the main entrance, which sets it apart from the others."
"[3, 16]","[14, 7]","['56017', '59100', '63317', '51393', '11746']",51393,1. **Different floorplan:** C,"1. **Different floorplan:** C
2. **Why:** Floorplan C is the only one that does not have a symmetrical layout with respect to the main entrance. The other floorplans (A, B, D, and E) all appear to be mirror images of each other along the vertical axis passing through the main entrance, indicating a consistent underlying pattern. Floorplan C, however, has a unique arrangement of rooms and hallways that deviates from this symmetry, suggesting it has a different underlying pattern."
"[18, 23]","[14, 7]","['72365', '61353', '42151', '25607', '37360']",25607,1. **Different floorplan:** C,"1. **Different floorplan:** C
2. **Why:** Floorplan C is the only one that does not have a symmetrical layout with respect to the main entrance. The other floorplans (A, B, D, and E) appear to be mirror images of each other along the vertical axis passing through the main entrance, indicating a consistent underlying pattern. Floorplan C, however, has a unique arrangement of rooms and hallways that deviates from this symmetry, suggesting it has a different underlying pattern."
"[0, 24]","[15, 13]","['37989', '74418', '48780', '42684', '31926']",42684,1. **Different floorplan:** E,"1. **Different floorplan:** E
2. **Why:** Floorplan E is the only one that does not have a continuous hallway running from the main entrance to the far end of the building. Instead, it features a more compact arrangement with rooms clustered together, which is distinct from the other floorplans that all have a more linear layout with a clear path from the entrance to the back of the building."
"[19, 28]","[15, 21]","['52721', '40111', '3384', '55589', '42272']",3384,1. **Different floorplan:** C,"1. **Different floorplan:** C
2. **Why:** Floorplan C is the only one that does not have a symmetrical layout with respect to the main entrance. The other floorplans (A, B, D, and E) all appear to be mirror images of each other along the vertical axis passing through the main entrance, indicating a consistent underlying pattern. Floorplan C, however, has a unique arrangement of rooms and hallways that deviates from this symmetry, suggesting it has a different underlying pattern."
"[18, 25]","[19, 13]","['25711', '4132', '35479', '73827', '62071']",35479,1. **Different floorplan:** C,"1. **Different floorplan:** C
2. **Why:** Floorplan C is the only one that does not have a symmetrical layout with respect to the main entrance. The other floorplans (A, B, D, and E) appear to be mirror images of each other along the vertical axis passing through the main entrance, indicating a consistent underlying pattern. Floorplan C, however, has a unique arrangement of rooms and hallways that deviates from this symmetry, suggesting it has a different underlying pattern."
"[14, 8]","[3, 5]","['28694', '40877', '74226', '28732', '46039']",74226,1. **Different floorplan:** C,"1. **Different floorplan:** C
2. **Why:** Floorplan C is the only one that does not have a symmetrical layout with respect to the main entrance. The other floorplans (A, B, D, and E) all appear to be mirror images of each other along the vertical axis passing through the main entrance, indicating a consistent underlying pattern. Floorplan C, however, has a unique arrangement of rooms and hallways that deviates from this symmetry, suggesting it has a different underlying pattern."
"[3, 16]","[14, 7]","['56017', '63317', '11746', '77045', '59100']",77045,1. **Different floorplan:** D,"1. **Different floorplan:** D
2. **Why:** Floorplan D is the only one that does not have a symmetrical layout with respect to the main entrance. The other floorplans (A, B, C, and E) all appear to be mirror images of each other along the vertical axis passing through the main entrance, indicating a consistent underlying pattern. Floorplan D, however, has a unique arrangement of rooms and hallways that deviates from this symmetry, suggesting it has a different underlying pattern."
"[18, 23]","[19, 18]","['72365', '78682', '25667', '74633', '48306']",74633,1. **Different floorplan:** D,"1. **Different floorplan:** D
2. **Why:** Floorplan D is the only one that does not have a symmetrical layout with respect to the main entrance. The other floorplans (A, B, C, and E) all exhibit a similar pattern where the rooms are arranged in a way that is mirrored across the main entrance line. Floorplan D has an asymmetrical arrangement of rooms around the main entrance, which sets it apart from the others."
"[14, 9]","[3, 26]","['39708', '40550', '6508', '14102', '1064']",1064,1. **Different floorplan:** E,"1. **Different floorplan:** E
2. **Why:** Floorplan E is the only one that does not have a rectangular shape with a consistent layout of rooms around a central core. It appears to be more irregular in shape compared to the others, which all have a more uniform and symmetrical arrangement of rooms around a central area."
"[7, 3]","[0, 24]","['75828', '61767', '74418', '52457', '64781']",74418,1. **Different floorplan:** B,"1. **Different floorplan:** B
2. **Why:** Floorplan B is the only one that does not have a symmetrical layout with respect to the main entrance. The other floorplans (A, C, D, and E) appear to have a consistent pattern where the rooms are arranged in a way that is mirrored across the main entrance line. Floorplan B has an asymmetrical arrangement of rooms around the entrance, which sets it apart from the others."
"[19, 14]","[15, 21]","['26703', '72517', '3384', '64729', '26372']",3384,1. **Different floorplan:** C,"1. **Different floorplan:** C
2. **Why:** Floorplan C is the only one that does not have a symmetrical layout with respect to the main entrance. The other floorplans (A, B, D, and E) all appear to be mirror images of each other along the vertical axis passing through the main entrance, indicating a consistent underlying pattern. Floorplan C, however, has a unique arrangement of rooms and hallways that deviates from this symmetry, suggesting it has a different underlying pattern."
"[15, 13]","[0, 24]","['42684', '48780', '68970', '53137', '24364']",48780,1. **Different floorplan:** B,"1. **Different floorplan:** B
2. **Why:** Floorplan B is the only one that does not have a symmetrical layout with respect to the main entrance. The other floorplans (A, C, D, and E) all appear to be mirror images of each other along the vertical axis passing through the main entrance, indicating a consistent underlying pattern. Floorplan B, however, has a unique arrangement of rooms and hallways that deviates from this symmetry, suggesting it has a different underlying pattern."
"[4, 27]","[7, 20]","['70239', '2425', '5222', '77515', '12888']",2425,1. **Different floorplan:** D,"1. **Different floorplan:** D
2. **Why:** Floorplan D is the only one that does not have a continuous hallway running vertically from the main entrance. In contrast, floors A, B, C, and E all feature a vertical hallway that extends from the main entrance to the far end of the floorplan. This unique characteristic sets floorplan D apart from the others."
"[19, 28]","[15, 21]","['23197', '52721', '40111', '42272', '13497']",13497,1. **Different floorplan:** C,"1. **Different floorplan:** C
2. **Why:** Floorplan C is the only one that does not have a symmetrical layout with respect to the main entrance. The other floorplans (A, B, D, and E) all appear to be mirror images of each other along the vertical axis passing through the main entrance, indicating a consistent underlying pattern. Floorplan C, however, has a unique arrangement of rooms and hallways that deviates from this symmetry, suggesting it has a different underlying pattern."
"[19, 5]","[15, 28]","['76431', '67905', '59952', '63902', '55314']",67905,1. **Different floorplan:** C,"1. **Different floorplan:** C
2. **Why:** Floorplan C is the only one that does not have a symmetrical layout with respect to the main entrance. The other floorplans (A, B, D, and E) appear to be mirror images of each other along the vertical axis passing through the main entrance, indicating a consistent underlying pattern. Floorplan C, however, has a unique arrangement of rooms and hallways that deviates from this symmetry, suggesting it has a different underlying pattern."
"[3, 3]","[14, 9]","['10131', '10017', '72700', '26678', '22002']",26678,1. **Different floorplan:** B,"1. **Different floorplan:** B
2. **Why:** Floorplan B is the only one that has a distinct arrangement of rooms compared to the others. In particular, it features a large central room with a smaller room attached to it, which is not present in the other floorplans. The other floorplans have more uniform layouts with similar room sizes and arrangements around a central core."
"[15, 28]","[0, 7]","['67905', '38548', '3258', '10526', '65801']",65801,1. **Different floorplan:** E,"1. **Different floorplan:** E
2. **Why:** Floorplan E is the only one that does not have a continuous hallway running vertically from the main entrance. All other floorplans (A, B, C, and D) have a vertical hallway that extends from the main entrance, which is a consistent feature in the other four floorplans. Floorplan E has a more complex layout with multiple smaller rooms branching off from the main entrance without a continuous hallway."
"[19, 14]","[15, 13]","['26703', '72517', '42684', '64729', '26372']",42684,1. **Different floorplan:** E,"1. **Different floorplan:** E
2. **Why:** Floorplan E is the only one that does not have a symmetrical layout with respect to the main entrance. The other four floorplans (A, B, C, and D) all exhibit a similar pattern where the rooms are arranged in a way that is mirrored across the main entrance line. Floorplan E has an asymmetrical arrangement of rooms around the main entrance, which sets it apart from the others."
"[3, 4]","[14, 7]","['51393', '11039', '9383', '20671', '35787']",51393,1. **Different floorplan:** E,"1. **Different floorplan:** E
2. **Why:** Floorplan E is the only one that does not have a symmetrical layout with respect to the main entrance. The other floorplans (A, B, C, and D) all exhibit a similar pattern where the rooms are arranged in a way that is mirrored across the main entrance line. Floorplan E has an asymmetrical arrangement of rooms around the main entrance, which sets it apart from the others."
"[19, 14]","[18, 25]","['26372', '25711', '26703', '64729', '72517']",25711,1. **Different floorplan:** E,"1. **Different floorplan:** E
2. **Why:** Floorplan E is the only one that does not have a continuous hallway running from the main entrance to the far end of the apartment. Instead, it features a more complex layout with multiple turns and dead ends, which is distinct from the other floorplans that maintain a more linear path."
"[0, 14]","[15, 13]","['37963', '42604', '39894', '34763', '17291']",34763,1. **Different floorplan:** B,"1. **Different floorplan:** B
2. **Why:** Floorplan B is the only one that does not have a continuous hallway running from the main entrance to the far end of the building. Instead, it has a T-shaped layout with two perpendicular hallways meeting at the main entrance, which is unique compared to the other floorplans that all have a more linear or U-shaped layout."
"[19, 18]","[18, 23]","['55086', '41277', '58616', '36535', '26755']",26755,1. **Different floorplan:** C,"1. **Different floorplan:** C
2. **Why:** Floorplan C is the only one that does not have a symmetrical layout with respect to the main entrance. The other floorplans (A, B, D, and E) all appear to be mirror images of each other along the vertical axis passing through the main entrance, indicating a consistent underlying pattern. Floorplan C, however, has a unique arrangement of rooms and hallways that deviates from this symmetry, suggesting it has a different underlying pattern."
"[19, 13]","[18, 25]","['37914', '25711', '43396', '35479', '43324']",25711,1. **Different floorplan:** C,"1. **Different floorplan:** C
2. **Why:** Floorplan C is the only one that does not have a symmetrical layout with respect to the main entrance. The other floorplans (A, B, D, and E) appear to be mirror images of each other along the vertical axis passing through the main entrance, indicating a consistent underlying pattern. Floorplan C, however, shows a distinct asymmetry in the placement of rooms and corridors around the main entrance, suggesting a different underlying pattern."
"[19, 18]","[15, 21]","['13497', '74633', '35149', '36535', '41277']",13497,1. **Different floorplan:** C,"1. **Different floorplan:** C
2. **Why:** Floorplan C is the only one that does not have a symmetrical layout with respect to the main entrance. The other floorplans (A, B, D, and E) all appear to be mirror images of each other along the vertical axis passing through the main entrance, indicating a consistent underlying pattern. Floorplan C, however, has a unique arrangement of rooms and hallways that deviates from this symmetry, suggesting it has a different underlying pattern."
"[15, 17]","[5, 19]","['60473', '60915', '1225', '11908', '47834']",60473,1. **Different floorplan:** C,"1. **Different floorplan:** C
2. **Why:** Floorplan C is the only one that does not have a symmetrical layout with respect to the main entrance. The other floorplans (A, B, D, and E) all appear to be mirror images of each other along the vertical axis passing through the main entrance, indicating a consistent underlying pattern. Floorplan C, however, has a unique arrangement of rooms and hallways that deviates from this symmetry, suggesting it has a different underlying pattern."
"[17, 21]","[9, 26]","['78147', '7474', '62549', '62454', '9795']",7474,1. **Different floorplan:** B,"1. **Different floorplan:** B
2. **Why:** Floorplan B is the only one that does not have a symmetrical layout with respect to the main entrance. The other floorplans (A, C, D, and E) all appear to be mirror images of each other along the vertical axis passing through the main entrance, indicating a consistent underlying pattern. Floorplan B, however, has a unique arrangement of rooms and hallways that deviates from this symmetry, suggesting it has a different underlying pattern."
"[15, 17]","[9, 4]","['1225', '47834', '11908', '60915', '64614']",64614,1. **Different floorplan:** E,"1. **Different floorplan:** E
2. **Why:** Floorplan E is the only one that includes a staircase leading up to an additional level, which is not present in the other four floorplans. This unique feature distinguishes it from the others, indicating a different underlying pattern."
"[7, 20]","[4, 27]","['5222', '2425', '2277', '54372', '55305']",5222,1. **Different floorplan:** B,"1. **Different floorplan:** B
2. **Why:** Floorplan B is the only one that does not have a symmetrical layout with respect to the main entrance. The other floorplans (A, C, D, and E) all appear to be mirror images of each other along the vertical axis passing through the main entrance, indicating a consistent underlying pattern. Floorplan B, however, has a unique arrangement of rooms and hallways that deviates from this symmetry, suggesting it has a different underlying pattern."
"[7, 3]","[0, 14]","['64781', '75828', '61767', '52457', '1261']",1261,1. **Different floorplan:** B,"1. **Different floorplan:** B
2. **Why:** Floorplan B is the only one that does not have a symmetrical layout with respect to the main entrance. The other floorplans (A, C, D, and E) all appear to be mirror images of each other along the vertical axis passing through the main entrance, indicating a consistent underlying pattern. Floorplan B, however, has a unique arrangement of rooms and hallways that deviates from this symmetry, suggesting it has a different underlying pattern."
"[18, 23]","[5, 19]","['54232', '59794', '37360', '26052', '5909']",54232,1. **Different floorplan:** E,"1. **Different floorplan:** E
2. **Why:** Floorplan E is the only one that does not have a symmetrical layout with respect to the main entrance. The other floorplans (A, B, C, and D) all exhibit a similar pattern where the rooms are arranged in a way that is mirrored across the main entrance line. Floorplan E has an asymmetrical arrangement of rooms around the main entrance, which sets it apart from the others."
"[15, 17]","[9, 3]","['60915', '1268', '1225', '47834', '11908']",1268,1. **Different floorplan:** B,"1. **Different floorplan:** B
2. **Why:** Floorplan B is the only one that includes a small pink room in the lower left corner, which is not present in any of the other floorplans. This unique feature distinguishes it from the others, indicating a different underlying pattern."
"[5, 4]","[15, 17]","['53032', '62609', '60915', '63485', '2004']",60915,1. **Different floorplan:** B,"1. **Different floorplan:** B
2. **Why:** Floorplan B is the only one that does not have a symmetrical layout with respect to the main entrance. The other floorplans (A, C, D, and E) all appear to be mirror images of each other along the vertical axis passing through the main entrance, indicating a consistent underlying pattern. Floorplan B, however, has a unique arrangement of rooms and hallways that deviates from this symmetry, suggesting it has a different underlying pattern."
"[0, 24]","[7, 22]","['48780', '37989', '74418', '31926', '79411']",79411,1. **Different floorplan:** E,"1. **Different floorplan:** E
2. **Why:** Floorplan E is the only one that does not have a symmetrical layout with respect to the main entrance. The other floorplans (A, B, C, and D) all exhibit a similar pattern where the rooms are arranged in a way that is mirrored across the main entrance line. Floorplan E has an asymmetrical arrangement of rooms around the main entrance, which sets it apart from the others."
"[19, 5]","[15, 17]","['55314', '1225', '63902', '32569', '76431']",1225,1. **Different floorplan:** B,"1. **Different floorplan:** B
2. **Why:** Floorplan B is the only one that does not have a symmetrical layout with respect to the main entrance. The other floorplans (A, C, D, and E) all appear to be mirror images of each other along the vertical axis passing through the main entrance, indicating a consistent underlying pattern. Floorplan B, however, has a unique arrangement of rooms and hallways that deviates from this symmetry, suggesting it has a different underlying pattern."
"[19, 10]","[15, 13]","['42684', '21540', '55791', '25168', '73023']",42684,1. **Different floorplan:** E,"1. **Different floorplan:** E
2. **Why:** Floorplan E is the only one that does not have a continuous hallway running from the main entrance to the far end of the apartment. Instead, it has a T-shaped layout with a central room branching off into two smaller rooms, which is distinct from the other floorplans that all have a more linear or corridor-like arrangement."
"[0, 24]","[15, 17]","['60915', '48780', '37989', '31926', '74418']",60915,1. **Different floorplan:** D,"1. **Different floorplan:** D
2. **Why:** Floorplan D is the only one that does not have a continuous hallway running from the main entrance to the far end of the building. Instead, it features a more complex layout with multiple turns and dead ends, which is distinct from the other floorplans that maintain a more linear path."
"[0, 14]","[7, 22]","['80522', '40679', '17291', '75707', '39894']",40679,1. **Different floorplan:** E,"1. **Different floorplan:** E
2. **Why:** Floorplan E is the only one that does not have a symmetrical layout with respect to the main entrance. The other floorplans (A, B, C, and D) appear to be mirror images of each other along the vertical axis passing through the main entrance, indicating a consistent underlying pattern. Floorplan E, however, has a unique arrangement of rooms and hallways that deviates from this symmetry, suggesting it has a different underlying pattern."
"[9, 26]","[15, 28]","['23274', '6759', '50181', '23716', '27788']",23274,1. **Different floorplan:** E,"1. **Different floorplan:** E
2. **Why:** Floorplan E is the only one that does not have a symmetrical layout with respect to the main entrance. The other floorplans (A, B, C, and D) appear to have a consistent pattern where the rooms are arranged in a similar manner around the central axis defined by the main entrance. Floorplan E has a more irregular arrangement of rooms, which suggests it might have a different underlying pattern compared to the others."
"[18, 25]","[5, 22]","['48795', '4132', '73827', '25711', '3282']",48795,1. **Different floorplan:** B,"1. **Different floorplan:** B
2. **Why:** Floorplan B is the only one that does not have a symmetrical layout with respect to the main entrance. All other floorplans (A, C, D, and E) appear to be mirror images of each other along the vertical axis passing through the main entrance, indicating a consistent underlying pattern. Floorplan B, however, has a unique arrangement of rooms and hallways that deviates from this symmetry, suggesting it has a different underlying pattern."
"[15, 17]","[0, 6]","['11908', '43036', '1225', '60915', '47834']",43036,1. **Different floorplan:** B,"1. **Different floorplan:** B
2. **Why:** Floorplan B is the only one that has a distinct arrangement of rooms compared to the others. While the other floorplans have a consistent pattern with a central hallway leading to various rooms, floorplan B has an additional room (pink) that disrupts this pattern. This extra room does not fit into the typical layout seen in the other floorplans, making it the one with a different underlying pattern."
"[15, 28]","[5, 19]","['23274', '35619', '38548', '10526', '3258']",35619,1. **Different floorplan:** C,"1. **Different floorplan:** C
2. **Why:** Floorplan C is the only one that does not have a symmetrical layout with respect to the main entrance. The other floorplans (A, B, D, and E) all appear to be mirror images of each other along the vertical axis passing through the main entrance, indicating a consistent underlying pattern. Floorplan C, however, has a unique arrangement of rooms and hallways that deviates from this symmetry, suggesting it has a different underlying pattern."
"[15, 21]","[0, 2]","['20839', '3384', '7489', '32703', '13497']",32703,1. **Different floorplan:** D,"1. **Different floorplan:** D
2. **Why:** Floorplan D is the only one that does not have a continuous hallway running vertically from the main entrance. In contrast, floors A, B, C, and E all feature a vertical hallway extending from the main entrance, which is a consistent pattern in the other four floorplans."
"[15, 21]","[19, 18]","['20839', '7489', '13497', '3384', '49556']",49556,1. **Different floorplan:** A,"1. **Different floorplan:** A
2. **Why:** Floorplan A is the only one that does not have a continuous hallway running from the main entrance to the back of the apartment. Instead, it has a T-shaped layout with a small room branching off early in the hallway, which is not present in the other floorplans. This unique configuration sets it apart from the others, which all have a more linear or U-shaped layout."
"[19, 5]","[15, 28]","['72346', '76431', '55314', '38548', '32569']",38548,1. **Different floorplan:** D,"1. **Different floorplan:** D
2. **Why:** Floorplan D is the only one that does not have a symmetrical layout with respect to the main entrance. The other floorplans (A, B, C, and E) all appear to be mirror images of each other along the vertical axis passing through the main entrance, indicating a consistent underlying pattern. Floorplan D, however, has a unique arrangement of rooms and hallways that deviates from this symmetry, suggesting it has a different underlying pattern."
"[14, 8]","[3, 17]","['33084', '46039', '39691', '40877', '28732']",33084,1. **Different floorplan:** C,"1. **Different floorplan:** C
2. **Why:** Floorplan C is the only one that does not have a continuous hallway running from the main entrance to the back of the apartment. Instead, it has a T-shaped layout with two separate sections branching off from the main entrance, which is distinct from the other floorplans that all have a more linear or corridor-like arrangement."
"[7, 1]","[0, 0]","['28082', '3536', '16951', '12376', '8109']",28082,1. **Different floorplan:** B,"1. **Different floorplan:** B
2. **Why:** Floorplan B is the only one that does not have a symmetrical layout with respect to the main entrance. The other floorplans (A, C, D, and E) appear to be mirror images of each other along the vertical axis passing through the main entrance, indicating a consistent underlying pattern. Floorplan B, however, shows a distinct asymmetry in the placement of rooms and spaces around the main entrance, suggesting it has a different underlying pattern."
"[17, 18]","[9, 26]","['21543', '21408', '51240', '6759', '46660']",6759,1. **Different floorplan:** A,"1. **Different floorplan:** A
2. **Why:** Floorplan A is the only one that does not have a symmetrical layout with respect to the main entrance. The other floorplans (B, C, D, and E) all appear to be mirror images of each other along the vertical axis passing through the main entrance, indicating a consistent underlying pattern. Floorplan A, however, has a unique arrangement of rooms and hallways that deviates from this symmetry, suggesting it has a different underlying pattern."
"[15, 17]","[9, 11]","['1225', '15606', '60915', '47834', '11908']",15606,1. **Different floorplan:** B,"1. **Different floorplan:** B
2. **Why:** Floorplan B is the only one that does not have a continuous hallway running vertically from the main entrance. All other floorplans (A, C, D, and E) have a vertical hallway that extends from the main entrance to the far end of the floorplan. Floorplan B has a more complex layout with multiple smaller rooms branching off from the main entrance, which is distinct from the other floorplans."
"[18, 25]","[5, 22]","['3282', '25711', '57572', '62071', '73827']",57572,1. **Different floorplan:** C,"1. **Different floorplan:** C
2. **Why:** Floorplan C is the only one that does not have a symmetrical layout with respect to the main entrance. The other floorplans (A, B, D, and E) all appear to be mirror images of each other along the vertical axis passing through the main entrance, indicating a consistent underlying pattern. Floorplan C, however, has a unique arrangement of rooms and hallways that deviates from this symmetry, suggesting it has a different underlying pattern."
"[0, 24]","[15, 17]","['74418', '11908', '37989', '48780', '31926']",11908,1. **Different floorplan:** B,"1. **Different floorplan:** B
2. **Why:** Floorplan B is the only one that does not have a symmetrical layout with respect to the main entrance. The other floorplans (A, C, D, and E) all appear to be mirror images of each other along the vertical axis passing through the main entrance, indicating a consistent underlying pattern. Floorplan B, however, has a unique arrangement of rooms and hallways that deviates from this symmetry, suggesting it has a different underlying pattern."
"[7, 22]","[0, 0]","['23132', '40679', '31113', '28082', '79411']",28082,1. **Different floorplan:** E,"1. **Different floorplan:** E
2. **Why:** Floorplan E is the only one that does not have a symmetrical layout with respect to the main entrance. The other floorplans (A, B, C, and D) all appear to be mirror images of each other along the vertical axis passing through the main entrance, indicating a consistent underlying pattern. Floorplan E, however, has a unique arrangement of rooms and hallways that deviates from this symmetry, suggesting it has a different underlying pattern."
"[9, 3]","[15, 13]","['74662', '25079', '9662', '1268', '14914']",25079,1. **Different floorplan:** B,"1. **Different floorplan:** B
2. **Why:** Floorplan B is the only one that features a central hallway with rooms branching off from it in a symmetrical manner, which is distinct from the more irregular and varied layouts of the other floorplans. The other floorplans have more complex and less symmetrical arrangements of rooms."
"[15, 21]","[9, 11]","['3384', '41897', '7489', '13497', '20839']",41897,1. **Different floorplan:** E,"1. **Different floorplan:** E
2. **Why:** Floorplan E is the only one that features a distinct arrangement of rooms with a unique combination of shapes and sizes compared to the others. The presence of a large purple room in E, which is not present in the other floorplans, suggests a different underlying pattern. Additionally, the overall layout of E appears more complex and irregular compared to the simpler, more uniform patterns of A, B, C, and D."
"[9, 4]","[15, 21]","['80219', '3384', '64614', '79413', '50510']",3384,1. **Different floorplan:** D,"1. **Different floorplan:** D
2. **Why:** Floorplan D is the only one that does not have a symmetrical layout with respect to the main entrance. The other floorplans (A, B, C, and E) all appear to be mirror images of each other along the vertical axis passing through the main entrance, indicating a consistent underlying pattern. Floorplan D, however, has a unique arrangement of rooms and hallways that deviates from this symmetry, suggesting it has a different underlying pattern."
"[0, 2]","[7, 3]","['75828', '44125', '44802', '80744', '70440']",75828,1. **Different floorplan:** C,"1. **Different floorplan:** C
2. **Why:** Floorplan C is the only one that does not have a symmetrical layout with respect to the main entrance. The other floorplans (A, B, D, and E) all appear to be mirror images of each other along the vertical axis passing through the main entrance, indicating a consistent underlying pattern. Floorplan C, however, shows a distinct asymmetry in the placement of rooms and the overall shape around the main entrance, making it unique compared to the others."
"[19, 5]","[15, 21]","['17017', '72346', '55314', '76431', '13497']",13497,1. **Different floorplan:** C,"1. **Different floorplan:** C
2. **Why:** Floorplan C is the only one that does not have a symmetrical layout with respect to the main entrance. The other floorplans (A, B, D, and E) all appear to be mirror images of each other along the vertical axis passing through the main entrance, indicating a consistent underlying pattern. Floorplan C, however, has a unique arrangement of rooms and hallways that deviates from this symmetry, suggesting it has a different underlying pattern."
"[0, 14]","[15, 13]","['42604', '53137', '75707', '17291', '37963']",53137,1. **Different floorplan:** B,"1. **Different floorplan:** B
2. **Why:** Floorplan B is the only one that does not have a symmetrical layout with respect to the main entrance. All other floorplans (A, C, D, and E) appear to be mirror images of each other along the vertical axis passing through the main entrance, indicating a consistent underlying pattern. Floorplan B, however, has a unique arrangement of rooms and hallways that deviates from this symmetry, suggesting it has a different underlying pattern."
"[17, 21]","[9, 11]","['40487', '9795', '4186', '62454', '62549']",4186,1. **Different floorplan:** B,"1. **Different floorplan:** B
2. **Why:** Floorplan B is the only one that does not have a symmetrical layout with respect to the main entrance. The other floorplans (A, C, D, and E) appear to be mirror images of each other along the vertical axis passing through the main entrance, indicating a consistent underlying pattern. Floorplan B, however, shows a distinct asymmetry in the arrangement of rooms and spaces around the main entrance, suggesting a different underlying pattern."
"[18, 23]","[14, 7]","['25607', '48306', '42151', '61353', '72365']",25607,1. **Different floorplan:** D,"1. **Different floorplan:** D
2. **Why:** Floorplan D is the only one that does not have a symmetrical layout with respect to the main entrance. The other floorplans (A, B, C, and E) all exhibit a similar pattern where the rooms are arranged in a way that is mirrored across the main entrance line, creating a balanced and symmetrical design. Floorplan D, however, has an asymmetrical arrangement of rooms around the main entrance, which sets it apart from the others."
"[18, 25]","[9, 4]","['80219', '4132', '73827', '62071', '25711']",80219,1. **Different floorplan:** B,"1. **Different floorplan:** B
2. **Why:** Floorplan B is the only one that does not have a symmetrical layout with respect to the main entrance. The other floorplans (A, C, D, and E) all appear to be mirror images of each other along the vertical axis passing through the main entrance, indicating a consistent underlying pattern. Floorplan B, however, has a unique arrangement of rooms and hallways that deviates from this symmetry, suggesting it has a different underlying pattern."
"[7, 20]","[0, 6]","['54372', '55305', '2277', '2425', '25447']",25447,1. **Different floorplan:** E,"1. **Different floorplan:** E
2. **Why:** Floorplan E is the only one that does not have a symmetrical layout with respect to the main entrance. The other floorplans (A, B, C, and D) all appear to be mirror images of each other along the vertical axis passing through the main entrance, indicating a consistent underlying pattern. Floorplan E, however, has a unique arrangement of rooms and hallways that deviates from this symmetry, suggesting it has a different underlying pattern."
"[0, 7]","[15, 17]","['11908', '66807', '72266', '10984', '15613']",11908,1. **Different floorplan:** B,"1. **Different floorplan:** B
2. **Why:** Floorplan B is the only one that does not have a symmetrical layout with respect to the main entrance. The other floorplans (A, C, D, and E) all appear to be mirror images of each other along the vertical axis passing through the main entrance, indicating a consistent underlying pattern. Floorplan B, however, has a unique arrangement of rooms and hallways that deviates from this symmetry, suggesting it has a different underlying pattern."
"[15, 17]","[0, 7]","['15613', '60915', '11908', '47834', '1225']",15613,1. **Different floorplan:** C,"1. **Different floorplan:** C
2. **Why:** Floorplan C is the only one that does not have a continuous hallway running from the main entrance to the back of the apartment. Instead, it features a more compact arrangement with rooms directly connected without a clear central hallway, which distinguishes it from the other floorplans that all have a similar layout with a central hallway."
"[15, 21]","[19, 5]","['13497', '3384', '20839', '72346', '7489']",72346,1. **Different floorplan:** C,"1. **Different floorplan:** C
2. **Why:** Floorplan C is the only one that does not have a symmetrical layout with respect to the main entrance. The other floorplans (A, B, D, and E) all appear to be mirror images of each other along the vertical axis passing through the main entrance, indicating a consistent underlying pattern. Floorplan C, however, has a distinct arrangement of rooms and hallways that deviates from this symmetry, suggesting it has a different underlying pattern."
"[0, 6]","[7, 20]","['54372', '41154', '75880', '59474', '43036']",54372,1. **Different floorplan:** C,"1. **Different floorplan:** C
2. **Why:** Floorplan C is the only one that does not have a symmetrical layout with respect to the main entrance. The other floorplans (A, B, D, and E) appear to be mirror images of each other along the vertical axis passing through the main entrance, indicating a consistent underlying pattern. Floorplan C, however, shows a distinct asymmetry in the arrangement of rooms around the main entrance, suggesting a different underlying pattern."
"[5, 22]","[15, 13]","['40863', '7217', '25079', '48795', '77349']",25079,1. **Different floorplan:** C,"1. **Different floorplan:** C
2. **Why:** Floorplan C is the only one that does not have a symmetrical layout with respect to the main entrance. The other floorplans (A, B, D, and E) appear to be mirror images of each other along the vertical axis passing through the main entrance, indicating a consistent underlying pattern. Floorplan C, however, has a unique arrangement of rooms and hallways that deviates from this symmetry, suggesting it has a different underlying pattern."
"[14, 8]","[3, 21]","['40877', '39691', '46039', '14038', '28732']",14038,1. **Different floorplan:** D,"1. **Different floorplan:** D
2. **Why:** Floorplan D is the only one that does not have a continuous hallway running from the main entrance to the back of the apartment. In contrast, floors A, B, C, and E all feature a continuous hallway that extends from the main entrance to the rear of the apartment, which is a consistent pattern in the other four floorplans."
"[18, 23]","[19, 28]","['42272', '10433', '37360', '26755', '72978']",42272,1. **Different floorplan:** B,"1. **Different floorplan:** B
2. **Why:** Floorplan B is the only one that does not have a symmetrical layout with respect to the main entrance. The other floorplans (A, C, D, and E) all appear to be mirror images of each other along the vertical axis passing through the main entrance, indicating a consistent underlying pattern. Floorplan B, however, has a unique arrangement of rooms and hallways that deviates from this symmetry, suggesting it has a different underlying pattern."
"[18, 25]","[14, 7]","['73827', '4132', '62071', '25711', '51393']",51393,1. **Different floorplan:** E,"1. **Different floorplan:** E
2. **Why:** Floorplan E is the only one that does not have a symmetrical layout with respect to the main entrance. The other floorplans (A, B, C, and D) all exhibit a similar pattern where the rooms are arranged in a way that is mirrored across the main entrance line. Floorplan E has an asymmetrical arrangement, which sets it apart from the others."
"[18, 25]","[5, 4]","['51114', '25711', '4132', '73827', '62071']",51114,1. **Different floorplan:** C,"1. **Different floorplan:** C
2. **Why:** Floorplan C is the only one that does not have a continuous hallway running from the main entrance to the back of the apartment. Instead, it has a T-shaped layout with a central area that branches off into two directions, which is distinct from the linear layouts of the other floorplans."
"[0, 0]","[15, 28]","['14834', '8176', '78009', '10526', '28082']",10526,1. **Different floorplan:** D,"1. **Different floorplan:** D
2. **Why:** Floorplan D is the only one that does not have a symmetrical layout with respect to the main entrance. The other floorplans (A, B, C, and E) all exhibit a similar pattern where the rooms are arranged in a way that is mirrored across the main entrance line, creating a balanced and symmetrical design. Floorplan D, however, has an asymmetrical arrangement of rooms around the main entrance, which sets it apart from the others."
"[15, 28]","[9, 26]","['50181', '10526', '38548', '3258', '67905']",50181,1. **Different floorplan:** A,"1. **Different floorplan:** A
2. **Why:** Floorplan A is the only one that does not have a symmetrical layout with respect to the main entrance. The other floorplans (B, C, D, and E) all exhibit a similar pattern where the rooms are arranged symmetrically around the central axis passing through the main entrance. Floorplan A has an asymmetrical arrangement of rooms, which sets it apart from the others."
"[19, 14]","[15, 28]","['26372', '26703', '67905', '64729', '72517']",67905,1. **Different floorplan:** C,"1. **Different floorplan:** C
2. **Why:** Floorplan C is the only one that does not have a continuous hallway running from the main entrance to the far end of the building. Instead, it features a T-shaped layout with two perpendicular hallways meeting at a central point, which is distinct from the linear hallway patterns in the other floorplans."
"[19, 5]","[15, 28]","['76431', '38548', '55314', '17017', '59952']",38548,1. **Different floorplan:** B,"1. **Different floorplan:** B
2. **Why:** Floorplan B is the only one that features a central hallway with rooms branching off from it in a symmetrical T-shape. All other floorplans have a more irregular layout with rooms not following a clear central axis or symmetry."
"[19, 10]","[15, 28]","['67905', '25168', '25618', '55791', '21540']",67905,1. **Different floorplan:** C,"1. **Different floorplan:** C
2. **Why:** Floorplan C is the only one that does not have a continuous hallway running from the main entrance to the back of the apartment. Instead, it has a T-shaped layout with a central room branching off into two smaller rooms, which is distinct from the linear layouts of the other floorplans."
"[15, 28]","[9, 26]","['27788', '67905', '23274', '3258', '38548']",27788,1. **Different floorplan:** A,"1. **Different floorplan:** A
2. **Why:** Floorplan A is the only one that does not have a symmetrical layout with respect to the main entrance. The other floorplans (B, C, D, and E) all appear to be mirror images of each other along the vertical axis passing through the main entrance, indicating a consistent underlying pattern. Floorplan A, however, has a unique arrangement of rooms and hallways that deviates from this symmetry, suggesting it has a different underlying pattern."
"[15, 21]","[9, 4]","['20839', '7489', '13497', '3384', '64614']",64614,1. **Different floorplan:** E,"1. **Different floorplan:** E
2. **Why:** Floorplan E is the only one that does not have a continuous hallway running from the main entrance to the back of the apartment. Instead, it features a more complex layout with multiple turns and dead ends, which is distinct from the simpler, linear patterns in the other floorplans."
"[18, 23]","[5, 29]","['10433', '15451', '18711', '67584', '40817']",18711,1. **Different floorplan:** B,"1. **Different floorplan:** B
2. **Why:** Floorplan B is the only one that does not have a symmetrical layout with respect to the main entrance. The other floorplans (A, C, D, and E) all appear to be mirror images of each other along the vertical axis passing through the main entrance, indicating a consistent underlying pattern. Floorplan B, however, has a unique arrangement of rooms and hallways that deviates from this symmetry, suggesting it has a different underlying pattern."
"[17, 18]","[9, 26]","['6955', '66316', '31693', '6759', '21543']",6759,1. **Different floorplan:** C,"1. **Different floorplan:** C
2. **Why:** Floorplan C is the only one that does not have a continuous hallway running from the main entrance to the back of the apartment. Instead, it has a T-shaped layout with two separate sections branching off from the main entrance, which is distinct from the other floorplans that all have a more linear or U-shaped arrangement."
"[3, 28]","[14, 7]","['12683', '73823', '8257', '42226', '77045']",77045,1. **Different floorplan:** E,"1. **Different floorplan:** E
2. **Why:** Floorplan E is the only one that does not have a continuous hallway running from the main entrance to the far end of the building. Instead, it features a more complex arrangement with multiple intersecting corridors and rooms, which deviates from the simpler linear layout seen in the other floorplans."
"[3, 28]","[14, 7]","['73823', '42226', '77045', '12683', '55090']",77045,1. **Different floorplan:** C,"1. **Different floorplan:** C
2. **Why:** Floorplan C is the only one that does not have a continuous hallway running from the main entrance to the far end of the building. Instead, it features a more complex arrangement with multiple rooms branching off from the central area, which is distinct from the linear layout seen in the other floorplans."
"[15, 17]","[0, 2]","['1225', '47834', '51831', '60915', '11908']",51831,1. **Different floorplan:** C,"1. **Different floorplan:** C
2. **Why:** Floorplan C is the only one that does not have a continuous hallway running vertically from the main entrance. Instead, it features a more complex arrangement with multiple turns and a different distribution of rooms compared to the other floorplans, which all have a similar layout with a central hallway."
"[14, 9]","[3, 28]","['26506', '6508', '26678', '55090', '39708']",55090,1. **Different floorplan:** C,"1. **Different floorplan:** C
2. **Why:** Floorplan C is the only one that does not have a symmetrical layout with respect to the main entrance. The other floorplans (A, B, D, and E) all appear to be mirror images of each other along the vertical axis passing through the main entrance, indicating a consistent underlying pattern. Floorplan C, however, has a unique arrangement of rooms and hallways that deviates from this symmetry, suggesting it has a different underlying pattern."
"[17, 5]","[9, 26]","['50221', '33045', '6759', '72055', '7913']",6759,1. **Different floorplan:** C,"1. **Different floorplan:** C
2. **Why:** Floorplan C is the only one that does not have a symmetrical layout with respect to the main entrance. The other floorplans (A, B, D, and E) appear to be mirror images of each other along the vertical axis passing through the main entrance, indicating a consistent underlying pattern. Floorplan C, however, shows a unique arrangement of rooms and spaces that deviates from this symmetry, suggesting it has a different underlying pattern."
"[18, 23]","[9, 26]","['5909', '40817', '15451', '14167', '50181']",50181,1. **Different floorplan:** E,"1. **Different floorplan:** E
2. **Why:** Floorplan E is the only one that does not have a symmetrical layout with respect to the main entrance. The other floorplans (A, B, C, and D) all exhibit a similar pattern where the rooms are arranged in a way that is mirrored across the main entrance line. Floorplan E has an asymmetrical arrangement of rooms around the main entrance, which sets it apart from the others."
"[18, 23]","[19, 14]","['10433', '72517', '78682', '14167', '40817']",72517,1. **Different floorplan:** B,"1. **Different floorplan:** B
2. **Why:** Floorplan B is the only one that does not have a symmetrical layout with respect to the main entrance. The other floorplans (A, C, D, and E) all appear to be mirror images of each other along the vertical axis passing through the main entrance, indicating a consistent underlying pattern. Floorplan B, however, has a unique arrangement of rooms and hallways that deviates from this symmetry, suggesting it has a different underlying pattern."
"[19, 13]","[15, 28]","['10526', '35479', '37914', '43396', '43324']",10526,1. **Different floorplan:** B,"1. **Different floorplan:** B
2. **Why:** Floorplan B is the only one that does not have a symmetrical layout with respect to the main entrance. The other floorplans (A, C, D, and E) all appear to be mirror images of each other along the vertical axis passing through the main entrance, indicating a consistent underlying pattern. Floorplan B, however, has a unique arrangement of rooms and hallways that deviates from this symmetry, suggesting it has a different underlying pattern."
"[15, 17]","[0, 0]","['47834', '8176', '1225', '60915', '11908']",8176,1. **Different floorplan:** B,"1. **Different floorplan:** B
2. **Why:** Floorplan B is the only one that has a distinct arrangement of rooms compared to the others. While the other floorplans have a consistent pattern with a central hallway leading to various rooms, floorplan B has a more complex layout with additional corridors and a different distribution of spaces around the central area. This makes it stand out from the rest in terms of spatial organization."
"[5, 19]","[18, 23]","['60473', '14167', '49189', '51211', '63077']",14167,1. **Different floorplan:** C,"1. **Different floorplan:** C
2. **Why:** Floorplan C is the only one that does not have a symmetrical layout with respect to the main entrance. The other floorplans (A, B, D, and E) appear to be mirror images of each other along the vertical axis passing through the main entrance, indicating a consistent underlying pattern. Floorplan C, however, has a unique arrangement of rooms and hallways that deviates from this symmetry, suggesting it has a different underlying pattern."
"[5, 29]","[18, 23]","['57316', '18711', '64247', '21765', '52548']",64247,1. **Different floorplan:** C,"1. **Different floorplan:** C
2. **Why:** Floorplan C is the only one that does not have a symmetrical layout with respect to the main entrance. The other floorplans (A, B, D, and E) appear to be mirror images of each other along the vertical axis passing through the main entrance, indicating a consistent underlying pattern. Floorplan C, however, has a unique arrangement of rooms and hallways that deviates from this symmetry, suggesting it has a different underlying pattern."
"[14, 8]","[3, 17]","['53579', '39691', '46039', '28694', '40877']",53579,1. **Different floorplan:** A,"1. **Different floorplan:** A
2. **Why:** Floorplan A is the only one that does not have a symmetrical layout with respect to the main entrance. The other floorplans (B, C, D, and E) all appear to be mirror images of each other along the vertical axis passing through the main entrance, indicating a consistent underlying pattern. Floorplan A, however, has a unique arrangement of rooms and hallways that deviates from this symmetry, suggesting it has a different underlying pattern."
"[15, 17]","[9, 11]","['60915', '11908', '1225', '47834', '52758']",52758,1. **Different floorplan:** E,"1. **Different floorplan:** E
2. **Why:** Floorplan E has a unique arrangement of rooms compared to the others. While the other floorplans (A, B, C, and D) all have a similar layout with a central hallway leading to various rooms, including a living area, dining area, kitchen, and bedrooms, Floorplan E introduces an additional room (pink) that is not present in the others. This extra room disrupts the uniformity of the layout, making it distinct from the rest."
"[19, 10]","[15, 13]","['25618', '25168', '73023', '21540', '20590']",20590,1. **Different floorplan:** C,"1. **Different floorplan:** C
2. **Why:** Floorplan C is the only one that does not have a continuous hallway running from the main entrance to the far end of the building. Instead, it features a more complex layout with multiple turns and dead ends, which is distinct from the other floorplans that maintain a more linear path."
"[15, 13]","[9, 4]","['20590', '53137', '80219', '34763', '25079']",80219,1. **Different floorplan:** C,"1. **Different floorplan:** C
2. **Why:** Floorplan C is the only one that does not have a symmetrical layout with respect to the main entrance. The other floorplans (A, B, D, and E) all appear to be symmetrical along the line passing through the main entrance, which suggests they follow a similar underlying pattern. Floorplan C, however, has an asymmetrical arrangement of rooms around the entrance, indicating it has a different underlying pattern."
"[15, 17]","[5, 4]","['63485', '11908', '60915', '47834', '1225']",63485,1. **Different floorplan:** A,"1. **Different floorplan:** A
2. **Why:** Floorplan A is the only one that does not have a symmetrical layout with respect to the main entrance. The other floorplans (B, C, D, and E) all appear to be mirror images of each other along the vertical axis passing through the main entrance, indicating a consistent underlying pattern. Floorplan A, however, has a unique arrangement of rooms and hallways that deviates from this symmetry, suggesting it has a different underlying pattern."
"[14, 9]","[3, 7]","['26506', '40550', '39708', '73164', '6508']",73164,1. **Different floorplan:** D,"1. **Different floorplan:** D
2. **Why:** Floorplan D is the only one that does not have a continuous hallway running from the main entrance to the back of the apartment. In contrast, floors A, B, C, and E all feature a continuous hallway that extends from the main entrance to the rear of the apartment, which is a consistent pattern in the other four floorplans."
"[18, 23]","[5, 29]","['64148', '55950', '72365', '6216', '61353']",55950,1. **Different floorplan:** E,"1. **Different floorplan:** E
2. **Why:** Floorplan E is the only one that does not have a symmetrical layout with respect to the main entrance. The other floorplans (A, B, C, and D) all exhibit a similar pattern where the rooms are arranged in a way that is mirrored across the main entrance line, creating a balanced and symmetrical design. Floorplan E, however, has an asymmetrical arrangement of rooms around the main entrance, which sets it apart from the others."
"[3, 3]","[14, 7]","['10017', '38835', '30004', '10131', '994']",38835,1. **Different floorplan:** C,"1. **Different floorplan:** C
2. **Why:** Floorplan C is the only one that does not have a symmetrical layout with respect to the main entrance. The other floorplans (A, B, D, and E) all appear to be mirror images of each other along the vertical axis passing through the main entrance, indicating a consistent underlying pattern. Floorplan C, however, has a unique arrangement of rooms and hallways that deviates from this symmetry, suggesting it has a different underlying pattern."
"[14, 9]","[3, 3]","['6508', '40550', '72700', '39708', '14102']",72700,1. **Different floorplan:** C,"1. **Different floorplan:** C
2. **Why:** Floorplan C is the only one that does not have a symmetrical layout with respect to the main entrance. The other floorplans (A, B, D, and E) all appear to be mirror images of each other along the vertical axis passing through the main entrance, indicating a consistent underlying pattern. Floorplan C, however, has a unique arrangement of rooms and hallways that deviates from this symmetry, suggesting it has a different underlying pattern."
"[0, 7]","[15, 21]","['66807', '72266', '10984', '7489', '15613']",7489,1. **Different floorplan:** D,"1. **Different floorplan:** D
2. **Why:** Floorplan D is the only one that does not have a continuous hallway running from the main entrance to the far end of the apartment. Instead, it features a T-shaped layout with a central area branching off into two directions, which is distinct from the linear layouts of the other floorplans."
"[15, 28]","[9, 3]","['10526', '23274', '38548', '64671', '67905']",64671,1. **Different floorplan:** C,"1. **Different floorplan:** C
2. **Why:** Floorplan C is the only one that does not have a continuous hallway running from the main entrance to the opposite side of the floorplan. Instead, it features a T-shaped layout with two perpendicular hallways meeting at a central point, which is distinct from the linear hallway patterns in the other floorplans (A, B, D, and E)."
"[0, 2]","[7, 22]","['59390', '51831', '31113', '66847', '60860']",31113,1. **Different floorplan:** C,"1. **Different floorplan:** C
2. **Why:** Floorplan C is the only one that does not have a symmetrical layout with respect to the main entrance. The other floorplans (A, B, D, and E) all appear to be mirror images of each other along the vertical axis passing through the main entrance, indicating a consistent underlying pattern. Floorplan C, however, has a unique arrangement of rooms and hallways that deviates from this symmetry, suggesting it has a different underlying pattern."
"[15, 21]","[19, 25]","['7489', '13497', '20839', '3384', '74532']",74532,1. **Different floorplan:** C,"1. **Different floorplan:** C
2. **Why:** Floorplan C is the only one that does not have a continuous hallway running from the main entrance to the back of the apartment. Instead, it features a T-shaped layout with a central room branching off into two smaller rooms, which is distinct from the linear layouts in A, B, D, and E."
"[15, 28]","[0, 14]","['67905', '38548', '37963', '3258', '23274']",37963,1. **Different floorplan:** C,"1. **Different floorplan:** C
2. **Why:** Floorplan C is the only one that does not have a symmetrical layout with respect to the main entrance. The other floorplans (A, B, D, and E) all appear to be mirror images of each other along the vertical axis passing through the main entrance, indicating a consistent underlying pattern. Floorplan C, however, has a unique arrangement of rooms and hallways that deviates from this symmetry, suggesting it has a different underlying pattern."
"[19, 25]","[15, 28]","['26994', '33749', '74532', '59747', '23274']",23274,1. **Different floorplan:** C,"1. **Different floorplan:** C
2. **Why:** Floorplan C is the only one that does not have a continuous hallway running from the main entrance to the far end of the building. Instead, it features a T-shaped layout with a central room branching off into two perpendicular sections. This unique configuration sets it apart from the other floorplans, which all have a more linear or rectangular layout with a continuous hallway."
"[14, 9]","[3, 4]","['26678', '9383', '40550', '6508', '26506']",9383,1. **Different floorplan:** B,"1. **Different floorplan:** B
2. **Why:** Floorplan B is the only one that does not have a continuous hallway running from the main entrance to the back of the apartment. Instead, it has a T-shaped layout with a central room branching off from the main entrance, which is distinct from the other floorplans that all feature a more linear progression of rooms along a single path."
"[15, 21]","[0, 7]","['7489', '65801', '20839', '3384', '13497']",65801,1. **Different floorplan:** C,"1. **Different floorplan:** C
2. **Why:** Floorplan C is the only one that does not have a continuous hallway running vertically from the main entrance. In contrast, floorplans A, B, D, and E all feature a vertical hallway extending from the main entrance, which is a consistent pattern in those designs."
"[7, 1]","[0, 2]","['45218', '12376', '16951', '12421', '8109']",45218,1. **Different floorplan:** D,"1. **Different floorplan:** D
2. **Why:** Floorplan D is the only one that does not have a symmetrical layout with respect to the main entrance. The other floorplans (A, B, C, and E) all appear to be mirror images of each other along the vertical axis passing through the main entrance, indicating a consistent underlying pattern. Floorplan D, however, has a unique arrangement of rooms and hallways that deviates from this symmetry, suggesting it has a different underlying pattern."
"[15, 13]","[5, 19]","['53137', '24364', '10743', '20590', '25079']",10743,1. **Different floorplan:** C,"1. **Different floorplan:** C
2. **Why:** Floorplan C is the only one that does not have a continuous hallway running from the main entrance to the back of the apartment. Instead, it features a more complex layout with multiple turns and dead ends, which is distinct from the simpler, more linear layouts of the other floorplans."
"[9, 3]","[18, 25]","['4132', '9662', '64671', '74662', '1268']",4132,1. **Different floorplan:** B,"1. **Different floorplan:** B
2. **Why:** Floorplan B is the only one that does not have a consistent pattern in terms of room sizes and shapes compared to the others. The rooms within B vary significantly in size and shape, which deviates from the more uniform and symmetrical patterns observed in A, C, D, and E."
"[15, 21]","[5, 19]","['7489', '35619', '3384', '20839', '13497']",35619,1. **Different floorplan:** B,"1. **Different floorplan:** B
2. **Why:** Floorplan B is the only one that does not have a continuous hallway running from the main entrance to the back of the apartment. Instead, it features a more complex layout with multiple rooms branching off from the main entrance, which is not present in the other floorplans. This unique configuration sets it apart from the others, which all have a more linear or grid-like arrangement of spaces."
"[17, 18]","[9, 3]","['14914', '51240', '70105', '46660', '21543']",14914,1. **Different floorplan:** C,"1. **Different floorplan:** C
2. **Why:** Floorplan C is the only one that does not have a symmetrical layout with respect to the main entrance. The other floorplans (A, B, D, and E) all appear to be mirror images of each other along the vertical axis passing through the main entrance, indicating a consistent underlying pattern. Floorplan C, however, has a unique arrangement of rooms and hallways that deviates from this symmetry, suggesting it has a different underlying pattern."
"[15, 21]","[9, 4]","['79413', '3384', '20839', '7489', '13497']",79413,1. **Different floorplan:** C,"1. **Different floorplan:** C
2. **Why:** Floorplan C is the only one that does not have a symmetrical layout with respect to the main entrance. The other floorplans (A, B, D, and E) all appear to be mirror images of each other along the vertical axis passing through the main entrance, indicating a consistent underlying pattern. Floorplan C, however, has a distinct arrangement of rooms and hallways that deviates from this symmetry, suggesting it has a different underlying pattern."
"[7, 22]","[0, 2]","['40679', '31113', '79411', '43995', '23132']",43995,1. **Different floorplan:** C,"1. **Different floorplan:** C
2. **Why:** Floorplan C is the only one that does not have a symmetrical layout with respect to the main entrance. The other floorplans (A, B, D, and E) all appear to be mirror images of each other along the vertical axis passing through the main entrance, indicating a consistent underlying pattern. Floorplan C, however, has a unique arrangement of rooms and hallways that deviates from this symmetry, suggesting it has a different underlying pattern."
"[15, 13]","[0, 24]","['48780', '25079', '68970', '24364', '20590']",48780,1. **Different floorplan:** E,"1. **Different floorplan:** E
2. **Why:** Floorplan E is the only one that does not have a continuous hallway running from the main entrance to the far end of the apartment. Instead, it features a more complex layout with multiple turns and dead ends, which is distinct from the simpler, linear patterns in the other floorplans."
"[14, 8]","[3, 4]","['28732', '28694', '9383', '40877', '39691']",9383,1. **Different floorplan:** C,"1. **Different floorplan:** C
2. **Why:** Floorplan C is the only one that does not have a symmetrical layout with respect to the main entrance. The other floorplans (A, B, D, and E) all appear to be mirror images of each other along the vertical axis passing through the main entrance, indicating a consistent underlying pattern. Floorplan C, however, has a unique arrangement of rooms and hallways that deviates from this symmetry, suggesting it has a different underlying pattern."
"[19, 5]","[15, 28]","['55314', '17017', '38548', '72346', '59952']",38548,1. **Different floorplan:** D,"1. **Different floorplan:** D
2. **Why:** Floorplan D is the only one that does not have a symmetrical layout with respect to the main entrance. The other four floorplans (A, B, C, and E) all exhibit a similar pattern where the rooms are arranged symmetrically around the central axis defined by the main entrance. Floorplan D breaks this symmetry, making it distinct from the others."
"[5, 29]","[18, 23]","['67584', '57316', '51743', '52548', '18711']",67584,1. **Different floorplan:** C,"1. **Different floorplan:** C
2. **Why:** Floorplan C is the only one that does not have a symmetrical layout with respect to the main entrance. The other floorplans (A, B, D, and E) all appear to be mirror images of each other along the vertical axis passing through the main entrance, indicating a consistent underlying pattern. Floorplan C, however, has a unique arrangement of rooms and hallways that deviates from this symmetry, suggesting it has a different underlying pattern."
"[19, 8]","[15, 13]","['6777', '19346', '71082', '36396', '42684']",42684,1. **Different floorplan:** C,"1. **Different floorplan:** C
2. **Why:** Floorplan C is the only one that does not have a symmetrical layout with respect to the main entrance. The other floorplans (A, B, D, and E) all appear to be mirror images of each other along the vertical axis passing through the main entrance, indicating a consistent underlying pattern. Floorplan C, however, has a unique arrangement of rooms and hallways that deviates from this symmetry, suggesting it has a different underlying pattern."
"[14, 8]","[3, 26]","['39691', '28732', '40877', '46039', '19246']",19246,1. **Different floorplan:** E,"1. **Different floorplan:** E
2. **Why:** Floorplan E is the only one that does not have a symmetrical layout with respect to the main entrance. The other floorplans (A, B, C, and D) all exhibit a similar pattern where the rooms are arranged in a way that is mirrored across the main entrance line. Floorplan E has a unique arrangement of rooms that deviates from this symmetry, making it distinct from the others."
"[15, 21]","[5, 4]","['7489', '13497', '63485', '3384', '20839']",63485,1. **Different floorplan:** E,"1. **Different floorplan:** E
2. **Why:** Floorplan E is the only one that does not follow the same underlying pattern as the others. The other floorplans (A, B, C, and D) all have a similar layout where the living spaces are arranged around a central core with a kitchen and bedrooms, and the entrance leads into a common area. Floorplan E, however, has a completely different arrangement with a more complex and irregular layout, including a distinct section that appears to be a separate unit or an extension, which sets it apart from the others."
"[9, 26]","[17, 21]","['7474', '40487', '6759', '27788', '50181']",40487,1. **Different floorplan:** D,"1. **Different floorplan:** D
2. **Why:** Floorplan D is the only one that does not have a symmetrical layout with respect to the main entrance. The other floorplans (A, B, C, and E) appear to be mirror images of each other along the vertical axis passing through the main entrance, indicating a consistent underlying pattern. Floorplan D, however, has a unique arrangement of rooms and hallways that deviates from this symmetry, suggesting it has a different underlying pattern."
"[15, 21]","[0, 7]","['72266', '3384', '13497', '20839', '7489']",72266,1. **Different floorplan:** D,"1. **Different floorplan:** D
2. **Why:** Floorplan D is the only one that does not have a continuous hallway running from the main entrance to the back of the apartment. Instead, it features a T-shaped layout with a central room branching off into two smaller rooms, which is distinct from the linear hallway patterns in the other floorplans."
"[9, 4]","[17, 5]","['80219', '79413', '50510', '72055', '64614']",72055,1. **Different floorplan:** D,"1. **Different floorplan:** D
2. **Why:** Floorplan D is the only one that does not have a symmetrical layout with respect to the main entrance. The other floorplans (A, B, C, and E) all appear to be mirror images of each other along the vertical axis passing through the main entrance, indicating a consistent underlying pattern. Floorplan D, however, has a unique arrangement of rooms and hallways that deviates from this symmetry, suggesting it has a different underlying pattern."
"[19, 5]","[15, 13]","['72346', '17017', '32569', '76431', '42684']",42684,1. **Different floorplan:** C,"1. **Different floorplan:** C
2. **Why:** Floorplan C is the only one that does not have a symmetrical layout with respect to the main entrance. The other floorplans (A, B, D, and E) all appear to be mirror images of each other along the vertical axis passing through the main entrance, indicating a consistent underlying pattern. Floorplan C, however, has a unique arrangement of rooms and hallways that deviates from this symmetry, suggesting it has a different underlying pattern."
"[3, 16]","[14, 9]","['177', '11746', '6508', '59100', '56017']",6508,1. **Different floorplan:** D,"1. **Different floorplan:** D
2. **Why:** Floorplan D is the only one that does not have a symmetrical layout with respect to the main entrance. The other floorplans (A, B, C, and E) all exhibit a similar pattern where the rooms are arranged in a way that is mirrored across the main entrance line, creating a balanced and symmetrical design. Floorplan D, however, has an asymmetrical arrangement of rooms around the main entrance, which sets it apart from the others."
"[15, 21]","[9, 11]","['78534', '13497', '3384', '7489', '20839']",78534,1. **Different floorplan:** E,"1. **Different floorplan:** E
2. **Why:** Floorplan E is the only one that does not have a symmetrical layout with respect to the main entrance. The other floorplans (A, B, C, and D) all exhibit a similar pattern where the rooms are arranged in a way that is mirrored across the main entrance line. Floorplan E has an asymmetrical arrangement of rooms around the main entrance, which sets it apart from the others."
"[4, 27]","[7, 3]","['5222', '52457', '12888', '77515', '70239']",52457,1. **Different floorplan:** D,"1. **Different floorplan:** D
2. **Why:** Floorplan D is the only one that does not have a continuous hallway running from the main entrance to the far end of the building. Instead, it features a more complex arrangement with multiple rooms branching off from the main entrance, which is not present in the other floorplans."
"[19, 28]","[18, 25]","['43363', '25711', '42272', '40111', '23197']",25711,1. **Different floorplan:** C,"1. **Different floorplan:** C
2. **Why:** Floorplan C is the only one that does not have a symmetrical layout with respect to the main entrance. The other floorplans (A, B, D, and E) all appear to be mirror images of each other along the vertical axis passing through the main entrance, indicating a consistent underlying pattern. Floorplan C, however, has a unique arrangement of rooms and hallways that deviates from this symmetry, suggesting it has a different underlying pattern."
"[15, 13]","[9, 26]","['34763', '20590', '25079', '6759', '68970']",6759,1. **Different floorplan:** B,"1. **Different floorplan:** B
2. **Why:** Floorplan B is the only one that does not have a continuous hallway running from the main entrance to the far end of the building. Instead, it features a more complex layout with multiple turns and dead ends, which is distinct from the simpler, linear patterns seen in the other floorplans."
"[15, 13]","[9, 3]","['74662', '53137', '42684', '25079', '68970']",74662,1. **Different floorplan:** B,"1. **Different floorplan:** B
2. **Why:** Floorplan B is the only one that does not have a symmetrical layout with respect to the main entrance. All other floorplans (A, C, D, and E) appear to be mirror images of each other along the vertical axis passing through the main entrance, indicating a consistent underlying pattern. Floorplan B, however, has a unique arrangement of rooms and hallways that deviates from this symmetry, suggesting it has a different underlying pattern."
"[19, 25]","[18, 23]","['74532', '59747', '65195', '26994', '33749']",65195,1. **Different floorplan:** C,"1. **Different floorplan:** C
2. **Why:** Floorplan C is the only one that does not have a continuous hallway running from the main entrance to the far end of the building. Instead, it features a T-shaped layout with a central room branching off into two smaller rooms, which is distinct from the linear layouts of the other floorplans."
"[18, 25]","[9, 3]","['1268', '3282', '4132', '25711', '62071']",1268,1. **Different floorplan:** C,"1. **Different floorplan:** C
2. **Why:** Floorplan C is the only one that does not have a continuous hallway running from the main entrance to the far end of the building. Instead, it features a T-shaped layout with a central area that branches off into two perpendicular sections, which is distinct from the linear layouts of the other floorplans."
"[3, 28]","[14, 7]","['25607', '12683', '8257', '73823', '55090']",25607,1. **Different floorplan:** D,"1. **Different floorplan:** D
2. **Why:** Floorplan D is the only one that does not have a symmetrical layout with respect to the main entrance. The other floorplans (A, B, C, and E) all exhibit a similar pattern where the rooms are arranged in a way that is mirrored across the main entrance line, creating a balanced and symmetrical design. Floorplan D, however, has an asymmetrical arrangement of rooms around the main entrance, which sets it apart from the others."
"[19, 28]","[18, 23]","['40111', '59794', '42272', '43363', '55589']",59794,1. **Different floorplan:** C,"1. **Different floorplan:** C
2. **Why:** Floorplan C is the only one that does not have a symmetrical layout with respect to the main entrance. The other floorplans (A, B, D, and E) all appear to be mirror images of each other along the vertical axis passing through the main entrance, indicating a consistent underlying pattern. Floorplan C, however, has a unique arrangement of rooms and hallways that deviates from this symmetry, suggesting it has a different underlying pattern."
"[18, 23]","[9, 4]","['40817', '64614', '72978', '5909', '67584']",64614,1. **Different floorplan:** B,"1. **Different floorplan:** B
2. **Why:** Floorplan B is the only one that has a distinct arrangement of rooms compared to the others. The other floorplans (A, C, D, and E) all have a similar layout with a central living area flanked by bedrooms and bathrooms, and a kitchen at the back. Floorplan B, however, has a more complex and irregular layout with additional smaller rooms and a different distribution of spaces, making it stand out from the rest."
"[0, 14]","[15, 28]","['10526', '37963', '42604', '75707', '39894']",10526,1. **Different floorplan:** E,"1. **Different floorplan:** E
2. **Why:** Floorplan E is the only one that does not have a continuous hallway running from the main entrance to the far end of the apartment. Instead, it features a more complex layout with multiple rooms branching off from the entrance area, which is distinct from the other floorplans that maintain a linear path."
"[19, 10]","[15, 28]","['25168', '21540', '73023', '23274', '25618']",23274,1. **Different floorplan:** C,"1. **Different floorplan:** C
2. **Why:** Floorplan C is the only one that does not have a continuous hallway running from the main entrance to the far end of the apartment. Instead, it has a T-shaped layout with a central room branching off into two smaller rooms, which is distinct from the linear layouts of the other floorplans."
"[15, 28]","[5, 4]","['38548', '67905', '3258', '10526', '35725']",35725,1. **Different floorplan:** E,"1. **Different floorplan:** E
2. **Why:** Floorplan E is the only one that does not have a symmetrical layout with respect to the main entrance. The other floorplans (A, B, C, and D) all appear to be mirror images of each other along the vertical axis passing through the main entrance, indicating a consistent underlying pattern. Floorplan E, however, has a unique arrangement of rooms and hallways that deviates from this symmetry, suggesting it has a different underlying pattern."
"[7, 22]","[0, 6]","['40679', '23132', '79411', '31113', '43036']",43036,1. **Different floorplan:** C,"1. **Different floorplan:** C
2. **Why:** Floorplan C is the only one that does not have a continuous hallway running from the main entrance to the back of the apartment. Instead, it features a more compact arrangement with rooms clustered together, which is distinct from the other floorplans that all have a more linear layout with a clear path from the entrance to the rear of the apartment."
"[9, 11]","[17, 5]","['15606', '335', '4186', '78534', '50221']",50221,1. **Different floorplan:** E,"1. **Different floorplan:** E
2. **Why:** Floorplan E is the only one that does not have a symmetrical layout with respect to the main entrance. The other floorplans (A, B, C, and D) all exhibit a similar pattern where the rooms are arranged in a way that is mirrored across the main entrance line, which is not the case for E."
"[4, 27]","[7, 20]","['12888', '77515', '5222', '70239', '55305']",55305,1. **Different floorplan:** B,"1. **Different floorplan:** B
2. **Why:** Floorplan B is the only one that does not have a symmetrical layout with respect to the main entrance. The other floorplans (A, C, D, and E) appear to be mirror images of each other along the vertical axis passing through the main entrance, indicating a consistent underlying pattern. Floorplan B, however, has a unique arrangement of rooms and hallways that deviates from this symmetry, suggesting it has a different underlying pattern."
"[9, 4]","[18, 23]","['50510', '26755', '80219', '79413', '64614']",26755,1. **Different floorplan:** D,"1. **Different floorplan:** D
2. **Why:** Floorplan D is the only one that does not have a symmetrical layout with respect to the main entrance. The other floorplans (A, B, C, and E) appear to be mirror images of each other along the vertical axis passing through the main entrance, indicating a consistent underlying pattern. Floorplan D, however, has a unique arrangement of rooms and hallways that deviates from this symmetry, suggesting it has a different underlying pattern."
"[0, 7]","[15, 13]","['72266', '10984', '15613', '65801', '68970']",68970,1. **Different floorplan:** E,"1. **Different floorplan:** E
2. **Why:** Floorplan E is the only one that does not have a symmetrical layout with respect to the main entrance. The other floorplans (A, B, C, and D) all appear to be mirror images of each other along the vertical axis passing through the main entrance, indicating a consistent underlying pattern. Floorplan E, however, has a unique arrangement of rooms and hallways that deviates from this symmetry, suggesting it has a different underlying pattern."
"[18, 25]","[5, 22]","['4132', '25711', '62071', '3282', '48795']",48795,1. **Different floorplan:** E,"1. **Different floorplan:** E
2. **Why:** Floorplan E is the only one that does not have a symmetrical layout with respect to the main entrance. The other floorplans (A, B, C, and D) all exhibit a similar pattern where the rooms are arranged in a way that is mirrored across the main entrance line, creating a balanced and symmetrical design. Floorplan E, however, has an asymmetrical arrangement of rooms around the main entrance, which sets it apart from the others."
"[18, 25]","[14, 9]","['62071', '3282', '40550', '25711', '4132']",40550,1. **Different floorplan:** C,"1. **Different floorplan:** C
2. **Why:** Floorplan C is the only one that does not have a continuous hallway running from the main entrance to the far end of the apartment. Instead, it features a more complex arrangement with multiple turns and dead ends, which is distinct from the linear layout seen in the other floorplans."
"[14, 7]","[3, 26]","['38835', '49864', '77045', '67483', '51393']",49864,1. **Different floorplan:** C,"1. **Different floorplan:** C
2. **Why:** Floorplan C is the only one that does not have a symmetrical layout with respect to the main entrance. The other floorplans (A, B, D, and E) all appear to be symmetrical or have a consistent pattern around the main entrance, whereas C has a distinct asymmetry in the placement of rooms and hallways."
"[7, 3]","[0, 7]","['52457', '64781', '75828', '61767', '66807']",66807,1. **Different floorplan:** E,"1. **Different floorplan:** E
2. **Why:** Floorplan E is the only one that does not have a symmetrical layout with respect to the main entrance. The other floorplans (A, B, C, and D) all exhibit a similar pattern where the rooms are arranged in a way that is mirrored across the main entrance line, creating a balanced and symmetrical design. Floorplan E, however, has an asymmetrical arrangement of rooms around the main entrance, which sets it apart from the others."
"[3, 21]","[14, 8]","['53064', '14038', '57272', '46039', '42206']",46039,1. **Different floorplan:** B,"1. **Different floorplan:** B
2. **Why:** Floorplan B is the only one that does not have a symmetrical layout with respect to the main entrance. The other floorplans (A, C, D, and E) all appear to be mirror images of each other along the vertical axis passing through the main entrance, indicating a consistent underlying pattern. Floorplan B, however, has a unique arrangement of rooms and hallways that deviates from this symmetry, suggesting it has a different underlying pattern."
"[3, 26]","[14, 9]","['18887', '6508', '19246', '72586', '9147']",6508,1. **Different floorplan:** E,"1. **Different floorplan:** E
2. **Why:** Floorplan E is the only one that does not have a continuous hallway running from the main entrance to the back of the apartment. Instead, it features a more complex arrangement with multiple rooms branching off from the entrance, which is distinct from the other floorplans that maintain a linear path."
"[15, 21]","[9, 26]","['3384', '6759', '20839', '13497', '7489']",6759,1. **Different floorplan:** C,"1. **Different floorplan:** C
2. **Why:** Floorplan C is the only one that does not have a continuous hallway running from the main entrance to the back of the apartment. Instead, it features a T-shaped layout with two distinct sections branching off from the main entrance, which is unique compared to the other floorplans that maintain a more linear progression."
"[7, 1]","[0, 7]","['10984', '17550', '12376', '53652', '3536']",10984,1. **Different floorplan:** E,"1. **Different floorplan:** E
2. **Why:** Floorplan E is the only one that does not have a symmetrical layout with respect to the main entrance. The other floorplans (A, B, C, and D) all exhibit a similar pattern where the rooms are arranged in a way that is mirrored across the main entrance line, creating a balanced and symmetrical design. Floorplan E, however, has an asymmetrical arrangement of rooms around the main entrance, which sets it apart from the others."
"[14, 9]","[3, 5]","['26506', '40550', '39708', '14102', '63514']",63514,1. **Different floorplan:** E,"1. **Different floorplan:** E
2. **Why:** Floorplan E has a distinct arrangement of rooms compared to the others. While the other floorplans have a consistent layout with a central hallway leading to various rooms, Floorplan E features a more complex and irregular layout with fewer symmetrical patterns. The presence of multiple small rooms and a unique configuration around the main entrance sets it apart from the rest."
"[0, 2]","[15, 21]","['3384', '44125', '9836', '59390', '63508']",3384,1. **Different floorplan:** E,"1. **Different floorplan:** E
2. **Why:** Floorplan E is the only one that does not have a symmetrical layout with respect to the main entrance. All other floorplans (A, B, C, and D) appear to be mirror images of each other along the vertical axis passing through the main entrance, indicating a consistent underlying pattern. Floorplan E, however, has a unique arrangement of rooms and hallways that deviates from this symmetry, suggesting it has a different underlying pattern."
"[15, 17]","[0, 2]","['47834', '48095', '11908', '1225', '60915']",48095,1. **Different floorplan:** B,"1. **Different floorplan:** B
2. **Why:** Floorplan B is the only one that has a distinct arrangement of rooms compared to the others. While the other floorplans have a consistent pattern with a central hallway leading to various rooms, floorplan B has an additional room (pink) that disrupts this pattern. This extra room changes the flow and symmetry of the layout, making it unique among the group."
"[9, 4]","[15, 13]","['34763', '80219', '50510', '79413', '64614']",34763,1. **Different floorplan:** C,"1. **Different floorplan:** C
2. **Why:** Floorplan C is the only one that does not have a symmetrical layout with respect to the main entrance. The other floorplans (A, B, D, and E) appear to be mirror images of each other along the vertical axis passing through the main entrance, indicating a consistent underlying pattern. Floorplan C, however, has a unique arrangement of rooms and hallways that deviates from this symmetry, suggesting it has a different underlying pattern."
"[0, 7]","[15, 13]","['72266', '66807', '65801', '42684', '10984']",42684,1. **Different floorplan:** D,"1. **Different floorplan:** D
2. **Why:** Floorplan D is the only one that does not have a symmetrical layout with respect to the main entrance. The other floorplans (A, B, C, and E) all appear to be mirror images of each other along the vertical axis passing through the main entrance, indicating a consistent underlying pattern. Floorplan D, however, has a unique arrangement of rooms and hallways that deviates from this symmetry, suggesting it has a different underlying pattern."
"[0, 0]","[7, 20]","['28082', '78009', '14834', '8176', '54372']",54372,1. **Different floorplan:** C,"1. **Different floorplan:** C
2. **Why:** Floorplan C is the only one that does not have a symmetrical layout with respect to the main entrance. The other floorplans (A, B, D, and E) appear to be mirror images of each other along the vertical axis passing through the main entrance, indicating a consistent underlying pattern. Floorplan C, however, shows a distinct asymmetry in the placement of rooms and hallways around the main entrance, suggesting a different underlying pattern."
"[15, 28]","[19, 18]","['3258', '10526', '38548', '74633', '67905']",74633,1. **Different floorplan:** D,"1. **Different floorplan:** D
2. **Why:** Floorplan D is the only one that does not have a continuous hallway running vertically from the main entrance. In contrast, floors A, B, C, and E all feature a vertical hallway extending from the main entrance, which is a consistent pattern in the other four floorplans."
"[9, 3]","[15, 28]","['9662', '1268', '64671', '74662', '3258']",3258,1. **Different floorplan:** E,"1. **Different floorplan:** E
2. **Why:** Floorplan E is the only one that does not have a symmetrical layout with respect to the main entrance. The other floorplans (A, B, C, and D) appear to be mirror images of each other along the vertical axis passing through the main entrance, indicating a consistent underlying pattern. Floorplan E, however, has a unique arrangement of rooms and hallways that deviates from this symmetry, suggesting it has a different underlying pattern."
"[0, 7]","[15, 13]","['72266', '53137', '15613', '66807', '65801']",53137,1. **Different floorplan:** B,"1. **Different floorplan:** B
2. **Why:** Floorplan B is the only one that features a central hallway with rooms branching off from it in a symmetrical manner, which is distinct from the more irregular and varied layouts of the other floorplans. The other floorplans have more complex and less symmetrical arrangements of rooms."
"[15, 13]","[0, 24]","['68970', '74418', '24364', '53137', '20590']",74418,1. **Different floorplan:** E,"1. **Different floorplan:** E
2. **Why:** Floorplan E is the only one that features a distinct arrangement of rooms with a unique configuration of hallways and rooms compared to the others. The other floorplans (A, B, C, and D) all have a similar layout where the main entrance leads into a central hallway that branches off into various rooms, typically including a living area, bedrooms, and bathrooms. Floorplan E deviates from this by having a more complex and less symmetrical arrangement of spaces, which sets it apart from the rest."
"[0, 2]","[7, 3]","['28242', '44802', '59390', '9639', '61767']",61767,1. **Different floorplan:** E,"1. **Different floorplan:** E
2. **Why:** Floorplan E is the only one that does not have a symmetrical layout with respect to the main entrance. The other floorplans (A, B, C, and D) all appear to be mirror images of each other along the vertical axis passing through the main entrance, indicating a consistent underlying pattern. Floorplan E, however, has a unique arrangement of rooms and hallways that deviates from this symmetry, suggesting it has a different underlying pattern."
"[15, 13]","[19, 28]","['25079', '20590', '23197', '68970', '53137']",23197,1. **Different floorplan:** B,"1. **Different floorplan:** B
2. **Why:** Floorplan B is the only one that does not have a symmetrical layout with respect to the main entrance. The other floorplans (A, C, D, and E) all appear to be mirror images of each other along the vertical axis passing through the main entrance, indicating a consistent underlying pattern. Floorplan B, however, has a unique arrangement of rooms and hallways that deviates from this symmetry, suggesting it has a different underlying pattern."
"[9, 11]","[17, 18]","['21408', '4186', '78534', '41897', '15606']",21408,1. **Different floorplan:** D,"1. **Different floorplan:** D
2. **Why:** Floorplan D is the only one that does not have a symmetrical layout with respect to the main entrance. The other floorplans (A, B, C, and E) all appear to be mirror images of each other along the vertical axis passing through the main entrance, indicating a consistent underlying pattern. Floorplan D, however, has a unique arrangement of rooms and hallways that deviates from this symmetry, suggesting it has a different underlying pattern."
"[15, 13]","[0, 24]","['68970', '25079', '53137', '24364', '48780']",48780,1. **Different floorplan:** C,"1. **Different floorplan:** C
2. **Why:** Floorplan C is the only one that does not have a continuous hallway running from the main entrance to the far end of the building. Instead, it features a T-shaped layout with two perpendicular hallways meeting at a central point, which is distinct from the linear hallway patterns in the other floorplans."
"[18, 25]","[19, 14]","['3282', '25711', '62071', '73827', '26372']",26372,1. **Different floorplan:** E,"1. **Different floorplan:** E
2. **Why:** Floorplan E is the only one that does not have a symmetrical layout with respect to the main entrance. The other floorplans (A, B, C, and D) all appear to be mirror images of each other along the vertical axis passing through the main entrance, indicating a consistent underlying pattern. Floorplan E deviates from this symmetry, suggesting it has a different underlying pattern."
"[15, 28]","[9, 11]","['10526', '23274', '61914', '3258', '38548']",61914,1. **Different floorplan:** C,"1. **Different floorplan:** C
2. **Why:** Floorplan C is the only one that does not have a continuous hallway running from the main entrance to the far end of the building. Instead, it features a more complex arrangement with multiple rooms branching off from the main entrance, which is not present in the other floorplans."
"[19, 8]","[15, 13]","['71082', '19346', '6777', '36396', '53137']",53137,1. **Different floorplan:** E,"1. **Different floorplan:** E
2. **Why:** Floorplan E is the only one that does not have a continuous hallway running from the main entrance to the far end of the apartment. Instead, it features a central cross-like structure with rooms branching off in multiple directions, which is distinct from the linear hallway pattern found in the other floorplans."
"[14, 8]","[4, 27]","['28732', '28694', '39691', '40877', '12888']",12888,1. **Different floorplan:** E,"1. **Different floorplan:** E
2. **Why:** Floorplan E is the only one that does not have a continuous hallway running from the main entrance to the back of the apartment. Instead, it has a T-shaped layout with a central area that branches off into two directions, which is distinct from the linear hallway patterns in the other floorplans."
"[19, 8]","[15, 17]","['36396', '6777', '11908', '71082', '19346']",11908,1. **Different floorplan:** C,"1. **Different floorplan:** C
2. **Why:** Floorplan C is the only one that does not have a symmetrical layout with respect to the main entrance. The other floorplans (A, B, D, and E) appear to be mirror images of each other along the vertical axis passing through the main entrance, indicating a consistent underlying pattern. Floorplan C, however, has a unique arrangement of rooms and hallways that deviates from this symmetry, suggesting it has a different underlying pattern."
"[4, 27]","[7, 20]","['5222', '12888', '70239', '77515', '54372']",54372,1. **Different floorplan:** C,"1. **Different floorplan:** C
2. **Why:** Floorplan C is the only one that does not have a continuous hallway running from the main entrance to the back of the apartment. Instead, it features a more compact arrangement with rooms directly connected without a clear central hallway, which distinguishes it from the other floorplans that all have a similar layout with a central hallway."
"[19, 13]","[15, 28]","['38548', '43324', '26354', '43396', '42612']",38548,1. **Different floorplan:** E,"1. **Different floorplan:** E
2. **Why:** Floorplan E is the only one that does not have a symmetrical layout with respect to the main entrance. All other floorplans (A, B, C, and D) appear to be mirror images of each other along the vertical axis passing through the main entrance, indicating a consistent underlying pattern. Floorplan E, however, has a unique arrangement of rooms and hallways that deviates from this symmetry, suggesting it has a different underlying pattern."
"[5, 29]","[18, 25]","['62071', '52548', '51743', '57316', '21765']",62071,1. **Different floorplan:** E,"1. **Different floorplan:** E
2. **Why:** Floorplan E is the only one that does not have a continuous hallway running from the main entrance to the far end of the building. Instead, it features a more complex arrangement with multiple intersecting hallways and rooms, which differs significantly from the simpler, linear layout found in the other floorplans (A, B, C, and D)."
"[18, 23]","[19, 25]","['6216', '12104', '64148', '33749', '32105']",33749,1. **Different floorplan:** C,"1. **Different floorplan:** C
2. **Why:** Floorplan C is the only one that does not have a continuous hallway running from the main entrance to the back of the apartment. Instead, it has a more compact arrangement with rooms directly connected without a clear hallway, which distinguishes it from the other floorplans that all feature a longer hallway extending from the entrance."
"[15, 21]","[9, 3]","['13497', '7489', '3384', '64671', '20839']",64671,1. **Different floorplan:** E,"1. **Different floorplan:** E
2. **Why:** Floorplan E has a distinct arrangement of rooms compared to the others. It features a large open space with a smaller room attached to it, which is not present in the other floorplans. The other floorplans have more symmetrical and repetitive patterns with similar room layouts."
"[7, 22]","[0, 7]","['79411', '23132', '40679', '31113', '66807']",66807,1. **Different floorplan:** C,"1. **Different floorplan:** C
2. **Why:** Floorplan C is the only one that does not have a continuous hallway running from the main entrance to the opposite side of the floorplan. Instead, it features a more complex layout with multiple turns and dead ends, which is distinct from the simpler, linear layouts of the other floorplans."
"[15, 21]","[0, 14]","['13497', '20839', '7489', '3384', '1261']",1261,1. **Different floorplan:** E,"1. **Different floorplan:** E
2. **Why:** Floorplan E is the only one that does not have a continuous hallway running vertically from the main entrance. All other floorplans (A, B, C, and D) have a vertical hallway that extends from the main entrance to the far end of the building, which is a consistent pattern in the other four floorplans. Floorplan E has a more complex layout with multiple rooms branching off from the main entrance without a continuous hallway."
"[14, 7]","[3, 28]","['38835', '25607', '8257', '51393', '77045']",8257,1. **Different floorplan:** C,"1. **Different floorplan:** C
2. **Why:** Floorplan C is the only one that does not have a symmetrical layout with respect to the main entrance. The other floorplans (A, B, D, and E) all appear to be symmetrical in their arrangement of rooms around the main entrance, whereas C has an asymmetrical design with the placement of rooms and hallways not mirroring each other across the entrance."
"[15, 28]","[0, 14]","['23274', '3258', '38548', '1261', '67905']",1261,1. **Different floorplan:** C,"1. **Different floorplan:** C
2. **Why:** Floorplan C is the only one that does not have a symmetrical layout with respect to the main entrance. The other floorplans (A, B, D, and E) all appear to be mirror images of each other along the vertical axis passing through the main entrance, indicating a consistent underlying pattern. Floorplan C, however, has a unique arrangement of rooms and hallways that deviates from this symmetry, suggesting it has a different underlying pattern."
"[14, 7]","[3, 21]","['38835', '25607', '77045', '67483', '42206']",42206,1. **Different floorplan:** C,"1. **Different floorplan:** C
2. **Why:** Floorplan C is the only one that does not have a symmetrical layout with respect to the main entrance. The other floorplans (A, B, D, and E) all appear to be symmetrical or have a consistent pattern around the main entrance, whereas C has a distinct asymmetry in the placement of rooms and the overall shape."
"[15, 28]","[5, 19]","['38548', '53655', '10526', '23274', '67905']",53655,1. **Different floorplan:** C,"1. **Different floorplan:** C
2. **Why:** Floorplan C is the only one that does not have a symmetrical layout with respect to the main entrance. The other floorplans (A, B, D, and E) all appear to be mirror images of each other along the vertical axis passing through the main entrance, indicating a consistent underlying pattern. Floorplan C, however, has a unique arrangement of rooms and hallways that deviates from this symmetry, suggesting it has a different underlying pattern."
"[18, 25]","[14, 8]","['3282', '4132', '73827', '62071', '28694']",28694,1. **Different floorplan:** E,"1. **Different floorplan:** E
2. **Why:** Floorplan E is the only one that does not have a continuous hallway running from the main entrance through the center of the apartment. Instead, it features a more compact arrangement with rooms directly connected to the entrance without a central hallway. The other floorplans (A, B, C, and D) all have a similar layout with a central hallway extending from the entrance, which is not present in E."
"[3, 16]","[14, 7]","['177', '38835', '63317', '11746', '59100']",38835,1. **Different floorplan:** C,"1. **Different floorplan:** C
2. **Why:** Floorplan C is the only one that does not have a symmetrical layout with respect to the main entrance. The other floorplans (A, B, D, and E) all appear to be mirror images of each other along the vertical axis passing through the main entrance, indicating a consistent underlying pattern. Floorplan C, however, has a unique arrangement of rooms and hallways that deviates from this symmetry, suggesting it has a different underlying pattern."
"[3, 16]","[14, 7]","['38835', '177', '59100', '63317', '56017']",38835,1. **Different floorplan:** E,"1. **Different floorplan:** E
2. **Why:** Floorplan E is the only one that does not have a symmetrical layout with respect to the main entrance. The other floorplans (A, B, C, and D) all exhibit a similar pattern where the rooms are arranged in a way that is mirrored across the main entrance line. Floorplan E has an asymmetrical arrangement, which sets it apart from the others."
"[14, 7]","[3, 28]","['67483', '51393', '38835', '25607', '55090']",55090,1. **Different floorplan:** E,"1. **Different floorplan:** E
2. **Why:** Floorplan E is the only one that does not have a symmetrical layout with respect to the main entrance. The other floorplans (A, B, C, and D) all appear to be mirror images of each other along the vertical axis passing through the main entrance, indicating a consistent underlying pattern. Floorplan E, however, has a unique arrangement of rooms and hallways that deviates from this symmetry, suggesting it has a different underlying pattern."
"[18, 25]","[14, 7]","['25711', '73827', '62071', '51393', '3282']",51393,1. **Different floorplan:** D,"1. **Different floorplan:** D
2. **Why:** Floorplan D is the only one that does not have a symmetrical layout with respect to the main entrance. The other floorplans (A, B, C, and E) all exhibit a similar pattern where the rooms are arranged in a way that is mirrored across the main entrance line. Floorplan D has an asymmetrical arrangement, which sets it apart from the others."
"[0, 6]","[15, 21]","['59474', '43375', '75880', '20839', '25447']",20839,1. **Different floorplan:** E,"1. **Different floorplan:** E
2. **Why:** Floorplan E is the only one that does not have a continuous hallway running from the main entrance to the back of the apartment. Instead, it features a more complex arrangement with multiple rooms branching off from the main entrance, which is not present in the other floorplans."
"[15, 13]","[5, 4]","['25079', '24364', '42684', '34763', '51114']",51114,1. **Different floorplan:** E,"1. **Different floorplan:** E
2. **Why:** Floorplan E is the only one that includes a small red room at the top right corner, which is not present in any of the other floorplans. This unique feature distinguishes it from the others, indicating a different underlying pattern."
"[15, 17]","[19, 5]","['47834', '11908', '60915', '1225', '55314']",55314,1. **Different floorplan:** E,"1. **Different floorplan:** E
2. **Why:** Floorplan E is the only one that does not have a continuous hallway running from the main entrance to the back of the apartment. Instead, it has a small room with a door leading directly into what appears to be a living area, which is not present in the other floorplans. This unique configuration sets it apart from the others."
"[3, 16]","[14, 8]","['46039', '177', '59100', '56017', '11746']",46039,1. **Different floorplan:** C,"1. **Different floorplan:** C
2. **Why:** Floorplan C is the only one that does not have a symmetrical layout with respect to the main entrance. The other floorplans (A, B, D, and E) appear to be mirror images of each other along the vertical axis passing through the main entrance, indicating a consistent underlying pattern. Floorplan C, however, has a unique arrangement of rooms and hallways that deviates from this symmetry, suggesting it has a different underlying pattern."
"[18, 25]","[19, 10]","['62071', '4132', '73827', '25168', '3282']",25168,1. **Different floorplan:** B,"1. **Different floorplan:** B
2. **Why:** Floorplan B is the only one that has a distinct arrangement of rooms compared to the others. In contrast to the other floorplans, which have a more consistent layout with a central hallway leading to various rooms, floorplan B features a large open space that appears to be a living area or a combined living-dining room, which is not present in the other floorplans. This unique feature sets it apart from the rest."
"[15, 17]","[0, 7]","['60915', '47834', '1225', '11908', '72266']",72266,1. **Different floorplan:** E,"1. **Different floorplan:** E
2. **Why:** Floorplan E is the only one that does not have a continuous hallway running vertically from the main entrance. Instead, it features a more complex arrangement with multiple smaller rooms and a different flow compared to the other floorplans, which all have a similar layout with a central hallway leading to various rooms."
"[3, 4]","[14, 9]","['35787', '9383', '6508', '11039', '20671']",6508,1. **Different floorplan:** E,"1. **Different floorplan:** E
2. **Why:** Floorplan E is the only one that does not have a continuous hallway running from the main entrance to the far end of the building. Instead, it features a more complex arrangement with multiple smaller rooms branching off from the main entrance, which is not present in the other floorplans."
"[15, 17]","[19, 14]","['47834', '60915', '26372', '1225', '11908']",26372,1. **Different floorplan:** C,"1. **Different floorplan:** C
2. **Why:** Floorplan C is the only one that features an additional room (pink room) that is not present in the other four floorplans. This extra room disrupts the uniformity of the spatial layout, making it distinct from the others which maintain a consistent pattern of rooms and corridors."
"[9, 4]","[17, 18]","['64614', '50510', '79413', '80219', '46660']",46660,1. **Different floorplan:** C,"1. **Different floorplan:** C
2. **Why:** Floorplan C is the only one that does not have a symmetrical layout with respect to the main entrance. The other floorplans (A, B, D, and E) appear to be mirror images of each other along the vertical axis passing through the main entrance, indicating a consistent underlying pattern. Floorplan C, however, has a unique arrangement of rooms and hallways that deviates from this symmetry, suggesting it has a different underlying pattern."
"[7, 1]","[0, 24]","['17550', '12376', '74418', '8109', '3536']",74418,1. **Different floorplan:** C,"1. **Different floorplan:** C
2. **Why:** Floorplan C is the only one that does not have a symmetrical layout with respect to the main entrance. The other floorplans (A, B, D, and E) all appear to be mirror images of each other along the vertical axis passing through the main entrance, indicating a consistent underlying pattern. Floorplan C, however, has a unique arrangement of rooms and hallways that deviates from this symmetry, suggesting it has a different underlying pattern."
"[3, 4]","[14, 8]","['20671', '35787', '9383', '11039', '28694']",28694,1. **Different floorplan:** C,"1. **Different floorplan:** C
2. **Why:** Floorplan C is the only one that does not have a symmetrical layout with respect to the main entrance. The other floorplans (A, B, D, and E) appear to be mirror images of each other along the vertical axis passing through the main entrance, indicating a consistent underlying pattern. Floorplan C, however, has a unique arrangement of rooms and hallways that deviates from this symmetry, suggesting it has a different underlying pattern."
"[15, 13]","[19, 14]","['42684', '34763', '24364', '20590', '72517']",72517,1. **Different floorplan:** E,"1. **Different floorplan:** E
2. **Why:** Floorplan E is the only one that does not have a continuous hallway running from the main entrance to the far end of the building. Instead, it features a more complex layout with multiple turns and dead ends, which is distinct from the other floorplans that maintain a more linear path."
"[19, 18]","[18, 23]","['36535', '49556', '29042', '74633', '78682']",78682,1. **Different floorplan:** E,"1. **Different floorplan:** E
2. **Why:** Floorplan E is the only one that does not have a symmetrical layout with respect to the main entrance. The other floorplans (A, B, C, and D) all exhibit a similar pattern where the rooms are arranged in a way that is mirrored across the main entrance line. Floorplan E has a unique arrangement of rooms that deviates from this symmetry, making it distinct from the others."
"[19, 14]","[15, 21]","['26372', '13497', '64729', '72517', '26703']",13497,1. **Different floorplan:** D,"1. **Different floorplan:** D
2. **Why:** Floorplan D is the only one that does not have a continuous hallway running from the main entrance to the far end of the building. Instead, it features a more complex layout with multiple turns and dead ends, which is distinct from the simpler, linear patterns in the other floorplans."
"[15, 21]","[5, 19]","['7489', '20839', '3384', '13497', '49189']",49189,1. **Different floorplan:** B,"1. **Different floorplan:** B
2. **Why:** Floorplan B is the only one that does not have a continuous hallway running vertically from the main entrance. All other floorplans (A, C, D, and E) have a vertical hallway that extends from the main entrance, which is a consistent feature in the other four floorplans. Floorplan B has a more complex layout with multiple rooms branching off from the main entrance without a continuous hallway, making it distinct from the others."
"[19, 28]","[15, 13]","['40111', '55589', '52721', '42684', '23197']",42684,1. **Different floorplan:** C,"1. **Different floorplan:** C
2. **Why:** Floorplan C is the only one that does not have a symmetrical layout with respect to the main entrance. The other floorplans (A, B, D, and E) all appear to be mirror images of each other along the vertical axis passing through the main entrance, indicating a consistent underlying pattern. Floorplan C, however, has a unique arrangement of rooms and hallways that deviates from this symmetry, suggesting it has a different underlying pattern."
"[15, 28]","[0, 14]","['10526', '3258', '67905', '23274', '80522']",80522,1. **Different floorplan:** E,"1. **Different floorplan:** E
2. **Why:** Floorplan E is the only one that does not have a continuous hallway running from the main entrance to the back of the apartment. Instead, it features a more complex layout with multiple turns and dead ends, which is distinct from the simpler, more linear patterns in A, B, C, and D."
"[19, 28]","[18, 23]","['52721', '72978', '23197', '43363', '55589']",72978,1. **Different floorplan:** B,"1. **Different floorplan:** B
2. **Why:** Floorplan B is the only one that does not have a symmetrical layout with respect to the main entrance. All other floorplans (A, C, D, and E) appear to be mirror images of each other along the vertical axis passing through the main entrance, indicating a consistent underlying pattern. Floorplan B, however, shows a distinct asymmetry in the placement of rooms and hallways around the main entrance, suggesting a different underlying pattern."
"[9, 3]","[18, 23]","['1268', '9662', '74662', '15451', '14914']",15451,1. **Different floorplan:** C,"1. **Different floorplan:** C
2. **Why:** Floorplan C is the only one that does not have a symmetrical layout with respect to the main entrance. The other floorplans (A, B, D, and E) all appear to be mirror images of each other along the vertical axis passing through the main entrance, indicating a consistent underlying pattern. Floorplan C, however, has a unique arrangement of rooms and hallways that deviates from this symmetry, suggesting it has a different underlying pattern."
"[18, 25]","[19, 28]","['4132', '23197', '25711', '62071', '3282']",23197,1. **Different floorplan:** B,"1. **Different floorplan:** B
2. **Why:** Floorplan B is the only one that does not have a symmetrical layout with respect to the main entrance. The other floorplans (A, C, D, and E) all appear to be mirror images of each other along the vertical axis passing through the main entrance, indicating a consistent underlying pattern. Floorplan B, however, has a unique arrangement of rooms and hallways that deviates from this symmetry, suggesting it has a different underlying pattern."
"[15, 17]","[0, 2]","['9836', '60915', '1225', '11908', '47834']",9836,1. **Different floorplan:** C,"1. **Different floorplan:** C
2. **Why:** Floorplan C is the only one that does not have a symmetrical layout with respect to the main entrance. The other floorplans (A, B, D, and E) all appear to be mirror images of each other along the vertical axis passing through the main entrance, indicating a consistent underlying pattern. Floorplan C, however, has a unique arrangement of rooms and hallways that deviates from this symmetry, suggesting it has a different underlying pattern."
"[9, 4]","[15, 28]","['38548', '80219', '79413', '64614', '50510']",38548,1. **Different floorplan:** E,"1. **Different floorplan:** E
2. **Why:** Floorplan E is the only one that does not have a symmetrical layout with respect to the main entrance. The other floorplans (A, B, C, and D) all appear to be mirror images of each other along the vertical axis passing through the main entrance, indicating a consistent underlying pattern. Floorplan E, however, has a unique arrangement of rooms and hallways that deviates from this symmetry, suggesting it has a different underlying pattern."
"[19, 28]","[15, 13]","['25079', '55589', '23197', '43363', '42272']",25079,1. **Different floorplan:** A,"1. **Different floorplan:** A
2. **Why:** Floorplan A is the only one that does not have a symmetrical layout with respect to the main entrance. The other floorplans (B, C, D, and E) all appear to be mirror images of each other along the vertical axis passing through the main entrance, indicating a consistent underlying pattern. Floorplan A, however, has a unique arrangement of rooms and hallways that deviates from this symmetry, suggesting it has a different underlying pattern."
"[18, 23]","[19, 18]","['29042', '5909', '26755', '48306', '67584']",29042,1. **Different floorplan:** A,"1. **Different floorplan:** A
2. **Why:** Floorplan A is the only one that does not have a symmetrical layout with respect to the main entrance. The other floorplans (B, C, D, and E) all appear to be mirror images of each other along the vertical axis passing through the main entrance, indicating a consistent underlying pattern. Floorplan A, however, has a unique arrangement of rooms and hallways that deviates from this symmetry, suggesting it has a different underlying pattern."
"[3, 17]","[14, 7]","['38478', '77045', '54792', '64047', '33084']",77045,1. **Different floorplan:** B,"1. **Different floorplan:** B
2. **Why:** Floorplan B is the only one that features a central hallway with rooms branching off from it in a symmetrical manner, which is distinct from the more irregular and varied layouts of the other floorplans. The other floorplans have more complex and less symmetrical arrangements of rooms."
"[19, 8]","[18, 23]","['26052', '19346', '36396', '6777', '71082']",26052,1. **Different floorplan:** E,"1. **Different floorplan:** E
2. **Why:** Floorplan E is the only one that does not have a symmetrical layout with respect to the main entrance. The other floorplans (A, B, C, and D) all appear to be mirror images of each other along the vertical axis passing through the main entrance, indicating a consistent underlying pattern. Floorplan E deviates from this symmetry, suggesting it has a different underlying pattern."
"[7, 22]","[0, 0]","['78009', '23132', '31113', '79411', '40679']",78009,1. **Different floorplan:** D,"1. **Different floorplan:** D
2. **Why:** Floorplan D is the only one that does not have a continuous hallway running from the main entrance to the back of the apartment. Instead, it features a more complex layout with multiple turns and dead ends, which is distinct from the other floorplans that maintain a more linear path."
"[15, 28]","[19, 25]","['59747', '67905', '3258', '23274', '10526']",59747,1. **Different floorplan:** E,"1. **Different floorplan:** E
2. **Why:** Floorplan E is the only one that does not have a continuous hallway running vertically from the main entrance. All other floorplans (A, B, C, and D) have a vertical hallway that extends from the main entrance, which is a consistent feature in the other four floorplans. Floorplan E has a more complex layout with multiple smaller rooms branching off from the main entrance without a continuous hallway."
"[15, 13]","[19, 14]","['20590', '34763', '26703', '53137', '68970']",26703,1. **Different floorplan:** C,"1. **Different floorplan:** C
2. **Why:** Floorplan C is the only one that does not have a symmetrical layout with respect to the main entrance. The other floorplans (A, B, D, and E) all appear to be mirror images of each other along the vertical axis passing through the main entrance, indicating a consistent underlying pattern. Floorplan C, however, has a unique arrangement of rooms and hallways that deviates from this symmetry, suggesting it has a different underlying pattern."
"[18, 25]","[9, 4]","['4132', '73827', '62071', '25711', '79413']",79413,1. **Different floorplan:** E,"1. **Different floorplan:** E
2. **Why:** Floorplan E is the only one that does not follow the same underlying pattern as the others. The other floorplans (A, B, C, and D) all have a similar layout where the living area is centrally located with bedrooms and bathrooms arranged around it. Floorplan E deviates from this pattern by having a more complex arrangement of rooms and a different distribution of spaces, making it distinct from the others."
"[15, 13]","[5, 29]","['34763', '24364', '53137', '68970', '51743']",51743,1. **Different floorplan:** E,"1. **Different floorplan:** E
2. **Why:** Floorplan E is the only one that does not have a symmetrical layout with respect to the main entrance. The other floorplans (A, B, C, and D) all exhibit a similar pattern where the rooms are arranged in a way that is mirrored across the main entrance line. Floorplan E has an asymmetrical arrangement of rooms around the main entrance, which sets it apart from the others."
"[14, 8]","[3, 4]","['40877', '28732', '20671', '28694', '46039']",20671,1. **Different floorplan:** C,"1. **Different floorplan:** C
2. **Why:** Floorplan C is the only one that does not have a symmetrical layout with respect to the main entrance. The other floorplans (A, B, D, and E) all appear to be mirror images of each other along the vertical axis passing through the main entrance, indicating a consistent underlying pattern. Floorplan C, however, has a unique arrangement of rooms and hallways that deviates from this symmetry, suggesting it has a different underlying pattern."
"[15, 13]","[0, 2]","['53137', '42684', '68970', '25079', '32703']",32703,1. **Different floorplan:** E,"1. **Different floorplan:** E
2. **Why:** Floorplan E is the only one that does not have a symmetrical layout with respect to the main entrance. The other floorplans (A, B, C, and D) all appear to be mirror images of each other along the vertical axis passing through the main entrance, indicating a consistent underlying pattern. Floorplan E, however, has a unique arrangement of rooms and hallways that deviates from this symmetry, suggesting it has a different underlying pattern."
"[5, 29]","[18, 25]","['25711', '55950', '57316', '52548', '51743']",25711,1. **Different floorplan:** B,"1. **Different floorplan:** B
2. **Why:** Floorplan B is the only one that does not have a symmetrical layout with respect to the main entrance. The other floorplans (A, C, D, and E) all appear to be mirror images of each other along the vertical axis passing through the main entrance, indicating a consistent underlying pattern. Floorplan B, however, has a unique arrangement of rooms and hallways that deviates from this symmetry, suggesting it has a different underlying pattern."
"[9, 26]","[17, 5]","['33045', '27788', '6759', '50181', '7474']",33045,1. **Different floorplan:** E,"1. **Different floorplan:** E
2. **Why:** Floorplan E is the only one that does not have a symmetrical layout with respect to the main entrance. The other four floorplans (A, B, C, and D) all exhibit a similar pattern where the rooms are arranged in a way that is mirrored across the main entrance line. Floorplan E has an asymmetrical arrangement of rooms around the main entrance, which sets it apart from the others."
"[14, 9]","[3, 12]","['39708', '40550', '37955', '26506', '14102']",37955,1. **Different floorplan:** C,"1. **Different floorplan:** C
2. **Why:** Floorplan C is the only one that does not have a symmetrical layout with respect to the main entrance. The other floorplans (A, B, D, and E) appear to be mirror images of each other along the vertical axis passing through the main entrance, indicating a consistent underlying pattern. Floorplan C, however, has a unique arrangement of rooms and hallways that deviates from this symmetry, suggesting it has a different underlying pattern."
"[18, 23]","[5, 22]","['61353', '40863', '26755', '72365', '64247']",40863,1. **Different floorplan:** B,"1. **Different floorplan:** B
2. **Why:** Floorplan B is the only one that does not have a symmetrical layout with respect to the main entrance. The other floorplans (A, C, D, and E) all appear to be mirror images of each other along the vertical axis passing through the main entrance, indicating a consistent underlying pattern. Floorplan B, however, has a unique arrangement of rooms and hallways that deviates from this symmetry, suggesting it has a different underlying pattern."
"[15, 21]","[9, 3]","['7489', '20839', '13497', '1268', '3384']",1268,1. **Different floorplan:** B,"1. **Different floorplan:** B
2. **Why:** Floorplan B is the only one that does not have a continuous hallway running vertically from the main entrance. All other floorplans (A, C, D, and E) have a vertical hallway that extends from the main entrance, which is a consistent feature in the other four floorplans. Floorplan B has a more complex layout with multiple rooms branching off from the main entrance without a continuous hallway, making it distinct from the others."
"[15, 17]","[19, 28]","['23197', '47834', '60915', '1225', '11908']",23197,1. **Different floorplan:** A,"1. **Different floorplan:** A
2. **Why:** Floorplan A is the only one that does not have a symmetrical layout with respect to the main entrance. The other floorplans (B, C, D, and E) all appear to be mirror images of each other along the vertical axis passing through the main entrance, indicating a consistent underlying pattern. Floorplan A, however, has a unique arrangement of rooms and hallways that deviates from this symmetry, suggesting it has a different underlying pattern."
"[15, 13]","[9, 11]","['34763', '20590', '30907', '24364', '25079']",30907,1. **Different floorplan:** C,"1. **Different floorplan:** C
2. **Why:** Floorplan C is the only one that does not have a symmetrical layout with respect to the main entrance. The other floorplans (A, B, D, and E) all appear to be mirror images of each other along the vertical axis passing through the main entrance, indicating a consistent underlying pattern. Floorplan C, however, has a unique arrangement of rooms and hallways that deviates from this symmetry, suggesting it has a different underlying pattern."
"[3, 16]","[14, 7]","['177', '11746', '56017', '25607', '59100']",25607,1. **Different floorplan:** E,"1. **Different floorplan:** E
2. **Why:** Floorplan E is the only one that does not have a symmetrical layout with respect to the main entrance. The other floorplans (A, B, C, and D) all appear to be mirror images of each other along the vertical axis passing through the main entrance, indicating a consistent underlying pattern. Floorplan E, however, has a unique arrangement of rooms and hallways that deviates from this symmetry, suggesting it has a different underlying pattern."
"[7, 22]","[0, 14]","['79411', '37963', '31113', '40679', '23132']",37963,1. **Different floorplan:** C,"1. **Different floorplan:** C
2. **Why:** Floorplan C is the only one that does not have a symmetrical layout with respect to the main entrance. The other floorplans (A, B, D, and E) all appear to be mirror images of each other along the vertical axis passing through the main entrance, indicating a consistent underlying pattern. Floorplan C, however, has a unique arrangement of rooms and hallways that deviates from this symmetry, suggesting it has a different underlying pattern."
"[19, 10]","[15, 28]","['25618', '25168', '55791', '21540', '3258']",3258,1. **Different floorplan:** E,"1. **Different floorplan:** E
2. **Why:** Floorplan E is the only one that does not have a continuous hallway running from the main entrance to the far end of the building. Instead, it features a more compact arrangement with rooms clustered together, which is distinct from the other floorplans that all have a more linear layout with a clear path from the entrance to the back of the building."
"[4, 27]","[14, 9]","['6508', '5222', '77515', '12888', '70239']",6508,1. **Different floorplan:** C,"1. **Different floorplan:** C
2. **Why:** Floorplan C is the only one that does not have a continuous hallway running from the main entrance to the far end of the building. Instead, it features a more complex arrangement with multiple rooms branching off from the central area, which is distinct from the linear layout seen in the other floorplans."
"[14, 8]","[3, 16]","['40877', '59100', '46039', '28694', '28732']",59100,1. **Different floorplan:** B,"1. **Different floorplan:** B
2. **Why:** Floorplan B is the only one that does not have a symmetrical arrangement of rooms around the central corridor. All other floorplans (A, C, D, and E) have a consistent pattern where the rooms are symmetrically placed with respect to the central corridor, which is a common design feature in many apartment layouts. Floorplan B deviates from this symmetry by having an asymmetrical placement of the rooms, making it distinct from the others."
"[15, 21]","[0, 24]","['13497', '7489', '20839', '3384', '31926']",31926,1. **Different floorplan:** C,"1. **Different floorplan:** C
2. **Why:** Floorplan C is the only one that does not have a continuous hallway running from the main entrance to the back of the apartment. Instead, it features a more complex arrangement with multiple rooms branching off from the main entrance, which is not present in the other floorplans."
"[3, 4]","[14, 8]","['35787', '11039', '20671', '9383', '39691']",39691,1. **Different floorplan:** E,"1. **Different floorplan:** E
2. **Why:** Floorplan E is the only one that does not have a symmetrical layout with respect to the main entrance. The other floorplans (A, B, C, and D) all appear to be mirror images of each other along the vertical axis passing through the main entrance, indicating a consistent underlying pattern. Floorplan E, however, has a unique arrangement of rooms and hallways that deviates from this symmetry, suggesting it has a different underlying pattern."
"[19, 13]","[15, 21]","['13497', '42612', '43396', '26354', '35479']",13497,1. **Different floorplan:** B,"1. **Different floorplan:** B
2. **Why:** Floorplan B is the only one that has a distinct arrangement of rooms compared to the others. While the other floorplans (A, C, D, and E) all have a similar layout with a central hallway leading to various rooms, Floorplan B has a unique configuration where the rooms are arranged in a more complex and irregular manner, deviating from the simpler, more symmetrical patterns seen in the others."
"[19, 5]","[15, 13]","['42684', '59952', '72346', '63902', '17017']",42684,1. **Different floorplan:** C,"1. **Different floorplan:** C
2. **Why:** Floorplan C is the only one that does not have a symmetrical layout with respect to the main entrance. The other floorplans (A, B, D, and E) all appear to be mirror images of each other along the vertical axis passing through the main entrance, indicating a consistent underlying pattern. Floorplan C, however, has a unique arrangement of rooms and hallways that deviates from this symmetry, suggesting it has a different underlying pattern."
"[18, 25]","[5, 22]","['3282', '7217', '25711', '62071', '73827']",7217,1. **Different floorplan:** B,"1. **Different floorplan:** B
2. **Why:** Floorplan B is the only one that does not have a symmetrical layout with respect to the main entrance. The other floorplans (A, C, D, and E) all appear to be mirror images of each other along the vertical axis passing through the main entrance, indicating a consistent underlying pattern. Floorplan B, however, has a unique arrangement of rooms and hallways that deviates from this symmetry, suggesting it has a different underlying pattern."
"[3, 26]","[14, 7]","['38835', '18887', '40031', '50906', '1064']",38835,1. **Different floorplan:** B,"1. **Different floorplan:** B
2. **Why:** Floorplan B is the only one that does not have a symmetrical layout with respect to the main entrance. The other floorplans (A, C, D, and E) appear to be mirror images of each other along the vertical axis passing through the main entrance, indicating a consistent underlying pattern. Floorplan B, however, has a unique arrangement of rooms and hallways that deviates from this symmetry, suggesting it has a different underlying pattern."
"[15, 28]","[0, 7]","['38548', '67905', '15613', '10526', '3258']",15613,1. **Different floorplan:** C,"1. **Different floorplan:** C
2. **Why:** Floorplan C is the only one that does not have a symmetrical layout with respect to the main entrance. The other floorplans (A, B, D, and E) all appear to be mirror images of each other along the vertical axis passing through the main entrance, indicating a consistent underlying pattern. Floorplan C, however, has a unique arrangement of rooms and hallways that deviates from this symmetry, suggesting it has a different underlying pattern."
"[0, 14]","[15, 21]","['3384', '42604', '80522', '1261', '17291']",3384,1. **Different floorplan:** E,"1. **Different floorplan:** E
2. **Why:** Floorplan E is the only one that does not follow the same underlying pattern as the others. The other floorplans (A, B, C, and D) all have a similar layout where the living spaces are arranged around a central core with bedrooms and bathrooms distributed symmetrically. Floorplan E deviates from this by having a more irregular and less symmetrical arrangement of rooms, which suggests a different underlying pattern."
"[4, 27]","[14, 9]","['70239', '5222', '77515', '12888', '26506']",26506,1. **Different floorplan:** C,"1. **Different floorplan:** C
2. **Why:** Floorplan C is the only one that does not have a continuous hallway running from the main entrance to the back of the apartment. Instead, it features a more complex arrangement with multiple rooms branching off from the main entrance, which is not present in the other floorplans. This unique layout sets it apart from the others."
"[14, 9]","[3, 4]","['26506', '14102', '40550', '26678', '35787']",35787,1. **Different floorplan:** D,"1. **Different floorplan:** D
2. **Why:** Floorplan D is the only one that does not have a continuous hallway running from the main entrance to the far end of the apartment. Instead, it features a more complex layout with multiple turns and dead ends, which is distinct from the other floorplans that maintain a linear path throughout."
"[19, 14]","[15, 17]","['26372', '26703', '64729', '72517', '60915']",60915,1. **Different floorplan:** E,"1. **Different floorplan:** E
2. **Why:** Floorplan E is the only one that does not have a continuous hallway running from the main entrance to the back of the apartment. Instead, it features a more compact arrangement with rooms directly connected to the entrance without a central hallway. The other floorplans (A, B, C, and D) all have a similar layout with a central hallway extending from the entrance to the back of the apartment."
"[17, 21]","[9, 4]","['9795', '78147', '62549', '40487', '80219']",80219,1. **Different floorplan:** D,"1. **Different floorplan:** D
2. **Why:** Floorplan D is the only one that does not have a symmetrical arrangement of rooms around the central corridor. In contrast, floors A, B, C, and E all exhibit a similar pattern where the rooms are symmetrically placed around a central corridor, with the living area and bedrooms arranged in a consistent manner. Floorplan D deviates from this symmetry by having an asymmetrical distribution of rooms, which makes it distinct from the others."
"[7, 1]","[0, 2]","['16951', '12376', '80744', '10825', '12421']",80744,1. **Different floorplan:** C,"1. **Different floorplan:** C
2. **Why:** Floorplan C is the only one that does not have a symmetrical layout with respect to the main entrance. The other floorplans (A, B, D, and E) appear to be mirror images of each other along the vertical axis passing through the main entrance, indicating a consistent underlying pattern. Floorplan C, however, has a unique arrangement of rooms and hallways that deviates from this symmetry, suggesting it has a different underlying pattern."
"[0, 2]","[7, 20]","['51831', '9639', '43995', '2277', '54867']",2277,1. **Different floorplan:** C,"1. **Different floorplan:** C
2. **Why:** Floorplan C is the only one that does not have a symmetrical layout with respect to the main entrance. The other floorplans (A, B, D, and E) all appear to be mirror images of each other along the vertical axis passing through the main entrance, indicating a consistent underlying pattern. Floorplan C, however, has a unique arrangement of rooms and hallways that deviates from this symmetry, suggesting it has a different underlying pattern."
"[15, 28]","[19, 5]","['10526', '38548', '3258', '72346', '67905']",72346,1. **Different floorplan:** D,"1. **Different floorplan:** D
2. **Why:** Floorplan D is the only one that does not have a continuous hallway running vertically from the main entrance. In contrast, floors A, B, C, and E all feature a vertical hallway extending from the main entrance, which is a consistent pattern in the other four floorplans."
"[9, 4]","[15, 21]","['80219', '13497', '64614', '50510', '79413']",13497,1. **Different floorplan:** E,"1. **Different floorplan:** E
2. **Why:** Floorplan E is the only one that does not have a symmetrical layout with respect to the main entrance. The other floorplans (A, B, C, and D) all appear to be mirror images of each other along the vertical axis passing through the main entrance, indicating a consistent underlying pattern. Floorplan E, however, has a unique arrangement of rooms and hallways that deviates from this symmetry, suggesting it has a different underlying pattern."
"[7, 20]","[4, 27]","['70239', '2277', '54372', '55305', '2425']",70239,1. **Different floorplan:** B,"1. **Different floorplan:** B
2. **Why:** Floorplan B is the only one that has a distinct arrangement of rooms compared to the others. The other floorplans (A, C, D, and E) all have a similar layout with a central hallway leading to various rooms, including a living area, bedrooms, and bathrooms. Floorplan B, however, has a more complex and irregular layout with additional features like a small kitchenette and a different distribution of spaces around the central hallway. This makes it stand out as having a different underlying pattern."
"[7, 3]","[0, 0]","['61767', '78009', '75828', '52457', '64781']",78009,1. **Different floorplan:** C,"1. **Different floorplan:** C
2. **Why:** Floorplan C is the only one that does not have a symmetrical layout with respect to the main entrance. The other floorplans (A, B, D, and E) appear to be mirror images of each other along the vertical axis passing through the main entrance, indicating a consistent underlying pattern. Floorplan C, however, has a unique arrangement of rooms and hallways that deviates from this symmetry, suggesting it has a different underlying pattern."
"[15, 21]","[19, 28]","['23197', '7489', '20839', '13497', '3384']",23197,1. **Different floorplan:** C,"1. **Different floorplan:** C
2. **Why:** Floorplan C is the only one that does not have a continuous hallway running from the main entrance to the back of the apartment. Instead, it features a T-shaped layout with a central room branching off into two smaller rooms, which is distinct from the linear layouts of the other floorplans."
"[3, 12]","[14, 7]","['27821', '20968', '37955', '1181', '38835']",38835,1. **Different floorplan:** E,"1. **Different floorplan:** E
2. **Why:** Floorplan E is the only one that does not have a continuous hallway running vertically from the main entrance. All other floorplans (A, B, C, and D) have a vertical hallway that extends from the main entrance to the far end of the floorplan. Floorplan E has a more complex layout with multiple rooms branching off from the main entrance without a continuous hallway."
"[0, 14]","[7, 3]","['39894', '75707', '42604', '61767', '80522']",61767,1. **Different floorplan:** C,"1. **Different floorplan:** C
2. **Why:** Floorplan C is the only one that does not have a symmetrical layout with respect to the main entrance. The other floorplans (A, B, D, and E) appear to be mirror images of each other along the vertical axis passing through the main entrance, indicating a consistent underlying pattern. Floorplan C, however, shows a distinct asymmetry in the arrangement of rooms and spaces around the main entrance, suggesting a different underlying pattern."
"[14, 9]","[18, 23]","['39708', '40550', '40817', '14102', '6508']",40817,1. **Different floorplan:** C,"1. **Different floorplan:** C
2. **Why:** Floorplan C is the only one that does not have a continuous hallway running from the main entrance to the back of the apartment. Instead, it has a T-shaped layout with two separate sections branching off from the main entrance, which is distinct from the other floorplans that all have a more linear or U-shaped arrangement."
"[14, 9]","[3, 4]","['26506', '11039', '6508', '14102', '26678']",11039,1. **Different floorplan:** E,"1. **Different floorplan:** E
2. **Why:** Floorplan E is the only one that does not have a continuous hallway running from the main entrance to the back of the apartment. Instead, it has a more scattered arrangement of rooms with no clear central pathway, unlike the other floorplans which all feature a linear hallway."
"[19, 28]","[15, 17]","['52721', '42272', '40111', '23197', '11908']",11908,1. **Different floorplan:** E,"1. **Different floorplan:** E
2. **Why:** Floorplan E is the only one that does not have a symmetrical layout with respect to the main entrance. The other floorplans (A, B, C, and D) all appear to be mirror images of each other along the vertical axis passing through the main entrance, indicating a consistent underlying pattern. Floorplan E, however, has a unique arrangement of rooms and hallways that deviates from this symmetry, suggesting it has a different underlying pattern."
"[15, 28]","[0, 6]","['49395', '10526', '67905', '38548', '23274']",49395,1. **Different floorplan:** C,"1. **Different floorplan:** C
2. **Why:** Floorplan C is the only one that does not have a continuous hallway running from the main entrance to the far end of the floorplan. Instead, it has a T-shaped layout with two perpendicular hallways meeting at a central point, which is distinct from the linear hallway patterns in the other floorplans."
"[15, 17]","[5, 22]","['1225', '11908', '40863', '47834', '60915']",40863,1. **Different floorplan:** C,"1. **Different floorplan:** C
2. **Why:** Floorplan C is the only one that does not have a symmetrical layout with respect to the main entrance. The other floorplans (A, B, D, and E) all appear to be mirror images of each other along the vertical axis passing through the main entrance, indicating a consistent underlying pattern. Floorplan C, however, has a unique arrangement of rooms and hallways that deviates from this symmetry, suggesting it has a different underlying pattern."
"[15, 13]","[19, 25]","['25079', '42684', '24364', '59747', '20590']",59747,1. **Different floorplan:** E,"1. **Different floorplan:** E
2. **Why:** Floorplan E is the only one that does not follow the same underlying pattern as the others. The other four floorplans (A, B, C, and D) all have a similar layout where the living area is centrally located with bedrooms and bathrooms surrounding it. Floorplan E deviates from this pattern by having a more complex arrangement with additional spaces and a different distribution of rooms, making it distinct from the others."
"[19, 10]","[15, 21]","['25618', '20839', '21540', '55791', '73023']",20839,1. **Different floorplan:** B,"1. **Different floorplan:** B
2. **Why:** Floorplan B is the only one that does not have a continuous hallway running from the main entrance to the far end of the building. Instead, it features a T-shaped layout with two perpendicular sections, which is distinct from the other floorplans that all have a more linear or U-shaped arrangement."
"[0, 24]","[7, 20]","['54372', '37989', '48780', '31926', '74418']",54372,1. **Different floorplan:** D,"1. **Different floorplan:** D
2. **Why:** Floorplan D is the only one that does not have a continuous hallway running from the main entrance to the far end of the building. Instead, it features a more complex layout with multiple turns and dead ends, which is distinct from the other floorplans that maintain a more linear path."
"[0, 7]","[15, 21]","['3384', '72266', '10984', '66807', '15613']",3384,1. **Different floorplan:** A,"1. **Different floorplan:** A
2. **Why:** Floorplan A is the only one that does not have a symmetrical layout with respect to the main entrance. The other floorplans (B, C, D, and E) all appear to be mirror images of each other along the vertical axis passing through the main entrance, indicating a consistent underlying pattern. Floorplan A, however, has a unique arrangement of rooms and hallways that deviates from this symmetry, suggesting it has a different underlying pattern."
"[14, 8]","[3, 21]","['28732', '28694', '39691', '46039', '53064']",53064,1. **Different floorplan:** E,"1. **Different floorplan:** E
2. **Why:** Floorplan E is the only one that does not have a symmetrical layout with respect to the main entrance. The other floorplans (A, B, C, and D) all exhibit a similar pattern where the rooms are arranged in a way that is mirrored across the main entrance line. Floorplan E deviates from this symmetry by having a different arrangement of rooms around the main entrance compared to the others."
"[19, 10]","[15, 17]","['60915', '73023', '25168', '25618', '21540']",60915,1. **Different floorplan:** B,"1. **Different floorplan:** B
2. **Why:** Floorplan B is the only one that does not have a continuous hallway running from the main entrance to the back of the apartment. Instead, it has a T-shaped layout with two separate sections branching off from the main entrance, which is distinct from the other floorplans that all have a more linear or corridor-like arrangement."
"[19, 25]","[18, 23]","['40817', '26994', '59747', '74532', '33749']",40817,1. **Different floorplan:** E,"1. **Different floorplan:** E
2. **Why:** Floorplan E is the only one that does not have a continuous hallway running vertically from the main entrance. All other floorplans (A, B, C, and D) have a vertical hallway that extends from the main entrance, which is a consistent feature in the other four floorplans. Floorplan E has a more complex layout with multiple smaller rooms branching off from the main entrance without a continuous hallway."
"[5, 19]","[15, 21]","['3384', '63077', '35619', '49189', '77183']",3384,1. **Different floorplan:** E,"1. **Different floorplan:** E
2. **Why:** Floorplan E is the only one that does not follow the same pattern as the others. The other four floorplans (A, B, C, and D) all have a consistent layout where the living area (yellow) is adjacent to the kitchen (orange), and the bedrooms (green) are located at the back with bathrooms (blue) in between. Floorplan E deviates from this pattern by having the living area and kitchen separated by a hallway, which is not present in the other floorplans."
"[15, 13]","[19, 14]","['68970', '24364', '34763', '64729', '42684']",64729,1. **Different floorplan:** D,"1. **Different floorplan:** D
2. **Why:** Floorplan D is the only one that does not have a continuous hallway running from the main entrance to the back of the apartment. Instead, it features a more complex layout with multiple turns and a different arrangement of rooms compared to the other four floorplans, which all have a similar linear hallway pattern."
"[18, 25]","[5, 22]","['57572', '73827', '4132', '3282', '25711']",57572,1. **Different floorplan:** C,"1. **Different floorplan:** C
2. **Why:** Floorplan C is the only one that does not have a continuous hallway running from the main entrance to the far end of the building. Instead, it features a T-shaped layout with a central area that branches off into two perpendicular sections. This unique configuration sets it apart from the other floorplans, which all have a more linear or rectangular layout with a continuous hallway."
"[9, 3]","[17, 21]","['14914', '40487', '74662', '1268', '9662']",40487,1. **Different floorplan:** E,"1. **Different floorplan:** E
2. **Why:** Floorplan E is the only one that does not have a continuous hallway running from the main entrance to the far end of the apartment. Instead, it features a more complex arrangement with multiple rooms branching off from the main entrance, which is not present in the other floorplans."
"[18, 25]","[5, 29]","['4132', '18711', '3282', '25711', '73827']",18711,1. **Different floorplan:** C,"1. **Different floorplan:** C
2. **Why:** Floorplan C is the only one that does not have a continuous hallway running from the main entrance to the back of the apartment. Instead, it features a more complex arrangement with multiple rooms branching off from the main entrance, which is not present in the other floorplans."
"[15, 17]","[9, 26]","['47834', '50181', '60915', '11908', '1225']",50181,1. **Different floorplan:** B,"1. **Different floorplan:** B
2. **Why:** Floorplan B is the only one that includes a distinct red bar indicating the main entrance, which is positioned differently from the others. This suggests a unique starting point for orientation. Additionally, the layout around this entrance appears more complex compared to the other floorplans, which have simpler and more uniform patterns."
"[15, 13]","[19, 25]","['20590', '34763', '24364', '74532', '68970']",74532,1. **Different floorplan:** B,"1. **Different floorplan:** B
2. **Why:** Floorplan B is the only one that does not have a symmetrical layout with respect to the main entrance. The other floorplans (A, C, D, and E) all appear to be mirror images of each other along the vertical axis passing through the main entrance, indicating a consistent underlying pattern. Floorplan B, however, has a unique arrangement of rooms and hallways that deviates from this symmetry, suggesting it has a different underlying pattern."
"[18, 25]","[9, 4]","['4132', '64614', '73827', '25711', '3282']",64614,1. **Different floorplan:** B,"1. **Different floorplan:** B
2. **Why:** Floorplan B is the only one that does not have a symmetrical layout with respect to the main entrance. The other floorplans (A, C, D, and E) all appear to be mirror images of each other along the vertical axis passing through the main entrance, indicating a consistent underlying pattern. Floorplan B, however, has a unique arrangement of rooms and hallways that deviates from this symmetry, suggesting it has a different underlying pattern."
"[19, 13]","[15, 21]","['3384', '43324', '43396', '26354', '35479']",3384,1. **Different floorplan:** E,"1. **Different floorplan:** E
2. **Why:** Floorplan E is the only one that does not have a continuous hallway running from the main entrance to the back of the apartment. Instead, it features a more complex layout with multiple turns and dead ends, which is distinct from the simpler, more linear patterns in A, B, C, and D."
"[15, 28]","[0, 0]","['14834', '23274', '10526', '38548', '67905']",14834,1. **Different floorplan:** C,"1. **Different floorplan:** C
2. **Why:** Floorplan C is the only one that does not have a symmetrical layout with respect to the main entrance. The other floorplans (A, B, D, and E) all appear to be mirror images of each other along the vertical axis passing through the main entrance, indicating a consistent underlying pattern. Floorplan C, however, has a unique arrangement of rooms and hallways that deviates from this symmetry, suggesting it has a different underlying pattern."
"[19, 18]","[15, 21]","['74633', '30721', '58616', '36535', '3384']",3384,1. **Different floorplan:** E,"1. **Different floorplan:** E
2. **Why:** Floorplan E is the only one that does not have a symmetrical layout with respect to the main entrance. All other floorplans (A, B, C, and D) appear to be mirror images of each other along the vertical axis passing through the main entrance, indicating a consistent underlying pattern. Floorplan E, however, has a unique arrangement of rooms and hallways that deviates from this symmetry, suggesting it has a different underlying pattern."
"[0, 14]","[15, 13]","['42604', '37963', '80522', '39894', '68970']",68970,1. **Different floorplan:** E,"1. **Different floorplan:** E
2. **Why:** Floorplan E is the only one that does not have a symmetrical layout with respect to the main entrance. The other floorplans (A, B, C, and D) all appear to be mirror images of each other along the vertical axis passing through the main entrance, indicating a consistent underlying pattern. Floorplan E, however, has a unique arrangement of rooms and hallways that deviates from this symmetry, suggesting it has a different underlying pattern."
"[15, 28]","[19, 13]","['67905', '38548', '43324', '3258', '23274']",43324,1. **Different floorplan:** C,"1. **Different floorplan:** C
2. **Why:** Floorplan C is the only one that does not have a symmetrical layout with respect to the main entrance. The other floorplans (A, B, D, and E) all appear to be mirror images of each other along the vertical axis passing through the main entrance, indicating a consistent underlying pattern. Floorplan C, however, has a unique arrangement of rooms and hallways that deviates from this symmetry, suggesting it has a different underlying pattern."
"[19, 14]","[15, 17]","['1225', '26703', '72517', '26372', '64729']",1225,1. **Different floorplan:** B,"1. **Different floorplan:** B
2. **Why:** Floorplan B is the only one that does not have a continuous hallway running vertically from the main entrance. All other floorplans (A, C, D, and E) have a vertical hallway extending from the main entrance, which is a consistent feature in the other four floorplans. Floorplan B has a more complex layout with multiple smaller rooms branching off from the main entrance without a continuous hallway."
"[15, 13]","[0, 2]","['45218', '68970', '24364', '42684', '53137']",45218,1. **Different floorplan:** E,"1. **Different floorplan:** E
2. **Why:** Floorplan E is the only one that does not have a symmetrical layout with respect to the main entrance. All other floorplans (A, B, C, and D) appear to be mirror images of each other along the vertical axis passing through the main entrance, indicating a consistent underlying pattern. Floorplan E, however, has a unique arrangement of rooms and hallways that deviates from this symmetry, suggesting it has a different underlying pattern."
"[19, 14]","[18, 23]","['72517', '64729', '26372', '26703', '25667']",25667,1. **Different floorplan:** C,"1. **Different floorplan:** C
2. **Why:** Floorplan C is the only one that does not have a continuous hallway running from the main entrance to the far end of the building. Instead, it features a more complex layout with multiple turns and dead ends, which is distinct from the simpler, more linear patterns in A, B, D, and E."
"[14, 7]","[3, 26]","['77045', '9147', '38835', '51393', '67483']",9147,1. **Different floorplan:** E,"1. **Different floorplan:** E
2. **Why:** Floorplan E is the only one that does not have a symmetrical layout with respect to the main entrance. The other floorplans (A, B, C, and D) all exhibit a similar pattern where the rooms are arranged in a way that is mirrored across the main entrance line. Floorplan E has a unique arrangement of rooms that deviates from this symmetry, making it stand out as having a different underlying pattern."
"[9, 11]","[18, 23]","['30907', '78534', '41897', '64148', '15606']",64148,1. **Different floorplan:** C,"1. **Different floorplan:** C
2. **Why:** Floorplan C is the only one that does not have a symmetrical layout with respect to the main entrance. The other floorplans (A, B, D, and E) appear to be mirror images of each other along the vertical axis passing through the main entrance, indicating a consistent underlying pattern. Floorplan C, however, shows a unique arrangement of rooms and hallways that deviates from this symmetry, suggesting it has a different underlying pattern."
"[0, 24]","[15, 28]","['31926', '67905', '37989', '48780', '74418']",67905,1. **Different floorplan:** B,"1. **Different floorplan:** B
2. **Why:** Floorplan B is the only one that does not have a symmetrical layout with respect to the main entrance. All other floorplans (A, C, D, and E) appear to be mirror images of each other along the vertical axis passing through the main entrance, indicating a consistent underlying pattern. Floorplan B, however, has a unique arrangement of rooms and hallways that deviates from this symmetry, suggesting it has a different underlying pattern."
"[9, 26]","[17, 18]","['6759', '23716', '51240', '50181', '27788']",51240,1. **Different floorplan:** E,"1. **Different floorplan:** E
2. **Why:** Floorplan E is the only one that does not have a symmetrical layout with respect to the main entrance. The other floorplans (A, B, C, and D) all appear to be mirror images of each other along the vertical axis passing through the main entrance, indicating a consistent underlying pattern. Floorplan E, however, has a unique arrangement of rooms and hallways that deviates from this symmetry, suggesting it has a different underlying pattern."
"[7, 22]","[4, 27]","['31113', '23132', '79411', '77515', '40679']",77515,1. **Different floorplan:** C,"1. **Different floorplan:** C
2. **Why:** Floorplan C is the only one that does not have a continuous hallway running from the main entrance to the back of the apartment. Instead, it features a more compact arrangement with rooms clustered together, which is distinct from the other floorplans that all have a more linear layout with a clear path from the entrance to the rear of the apartment."
"[14, 8]","[3, 17]","['40877', '28694', '39691', '28732', '54792']",54792,1. **Different floorplan:** E,"1. **Different floorplan:** E
2. **Why:** Floorplan E is the only one that does not have a continuous hallway running from the main entrance to the back of the apartment. Instead, it has a T-shaped layout with a central area that branches off into two directions, which is distinct from the linear hallway patterns in the other floorplans."
"[14, 9]","[4, 27]","['26506', '26678', '39708', '6508', '77515']",77515,1. **Different floorplan:** E,"1. **Different floorplan:** E
2. **Why:** Floorplan E is the only one that does not have a continuous hallway running from the main entrance to the far end of the apartment. Instead, it features a more complex layout with multiple rooms branching off from the main entrance, which is not present in the other floorplans."
"[9, 11]","[18, 25]","['78534', '4186', '30907', '15606', '3282']",3282,1. **Different floorplan:** E,"1. **Different floorplan:** E
2. **Why:** Floorplan E is the only one that does not have a symmetrical layout with respect to the main entrance. The other four floorplans (A, B, C, and D) appear to be mirror images of each other along the vertical axis passing through the main entrance, indicating a consistent underlying pattern. Floorplan E, however, has a unique arrangement of rooms and hallways that deviates from this symmetry, suggesting it has a different underlying pattern."
"[19, 10]","[15, 21]","['25168', '21540', '25618', '55791', '20839']",20839,1. **Different floorplan:** E,"1. **Different floorplan:** E
2. **Why:** Floorplan E is the only one that does not follow the same underlying pattern as the others. The other four floorplans (A, B, C, and D) all have a similar layout where the living spaces are arranged around a central core with a kitchen and bedrooms, and the main entrance leads into a common area. Floorplan E, however, has a completely different arrangement with a more complex and irregular layout, including an additional room (purple) that is not present in the other floorplans. This makes it distinct from the rest."
"[0, 0]","[15, 21]","['8176', '14834', '28082', '78009', '3384']",3384,1. **Different floorplan:** E,"1. **Different floorplan:** E
2. **Why:** Floorplan E is the only one that does not have a symmetrical layout with respect to the main entrance. The other floorplans (A, B, C, and D) all appear to be mirror images of each other along the vertical axis passing through the main entrance, indicating a consistent underlying pattern. Floorplan E, however, has a unique arrangement of rooms and hallways that deviates from this symmetry, suggesting it has a different underlying pattern."
"[0, 7]","[7, 20]","['65801', '10984', '66807', '2277', '72266']",2277,1. **Different floorplan:** C,"1. **Different floorplan:** C
2. **Why:** Floorplan C is the only one that does not have a symmetrical layout with respect to the main entrance. The other floorplans (A, B, D, and E) all exhibit a similar pattern where the rooms are arranged in a way that is mirrored across the main entrance line, creating a balanced and symmetrical design. Floorplan C, however, has an asymmetrical arrangement of rooms around the main entrance, which sets it apart from the others."
"[14, 7]","[3, 21]","['51393', '25607', '77045', '67483', '14038']",14038,1. **Different floorplan:** C,"1. **Different floorplan:** C
2. **Why:** Floorplan C is the only one that does not have a symmetrical layout with respect to the main entrance. The other floorplans (A, B, D, and E) appear to be mirror images of each other along the vertical axis passing through the main entrance, indicating a consistent underlying pattern. Floorplan C, however, has a unique arrangement of rooms and hallways that deviates from this symmetry, suggesting it has a different underlying pattern."
"[5, 29]","[15, 13]","['42684', '57316', '18711', '51743', '55950']",42684,1. **Different floorplan:** E,"1. **Different floorplan:** E
2. **Why:** Floorplan E is the only one that does not have a continuous hallway running from the main entrance to the back of the apartment. Instead, it features a more complex layout with multiple rooms branching off from the entrance area, which is distinct from the other floorplans that maintain a more linear path."
"[14, 9]","[18, 23]","['14102', '37360', '6508', '26678', '40550']",37360,1. **Different floorplan:** E,"1. **Different floorplan:** E
2. **Why:** Floorplan E is the only one that does not have a continuous hallway running from the main entrance to the back of the apartment. Instead, it has a more complex layout with multiple turns and additional rooms branching off, which is distinct from the simpler, linear layouts of the other floorplans."
"[14, 7]","[3, 4]","['25607', '67483', '20671', '77045', '51393']",20671,1. **Different floorplan:** D,"1. **Different floorplan:** D
2. **Why:** Floorplan D is the only one that does not have a symmetrical layout with respect to the main entrance. The other floorplans (A, B, C, and E) appear to have a consistent pattern where the rooms are arranged in a way that is mirrored across the main entrance line. Floorplan D has an asymmetrical arrangement of rooms around the main entrance, which sets it apart from the others."
"[0, 6]","[7, 1]","['41154', '49395', '43375', '16951', '75880']",16951,1. **Different floorplan:** D,"1. **Different floorplan:** D
2. **Why:** Floorplan D is the only one that does not have a symmetrical layout with respect to the main entrance. The other floorplans (A, B, C, and E) all appear to be mirror images of each other along the vertical axis passing through the main entrance, indicating a consistent underlying pattern. Floorplan D, however, has a unique arrangement of rooms and hallways that deviates from this symmetry, suggesting it has a different underlying pattern."
"[0, 14]","[15, 21]","['42604', '39894', '80522', '3384', '75707']",3384,1. **Different floorplan:** D,"1. **Different floorplan:** D
2. **Why:** Floorplan D is the only one that does not have a continuous hallway running from the main entrance to the far end of the floorplan. Instead, it features a more compact arrangement with rooms clustered together, which is distinct from the other floorplans that all have a more linear layout with a clear path from the entrance to the opposite side."
"[5, 4]","[15, 28]","['35725', '51114', '53032', '38548', '2004']",38548,1. **Different floorplan:** C,"1. **Different floorplan:** C
2. **Why:** Floorplan C is the only one that does not have a symmetrical layout with respect to the main entrance. The other floorplans (A, B, D, and E) appear to be mirror images of each other along the vertical axis passing through the main entrance, indicating a consistent underlying pattern. Floorplan C, however, has a unique arrangement of rooms and hallways that deviates from this symmetry, suggesting it has a different underlying pattern."
"[9, 3]","[17, 21]","['14914', '9662', '1268', '64671', '40487']",40487,1. **Different floorplan:** C,"1. **Different floorplan:** C
2. **Why:** Floorplan C is the only one that does not have a symmetrical layout with respect to the main entrance. The other floorplans (A, B, D, and E) appear to be mirror images of each other along the vertical axis passing through the main entrance, indicating a consistent underlying pattern. Floorplan C, however, has a unique arrangement of rooms and hallways that deviates from this symmetry, suggesting it has a different underlying pattern."
"[15, 17]","[0, 14]","['60915', '11908', '37963', '1225', '47834']",37963,1. **Different floorplan:** C,"1. **Different floorplan:** C
2. **Why:** Floorplan C is the only one that does not have a continuous hallway running vertically from the main entrance. Instead, it features a more complex layout with multiple turns and a lack of a direct path to the top level, which distinguishes it from the other floorplans that all seem to have a more straightforward vertical flow."
"[0, 0]","[7, 3]","['64781', '78009', '8176', '28082', '14834']",64781,1. **Different floorplan:** E,"1. **Different floorplan:** E
2. **Why:** Floorplan E is the only one that does not have a symmetrical layout with respect to the main entrance. The other floorplans (A, B, C, and D) all exhibit a similar pattern where the rooms are arranged in a way that is mirrored across the main entrance line. Floorplan E has a unique arrangement of rooms that deviates from this symmetry, making it distinct from the others."
"[14, 9]","[3, 7]","['14102', '30859', '26506', '40550', '6508']",30859,1. **Different floorplan:** B,"1. **Different floorplan:** B
2. **Why:** Floorplan B is the only one that does not have a continuous hallway running from the main entrance to the back of the apartment. Instead, it has a T-shaped layout with a direct path from the entrance to the living area, which is different from the other floorplans that all feature a continuous hallway."
"[19, 5]","[18, 25]","['72346', '76431', '63902', '4132', '17017']",4132,1. **Different floorplan:** D,"1. **Different floorplan:** D
2. **Why:** Floorplan D is the only one that does not have a continuous hallway running from the main entrance to the far end of the apartment. Instead, it features a T-shaped layout with a central room branching off into two smaller rooms, which is distinct from the linear layouts of the other floorplans."
"[0, 2]","[15, 13]","['27625', '28242', '59390', '68970', '44145']",68970,1. **Different floorplan:** C,"1. **Different floorplan:** C
2. **Why:** Floorplan C is the only one that does not have a symmetrical layout with respect to the main entrance. The other floorplans (A, B, D, and E) all appear to be symmetrical along the line passing through the main entrance, which suggests a consistent underlying pattern. Floorplan C, however, has a distinct asymmetry in the placement of rooms and the overall shape around the main entrance, indicating a different underlying pattern."
"[15, 17]","[5, 19]","['60915', '1225', '47834', '77183', '11908']",77183,1. **Different floorplan:** D,"1. **Different floorplan:** D
2. **Why:** Floorplan D is the only one that does not have a continuous hallway running vertically from the main entrance. Instead, it features a more complex arrangement with multiple turns and a different distribution of rooms compared to the other four floorplans, which all have a similar layout with a continuous hallway."
"[18, 25]","[14, 7]","['73827', '25711', '4132', '3282', '25607']",25607,1. **Different floorplan:** E,"1. **Different floorplan:** E
2. **Why:** Floorplan E is the only one that does not have a continuous hallway running from the main entrance to the far end of the apartment. Instead, it features a more complex arrangement with multiple smaller rooms and a different flow compared to the other floorplans, which all have a linear hallway pattern."
"[15, 17]","[19, 25]","['47834', '60915', '59747', '11908', '1225']",59747,1. **Different floorplan:** C,"1. **Different floorplan:** C
2. **Why:** Floorplan C is the only one that does not have a continuous hallway running vertically from the main entrance. Instead, it features a T-shaped layout with two perpendicular hallways, which is distinct from the other floorplans that all have a vertical hallway extending from the main entrance."
"[19, 18]","[15, 17]","['58616', '47834', '29042', '55086', '35149']",47834,1. **Different floorplan:** B,"1. **Different floorplan:** B
2. **Why:** Floorplan B is the only one that does not have a symmetrical layout with respect to the main entrance. All other floorplans (A, C, D, and E) appear to be mirror images of each other along the vertical axis passing through the main entrance, indicating a consistent underlying pattern. Floorplan B, however, has a unique arrangement of rooms and hallways that deviates from this symmetry, suggesting it has a different underlying pattern."
"[17, 21]","[9, 11]","['69704', '40487', '78147', '30907', '62454']",30907,1. **Different floorplan:** D,"1. **Different floorplan:** D
2. **Why:** Floorplan D is the only one that does not have a symmetrical layout with respect to the main entrance. The other floorplans (A, B, C, and E) appear to be mirror images of each other along the vertical axis passing through the main entrance, indicating a consistent underlying pattern. Floorplan D, however, shows a unique arrangement of rooms and hallways that deviates from this symmetry, suggesting it has a different underlying pattern."
"[0, 6]","[15, 21]","['59474', '49395', '25447', '43375', '13497']",13497,1. **Different floorplan:** B,"1. **Different floorplan:** B
2. **Why:** Floorplan B is the only one that does not have a symmetrical layout with respect to the main entrance. The other floorplans (A, C, D, and E) all appear to be mirror images of each other along the vertical axis passing through the main entrance, indicating a consistent underlying pattern. Floorplan B, however, has a unique arrangement of rooms and hallways that deviates from this symmetry, suggesting it has a different underlying pattern."
"[18, 23]","[19, 8]","['40817', '71082', '26052', '15451', '26755']",71082,1. **Different floorplan:** B,"1. **Different floorplan:** B
2. **Why:** Floorplan B is the only one that does not have a symmetrical layout with respect to the main entrance. The other floorplans (A, C, D, and E) all appear to be mirror images of each other along the vertical axis passing through the main entrance, indicating a consistent underlying pattern. Floorplan B, however, has a unique arrangement of rooms and hallways that deviates from this symmetry, suggesting it has a different underlying pattern."
"[0, 0]","[7, 1]","['78009', '14834', '12421', '28082', '8176']",12421,1. **Different floorplan:** C,"1. **Different floorplan:** C
2. **Why:** Floorplan C is the only one that does not have a symmetrical layout with respect to the main entrance. The other floorplans (A, B, D, and E) appear to be mirror images of each other along the vertical axis passing through the main entrance, indicating a consistent underlying pattern. Floorplan C, however, has a unique arrangement of rooms and hallways that deviates from this symmetry, suggesting it has a different underlying pattern."
"[9, 4]","[18, 23]","['79413', '50510', '80219', '64614', '72978']",72978,1. **Different floorplan:** E,"1. **Different floorplan:** E
2. **Why:** Floorplan E is the only one that does not have a continuous hallway running from the main entrance to the far end of the apartment. Instead, it features a more open layout with fewer distinct rooms, which sets it apart from the others that have a more structured hallway layout."
"[15, 13]","[0, 14]","['20590', '53137', '17291', '34763', '24364']",17291,1. **Different floorplan:** C,"1. **Different floorplan:** C
2. **Why:** Floorplan C is the only one that does not have a symmetrical layout with respect to the main entrance. The other floorplans (A, B, D, and E) all appear to be symmetrical or have a consistent pattern around the main entrance, whereas C has an asymmetrical arrangement of rooms and spaces."
"[15, 13]","[19, 8]","['24364', '53137', '34763', '71082', '68970']",71082,1. **Different floorplan:** B,"1. **Different floorplan:** B
2. **Why:** Floorplan B is the only one that does not have a symmetrical layout with respect to the main entrance. All other floorplans (A, C, D, and E) appear to be mirror images of each other along the vertical axis passing through the main entrance, indicating a consistent underlying pattern. Floorplan B, however, has a unique arrangement of rooms and hallways that deviates from this symmetry, suggesting it has a different underlying pattern."
"[5, 4]","[15, 17]","['60915', '53032', '2004', '27706', '35725']",60915,1. **Different floorplan:** D,"1. **Different floorplan:** D
2. **Why:** Floorplan D is the only one that does not have a continuous hallway running from the main entrance to the back of the apartment. Instead, it features a more complex layout with multiple turns and dead ends, which is distinct from the simpler, more linear patterns in the other floorplans."
"[15, 17]","[19, 5]","['11908', '76431', '60915', '47834', '1225']",76431,1. **Different floorplan:** B,"1. **Different floorplan:** B
2. **Why:** Floorplan B is the only one that has a distinct arrangement of rooms compared to the others. While the other floorplans (A, C, D, and E) all have a similar layout with a central hallway leading to various rooms, floorplan B has an additional room (pink) that is not present in the others. This unique addition makes it stand out from the rest, indicating a different underlying pattern."
"[15, 17]","[0, 24]","['60915', '47834', '11908', '1225', '48780']",48780,1. **Different floorplan:** E,"1. **Different floorplan:** E
2. **Why:** Floorplan E is the only one that does not follow the same underlying pattern as the others. The other four floorplans (A, B, C, and D) all have a similar layout where the living spaces are arranged around a central core with a kitchen and bedrooms, and the main entrance leads into a hallway that branches off into the various rooms. In contrast, floorplan E has a more complex and irregular layout with multiple entrances and a less symmetrical arrangement of spaces, which sets it apart from the others."
"[0, 0]","[7, 22]","['28082', '14834', '8176', '23132', '78009']",23132,1. **Different floorplan:** C,"1. **Different floorplan:** C
2. **Why:** Floorplan C is the only one that does not have a symmetrical layout with respect to the main entrance. The other floorplans (A, B, D, and E) appear to be mirror images of each other along the vertical axis passing through the main entrance, indicating a consistent underlying pattern. Floorplan C, however, shows a distinct asymmetry in the arrangement of rooms around the main entrance, suggesting a different underlying pattern."
"[15, 21]","[19, 25]","['13497', '3384', '59747', '7489', '20839']",59747,1. **Different floorplan:** E,"1. **Different floorplan:** E
2. **Why:** Floorplan E is the only one that does not follow the same underlying pattern as the others. The other floorplans (A, B, C, and D) all have a similar layout where the living area is centrally located with bedrooms and bathrooms arranged around it. Floorplan E deviates from this pattern by having a more complex arrangement with additional spaces that do not fit into the typical central living area design."
"[14, 9]","[3, 7]","['14102', '26678', '40550', '6508', '4286']",4286,1. **Different floorplan:** E,"1. **Different floorplan:** E
2. **Why:** Floorplan E is the only one that does not have a continuous hallway running from the main entrance to the far end of the apartment. Instead, it features a more compact arrangement with rooms directly connected without a central hallway, which distinguishes it from the other floorplans that all have a similar layout with a central hallway."
"[0, 6]","[15, 21]","['75880', '13497', '41154', '43375', '43036']",13497,1. **Different floorplan:** B,"1. **Different floorplan:** B
2. **Why:** Floorplan B is the only one that does not have a symmetrical layout with respect to the main entrance. The other floorplans (A, C, D, and E) all appear to be mirror images of each other along the vertical axis passing through the main entrance, indicating a consistent underlying pattern. Floorplan B, however, has a unique arrangement of rooms and hallways that deviates from this symmetry, suggesting it has a different underlying pattern."
"[19, 8]","[15, 13]","['71082', '19346', '6777', '36396', '20590']",20590,1. **Different floorplan:** E,"1. **Different floorplan:** E
2. **Why:** Floorplan E is the only one that does not have a continuous hallway running vertically from the main entrance. All other floorplans (A, B, C, and D) have a vertical hallway that extends from the main entrance, which is a consistent feature in the other four floorplans. Floorplan E has a more complex layout with multiple smaller rooms and no clear vertical hallway, making it distinct from the others."
"[7, 1]","[0, 7]","['10825', '16951', '15613', '12376', '53652']",15613,1. **Different floorplan:** C,"1. **Different floorplan:** C
2. **Why:** Floorplan C is the only one that does not have a symmetrical layout with respect to the main entrance. The other floorplans (A, B, D, and E) appear to be mirror images of each other along the vertical axis passing through the main entrance, indicating a consistent underlying pattern. Floorplan C, however, has a unique arrangement of rooms and hallways that deviates from this symmetry, suggesting it has a different underlying pattern."
"[3, 26]","[14, 8]","['49864', '11033', '19246', '68096', '40877']",40877,1. **Different floorplan:** E,"1. **Different floorplan:** E
2. **Why:** Floorplan E is the only one that features a distinct arrangement of rooms with a unique combination of shapes and sizes compared to the others. Specifically, it has a rectangular room at the bottom left corner that is not present in the other floorplans. Additionally, the overall layout of E is more symmetrical and structured differently from the rest, which suggests a different underlying pattern."
"[15, 21]","[9, 26]","['3384', '23716', '13497', '20839', '7489']",23716,1. **Different floorplan:** D,"1. **Different floorplan:** D
2. **Why:** Floorplan D is the only one that does not have a continuous hallway running from the main entrance to the back of the apartment. Instead, it features a T-shaped layout with two distinct sections branching off from the main entrance, which is unique compared to the other floorplans that maintain a more linear progression."
"[15, 17]","[5, 22]","['47834', '60915', '77349', '11908', '1225']",77349,1. **Different floorplan:** C,"1. **Different floorplan:** C
2. **Why:** Floorplan C is the only one that does not have a symmetrical layout with respect to the main entrance. The other floorplans (A, B, D, and E) all appear to be mirror images of each other along the vertical axis passing through the main entrance, indicating a consistent underlying pattern. Floorplan C, however, has a unique arrangement of rooms and hallways that deviates from this symmetry, suggesting it has a different underlying pattern."
"[15, 28]","[0, 0]","['38548', '23274', '28082', '67905', '3258']",28082,1. **Different floorplan:** C,"1. **Different floorplan:** C
2. **Why:** Floorplan C is the only one that does not have a symmetrical layout with respect to the main entrance. The other floorplans (A, B, D, and E) appear to be mirror images of each other along the vertical axis passing through the main entrance, indicating a consistent underlying pattern. Floorplan C, however, has a unique arrangement of rooms and hallways that deviates from this symmetry, suggesting it has a different underlying pattern."
"[14, 9]","[3, 7]","['40550', '26678', '26506', '37907', '14102']",37907,1. **Different floorplan:** B,"1. **Different floorplan:** B
2. **Why:** Floorplan B is the only one that does not have a symmetrical layout with respect to the main entrance. The other floorplans (A, C, D, and E) all appear to be mirror images of each other along the vertical axis passing through the main entrance, indicating a consistent underlying pattern. Floorplan B, however, has a unique arrangement of rooms and hallways that deviates from this symmetry, suggesting it has a different underlying pattern."
"[18, 25]","[14, 8]","['62071', '4132', '25711', '3282', '46039']",46039,1. **Different floorplan:** E,"1. **Different floorplan:** E
2. **Why:** Floorplan E is the only one that does not have a continuous hallway running from the main entrance to the back of the apartment. Instead, it features a more complex arrangement with multiple rooms branching off from the main entrance, which is not present in the other floorplans."
"[19, 14]","[18, 23]","['26372', '72978', '26703', '64729', '72517']",72978,1. **Different floorplan:** E,"1. **Different floorplan:** E
2. **Why:** Floorplan E is the only one that does not have a continuous hallway running from the main entrance to the far end of the apartment. Instead, it features a more complex layout with multiple turns and dead ends, which is distinct from the other floorplans that maintain a more linear path."
"[15, 13]","[0, 24]","['24364', '68970', '42684', '25079', '74418']",74418,1. **Different floorplan:** E,"1. **Different floorplan:** E
2. **Why:** Floorplan E is the only one that does not have a continuous hallway running vertically from the main entrance. All other floorplans (A, B, C, and D) feature a vertical hallway that extends from the main entrance, which is a consistent pattern in the other four floorplans. Floorplan E has a more complex layout with multiple smaller rooms and no clear vertical hallway, making it distinct from the others."
"[19, 18]","[15, 17]","['35149', '1225', '55086', '41277', '36535']",1225,1. **Different floorplan:** E,"1. **Different floorplan:** E
2. **Why:** Floorplan E is the only one that does not have a continuous hallway running from the main entrance to the back of the apartment. Instead, it has a T-shaped layout with a central area that branches off into two directions, which is distinct from the linear hallway patterns in the other floorplans."
"[0, 2]","[7, 22]","['51831', '32703', '44125', '23132', '28242']",23132,1. **Different floorplan:** C,"1. **Different floorplan:** C
2. **Why:** Floorplan C is the only one that does not have a symmetrical layout with respect to the main entrance. The other floorplans (A, B, D, and E) appear to be mirror images of each other along the vertical axis passing through the main entrance, indicating a consistent underlying pattern. Floorplan C, however, has a unique arrangement of rooms and hallways that deviates from this symmetry, suggesting it has a different underlying pattern."
"[9, 11]","[15, 28]","['78534', '4186', '10526', '30907', '335']",10526,1. **Different floorplan:** C,"1. **Different floorplan:** C
2. **Why:** Floorplan C is the only one that does not have a continuous hallway running from the main entrance to the opposite side of the floorplan. In contrast, floors A, B, D, and E all feature a continuous hallway that extends from the main entrance to the far end of the floorplan, which is a consistent pattern in the other four."
"[18, 23]","[14, 9]","['40550', '5909', '15451', '78682', '12104']",40550,1. **Different floorplan:** C,"1. **Different floorplan:** C
2. **Why:** Floorplan C is the only one that does not have a symmetrical layout with respect to the main entrance. The other floorplans (A, B, D, and E) appear to be mirror images of each other along the vertical axis passing through the main entrance, indicating a consistent underlying pattern. Floorplan C, however, has a unique arrangement of rooms and hallways that deviates from this symmetry, suggesting it has a different underlying pattern."
"[14, 7]","[3, 3]","['22002', '25607', '38835', '51393', '77045']",22002,1. **Different floorplan:** E,"1. **Different floorplan:** E
2. **Why:** Floorplan E is the only one that does not have a symmetrical layout with respect to the main entrance. The other floorplans (A, B, C, and D) all appear to be mirror images of each other along the vertical axis passing through the main entrance, indicating a consistent underlying pattern. Floorplan E, however, has a unique arrangement of rooms and hallways that deviates from this symmetry, suggesting it has a different underlying pattern."
"[15, 28]","[0, 0]","['10526', '3258', '38548', '78009', '67905']",78009,1. **Different floorplan:** C,"1. **Different floorplan:** C
2. **Why:** Floorplan C is the only one that does not have a continuous hallway running vertically from the main entrance. In contrast, floorplans A, B, D, and E all feature a vertical hallway extending from the main entrance, which is a consistent pattern in the other four floorplans."
"[0, 24]","[7, 1]","['37989', '74418', '31926', '48780', '12376']",12376,1. **Different floorplan:** C,"1. **Different floorplan:** C
2. **Why:** Floorplan C is the only one that does not have a continuous hallway running from the main entrance to the back of the apartment. Instead, it features a more compact arrangement with rooms clustered together, which is distinct from the other floorplans that all have a more linear layout with a clear path from the entrance to the rear of the apartment."
"[18, 25]","[19, 8]","['25711', '6777', '62071', '3282', '73827']",6777,1. **Different floorplan:** B,"1. **Different floorplan:** B
2. **Why:** Floorplan B is the only one that does not have a symmetrical layout with respect to the main entrance. The other floorplans (A, C, D, and E) all appear to be mirror images of each other along the vertical axis passing through the main entrance, indicating a consistent underlying pattern. Floorplan B, however, has a unique arrangement of rooms and hallways that deviates from this symmetry, suggesting it has a different underlying pattern."
"[18, 23]","[19, 13]","['48306', '5909', '35479', '67584', '61353']",35479,1. **Different floorplan:** E,"1. **Different floorplan:** E
2. **Why:** Floorplan E is the only one that does not have a symmetrical layout with respect to the main entrance. The other floorplans (A, B, C, and D) all exhibit a similar pattern where the rooms are arranged in a way that is mirrored across the main entrance line. Floorplan E has a unique arrangement of rooms that deviates from this symmetry, making it distinct from the others."
"[15, 13]","[0, 2]","['45218', '68970', '24364', '53137', '25079']",45218,1. **Different floorplan:** C,"1. **Different floorplan:** C
2. **Why:** Floorplan C is the only one that does not have a symmetrical layout with respect to the main entrance. The other floorplans (A, B, D, and E) all appear to be mirror images of each other along the vertical axis passing through the main entrance, indicating a consistent underlying pattern. Floorplan C, however, has a unique arrangement of rooms and hallways that deviates from this symmetry, suggesting it has a different underlying pattern."
"[3, 17]","[14, 8]","['64047', '53579', '54792', '39691', '33084']",39691,1. **Different floorplan:** D,"1. **Different floorplan:** D
2. **Why:** Floorplan D is the only one that does not have a continuous hallway running vertically from the main entrance. In contrast, floors A, B, C, and E all feature a vertical hallway that extends from the main entrance to the far end of the floorplan. This unique characteristic sets floorplan D apart from the others."
"[15, 13]","[5, 4]","['24364', '20590', '68970', '25079', '53032']",53032,1. **Different floorplan:** B,"1. **Different floorplan:** B
2. **Why:** Floorplan B is the only one that features a central hallway with rooms branching off from it in a symmetrical manner, which is distinct from the more irregular and varied layouts of the other floorplans. The other floorplans have more complex and less symmetrical arrangements of rooms."
"[15, 13]","[9, 4]","['50510', '24364', '20590', '25079', '34763']",50510,1. **Different floorplan:** C,"1. **Different floorplan:** C
2. **Why:** Floorplan C is the only one that does not have a continuous hallway running from the main entrance to the back of the apartment. Instead, it features a more complex layout with multiple rooms branching off from the main entrance, which is not present in the other floorplans."
"[3, 17]","[14, 9]","['33084', '38478', '12043', '64047', '14102']",14102,1. **Different floorplan:** E,"1. **Different floorplan:** E
2. **Why:** Floorplan E is the only one that features a distinct arrangement of rooms with a unique configuration of hallways and rooms compared to the others. The other floorplans (A, B, C, and D) all have a similar layout where the main entrance leads into a central hallway that branches off into various rooms, typically including a living area, bedrooms, and bathrooms. Floorplan E deviates from this by having a more complex and less symmetrical arrangement of spaces, which sets it apart from the rest."
"[9, 11]","[17, 21]","['52758', '30907', '62454', '41897', '15606']",62454,1. **Different floorplan:** A,"1. **Different floorplan:** A
2. **Why:** Floorplan A is the only one that does not have a symmetrical layout with respect to the main entrance. The other floorplans (B, C, D, and E) appear to be mirror images of each other along the vertical axis passing through the main entrance, indicating a consistent underlying pattern. Floorplan A, however, has a unique arrangement of rooms and hallways that deviates from this symmetry, suggesting it has a different underlying pattern."
"[0, 0]","[15, 28]","['8176', '78009', '14834', '28082', '23274']",23274,1. **Different floorplan:** C,"1. **Different floorplan:** C
2. **Why:** Floorplan C is the only one that does not have a continuous hallway running from the main entrance to the far end of the building. Instead, it features a more compact arrangement with rooms directly connected to the entrance without a clear central hallway. The other floorplans (A, B, D, and E) all have a similar layout with a main hallway extending from the entrance to the back of the building, which is not present in C."
"[14, 7]","[3, 21]","['38835', '25607', '14038', '51393', '77045']",14038,1. **Different floorplan:** E,"1. **Different floorplan:** E
2. **Why:** Floorplan E is the only one that does not have a symmetrical layout with respect to the main entrance. The other floorplans (A, B, C, and D) all exhibit a similar pattern where the rooms are arranged in a way that is mirrored across the main entrance line. Floorplan E has an asymmetrical arrangement, which sets it apart from the others."
"[0, 0]","[7, 1]","['8176', '78009', '28082', '14834', '12376']",12376,1. **Different floorplan:** D,"1. **Different floorplan:** D
2. **Why:** Floorplan D is the only one that does not have a symmetrical layout with respect to the main entrance. The other four floorplans (A, B, C, and E) appear to have a consistent pattern where the rooms are arranged in a way that is mirrored across the main entrance line. Floorplan D has an asymmetrical arrangement of rooms around the main entrance, which sets it apart from the others."
"[18, 23]","[19, 18]","['78682', '36535', '20502', '65195', '72365']",36535,1. **Different floorplan:** B,"1. **Different floorplan:** B
2. **Why:** Floorplan B is the only one that does not have a symmetrical layout with respect to the main entrance. The other floorplans (A, C, D, and E) all appear to be mirror images of each other along the vertical axis passing through the main entrance, indicating a consistent underlying pattern. Floorplan B, however, has a unique arrangement of rooms and hallways that deviates from this symmetry, suggesting it has a different underlying pattern."
"[19, 10]","[15, 28]","['25168', '21540', '55791', '73023', '67905']",67905,1. **Different floorplan:** E,"1. **Different floorplan:** E
2. **Why:** Floorplan E has a unique configuration where the main entrance leads into a small corridor that branches off into two separate areas, one of which is a large open space that appears to be a living area. This layout is distinct from the others, which generally have more symmetrical or interconnected layouts with multiple rooms branching off from a central area. The other floorplans (A, B, C, and D) all seem to have a more consistent pattern of rooms leading off from a central area, making E stand out as the one with a different underlying pattern."
"[15, 17]","[9, 4]","['60915', '47834', '1225', '11908', '80219']",80219,1. **Different floorplan:** E,"1. **Different floorplan:** E
2. **Why:** Floorplan E is the only one that does not have a continuous hallway running vertically from the main entrance. Instead, it has a more complex layout with additional rooms branching off from the main entrance area, which differs from the simpler, more linear patterns in A, B, C, and D."
"[14, 8]","[3, 17]","['28694', '33084', '40877', '46039', '28732']",33084,1. **Different floorplan:** B,"1. **Different floorplan:** B
2. **Why:** Floorplan B is the only one that does not have a symmetrical layout with respect to the main entrance. The other floorplans (A, C, D, and E) all appear to be mirror images of each other along the vertical axis passing through the main entrance, indicating a consistent underlying pattern. Floorplan B, however, has a unique arrangement of rooms and hallways that deviates from this symmetry, suggesting it has a different underlying pattern."
"[15, 28]","[0, 2]","['10526', '38548', '23274', '48095', '67905']",48095,1. **Different floorplan:** B,"1. **Different floorplan:** B
2. **Why:** Floorplan B is the only one that has a distinct T-shaped layout with a central corridor branching off into two perpendicular sections. All other floorplans (A, C, D, and E) have a more symmetrical and uniform arrangement of rooms around a central core, which is not present in B."
"[17, 18]","[9, 11]","['66316', '41897', '31693', '70105', '46660']",41897,1. **Different floorplan:** B,"1. **Different floorplan:** B
2. **Why:** Floorplan B is the only one that does not have a continuous hallway running from the main entrance to the far end of the floorplan. All other floorplans (A, C, D, and E) have a continuous hallway that extends from the main entrance to the opposite side, which is a common design feature in many apartment layouts. Floorplan B breaks this pattern by having a more complex arrangement with multiple turns and smaller rooms, making it distinct from the others."
"[14, 8]","[18, 23]","['28732', '12104', '40877', '46039', '39691']",12104,1. **Different floorplan:** B,"1. **Different floorplan:** B
2. **Why:** Floorplan B is the only one that does not have a symmetrical layout with respect to the main entrance. The other floorplans (A, C, D, and E) appear to be mirror images of each other along the vertical axis passing through the main entrance, indicating a consistent underlying pattern. Floorplan B, however, has a unique arrangement of rooms and hallways that deviates from this symmetry, suggesting it has a different underlying pattern."
"[17, 21]","[9, 11]","['62454', '69704', '62549', '61914', '40487']",61914,1. **Different floorplan:** D,"1. **Different floorplan:** D
2. **Why:** Floorplan D is the only one that does not have a symmetrical layout with respect to the main entrance. The other floorplans (A, B, C, and E) all appear to be mirror images of each other along the vertical axis passing through the main entrance, indicating a consistent underlying pattern. Floorplan D, however, has a unique arrangement of rooms and hallways that deviates from this symmetry, suggesting it has a different underlying pattern."
"[18, 23]","[9, 11]","['12104', '72978', '65195', '67584', '335']",335,1. **Different floorplan:** E,"1. **Different floorplan:** E
2. **Why:** Floorplan E is the only one that does not have a symmetrical layout with respect to the main entrance. The other floorplans (A, B, C, and D) all appear to be mirror images of each other along the vertical axis passing through the main entrance, indicating a consistent underlying pattern. Floorplan E, however, has a unique arrangement of rooms and hallways that deviates from this symmetry, suggesting it has a different underlying pattern."
"[4, 27]","[7, 1]","['12421', '70239', '77515', '5222', '12888']",12421,1. **Different floorplan:** C,"1. **Different floorplan:** C
2. **Why:** Floorplan C is the only one that does not have a continuous hallway running from the main entrance to the far end of the apartment. Instead, it features a more complex arrangement with multiple rooms branching off from the main entrance, which is not present in the other floorplans."
"[15, 21]","[0, 0]","['20839', '8176', '3384', '13497', '7489']",8176,1. **Different floorplan:** B,"1. **Different floorplan:** B
2. **Why:** Floorplan B is the only one that has a distinct arrangement of rooms compared to the others. While the other floorplans (A, C, D, and E) all have a similar layout with a central hallway leading to various rooms, Floorplan B has a more complex and irregular distribution of spaces. The presence of a large open area in the center of B, which is not present in the other floorplans, suggests a different underlying pattern."
"[9, 4]","[17, 5]","['79413', '64614', '80219', '50510', '7913']",7913,1. **Different floorplan:** B,"1. **Different floorplan:** B
2. **Why:** Floorplan B is the only one that does not have a symmetrical layout with respect to the main entrance. The other floorplans (A, C, D, and E) appear to be mirror images of each other along the vertical axis passing through the main entrance, indicating a consistent underlying pattern. Floorplan B, however, shows a distinct asymmetry in the placement of rooms and the overall layout around the main entrance, making it unique compared to the others."
"[7, 1]","[0, 24]","['17550', '3536', '53652', '37989', '12376']",37989,1. **Different floorplan:** B,"1. **Different floorplan:** B
2. **Why:** Floorplan B is the only one that does not have a continuous hallway running from the main entrance to the back of the apartment. Instead, it features a T-shaped layout with a central room branching off from the main entrance, which is distinct from the linear layouts of the other floorplans."
"[17, 5]","[9, 11]","['72055', '50221', '33045', '4186', '7913']",4186,1. **Different floorplan:** B,"1. **Different floorplan:** B
2. **Why:** Floorplan B is the only one that does not have a symmetrical layout with respect to the main entrance. The other floorplans (A, C, D, and E) all appear to be mirror images of each other along the vertical axis passing through the main entrance, indicating a consistent underlying pattern. Floorplan B, however, has a unique arrangement of rooms and hallways that deviates from this symmetry, suggesting it has a different underlying pattern."
"[9, 11]","[17, 5]","['78534', '30907', '61914', '7913', '335']",7913,1. **Different floorplan:** B,"1. **Different floorplan:** B
2. **Why:** Floorplan B is the only one that does not have a symmetrical layout with respect to the main entrance. The other floorplans (A, C, D, and E) appear to be mirror images of each other along the vertical axis passing through the main entrance, indicating a consistent underlying pattern. Floorplan B, however, has a unique arrangement of rooms and hallways that deviates from this symmetry, suggesting it has a different underlying pattern."
"[9, 11]","[15, 13]","['20590', '30907', '61914', '41897', '4186']",20590,1. **Different floorplan:** B,"1. **Different floorplan:** B
2. **Why:** Floorplan B is the only one that does not have a symmetrical layout with respect to the main entrance. The other floorplans (A, C, D, and E) all appear to be mirror images of each other along the vertical axis passing through the main entrance, indicating a consistent underlying pattern. Floorplan B, however, shows a distinct asymmetry in the placement of rooms and the overall layout, making it stand out from the others."
"[0, 14]","[7, 1]","['1261', '16951', '42604', '37963', '17291']",16951,1. **Different floorplan:** E,"1. **Different floorplan:** E
2. **Why:** Floorplan E is the only one that does not have a symmetrical layout with respect to the main entrance. The other floorplans (A, B, C, and D) all appear to be mirror images of each other along the vertical axis passing through the main entrance, indicating a consistent underlying pattern. Floorplan E, however, has a unique arrangement of rooms and hallways that deviates from this symmetry, suggesting it has a different underlying pattern."
"[15, 13]","[9, 11]","['25079', '61914', '24364', '42684', '53137']",61914,1. **Different floorplan:** B,"1. **Different floorplan:** B
2. **Why:** Floorplan B is the only one that does not have a continuous hallway running from the main entrance to the far end of the building. Instead, it features a more complex arrangement with multiple rooms branching off from the main entrance, which is not present in the other floorplans. This unique layout distinguishes it from the others, which all have a more linear or grid-like structure."
"[15, 13]","[19, 10]","['42684', '25079', '68970', '34763', '73023']",73023,1. **Different floorplan:** E,"1. **Different floorplan:** E
2. **Why:** Floorplan E is the only one that does not have a continuous hallway running from the main entrance to the back of the apartment. Instead, it features a T-shaped layout with two separate sections branching off from the main entrance, which is distinct from the other floorplans that all have a more linear or corridor-like arrangement."
"[3, 12]","[14, 8]","['20968', '1181', '27821', '28732', '37955']",28732,1. **Different floorplan:** D,"1. **Different floorplan:** D
2. **Why:** Floorplan D is the only one that does not have a symmetrical layout with respect to the main entrance. The other floorplans (A, B, C, and E) all appear to be mirror images of each other along the vertical axis passing through the main entrance, indicating a consistent underlying pattern. Floorplan D, however, has a unique arrangement of rooms and hallways that deviates from this symmetry, suggesting it has a different underlying pattern."
"[15, 28]","[9, 11]","['3258', '15606', '10526', '23274', '67905']",15606,1. **Different floorplan:** B,"1. **Different floorplan:** B
2. **Why:** Floorplan B is the only one that does not have a continuous hallway running from the main entrance to the back of the apartment. Instead, it features a more complex arrangement with multiple turns and dead ends, which is distinct from the simpler, more linear layouts of the other floorplans."
"[19, 5]","[15, 28]","['63902', '76431', '59952', '67905', '32569']",67905,1. **Different floorplan:** C,"1. **Different floorplan:** C
2. **Why:** Floorplan C is the only one that does not have a symmetrical layout with respect to the main entrance. The other floorplans (A, B, D, and E) all appear to be mirror images of each other along the vertical axis passing through the main entrance, indicating a consistent underlying pattern. Floorplan C, however, has a unique arrangement of rooms and hallways that deviates from this symmetry, suggesting it has a different underlying pattern."
"[0, 14]","[15, 28]","['67905', '39894', '80522', '1261', '37963']",67905,1. **Different floorplan:** B,"1. **Different floorplan:** B
2. **Why:** Floorplan B is the only one that does not have a continuous hallway running from the main entrance to the far end of the building. Instead, it features a more complex arrangement with multiple rooms branching off from the main entrance, which is not present in the other floorplans. This unique layout sets it apart from the others, indicating a different underlying pattern."
"[19, 14]","[15, 21]","['26703', '72517', '64729', '20839', '26372']",20839,1. **Different floorplan:** D,"1. **Different floorplan:** D
2. **Why:** Floorplan D is the only one that does not have a symmetrical layout with respect to the main entrance. The other floorplans (A, B, C, and E) all appear to be mirror images of each other along the vertical axis passing through the main entrance, indicating a consistent underlying pattern. Floorplan D, however, has a unique arrangement of rooms and hallways that deviates from this symmetry, suggesting it has a different underlying pattern."
"[19, 5]","[15, 17]","['72346', '59952', '63902', '60915', '32569']",60915,1. **Different floorplan:** B,"1. **Different floorplan:** B
2. **Why:** Floorplan B is the only one that does not have a symmetrical layout with respect to the main entrance. The other floorplans (A, C, D, and E) all appear to be mirror images of each other along the vertical axis passing through the main entrance, indicating a consistent underlying pattern. Floorplan B, however, has a unique arrangement of rooms and hallways that deviates from this symmetry, suggesting it has a different underlying pattern."
"[14, 7]","[3, 16]","['67483', '38835', '51393', '77045', '56017']",56017,1. **Different floorplan:** E,"1. **Different floorplan:** E
2. **Why:** Floorplan E is the only one that does not have a symmetrical layout with respect to the main entrance. The other floorplans (A, B, C, and D) all appear to be mirror images of each other along the vertical axis passing through the main entrance, indicating a consistent underlying pattern. Floorplan E, however, has a unique arrangement of rooms and hallways that deviates from this symmetry, suggesting it has a different underlying pattern."
"[3, 26]","[14, 7]","['19246', '68096', '77045', '50906', '9147']",77045,1. **Different floorplan:** C,"1. **Different floorplan:** C
2. **Why:** Floorplan C is the only one that does not have a continuous hallway running from the main entrance to the far end of the building. Instead, it features a central atrium with multiple rooms branching off from it, which is distinct from the linear hallway patterns in the other floorplans."
"[5, 19]","[15, 13]","['53655', '49189', '20590', '51211', '35619']",20590,1. **Different floorplan:** C,"1. **Different floorplan:** C
2. **Why:** Floorplan C is the only one that does not have a symmetrical layout with respect to the main entrance. The other floorplans (A, B, D, and E) appear to be mirror images of each other along the vertical axis passing through the main entrance, indicating a consistent underlying pattern. Floorplan C, however, has a unique arrangement of rooms and hallways that deviates from this symmetry, suggesting it has a different underlying pattern."
"[19, 5]","[15, 13]","['63902', '17017', '76431', '72346', '20590']",20590,1. **Different floorplan:** E,"1. **Different floorplan:** E
2. **Why:** Floorplan E is the only one that features a central open space with multiple smaller rooms branching off from it, which is not present in the other floorplans. The other floorplans have more traditional layouts with distinct rooms and hallways."
"[14, 8]","[3, 7]","['73164', '28732', '40877', '39691', '46039']",73164,1. **Different floorplan:** B,"1. **Different floorplan:** B
2. **Why:** Floorplan B is the only one that does not have a symmetrical layout with respect to the main entrance. The other floorplans (A, C, D, and E) all appear to be mirror images of each other along the vertical axis passing through the main entrance, indicating a consistent underlying pattern. Floorplan B, however, has a unique arrangement of rooms and hallways that deviates from this symmetry, suggesting it has a different underlying pattern."
"[0, 7]","[15, 17]","['1225', '10984', '72266', '66807', '15613']",1225,1. **Different floorplan:** A,"1. **Different floorplan:** A
2. **Why:** Floorplan A is the only one that does not have a symmetrical layout with respect to the main entrance. The other floorplans (B, C, D, and E) all appear to be mirror images of each other along the vertical axis passing through the main entrance, indicating a consistent underlying pattern. Floorplan A, however, has a unique arrangement of rooms and hallways that deviates from this symmetry, suggesting it has a different underlying pattern."
"[3, 3]","[14, 8]","['10017', '22002', '994', '22487', '40877']",40877,1. **Different floorplan:** E,"1. **Different floorplan:** E
2. **Why:** Floorplan E is the only one that does not have a symmetrical layout with respect to the main entrance. The other floorplans (A, B, C, and D) all appear to be mirror images of each other along the vertical axis passing through the main entrance, indicating a consistent underlying pattern. Floorplan E, however, has a unique arrangement of rooms and hallways that deviates from this symmetry, suggesting it has a different underlying pattern."
"[0, 7]","[7, 1]","['66807', '10984', '16951', '72266', '15613']",16951,1. **Different floorplan:** C,"1. **Different floorplan:** C
2. **Why:** Floorplan C is the only one that does not have a continuous hallway running from the main entrance to the far end of the apartment. Instead, it features a more complex arrangement with multiple rooms branching off from the entrance area, which is distinct from the linear layout seen in the other floorplans."
"[0, 2]","[15, 17]","['9639', '43995', '44802', '47834', '45218']",47834,1. **Different floorplan:** D,"1. **Different floorplan:** D
2. **Why:** Floorplan D is the only one that does not have a symmetrical layout with respect to the main entrance. The other floorplans (A, B, C, and E) all appear to be mirror images of each other along the vertical axis passing through the main entrance, indicating a consistent underlying pattern. Floorplan D, however, has a unique arrangement of rooms and hallways that deviates from this symmetry, suggesting it has a different underlying pattern."
"[7, 20]","[0, 2]","['2277', '54372', '2425', '43629', '55305']",43629,1. **Different floorplan:** C,"1. **Different floorplan:** C
2. **Why:** Floorplan C is the only one that does not have a symmetrical layout with respect to the main entrance. The other floorplans (A, B, D, and E) all appear to be mirror images of each other along the vertical axis passing through the main entrance, indicating a consistent underlying pattern. Floorplan C, however, has a unique arrangement of rooms and hallways that deviates from this symmetry, suggesting it has a different underlying pattern."
"[5, 22]","[15, 17]","['40863', '48795', '60915', '7217', '77349']",60915,1. **Different floorplan:** C,"1. **Different floorplan:** C
2. **Why:** Floorplan C is the only one that does not have a symmetrical layout with respect to the main entrance. The other floorplans (A, B, D, and E) appear to be mirror images of each other along the vertical axis passing through the main entrance, indicating a consistent underlying pattern. Floorplan C, however, has a unique arrangement of rooms and hallways that deviates from this symmetry, suggesting it has a different underlying pattern."
"[3, 12]","[14, 8]","['37955', '1181', '40877', '27821', '20968']",40877,1. **Different floorplan:** C,"1. **Different floorplan:** C
2. **Why:** Floorplan C is the only one that does not have a symmetrical layout with respect to the main entrance. The other floorplans (A, B, D, and E) all appear to be mirror images of each other along the vertical axis passing through the main entrance, indicating a consistent underlying pattern. Floorplan C, however, has a unique arrangement of rooms and hallways that deviates from this symmetry, suggesting it has a different underlying pattern."
"[18, 25]","[19, 14]","['3282', '62071', '72517', '4132', '25711']",72517,1. **Different floorplan:** C,"1. **Different floorplan:** C
2. **Why:** Floorplan C is the only one that does not have a symmetrical layout with respect to the main entrance. The other floorplans (A, B, D, and E) all appear to be mirror images of each other along the vertical axis passing through the main entrance, indicating a consistent underlying pattern. Floorplan C, however, has a unique arrangement of rooms and hallways that deviates from this symmetry, suggesting it has a different underlying pattern."
"[3, 3]","[14, 8]","['994', '40877', '30004', '10131', '22002']",40877,1. **Different floorplan:** E,"1. **Different floorplan:** E
2. **Why:** Floorplan E is the only one that does not have a continuous hallway running from the main entrance to the far end of the apartment. Instead, it features a more complex layout with multiple turns and dead ends, which is distinct from the other floorplans that maintain a linear path throughout."
"[3, 26]","[14, 8]","['1064', '19246', '40031', '40877', '9147']",40877,1. **Different floorplan:** D,"1. **Different floorplan:** D
2. **Why:** Floorplan D is the only one that contains a distinct feature not present in the others: a small green room attached to the main entrance area. This green room is not found in any of the other floorplans, which all have a consistent layout with no such additional room at the entrance."
"[0, 14]","[7, 1]","['17291', '53652', '39894', '80522', '75707']",53652,1. **Different floorplan:** B,"1. **Different floorplan:** B
2. **Why:** Floorplan B is the only one that does not have a symmetrical layout with respect to the main entrance. The other floorplans (A, C, D, and E) appear to be mirror images of each other along the vertical axis passing through the main entrance, indicating a consistent underlying pattern. Floorplan B, however, shows a distinct asymmetry in the placement of rooms and hallways around the main entrance, suggesting a different underlying pattern."
"[15, 28]","[19, 5]","['10526', '23274', '3258', '38548', '17017']",17017,1. **Different floorplan:** E,"1. **Different floorplan:** E
2. **Why:** Floorplan E is the only one that does not have a symmetrical layout with respect to the main entrance. All other floorplans (A, B, C, and D) appear to be mirror images of each other along the vertical axis passing through the main entrance, indicating a consistent underlying pattern. Floorplan E, however, has a unique arrangement of rooms and hallways that deviates from this symmetry, suggesting it has a different underlying pattern."
"[15, 21]","[9, 26]","['7489', '13497', '27788', '3384', '20839']",27788,1. **Different floorplan:** E,"1. **Different floorplan:** E
2. **Why:** Floorplan E is the only one that does not follow the same pattern as the others. The other four floorplans (A, B, C, and D) all have a similar layout where the living spaces are arranged around a central core with a kitchen and bedrooms, and the main entrance leads into this central area. In contrast, floorplan E has a completely different arrangement with a more linear layout and a different distribution of rooms, making it distinct from the others."
"[3, 5]","[14, 8]","['63514', '74226', '39691', '12162', '64']",39691,1. **Different floorplan:** C,"1. **Different floorplan:** C
2. **Why:** Floorplan C is the only one that does not have a symmetrical layout with respect to the main entrance. The other floorplans (A, B, D, and E) appear to be mirror images of each other along the vertical axis passing through the main entrance, indicating a consistent underlying pattern. Floorplan C, however, has a unique arrangement of rooms and hallways that deviates from this symmetry, suggesting it has a different underlying pattern."
"[0, 6]","[7, 22]","['43375', '59474', '25447', '49395', '40679']",40679,1. **Different floorplan:** B,"1. **Different floorplan:** B
2. **Why:** Floorplan B is the only one that does not have a symmetrical layout with respect to the main entrance. The other floorplans (A, C, D, and E) all appear to be mirror images of each other along the vertical axis passing through the main entrance, indicating a consistent underlying pattern. Floorplan B, however, has a unique arrangement of rooms and hallways that deviates from this symmetry, suggesting it has a different underlying pattern."
"[9, 3]","[17, 5]","['64671', '33045', '9662', '74662', '1268']",33045,1. **Different floorplan:** C,"1. **Different floorplan:** C
2. **Why:** Floorplan C is the only one that does not have a symmetrical layout with respect to the main entrance. The other floorplans (A, B, D, and E) appear to be mirror images of each other along the vertical axis passing through the main entrance, indicating a consistent underlying pattern. Floorplan C, however, has a unique arrangement of rooms and hallways that deviates from this symmetry, suggesting it has a different underlying pattern."
"[15, 13]","[0, 14]","['53137', '25079', '34763', '24364', '17291']",17291,1. **Different floorplan:** E,"1. **Different floorplan:** E
2. **Why:** Floorplan E is the only one that does not have a symmetrical layout with respect to the main entrance. The other floorplans (A, B, C, and D) all appear to be mirror images of each other along the vertical axis passing through the main entrance, indicating a consistent underlying pattern. Floorplan E, however, has a unique arrangement of rooms and hallways that deviates from this symmetry, suggesting it has a different underlying pattern."
"[14, 9]","[3, 3]","['6508', '26678', '40550', '39708', '10131']",10131,1. **Different floorplan:** E,"1. **Different floorplan:** E
2. **Why:** Floorplan E is the only one that does not have a continuous hallway running from the main entrance to the back of the apartment. Instead, it features a more complex layout with multiple turns and dead ends, which is distinct from the simpler, linear patterns in the other floorplans."
"[14, 8]","[4, 27]","['40877', '5222', '28694', '46039', '28732']",5222,1. **Different floorplan:** B,"1. **Different floorplan:** B
2. **Why:** Floorplan B is the only one that does not have a symmetrical layout with respect to the main entrance. The other floorplans (A, C, D, and E) all appear to be mirror images of each other along the vertical axis passing through the main entrance, indicating a consistent underlying pattern. Floorplan B, however, has a unique arrangement of rooms and hallways that deviates from this symmetry, suggesting it has a different underlying pattern."
"[14, 9]","[3, 16]","['39708', '40550', '6508', '59100', '26506']",59100,1. **Different floorplan:** D,"1. **Different floorplan:** D
2. **Why:** Floorplan D is the only one that does not have a symmetrical arrangement of rooms around the central corridor. In contrast, floors A, B, C, and E all exhibit a similar pattern where the rooms are symmetrically placed around a central corridor, with the main entrance leading into this corridor. Floorplan D breaks this symmetry by having an asymmetrical distribution of rooms, which makes it distinct from the others."
"[15, 17]","[5, 4]","['11908', '62609', '47834', '60915', '1225']",62609,1. **Different floorplan:** B,"1. **Different floorplan:** B
2. **Why:** Floorplan B is the only one that does not have a symmetrical layout with respect to the main entrance. The other floorplans (A, C, D, and E) all appear to be mirror images of each other along the vertical axis passing through the main entrance, indicating a consistent underlying pattern. Floorplan B, however, has a distinct arrangement of rooms and hallways that deviates from this symmetry, suggesting it has a different underlying pattern."
"[0, 2]","[15, 17]","['70440', '43629', '9836', '47834', '66847']",47834,1. **Different floorplan:** D,"1. **Different floorplan:** D
2. **Why:** Floorplan D is the only one that does not have a symmetrical layout with respect to the main entrance. The other floorplans (A, B, C, and E) all appear to be mirror images of each other along the vertical axis passing through the main entrance, indicating a consistent underlying pattern. Floorplan D, however, has a unique arrangement of rooms and hallways that deviates from this symmetry, suggesting it has a different underlying pattern."
"[15, 21]","[19, 10]","['7489', '13497', '25618', '20839', '3384']",25618,1. **Different floorplan:** D,"1. **Different floorplan:** D
2. **Why:** Floorplan D is the only one that does not have a continuous hallway running from the main entrance to the back of the apartment. Instead, it features a more complex arrangement with multiple rooms branching off from the main entrance, which is not present in the other floorplans."
"[15, 13]","[0, 24]","['25079', '74418', '68970', '42684', '53137']",74418,1. **Different floorplan:** B,"1. **Different floorplan:** B
2. **Why:** Floorplan B is the only one that does not have a symmetrical layout with respect to the main entrance. All other floorplans (A, C, D, and E) appear to be mirror images of each other along the vertical axis passing through the main entrance, indicating a consistent underlying pattern. Floorplan B, however, has a unique arrangement of rooms and hallways that deviates from this symmetry, suggesting it has a different underlying pattern."
"[15, 13]","[19, 28]","['24364', '34763', '42272', '68970', '25079']",42272,1. **Different floorplan:** C,"1. **Different floorplan:** C
2. **Why:** Floorplan C is the only one that does not have a symmetrical layout with respect to the main entrance. The other floorplans (A, B, D, and E) all appear to be mirror images of each other along the vertical axis passing through the main entrance, indicating a consistent underlying pattern. Floorplan C, however, has a unique arrangement of rooms and hallways that deviates from this symmetry, making it the one with a different underlying pattern."
"[19, 10]","[18, 25]","['73023', '25168', '21540', '62071', '25618']",62071,1. **Different floorplan:** E,"1. **Different floorplan:** E
2. **Why:** Floorplan E is the only one that does not have a continuous hallway running from the main entrance to the far end of the apartment. Instead, it features a more complex layout with multiple turns and dead ends, which is distinct from the simpler, linear patterns in the other floorplans."
"[17, 18]","[9, 3]","['64671', '51240', '31693', '21408', '46660']",64671,1. **Different floorplan:** A,"1. **Different floorplan:** A
2. **Why:** Floorplan A is the only one that does not have a symmetrical layout with respect to the main entrance. The other floorplans (B, C, D, and E) all appear to be mirror images of each other along the vertical axis passing through the main entrance, indicating a consistent underlying pattern. Floorplan A, however, has a unique arrangement of rooms and hallways that deviates from this symmetry, suggesting it has a different underlying pattern."
"[19, 18]","[18, 23]","['55086', '49556', '74633', '42151', '35149']",42151,1. **Different floorplan:** C,"1. **Different floorplan:** C
2. **Why:** Floorplan C is the only one that does not have a symmetrical layout with respect to the main entrance. The other floorplans (A, B, D, and E) all appear to be mirror images of each other along the vertical axis passing through the main entrance, indicating a consistent underlying pattern. Floorplan C, however, has a unique arrangement of rooms and hallways that deviates from this symmetry, suggesting it has a different underlying pattern."
"[7, 20]","[0, 0]","['55305', '28082', '2425', '2277', '54372']",28082,1. **Different floorplan:** B,"1. **Different floorplan:** B
2. **Why:** Floorplan B is the only one that does not have a symmetrical layout with respect to the main entrance. The other floorplans (A, C, D, and E) appear to be mirror images of each other along the vertical axis passing through the main entrance, indicating a consistent underlying pattern. Floorplan B, however, shows a distinct asymmetry in the placement of rooms and corridors around the main entrance, suggesting a different underlying pattern."
"[15, 28]","[0, 2]","['10526', '44145', '67905', '23274', '3258']",44145,1. **Different floorplan:** B,"1. **Different floorplan:** B
2. **Why:** Floorplan B is the only one that has a distinct arrangement of rooms compared to the others. While the other floorplans have a consistent layout with a central hallway leading to various rooms, floorplan B has a unique configuration where the rooms are more scattered and do not follow the same pattern as the others. Specifically, the presence of a large pink room in the center of B, which is not present in the other floorplans, suggests a different underlying pattern."
"[0, 2]","[15, 28]","['51831', '9836', '9639', '63508', '23274']",23274,1. **Different floorplan:** B,"1. **Different floorplan:** B
2. **Why:** Floorplan B is the only one that has a distinct arrangement of rooms compared to the others. In particular, the placement of the living room and bedroom in relation to the kitchen and bathroom differs significantly from the other floorplans. The other floorplans (A, C, D, and E) all have a similar layout where the living room is adjacent to the kitchen and the bedroom is opposite it, with the bathroom positioned between them. Floorplan B breaks this pattern by having the bedroom and living room closer together and the kitchen and bathroom further apart, which is not consistent with the other floorplans."
"[18, 25]","[9, 3]","['3282', '62071', '25711', '73827', '1268']",1268,1. **Different floorplan:** E,"1. **Different floorplan:** E
2. **Why:** Floorplan E is the only one that does not have a symmetrical layout with respect to the main entrance. The other floorplans (A, B, C, and D) all exhibit a similar pattern where the rooms are arranged in a way that is mirrored across the main entrance line. Floorplan E has an asymmetrical arrangement of rooms around the main entrance, which sets it apart from the others."
"[7, 1]","[0, 7]","['8109', '72266', '17550', '12376', '12421']",72266,1. **Different floorplan:** E,"1. **Different floorplan:** E
2. **Why:** Floorplan E is the only one that does not have a symmetrical layout with respect to the main entrance. The other floorplans (A, B, C, and D) all appear to be mirror images of each other along the vertical axis passing through the main entrance, indicating a consistent underlying pattern. Floorplan E, however, has a unique arrangement of rooms and hallways that deviates from this symmetry, suggesting it has a different underlying pattern."
"[18, 25]","[5, 19]","['62071', '73827', '60473', '25711', '4132']",60473,1. **Different floorplan:** E,"1. **Different floorplan:** E
2. **Why:** Floorplan E is the only one that does not have a continuous hallway running from the main entrance to the far end of the building. Instead, it has a more compact arrangement with rooms clustered together, which is distinct from the other floorplans that all feature a longer hallway extending from the entrance."
"[0, 7]","[15, 28]","['65801', '10984', '66807', '72266', '10526']",10526,1. **Different floorplan:** C,"1. **Different floorplan:** C
2. **Why:** Floorplan C is the only one that does not have a symmetrical layout with respect to the main entrance. The other floorplans (A, B, D, and E) all appear to be symmetrical along the line passing through the main entrance, which suggests a consistent underlying pattern. Floorplan C, however, has an asymmetrical arrangement of rooms around the main entrance, indicating a different underlying pattern."
"[14, 7]","[3, 4]","['38835', '77045', '25607', '51393', '20671']",20671,1. **Different floorplan:** B,"1. **Different floorplan:** B
2. **Why:** Floorplan B is the only one that does not have a symmetrical layout with respect to the main entrance. The other floorplans (A, C, D, and E) appear to be designed in a way that the layout is mirrored or rotated symmetrically around the main entrance, which is not the case for B."
"[7, 3]","[0, 2]","['9639', '61767', '64781', '75828', '52457']",9639,1. **Different floorplan:** E,"1. **Different floorplan:** E
2. **Why:** Floorplan E is the only one that does not have a symmetrical layout with respect to the main entrance. The other floorplans (A, B, C, and D) all exhibit a similar pattern where the rooms are arranged in a way that is mirrored across the main entrance line, creating a balanced and symmetrical design. Floorplan E, however, has an asymmetrical arrangement of rooms around the main entrance, which sets it apart from the others."
"[15, 21]","[5, 29]","['13497', '7489', '20839', '3384', '18711']",18711,1. **Different floorplan:** C,"1. **Different floorplan:** C
2. **Why:** Floorplan C is the only one that does not have a continuous hallway running from the main entrance to the back of the apartment. Instead, it features a more complex arrangement with multiple rooms branching off from the main entrance, which is not present in the other floorplans."
"[15, 28]","[0, 24]","['67905', '38548', '74418', '10526', '23274']",74418,1. **Different floorplan:** C,"1. **Different floorplan:** C
2. **Why:** Floorplan C is the only one that does not have a symmetrical layout with respect to the main entrance. The other floorplans (A, B, D, and E) all appear to be mirror images of each other along the vertical axis passing through the main entrance, indicating a consistent underlying pattern. Floorplan C, however, has a unique arrangement of rooms and hallways that deviates from this symmetry, suggesting it has a different underlying pattern."
"[3, 26]","[14, 9]","['26506', '72586', '32729', '49864', '1064']",26506,1. **Different floorplan:** E,"1. **Different floorplan:** E
2. **Why:** Floorplan E is the only one that does not have a symmetrical layout with respect to the main entrance. The other floorplans (A, B, C, and D) all appear to be mirror images of each other along the vertical axis passing through the main entrance, indicating a consistent underlying pattern. Floorplan E, however, has a unique arrangement of rooms and hallways that deviates from this symmetry, suggesting it has a different underlying pattern."
"[15, 28]","[0, 24]","['10526', '3258', '23274', '38548', '31926']",31926,1. **Different floorplan:** E,"1. **Different floorplan:** E
2. **Why:** Floorplan E is the only one that does not have a symmetrical layout with respect to the main entrance. The other floorplans (A, B, C, and D) all appear to be mirror images of each other along the vertical axis passing through the main entrance, indicating a consistent underlying pattern. Floorplan E, however, has a unique arrangement of rooms and hallways that deviates from this symmetry, suggesting it has a different underlying pattern."
"[0, 14]","[15, 21]","['20839', '37963', '42604', '39894', '75707']",20839,1. **Different floorplan:** C,"1. **Different floorplan:** C
2. **Why:** Floorplan C is the only one that does not have a symmetrical layout with respect to the main entrance. The other floorplans (A, B, D, and E) appear to be mirror images of each other along the vertical axis passing through the main entrance, indicating a consistent underlying pattern. Floorplan C, however, has a unique arrangement of rooms and hallways that deviates from this symmetry, suggesting it has a different underlying pattern."
"[3, 17]","[14, 8]","['33084', '38478', '53579', '46039', '12043']",46039,1. **Different floorplan:** B,"1. **Different floorplan:** B
2. **Why:** Floorplan B is the only one that does not have a symmetrical layout with respect to the main entrance. The other floorplans (A, C, D, and E) all appear to be mirror images of each other along the vertical axis passing through the main entrance, indicating a consistent underlying pattern. Floorplan B, however, has a unique arrangement of rooms and hallways that deviates from this symmetry, suggesting it has a different underlying pattern."
"[15, 28]","[5, 29]","['38548', '23274', '52548', '3258', '67905']",52548,1. **Different floorplan:** C,"1. **Different floorplan:** C
2. **Why:** Floorplan C is the only one that does not have a symmetrical layout with respect to the main entrance. The other floorplans (A, B, D, and E) all appear to be mirror images of each other along the vertical axis passing through the main entrance, indicating a consistent underlying pattern. Floorplan C, however, has a unique arrangement of rooms and hallways that deviates from this symmetry, suggesting it has a different underlying pattern."
"[3, 28]","[14, 7]","['42226', '12683', '8257', '51393', '73823']",51393,1. **Different floorplan:** A,"1. **Different floorplan:** A
2. **Why:** Floorplan A is the only one that does not have a symmetrical layout with respect to the main entrance. The other floorplans (B, C, D, and E) all appear to be mirror images of each other along the vertical axis passing through the main entrance, indicating a consistent underlying pattern. Floorplan A, however, has a unique arrangement of rooms and hallways that deviates from this symmetry, suggesting it has a different underlying pattern."
"[0, 24]","[15, 13]","['68970', '74418', '48780', '31926', '37989']",68970,1. **Different floorplan:** C,"1. **Different floorplan:** C
2. **Why:** Floorplan C is the only one that does not have a continuous hallway running from the main entrance to the far end of the building. Instead, it features a more complex layout with multiple turns and dead ends, which is distinct from the simpler, linear patterns in the other floorplans."
"[17, 5]","[9, 11]","['7913', '41897', '50221', '33045', '72055']",41897,1. **Different floorplan:** C,"1. **Different floorplan:** C
2. **Why:** Floorplan C is the only one that does not have a symmetrical layout with respect to the main entrance. The other floorplans (A, B, D, and E) all appear to be mirror images of each other along the vertical axis passing through the main entrance, indicating a consistent underlying pattern. Floorplan C, however, has a unique arrangement of rooms and hallways that deviates from this symmetry, suggesting it has a different underlying pattern."
"[4, 27]","[14, 8]","['70239', '5222', '77515', '28694', '12888']",28694,1. **Different floorplan:** C,"1. **Different floorplan:** C
2. **Why:** Floorplan C is the only one that does not follow the same pattern as the others. The other floorplans (A, B, D, and E) all have a similar layout where the main entrance leads into a central area with rooms branching off in a consistent manner. Floorplan C, however, has a more complex and irregular layout with multiple levels and a different arrangement of rooms, making it distinct from the others."
"[14, 8]","[3, 17]","['28732', '54792', '46039', '40877', '28694']",54792,1. **Different floorplan:** B,"1. **Different floorplan:** B
2. **Why:** Floorplan B is the only one that has a distinct arrangement of rooms compared to the others. In all other floorplans (A, C, D, and E), the living area (yellow) is consistently positioned in the center with the kitchen (orange) to the left and the bedrooms (pink) to the right. However, in floorplan B, the living area is shifted to the right side, and the kitchen is placed above it, which is not seen in the other floorplans. This unique configuration makes floorplan B stand out from the rest."
"[5, 29]","[15, 21]","['57316', '18711', '55950', '52548', '20839']",20839,1. **Different floorplan:** E,"1. **Different floorplan:** E
2. **Why:** Floorplan E is the only one that does not have a rectangular shape with a consistent layout of rooms around a central core. It appears to be a more irregular and fragmented design compared to the others, which all follow a similar rectangular pattern with rooms arranged around a central area."
"[5, 4]","[18, 23]","['53032', '70560', '35725', '62609', '6216']",6216,1. **Different floorplan:** D,"1. **Different floorplan:** D
2. **Why:** Floorplan D is the only one that does not have a symmetrical layout with respect to the main entrance. The other floorplans (A, B, C, and E) all appear to be mirror images of each other along the vertical axis passing through the main entrance, indicating a consistent underlying pattern. Floorplan D, however, has a unique arrangement of rooms and hallways that deviates from this symmetry, suggesting it has a different underlying pattern."
"[7, 22]","[0, 2]","['28242', '79411', '23132', '31113', '40679']",28242,1. **Different floorplan:** E,"1. **Different floorplan:** E
2. **Why:** Floorplan E is the only one that does not have a symmetrical layout with respect to the main entrance. The other floorplans (A, B, C, and D) appear to be mirror images of each other along the vertical axis passing through the main entrance, indicating a consistent underlying pattern. Floorplan E deviates from this symmetry, suggesting it has a different underlying pattern."
"[0, 7]","[7, 1]","['66807', '10825', '65801', '72266', '15613']",10825,1. **Different floorplan:** B,"1. **Different floorplan:** B
2. **Why:** Floorplan B is the only one that features a distinct central hallway with rooms branching off from it in a symmetrical manner, which is not present in the other floorplans. The other floorplans have more varied and less symmetrical layouts."
"[9, 11]","[17, 21]","['15606', '52758', '30907', '62549', '335']",62549,1. **Different floorplan:** B,"1. **Different floorplan:** B
2. **Why:** Floorplan B is the only one that does not have a symmetrical layout with respect to the main entrance. The other floorplans (A, C, D, and E) appear to be mirror images of each other along the vertical axis passing through the main entrance, indicating a consistent underlying pattern. Floorplan B, however, has a unique arrangement of rooms and hallways that deviates from this symmetry, suggesting it has a different underlying pattern."
"[9, 4]","[15, 28]","['23274', '64614', '50510', '80219', '79413']",23274,1. **Different floorplan:** E,"1. **Different floorplan:** E
2. **Why:** Floorplan E is the only one that does not have a symmetrical layout with respect to the main entrance. The other floorplans (A, B, C, and D) appear to be mirror images of each other along the vertical axis passing through the main entrance, indicating a consistent underlying pattern. Floorplan E, however, has a unique arrangement of rooms and hallways that deviates from this symmetry, suggesting it has a different underlying pattern."
"[9, 26]","[17, 18]","['23716', '27788', '31693', '6759', '7474']",31693,1. **Different floorplan:** E,"1. **Different floorplan:** E
2. **Why:** Floorplan E is the only one that does not have a symmetrical layout with respect to the main entrance. The other four floorplans (A, B, C, and D) appear to have a consistent pattern where the rooms are arranged in a way that is mirrored across the main entrance line. Floorplan E deviates from this symmetry, making it distinct from the others."
"[15, 13]","[0, 7]","['53137', '24364', '34763', '42684', '65801']",65801,1. **Different floorplan:** E,"1. **Different floorplan:** E
2. **Why:** Floorplan E is the only one that does not have a continuous hallway running from the main entrance to the far end of the apartment. Instead, it features a more compact arrangement with smaller rooms and a different flow compared to the other floorplans, which all have a similar layout with a central hallway."
"[18, 23]","[5, 29]","['72978', '26755', '78682', '18711', '12104']",18711,1. **Different floorplan:** B,"1. **Different floorplan:** B
2. **Why:** Floorplan B is the only one that does not have a symmetrical layout with respect to the main entrance. The other floorplans (A, C, D, and E) all appear to be mirror images of each other along the vertical axis passing through the main entrance, indicating a consistent underlying pattern. Floorplan B, however, has a unique arrangement of rooms and hallways that deviates from this symmetry, suggesting it has a different underlying pattern."
"[7, 3]","[0, 6]","['64781', '52457', '75828', '59474', '61767']",59474,1. **Different floorplan:** B,"1. **Different floorplan:** B
2. **Why:** Floorplan B is the only one that does not have a symmetrical layout with respect to the main entrance. All other floorplans (A, C, D, and E) appear to be mirror images of each other along the vertical axis passing through the main entrance, indicating a consistent underlying pattern. Floorplan B, however, has a unique arrangement of rooms and hallways that deviates from this symmetry, suggesting it has a different underlying pattern."
"[7, 1]","[0, 7]","['10984', '53652', '8109', '12376', '10825']",10984,1. **Different floorplan:** B,"1. **Different floorplan:** B
2. **Why:** Floorplan B is the only one that does not have a symmetrical layout with respect to the main entrance. The other floorplans (A, C, D, and E) all appear to be mirror images of each other along the vertical axis passing through the main entrance, indicating a consistent underlying pattern. Floorplan B, however, has a unique arrangement of rooms and hallways that deviates from this symmetry, suggesting it has a different underlying pattern."
"[14, 9]","[3, 12]","['14102', '40550', '37955', '26506', '6508']",37955,1. **Different floorplan:** C,"1. **Different floorplan:** C
2. **Why:** Floorplan C is the only one that does not have a symmetrical layout with respect to the main entrance. The other floorplans (A, B, D, and E) appear to be mirror images of each other along the vertical axis passing through the main entrance, indicating a consistent underlying pattern. Floorplan C, however, has a unique arrangement of rooms and hallways that deviates from this symmetry, suggesting it has a different underlying pattern."
"[5, 22]","[15, 21]","['57572', '7489', '7217', '40863', '77349']",7489,1. **Different floorplan:** C,"1. **Different floorplan:** C
2. **Why:** Floorplan C is the only one that does not have a continuous hallway running from the main entrance to the back of the apartment. Instead, it features a more complex layout with multiple turns and dead ends, which is distinct from the simpler, more linear patterns in A, B, D, and E."
"[5, 19]","[15, 28]","['60473', '49189', '3258', '63077', '53655']",3258,1. **Different floorplan:** C,"1. **Different floorplan:** C
2. **Why:** Floorplan C is the only one that does not have a symmetrical layout with respect to the main entrance. The other floorplans (A, B, D, and E) appear to be mirror images of each other along the vertical axis passing through the main entrance, indicating a consistent underlying pattern. Floorplan C, however, has a unique arrangement of rooms and hallways that deviates from this symmetry, suggesting it has a different underlying pattern."
"[3, 3]","[14, 8]","['10017', '22002', '28732', '72700', '10131']",28732,1. **Different floorplan:** E,"1. **Different floorplan:** E
2. **Why:** Floorplan E is the only one that does not have a symmetrical layout with respect to the main entrance. The other floorplans (A, B, C, and D) all appear to be mirror images of each other along the vertical axis passing through the main entrance, indicating a consistent underlying pattern. Floorplan E, however, has a unique arrangement of rooms and hallways that deviates from this symmetry, suggesting it has a different underlying pattern."
"[3, 5]","[14, 8]","['74226', '63514', '28694', '12162', '64']",28694,1. **Different floorplan:** C,"1. **Different floorplan:** C
2. **Why:** Floorplan C is the only one that does not have a symmetrical layout with respect to the main entrance. The other floorplans (A, B, D, and E) all appear to be mirror images of each other along the vertical axis passing through the main entrance, indicating a consistent underlying pattern. Floorplan C, however, has a unique arrangement of rooms and hallways that deviates from this symmetry, suggesting it has a different underlying pattern."
"[19, 8]","[18, 23]","['36396', '26755', '71082', '6777', '19346']",26755,1. **Different floorplan:** C,"1. **Different floorplan:** C
2. **Why:** Floorplan C is the only one that does not have a symmetrical layout with respect to the main entrance. The other floorplans (A, B, D, and E) appear to be mirror images of each other along the vertical axis passing through the main entrance, indicating a consistent underlying pattern. Floorplan C, however, has a unique arrangement of rooms and hallways that deviates from this symmetry, suggesting it has a different underlying pattern."
"[15, 13]","[9, 3]","['53137', '24364', '42684', '34763', '9662']",9662,1. **Different floorplan:** E,"1. **Different floorplan:** E
2. **Why:** Floorplan E is the only one that includes a staircase leading up to an additional level, which is not present in the other floorplans. This unique feature distinguishes it from the others, indicating a different underlying pattern."
"[5, 29]","[15, 28]","['21765', '52548', '57316', '3258', '18711']",3258,1. **Different floorplan:** D,"1. **Different floorplan:** D
2. **Why:** Floorplan D is the only one that does not have a continuous hallway running from the main entrance to the far end of the building. Instead, it features a more compact arrangement with rooms clustered together, which is distinct from the other floorplans that all have a more linear layout with a clear path from the entrance to the back of the building."
"[15, 21]","[9, 11]","['13497', '3384', '30907', '7489', '20839']",30907,1. **Different floorplan:** E,"1. **Different floorplan:** E
2. **Why:** Floorplan E is the only one that does not follow the same pattern as the others. The other four floorplans (A, B, C, and D) all have a similar layout where the living area is centrally located with bedrooms and bathrooms arranged around it. Floorplan E deviates from this pattern by having a more complex arrangement with additional rooms and a different distribution of spaces, making it distinct from the others."
"[15, 17]","[5, 19]","['60915', '10743', '11908', '1225', '47834']",10743,1. **Different floorplan:** B,"1. **Different floorplan:** B
2. **Why:** Floorplan B is the only one that does not have a symmetrical layout with respect to the main entrance. The other floorplans (A, C, D, and E) all appear to be mirror images of each other along the vertical axis passing through the main entrance, indicating a consistent underlying pattern. Floorplan B, however, has a unique arrangement of rooms and hallways that deviates from this symmetry, suggesting it has a different underlying pattern."
"[19, 13]","[15, 17]","['37914', '35479', '43396', '43324', '60915']",60915,1. **Different floorplan:** C,"1. **Different floorplan:** C
2. **Why:** Floorplan C is the only one that does not have a symmetrical layout with respect to the main entrance. The other floorplans (A, B, D, and E) appear to be mirror images of each other along the vertical axis passing through the main entrance, indicating a consistent underlying pattern. Floorplan C, however, has a unique arrangement of rooms and hallways that deviates from this symmetry, suggesting it has a different underlying pattern."
"[19, 13]","[15, 21]","['42612', '3384', '26354', '43396', '37914']",3384,1. **Different floorplan:** E,"1. **Different floorplan:** E
2. **Why:** Floorplan E is the only one that does not have a symmetrical layout with respect to the main entrance. The other floorplans (A, B, C, and D) all appear to be mirror images of each other along the vertical axis passing through the main entrance, indicating a consistent underlying pattern. Floorplan E deviates from this symmetry, suggesting it has a different underlying pattern."
"[9, 4]","[17, 18]","['64614', '79413', '80219', '50510', '31693']",31693,1. **Different floorplan:** B,"1. **Different floorplan:** B
2. **Why:** Floorplan B is the only one that does not have a symmetrical layout with respect to the main entrance. The other floorplans (A, C, D, and E) appear to be mirror images of each other along the vertical axis passing through the main entrance, indicating a consistent underlying pattern. Floorplan B, however, has a unique arrangement of rooms and hallways that deviates from this symmetry, suggesting it has a different underlying pattern."
"[18, 25]","[9, 11]","['62071', '4132', '3282', '30907', '25711']",30907,1. **Different floorplan:** D,"1. **Different floorplan:** D
2. **Why:** Floorplan D is the only one that does not have a continuous hallway running from the main entrance to the far end of the apartment. Instead, it features a more complex layout with multiple turns and dead ends, which is distinct from the other floorplans that maintain a more linear path."
"[5, 19]","[15, 13]","['54232', '35619', '63077', '51211', '53137']",53137,1. **Different floorplan:** E,"1. **Different floorplan:** E
2. **Why:** Floorplan E is the only one that does not have a symmetrical layout with respect to the main entrance. All other floorplans (A, B, C, and D) appear to be mirror images of each other along the vertical axis passing through the main entrance, indicating a consistent underlying pattern. Floorplan E, however, has a unique arrangement of rooms and hallways that deviates from this symmetry, suggesting it has a different underlying pattern."
"[18, 25]","[19, 13]","['25711', '3282', '43396', '4132', '73827']",43396,1. **Different floorplan:** C,"1. **Different floorplan:** C
2. **Why:** Floorplan C is the only one that does not have a symmetrical layout with respect to the main entrance. The other floorplans (A, B, D, and E) all appear to be mirror images of each other along the vertical axis passing through the main entrance, indicating a consistent underlying pattern. Floorplan C, however, has a unique arrangement of rooms and hallways that deviates from this symmetry, suggesting it has a different underlying pattern."
"[18, 25]","[9, 4]","['4132', '64614', '25711', '73827', '62071']",64614,1. **Different floorplan:** B,"1. **Different floorplan:** B
2. **Why:** Floorplan B is the only one that does not have a symmetrical layout with respect to the main entrance. The other floorplans (A, C, D, and E) all appear to be mirror images of each other along the vertical axis passing through the main entrance, indicating a consistent underlying pattern. Floorplan B, however, has a unique arrangement of rooms and hallways that deviates from this symmetry, suggesting it has a different underlying pattern."
"[3, 12]","[14, 7]","['20968', '27821', '25607', '1181', '37955']",25607,1. **Different floorplan:** C,"1. **Different floorplan:** C
2. **Why:** Floorplan C is the only one that does not follow the same pattern as the others. The other floorplans (A, B, D, and E) all have a similar layout where the living spaces are arranged around a central core with a kitchen and bedrooms, and the main entrance leads into a hallway that branches out to these rooms. In contrast, floorplan C has a more complex arrangement with multiple interconnected rooms that do not follow this typical pattern."
"[18, 25]","[19, 18]","['58616', '73827', '4132', '62071', '25711']",58616,1. **Different floorplan:** C,"1. **Different floorplan:** C
2. **Why:** Floorplan C is the only one that does not have a symmetrical layout with respect to the main entrance. The other floorplans (A, B, D, and E) all appear to be mirror images of each other along the vertical axis passing through the main entrance, indicating a consistent underlying pattern. Floorplan C, however, has a unique arrangement of rooms and hallways that deviates from this symmetry, suggesting it has a different underlying pattern."
"[14, 9]","[3, 16]","['11746', '6508', '26506', '26678', '14102']",11746,1. **Different floorplan:** D,"1. **Different floorplan:** D
2. **Why:** Floorplan D is the only one that does not have a continuous hallway running from the main entrance to the back of the apartment. Instead, it has a more compact arrangement with rooms directly connected without a clear central hallway, which distinguishes it from the other floorplans that all feature a similar layout with a central hallway."
"[18, 23]","[5, 19]","['14167', '64247', '6216', '40817', '53655']",53655,1. **Different floorplan:** E,"1. **Different floorplan:** E
2. **Why:** Floorplan E is the only one that does not have a symmetrical layout with respect to the main entrance. The other floorplans (A, B, C, and D) all appear to be mirror images of each other along the vertical axis passing through the main entrance, indicating a consistent underlying pattern. Floorplan E, however, has a unique arrangement of rooms and hallways that deviates from this symmetry, suggesting it has a different underlying pattern."
"[18, 23]","[5, 4]","['12104', '51114', '72978', '6216', '14167']",51114,1. **Different floorplan:** C,"1. **Different floorplan:** C
2. **Why:** Floorplan C is the only one that does not have a continuous hallway running from the main entrance to the back of the apartment. Instead, it has a T-shaped layout with two separate sections branching off from the main entrance, which is distinct from the other floorplans that all have a more linear or U-shaped arrangement."
"[0, 14]","[15, 28]","['1261', '75707', '23274', '80522', '42604']",23274,1. **Different floorplan:** B,"1. **Different floorplan:** B
2. **Why:** Floorplan B is the only one that does not have a symmetrical layout with respect to the main entrance. The other floorplans (A, C, D, and E) all appear to be mirror images of each other along the vertical axis passing through the main entrance, indicating a consistent underlying pattern. Floorplan B, however, has a unique arrangement of rooms and hallways that deviates from this symmetry, suggesting it has a different underlying pattern."
"[15, 13]","[0, 2]","['53137', '25079', '24364', '42684', '60860']",60860,1. **Different floorplan:** E,"1. **Different floorplan:** E
2. **Why:** Floorplan E is the only one that does not have a symmetrical layout with respect to the main entrance. The other floorplans (A, B, C, and D) all appear to be mirror images of each other along the vertical axis passing through the main entrance, indicating a consistent underlying pattern. Floorplan E, however, has a unique arrangement of rooms and hallways that deviates from this symmetry, making it distinct."
"[0, 2]","[7, 1]","['48095', '60860', '16951', '44802', '63508']",16951,1. **Different floorplan:** E,"1. **Different floorplan:** E
2. **Why:** Floorplan E is the only one that does not have a symmetrical layout with respect to the main entrance. All other floorplans (A, B, C, and D) appear to be mirror images of each other along the vertical axis passing through the main entrance, indicating a consistent underlying pattern. Floorplan E, however, has a unique arrangement of rooms and hallways that deviates from this symmetry, suggesting it has a different underlying pattern."
"[19, 13]","[15, 21]","['7489', '42612', '37914', '26354', '43396']",7489,1. **Different floorplan:** B,"1. **Different floorplan:** B
2. **Why:** Floorplan B is the only one that has a distinct arrangement of rooms compared to the others. While the other floorplans (A, C, D, and E) all have a similar layout with a central hallway leading to various rooms, Floorplan B has a unique configuration where the central hallway splits into two branches before reaching the main entrance. This branching pattern is not present in the other floorplans, making it the one with a different underlying pattern."
"[0, 7]","[7, 22]","['15613', '31113', '65801', '10984', '72266']",31113,1. **Different floorplan:** B,"1. **Different floorplan:** B
2. **Why:** Floorplan B is the only one that does not have a symmetrical layout with respect to the main entrance. The other floorplans (A, C, D, and E) all appear to be mirror images of each other along the vertical axis passing through the main entrance, indicating a consistent underlying pattern. Floorplan B, however, has a unique arrangement of rooms and hallways that deviates from this symmetry, suggesting it has a different underlying pattern."
"[3, 17]","[14, 7]","['38478', '67483', '33084', '64047', '12043']",67483,1. **Different floorplan:** C,"1. **Different floorplan:** C
2. **Why:** Floorplan C is the only one that does not have a continuous hallway running from the main entrance to the far end of the building. In contrast, floors A, B, D, and E all feature a continuous hallway that extends from the main entrance to the opposite side of the building, which is a consistent pattern in the other four floorplans."
"[9, 3]","[17, 18]","['9662', '1268', '74662', '46660', '14914']",46660,1. **Different floorplan:** C,"1. **Different floorplan:** C
2. **Why:** Floorplan C is the only one that does not have a symmetrical layout with respect to the main entrance. The other floorplans (A, B, D, and E) all appear to be mirror images of each other along the vertical axis passing through the main entrance, indicating a consistent underlying pattern. Floorplan C, however, has a unique arrangement of rooms and hallways that deviates from this symmetry, suggesting it has a different underlying pattern."
"[18, 23]","[19, 14]","['25667', '64729', '26755', '65195', '78682']",64729,1. **Different floorplan:** B,"1. **Different floorplan:** B
2. **Why:** Floorplan B is the only one that does not have a symmetrical layout with respect to the main entrance. The other floorplans (A, C, D, and E) all appear to be mirror images of each other along the vertical axis passing through the main entrance, indicating a consistent underlying pattern. Floorplan B, however, has a unique arrangement of rooms and hallways that deviates from this symmetry, suggesting it has a different underlying pattern."
"[15, 21]","[0, 0]","['7489', '20839', '14834', '3384', '13497']",14834,1. **Different floorplan:** B,"1. **Different floorplan:** B
2. **Why:** Floorplan B is the only one that does not have a continuous hallway running from the main entrance to the far end of the building. Instead, it features a T-shaped layout with two perpendicular hallways meeting at a central point, which is distinct from the linear hallway patterns in the other floorplans."
"[0, 14]","[7, 20]","['80522', '75707', '42604', '54372', '37963']",54372,1. **Different floorplan:** B,"1. **Different floorplan:** B
2. **Why:** Floorplan B is the only one that does not have a continuous hallway running from the main entrance to the far end of the building. All other floorplans (A, C, D, and E) have a continuous hallway that extends from the main entrance to the opposite side of the building, which suggests a more uniform layout. Floorplan B appears to have a more fragmented layout with smaller rooms and less linear flow compared to the others."
"[5, 22]","[15, 28]","['7217', '23274', '57572', '77349', '48795']",23274,1. **Different floorplan:** A,"1. **Different floorplan:** A
2. **Why:** Floorplan A is the only one that does not have a symmetrical layout with respect to the main entrance. The other floorplans (B, C, D, and E) all appear to be mirror images of each other along the vertical axis passing through the main entrance, indicating a consistent underlying pattern. Floorplan A, however, has a unique arrangement of rooms and hallways that deviates from this symmetry, suggesting it has a different underlying pattern."
"[19, 14]","[15, 13]","['26703', '64729', '72517', '26372', '53137']",53137,1. **Different floorplan:** E,"1. **Different floorplan:** E
2. **Why:** Floorplan E is the only one that does not have a continuous hallway running from the main entrance to the far end of the building. Instead, it features a more complex layout with multiple intersecting corridors and rooms, which is distinct from the simpler, linear patterns seen in the other floorplans."
"[15, 13]","[9, 4]","['79413', '68970', '25079', '53137', '20590']",79413,1. **Different floorplan:** E,"1. **Different floorplan:** E
2. **Why:** Floorplan E is the only one that does not have a continuous hallway running from the main entrance to the far end of the apartment. Instead, it features a more complex layout with multiple turns and dead ends, which is distinct from the simpler, linear patterns in the other floorplans."
"[15, 13]","[9, 26]","['34763', '24364', '25079', '20590', '6759']",6759,1. **Different floorplan:** E,"1. **Different floorplan:** E
2. **Why:** Floorplan E is the only one that does not have a continuous hallway running from the main entrance to the back of the apartment. Instead, it features a more complex layout with multiple turns and dead ends, which is distinct from the simpler, more linear patterns in the other floorplans."
"[15, 28]","[0, 14]","['67905', '37963', '10526', '38548', '23274']",37963,1. **Different floorplan:** C,"1. **Different floorplan:** C
2. **Why:** Floorplan C is the only one that does not have a continuous hallway running from the main entrance to the far end of the building. Instead, it features a more compact arrangement with rooms directly connected to the entrance without a long corridor. The other floorplans (A, B, D, and E) all have a similar layout with a central hallway extending from the entrance to the back of the building, which is not present in C."
"[5, 29]","[15, 17]","['21765', '1225', '55950', '18711', '57316']",1225,1. **Different floorplan:** B,"1. **Different floorplan:** B
2. **Why:** Floorplan B is the only one that does not have a symmetrical layout with respect to the main entrance. The other floorplans (A, C, D, and E) all appear to be mirror images of each other along the vertical axis passing through the main entrance, indicating a consistent underlying pattern. Floorplan B, however, has a unique arrangement of rooms and hallways that deviates from this symmetry, suggesting it has a different underlying pattern."
"[0, 6]","[15, 28]","['25447', '3258', '75880', '49395', '59474']",3258,1. **Different floorplan:** E,"1. **Different floorplan:** E
2. **Why:** Floorplan E is the only one that does not have a continuous hallway running vertically from the main entrance. Instead, it features a more complex arrangement with multiple turns and a lack of a direct path from the entrance to the far end of the building. The other floorplans (A, B, C, and D) all have a continuous hallway or a similar layout that extends from the main entrance to the opposite side of the building."
"[0, 6]","[7, 1]","['49395', '25447', '16951', '75880', '43036']",16951,1. **Different floorplan:** D,"1. **Different floorplan:** D
2. **Why:** Floorplan D is the only one that does not have a symmetrical layout with respect to the main entrance. The other floorplans (A, B, C, and E) all appear to be mirror images of each other along the vertical axis passing through the main entrance, indicating a consistent underlying pattern. Floorplan D, however, has a unique arrangement of rooms and hallways that deviates from this symmetry, suggesting it has a different underlying pattern."
"[7, 1]","[0, 24]","['10825', '17550', '12421', '8109', '31926']",31926,1. **Different floorplan:** E,"1. **Different floorplan:** E
2. **Why:** Floorplan E is the only one that does not have a symmetrical layout with respect to the main entrance. The other floorplans (A, B, C, and D) all appear to be mirror images of each other along the vertical axis passing through the main entrance, indicating a consistent underlying pattern. Floorplan E, however, has a unique arrangement of rooms and hallways that deviates from this symmetry, suggesting it has a different underlying pattern."
"[15, 28]","[19, 18]","['3258', '23274', '67905', '38548', '35149']",35149,1. **Different floorplan:** E,"1. **Different floorplan:** E
2. **Why:** Floorplan E is the only one that does not have a continuous hallway running from the main entrance to the back of the apartment. Instead, it features a more complex layout with additional rooms branching off from the main entrance area, which differs from the simpler, more linear layouts of the other floorplans."
"[0, 2]","[7, 1]","['63508', '60860', '67465', '32703', '53652']",53652,1. **Different floorplan:** E,"1. **Different floorplan:** E
2. **Why:** Floorplan E is the only one that does not have a symmetrical layout with respect to the main entrance. The other floorplans (A, B, C, and D) all exhibit a similar pattern where the rooms are arranged in a way that is mirrored across the main entrance line. Floorplan E has an asymmetrical arrangement of rooms around the main entrance, which sets it apart from the others."
"[3, 17]","[14, 7]","['38478', '25607', '12043', '54792', '33084']",25607,1. **Different floorplan:** B,"1. **Different floorplan:** B
2. **Why:** Floorplan B is the only one that does not have a consistent pattern in terms of room sizes and shapes compared to the others. The rooms within B appear more irregularly shaped and vary significantly in size, which deviates from the more uniform and symmetrical patterns observed in A, C, D, and E."
"[0, 6]","[7, 3]","['75880', '64781', '41154', '49395', '43036']",64781,1. **Different floorplan:** B,"1. **Different floorplan:** B
2. **Why:** Floorplan B is the only one that has an additional section extending from the main entrance, which is not present in the other floorplans. This extra section disrupts the uniformity of the underlying pattern shared by A, C, D, and E."
"[18, 23]","[19, 18]","['25667', '78682', '36535', '65195', '61353']",36535,1. **Different floorplan:** E,"1. **Different floorplan:** E
2. **Why:** Floorplan E is the only one that does not have a symmetrical layout with respect to the main entrance. The other floorplans (A, B, C, and D) all exhibit a similar pattern where the rooms are arranged in a way that is mirrored across the main entrance line. Floorplan E has a unique arrangement of rooms that deviates from this symmetry, making it distinct from the others."
"[19, 28]","[18, 23]","['43363', '72978', '55589', '40111', '23197']",72978,1. **Different floorplan:** B,"1. **Different floorplan:** B
2. **Why:** Floorplan B is the only one that does not have a symmetrical layout with respect to the main entrance. All other floorplans (A, C, D, and E) appear to be mirror images of each other along the vertical axis passing through the main entrance, indicating a consistent underlying pattern. Floorplan B, however, has a unique arrangement of rooms and hallways that deviates from this symmetry, suggesting it has a different underlying pattern."
"[9, 26]","[15, 28]","['7474', '50181', '27788', '3258', '23716']",3258,1. **Different floorplan:** C,"1. **Different floorplan:** C
2. **Why:** Floorplan C is the only one that does not have a symmetrical layout with respect to the main entrance. The other floorplans (A, B, D, and E) appear to be mirror images of each other along the vertical axis passing through the main entrance, indicating a consistent underlying pattern. Floorplan C, however, shows a distinct asymmetry in the arrangement of rooms and spaces around the main entrance, suggesting a different underlying pattern."
"[14, 8]","[3, 16]","['28732', '46039', '11746', '40877', '28694']",11746,1. **Different floorplan:** C,"1. **Different floorplan:** C
2. **Why:** Floorplan C is the only one that does not have a symmetrical layout with respect to the main entrance. The other floorplans (A, B, D, and E) all appear to be mirror images of each other along the vertical axis passing through the main entrance, indicating a consistent underlying pattern. Floorplan C, however, has a unique arrangement of rooms and hallways that deviates from this symmetry, suggesting it has a different underlying pattern."
"[15, 21]","[9, 3]","['13497', '20839', '74662', '3384', '7489']",74662,1. **Different floorplan:** B,"1. **Different floorplan:** B
2. **Why:** Floorplan B is the only one that features a distinct arrangement of rooms with a unique configuration of hallways and rooms compared to the others. The other floorplans (A, C, D, and E) all have a similar layout where the main entrance leads into a central hallway that branches off into various rooms, which are relatively symmetrical in their placement and size. Floorplan B, however, has a more complex and asymmetrical layout with a different distribution of spaces around the central hallway, making it stand out from the rest."
"[3, 12]","[14, 9]","['27821', '6508', '1181', '20968', '37955']",6508,1. **Different floorplan:** B,"1. **Different floorplan:** B
2. **Why:** Floorplan B is the only one that has a distinct arrangement of rooms compared to the others. While the other floorplans have a consistent pattern with a central hallway leading to various rooms, floorplan B has a more complex layout with additional smaller rooms and a different distribution of space around the central area. This makes it stand out from the rest in terms of spatial organization."
"[14, 9]","[4, 27]","['12888', '26506', '26678', '14102', '39708']",12888,1. **Different floorplan:** C,"1. **Different floorplan:** C
2. **Why:** Floorplan C is the only one that does not have a symmetrical layout with respect to the main entrance. The other floorplans (A, B, D, and E) all appear to be mirror images of each other along the vertical axis passing through the main entrance, indicating a consistent underlying pattern. Floorplan C, however, has a unique arrangement of rooms and hallways that deviates from this symmetry, suggesting it has a different underlying pattern."
