base_cluster,other_cluster,group,outlier_id,options
"[0, 14]","[18, 23]","['42604', '37963', '17291', '39894', '48306']",48306,"['17291', '37963', '42604', '48306', '39894']"
"[3, 16]","[15, 13]","['56017', '59100', '177', '11746', '68970']",68970,"['177', '11746', '68970', '56017', '59100']"
"[0, 2]","[18, 23]","['51831', '45218', '44802', '48095', '61353']",61353,"['44802', '45218', '48095', '61353', '51831']"
"[15, 13]","[3, 5]","['20590', '25079', '34763', '24364', '63514']",63514,"['20590', '34763', '24364', '63514', '25079']"
"[15, 28]","[3, 12]","['67905', '38548', '23274', '3258', '1181']",1181,"['3258', '1181', '67905', '23274', '38548']"
"[3, 12]","[15, 28]","['1181', '37955', '27821', '20968', '67905']",67905,"['1181', '37955', '20968', '27821', '67905']"
"[0, 7]","[18, 25]","['66807', '10984', '65801', '15613', '25711']",25711,"['15613', '65801', '10984', '66807', '25711']"
"[15, 17]","[3, 16]","['11908', '1225', '47834', '60915', '59100']",59100,"['59100', '11908', '60915', '1225', '47834']"
"[18, 25]","[0, 6]","['25711', '73827', '3282', '62071', '41154']",41154,"['62071', '25711', '41154', '3282', '73827']"
"[3, 28]","[15, 28]","['55090', '42226', '73823', '12683', '23274']",23274,"['23274', '55090', '42226', '73823', '12683']"
"[18, 25]","[0, 0]","['25711', '4132', '62071', '73827', '14834']",14834,"['73827', '62071', '4132', '25711', '14834']"
"[3, 28]","[15, 13]","['55090', '73823', '8257', '42226', '24364']",24364,"['8257', '55090', '73823', '24364', '42226']"
"[3, 26]","[15, 21]","['49864', '19246', '72586', '1064', '7489']",7489,"['49864', '19246', '7489', '72586', '1064']"
"[3, 7]","[15, 28]","['30859', '73164', '19992', '4286', '38548']",38548,"['73164', '30859', '4286', '38548', '19992']"
"[3, 12]","[15, 28]","['20968', '37955', '1181', '27821', '3258']",3258,"['3258', '1181', '27821', '37955', '20968']"
"[15, 13]","[3, 17]","['34763', '68970', '20590', '42684', '64047']",64047,"['64047', '42684', '20590', '34763', '68970']"
"[3, 17]","[15, 21]","['33084', '64047', '12043', '54792', '13497']",13497,"['33084', '13497', '64047', '54792', '12043']"
"[3, 5]","[15, 21]","['64', '74226', '63514', '12162', '7489']",7489,"['64', '63514', '74226', '12162', '7489']"
"[3, 16]","[15, 13]","['63317', '59100', '56017', '177', '53137']",53137,"['177', '53137', '56017', '63317', '59100']"
"[3, 28]","[15, 21]","['8257', '55090', '73823', '12683', '20839']",20839,"['55090', '12683', '73823', '20839', '8257']"
"[7, 20]","[17, 5]","['2425', '2277', '54372', '55305', '7913']",7913,"['7913', '2425', '55305', '54372', '2277']"
"[3, 21]","[15, 28]","['53064', '14038', '47060', '57272', '38548']",38548,"['53064', '38548', '47060', '57272', '14038']"
"[3, 4]","[15, 28]","['9383', '35787', '11039', '20671', '67905']",67905,"['11039', '20671', '9383', '67905', '35787']"
"[3, 4]","[15, 17]","['9383', '35787', '11039', '20671', '47834']",47834,"['47834', '35787', '20671', '9383', '11039']"
"[3, 26]","[15, 21]","['11033', '72586', '9147', '49864', '13497']",13497,"['13497', '9147', '11033', '72586', '49864']"
"[17, 21]","[7, 1]","['78147', '9795', '40487', '62454', '53652']",53652,"['40487', '9795', '53652', '78147', '62454']"
"[3, 4]","[15, 21]","['11039', '35787', '9383', '20671', '13497']",13497,"['9383', '11039', '20671', '13497', '35787']"
"[7, 1]","[17, 18]","['16951', '3536', '12421', '10825', '21543']",21543,"['21543', '16951', '3536', '12421', '10825']"
"[7, 20]","[17, 18]","['55305', '2277', '2425', '54372', '70105']",70105,"['54372', '70105', '2425', '2277', '55305']"
"[3, 21]","[15, 13]","['57272', '42206', '47060', '14038', '53137']",53137,"['14038', '47060', '42206', '57272', '53137']"
"[3, 4]","[15, 28]","['35787', '11039', '20671', '9383', '3258']",3258,"['11039', '35787', '9383', '20671', '3258']"
"[3, 7]","[15, 28]","['30859', '19796', '37907', '19992', '3258']",3258,"['37907', '19796', '3258', '19992', '30859']"
"[15, 13]","[3, 12]","['34763', '42684', '53137', '25079', '37955']",37955,"['53137', '25079', '37955', '42684', '34763']"
"[15, 21]","[3, 17]","['3384', '7489', '13497', '20839', '33084']",33084,"['20839', '3384', '13497', '7489', '33084']"
"[3, 16]","[15, 17]","['11746', '59100', '177', '56017', '60915']",60915,"['59100', '11746', '56017', '177', '60915']"
"[3, 7]","[15, 21]","['19796', '30859', '37907', '4286', '7489']",7489,"['4286', '30859', '19796', '37907', '7489']"
"[3, 4]","[15, 21]","['11039', '20671', '9383', '35787', '3384']",3384,"['3384', '20671', '35787', '11039', '9383']"
"[0, 14]","[18, 23]","['37963', '42604', '75707', '39894', '72978']",72978,"['42604', '39894', '75707', '37963', '72978']"
"[3, 7]","[15, 13]","['4286', '73164', '30859', '19992', '34763']",34763,"['73164', '4286', '30859', '34763', '19992']"
"[3, 16]","[15, 28]","['177', '63317', '59100', '56017', '38548']",38548,"['56017', '177', '38548', '59100', '63317']"
"[0, 14]","[18, 25]","['1261', '42604', '75707', '80522', '3282']",3282,"['75707', '42604', '3282', '1261', '80522']"
"[17, 21]","[7, 22]","['78147', '69704', '40487', '62549', '40679']",40679,"['69704', '40679', '78147', '40487', '62549']"
"[3, 17]","[15, 28]","['12043', '54792', '33084', '38478', '23274']",23274,"['38478', '54792', '33084', '23274', '12043']"
"[3, 4]","[15, 13]","['20671', '35787', '11039', '9383', '53137']",53137,"['35787', '53137', '9383', '11039', '20671']"
"[0, 2]","[18, 23]","['44145', '80744', '27625', '45218', '67584']",67584,"['27625', '80744', '67584', '44145', '45218']"
"[18, 23]","[0, 6]","['72978', '5909', '6216', '15451', '75880']",75880,"['72978', '75880', '5909', '15451', '6216']"
"[0, 0]","[18, 23]","['8176', '78009', '14834', '28082', '72365']",72365,"['78009', '14834', '72365', '28082', '8176']"
"[0, 6]","[18, 25]","['49395', '41154', '43375', '75880', '4132']",4132,"['75880', '4132', '41154', '49395', '43375']"
"[3, 4]","[15, 17]","['35787', '9383', '20671', '11039', '60915']",60915,"['11039', '9383', '35787', '20671', '60915']"
"[0, 7]","[18, 25]","['15613', '10984', '72266', '66807', '73827']",73827,"['66807', '73827', '10984', '72266', '15613']"
"[0, 0]","[18, 23]","['28082', '8176', '78009', '14834', '48306']",48306,"['48306', '28082', '8176', '78009', '14834']"
"[3, 3]","[15, 21]","['22002', '30004', '994', '22487', '20839']",20839,"['22487', '994', '22002', '20839', '30004']"
"[7, 1]","[17, 21]","['3536', '12421', '53652', '16951', '40487']",40487,"['16951', '12421', '40487', '3536', '53652']"
"[15, 28]","[3, 5]","['38548', '3258', '10526', '67905', '74226']",74226,"['38548', '10526', '67905', '3258', '74226']"
"[3, 16]","[15, 21]","['63317', '11746', '177', '59100', '7489']",7489,"['63317', '7489', '177', '59100', '11746']"
"[3, 5]","[15, 13]","['12162', '64', '74226', '63514', '24364']",24364,"['74226', '63514', '24364', '64', '12162']"
"[7, 22]","[17, 5]","['79411', '40679', '31113', '23132', '72055']",72055,"['23132', '31113', '40679', '79411', '72055']"
"[0, 6]","[18, 25]","['43036', '59474', '43375', '75880', '25711']",25711,"['59474', '25711', '75880', '43375', '43036']"
"[0, 24]","[18, 23]","['31926', '48780', '37989', '74418', '20502']",20502,"['74418', '37989', '31926', '48780', '20502']"
"[15, 21]","[3, 12]","['3384', '13497', '7489', '20839', '37955']",37955,"['20839', '37955', '7489', '3384', '13497']"
"[17, 5]","[7, 3]","['72055', '50221', '7913', '33045', '64781']",64781,"['50221', '72055', '33045', '64781', '7913']"
"[15, 21]","[3, 12]","['7489', '20839', '13497', '3384', '1181']",1181,"['1181', '7489', '13497', '20839', '3384']"
"[3, 12]","[15, 13]","['20968', '1181', '27821', '37955', '24364']",24364,"['37955', '27821', '20968', '1181', '24364']"
"[3, 28]","[15, 21]","['42226', '12683', '73823', '8257', '13497']",13497,"['42226', '73823', '12683', '13497', '8257']"
"[7, 3]","[17, 21]","['64781', '75828', '52457', '61767', '69704']",69704,"['69704', '75828', '52457', '64781', '61767']"
"[15, 13]","[3, 4]","['25079', '24364', '20590', '68970', '9383']",9383,"['9383', '25079', '24364', '20590', '68970']"
"[15, 21]","[3, 16]","['20839', '7489', '13497', '3384', '177']",177,"['3384', '177', '7489', '13497', '20839']"
"[0, 7]","[18, 23]","['72266', '66807', '65801', '10984', '42151']",42151,"['10984', '65801', '66807', '42151', '72266']"
"[3, 28]","[15, 21]","['55090', '73823', '12683', '42226', '20839']",20839,"['73823', '20839', '12683', '55090', '42226']"
"[0, 6]","[18, 25]","['43036', '41154', '43375', '59474', '73827']",73827,"['41154', '43375', '59474', '73827', '43036']"
"[3, 26]","[15, 17]","['9147', '32729', '72586', '11033', '47834']",47834,"['47834', '32729', '11033', '72586', '9147']"
"[0, 0]","[18, 25]","['14834', '78009', '28082', '8176', '3282']",3282,"['3282', '8176', '78009', '14834', '28082']"
"[18, 25]","[0, 24]","['73827', '3282', '62071', '25711', '37989']",37989,"['37989', '62071', '25711', '3282', '73827']"
"[7, 3]","[17, 5]","['52457', '64781', '75828', '61767', '50221']",50221,"['61767', '64781', '50221', '52457', '75828']"
"[3, 28]","[15, 17]","['55090', '8257', '42226', '12683', '11908']",11908,"['42226', '12683', '8257', '55090', '11908']"
"[3, 12]","[15, 17]","['1181', '20968', '27821', '37955', '60915']",60915,"['27821', '1181', '20968', '60915', '37955']"
"[3, 17]","[15, 13]","['54792', '53579', '64047', '12043', '53137']",53137,"['53137', '54792', '53579', '12043', '64047']"
"[3, 12]","[15, 13]","['37955', '27821', '20968', '1181', '25079']",25079,"['27821', '1181', '37955', '25079', '20968']"
"[15, 28]","[3, 4]","['38548', '3258', '67905', '23274', '11039']",11039,"['23274', '67905', '11039', '38548', '3258']"
"[17, 5]","[7, 20]","['33045', '50221', '7913', '72055', '2277']",2277,"['7913', '33045', '2277', '72055', '50221']"
"[0, 0]","[18, 25]","['28082', '78009', '8176', '14834', '62071']",62071,"['28082', '78009', '62071', '14834', '8176']"
"[15, 17]","[3, 7]","['1225', '47834', '60915', '11908', '19992']",19992,"['1225', '60915', '47834', '11908', '19992']"
"[3, 16]","[15, 28]","['59100', '177', '63317', '56017', '3258']",3258,"['59100', '3258', '63317', '56017', '177']"
"[0, 24]","[18, 23]","['31926', '74418', '48780', '37989', '65195']",65195,"['74418', '48780', '31926', '65195', '37989']"
"[3, 5]","[15, 21]","['12162', '63514', '74226', '64', '20839']",20839,"['20839', '64', '63514', '12162', '74226']"
"[0, 0]","[18, 23]","['14834', '8176', '78009', '28082', '12104']",12104,"['78009', '28082', '12104', '14834', '8176']"
"[0, 24]","[18, 23]","['37989', '48780', '31926', '74418', '67584']",67584,"['48780', '67584', '74418', '31926', '37989']"
"[3, 12]","[15, 21]","['37955', '27821', '20968', '1181', '3384']",3384,"['1181', '37955', '20968', '3384', '27821']"
"[15, 13]","[3, 28]","['53137', '25079', '24364', '68970', '55090']",55090,"['24364', '53137', '55090', '25079', '68970']"
"[0, 6]","[18, 23]","['25447', '43036', '43375', '75880', '78682']",78682,"['75880', '43036', '78682', '43375', '25447']"
"[18, 25]","[0, 7]","['62071', '4132', '3282', '73827', '10984']",10984,"['73827', '3282', '10984', '62071', '4132']"
"[0, 0]","[18, 23]","['8176', '28082', '14834', '78009', '42151']",42151,"['78009', '42151', '14834', '28082', '8176']"
"[3, 28]","[15, 21]","['42226', '73823', '12683', '8257', '20839']",20839,"['73823', '42226', '20839', '12683', '8257']"
"[17, 21]","[7, 20]","['62549', '69704', '78147', '9795', '55305']",55305,"['69704', '55305', '62549', '78147', '9795']"
"[18, 25]","[0, 7]","['62071', '4132', '3282', '25711', '10984']",10984,"['3282', '25711', '62071', '4132', '10984']"
"[3, 3]","[15, 17]","['22487', '22002', '10017', '994', '1225']",1225,"['10017', '22487', '994', '22002', '1225']"
"[15, 13]","[3, 17]","['34763', '25079', '53137', '24364', '64047']",64047,"['34763', '25079', '24364', '64047', '53137']"
"[15, 17]","[3, 21]","['47834', '1225', '60915', '11908', '14038']",14038,"['60915', '47834', '14038', '11908', '1225']"
"[7, 3]","[17, 18]","['64781', '61767', '75828', '52457', '66316']",66316,"['52457', '66316', '61767', '64781', '75828']"
"[7, 22]","[17, 18]","['79411', '40679', '23132', '31113', '46660']",46660,"['40679', '23132', '79411', '46660', '31113']"
"[3, 3]","[15, 21]","['22002', '994', '10131', '22487', '13497']",13497,"['10131', '22002', '13497', '22487', '994']"
"[0, 14]","[18, 25]","['17291', '80522', '37963', '39894', '25711']",25711,"['17291', '39894', '37963', '80522', '25711']"
"[7, 22]","[17, 18]","['31113', '40679', '79411', '23132', '6955']",6955,"['6955', '23132', '31113', '79411', '40679']"
"[18, 25]","[0, 2]","['4132', '25711', '73827', '62071', '45218']",45218,"['45218', '4132', '73827', '25711', '62071']"
"[7, 3]","[17, 21]","['64781', '61767', '75828', '52457', '62549']",62549,"['52457', '62549', '75828', '61767', '64781']"
"[3, 12]","[15, 13]","['20968', '27821', '1181', '37955', '53137']",53137,"['27821', '20968', '37955', '1181', '53137']"
"[7, 22]","[17, 18]","['79411', '31113', '40679', '23132', '70105']",70105,"['70105', '31113', '40679', '79411', '23132']"
"[0, 7]","[18, 23]","['66807', '15613', '65801', '72266', '26755']",26755,"['66807', '65801', '26755', '72266', '15613']"
"[15, 28]","[3, 12]","['67905', '3258', '23274', '10526', '37955']",37955,"['10526', '37955', '23274', '67905', '3258']"
"[0, 14]","[18, 23]","['1261', '80522', '42604', '75707', '65195']",65195,"['1261', '65195', '75707', '80522', '42604']"
"[3, 12]","[15, 17]","['37955', '20968', '27821', '1181', '47834']",47834,"['37955', '27821', '47834', '20968', '1181']"
"[3, 3]","[15, 21]","['72700', '22002', '10131', '22487', '20839']",20839,"['22487', '72700', '20839', '10131', '22002']"
"[3, 5]","[15, 17]","['63514', '12162', '64', '74226', '60915']",60915,"['63514', '12162', '60915', '64', '74226']"
"[0, 2]","[18, 23]","['60860', '28242', '70440', '80744', '5909']",5909,"['80744', '28242', '5909', '70440', '60860']"
"[3, 3]","[15, 28]","['994', '22002', '72700', '22487', '38548']",38548,"['72700', '22487', '38548', '994', '22002']"
"[15, 13]","[3, 28]","['24364', '53137', '25079', '20590', '42226']",42226,"['20590', '42226', '24364', '53137', '25079']"
"[3, 5]","[15, 28]","['12162', '63514', '74226', '64', '67905']",67905,"['63514', '64', '12162', '74226', '67905']"
"[3, 4]","[15, 28]","['9383', '11039', '35787', '20671', '10526']",10526,"['20671', '35787', '9383', '10526', '11039']"
"[3, 16]","[15, 17]","['177', '56017', '11746', '59100', '11908']",11908,"['59100', '11908', '177', '11746', '56017']"
"[15, 28]","[3, 16]","['23274', '10526', '38548', '3258', '59100']",59100,"['23274', '3258', '59100', '10526', '38548']"
"[15, 13]","[3, 26]","['53137', '20590', '34763', '24364', '11033']",11033,"['34763', '24364', '53137', '20590', '11033']"
"[7, 1]","[17, 18]","['16951', '3536', '17550', '10825', '66935']",66935,"['66935', '10825', '17550', '3536', '16951']"
"[15, 17]","[3, 5]","['11908', '60915', '47834', '1225', '74226']",74226,"['11908', '1225', '47834', '60915', '74226']"
"[18, 23]","[0, 6]","['48306', '64247', '25667', '26755', '43375']",43375,"['26755', '64247', '43375', '25667', '48306']"
"[3, 17]","[15, 17]","['54792', '64047', '33084', '12043', '47834']",47834,"['64047', '47834', '12043', '54792', '33084']"
"[3, 28]","[15, 13]","['55090', '12683', '73823', '8257', '24364']",24364,"['55090', '8257', '73823', '24364', '12683']"
"[18, 23]","[0, 6]","['61353', '72978', '14167', '5909', '41154']",41154,"['5909', '72978', '14167', '61353', '41154']"
"[17, 18]","[7, 22]","['6955', '46660', '21408', '31693', '31113']",31113,"['46660', '21408', '31693', '31113', '6955']"
"[3, 17]","[15, 21]","['54792', '38478', '53579', '33084', '20839']",20839,"['54792', '20839', '53579', '33084', '38478']"
"[3, 16]","[15, 28]","['63317', '59100', '177', '11746', '23274']",23274,"['11746', '59100', '63317', '177', '23274']"
"[15, 21]","[3, 28]","['20839', '3384', '7489', '13497', '73823']",73823,"['20839', '7489', '3384', '13497', '73823']"
"[3, 4]","[15, 17]","['35787', '9383', '11039', '20671', '1225']",1225,"['9383', '35787', '20671', '1225', '11039']"
"[17, 18]","[7, 3]","['51240', '21408', '66316', '31693', '64781']",64781,"['66316', '51240', '64781', '21408', '31693']"
"[17, 21]","[7, 20]","['62454', '9795', '69704', '78147', '2425']",2425,"['62454', '2425', '9795', '69704', '78147']"
"[3, 28]","[15, 17]","['42226', '12683', '73823', '55090', '1225']",1225,"['1225', '42226', '73823', '12683', '55090']"
"[15, 28]","[3, 4]","['10526', '38548', '3258', '67905', '20671']",20671,"['10526', '67905', '38548', '20671', '3258']"
"[3, 28]","[15, 17]","['55090', '73823', '8257', '12683', '1225']",1225,"['73823', '55090', '8257', '12683', '1225']"
"[3, 28]","[15, 21]","['42226', '8257', '55090', '12683', '3384']",3384,"['3384', '55090', '12683', '8257', '42226']"
"[3, 3]","[15, 21]","['10131', '22002', '30004', '10017', '3384']",3384,"['10131', '30004', '3384', '10017', '22002']"
"[15, 13]","[3, 12]","['42684', '25079', '53137', '68970', '27821']",27821,"['25079', '27821', '68970', '53137', '42684']"
"[7, 22]","[17, 21]","['23132', '31113', '79411', '40679', '62549']",62549,"['79411', '40679', '31113', '62549', '23132']"
"[17, 18]","[7, 20]","['21543', '6955', '31693', '21408', '55305']",55305,"['21408', '6955', '31693', '21543', '55305']"
"[18, 23]","[0, 2]","['42151', '40817', '26052', '37360', '43629']",43629,"['26052', '40817', '42151', '37360', '43629']"
"[0, 14]","[18, 23]","['37963', '80522', '17291', '75707', '10433']",10433,"['10433', '17291', '75707', '37963', '80522']"
"[3, 26]","[15, 17]","['49864', '34449', '18887', '32729', '1225']",1225,"['18887', '1225', '34449', '49864', '32729']"
"[0, 24]","[18, 23]","['31926', '37989', '74418', '48780', '64247']",64247,"['74418', '64247', '37989', '31926', '48780']"
"[0, 0]","[18, 25]","['14834', '78009', '8176', '28082', '4132']",4132,"['14834', '28082', '8176', '4132', '78009']"
"[7, 20]","[17, 21]","['54372', '55305', '2425', '2277', '9795']",9795,"['54372', '2425', '2277', '55305', '9795']"
"[3, 21]","[15, 13]","['57272', '53064', '14038', '47060', '42684']",42684,"['42684', '53064', '14038', '57272', '47060']"
"[7, 3]","[17, 18]","['75828', '64781', '52457', '61767', '21543']",21543,"['61767', '52457', '64781', '21543', '75828']"
"[3, 26]","[15, 21]","['11033', '49864', '34449', '72586', '7489']",7489,"['49864', '7489', '11033', '72586', '34449']"
"[0, 14]","[18, 23]","['75707', '37963', '39894', '17291', '5909']",5909,"['75707', '39894', '5909', '37963', '17291']"
"[3, 16]","[15, 21]","['63317', '177', '56017', '11746', '13497']",13497,"['56017', '63317', '13497', '177', '11746']"
"[3, 16]","[15, 21]","['11746', '177', '63317', '56017', '3384']",3384,"['63317', '177', '3384', '11746', '56017']"
"[7, 1]","[17, 21]","['17550', '16951', '53652', '3536', '62454']",62454,"['53652', '17550', '62454', '3536', '16951']"
"[0, 2]","[18, 23]","['63508', '43629', '62759', '9639', '20502']",20502,"['63508', '43629', '9639', '62759', '20502']"
"[0, 14]","[18, 25]","['75707', '42604', '1261', '39894', '62071']",62071,"['42604', '75707', '1261', '62071', '39894']"
"[18, 25]","[0, 24]","['4132', '73827', '3282', '62071', '37989']",37989,"['73827', '3282', '4132', '62071', '37989']"
"[18, 25]","[0, 2]","['4132', '62071', '25711', '73827', '80744']",80744,"['25711', '80744', '73827', '4132', '62071']"
"[0, 2]","[18, 25]","['67465', '9639', '27625', '62759', '3282']",3282,"['67465', '3282', '27625', '9639', '62759']"
"[15, 17]","[3, 28]","['47834', '1225', '11908', '60915', '12683']",12683,"['60915', '12683', '1225', '11908', '47834']"
"[0, 6]","[18, 25]","['25447', '43036', '41154', '43375', '3282']",3282,"['43375', '25447', '41154', '43036', '3282']"
"[0, 14]","[18, 23]","['1261', '80522', '75707', '42604', '72365']",72365,"['42604', '72365', '75707', '80522', '1261']"
"[0, 24]","[18, 25]","['37989', '31926', '74418', '48780', '25711']",25711,"['31926', '37989', '74418', '48780', '25711']"
"[15, 28]","[3, 5]","['23274', '3258', '38548', '10526', '74226']",74226,"['74226', '10526', '3258', '38548', '23274']"
"[3, 16]","[15, 13]","['63317', '11746', '177', '59100', '42684']",42684,"['59100', '11746', '177', '42684', '63317']"
"[0, 7]","[18, 25]","['65801', '15613', '72266', '66807', '25711']",25711,"['72266', '65801', '25711', '66807', '15613']"
"[18, 23]","[0, 14]","['32105', '42151', '20502', '64148', '39894']",39894,"['64148', '20502', '39894', '32105', '42151']"
"[17, 5]","[7, 3]","['33045', '50221', '72055', '7913', '52457']",52457,"['7913', '52457', '50221', '72055', '33045']"
"[7, 3]","[17, 18]","['61767', '52457', '64781', '75828', '6955']",6955,"['75828', '61767', '6955', '52457', '64781']"
"[15, 13]","[3, 26]","['68970', '24364', '53137', '42684', '40031']",40031,"['42684', '68970', '24364', '40031', '53137']"
"[18, 23]","[0, 6]","['10433', '61353', '26052', '67584', '59474']",59474,"['26052', '10433', '61353', '67584', '59474']"
"[15, 28]","[3, 28]","['23274', '38548', '10526', '67905', '12683']",12683,"['12683', '67905', '23274', '38548', '10526']"
"[3, 7]","[15, 13]","['19796', '30859', '4286', '19992', '53137']",53137,"['19796', '30859', '53137', '19992', '4286']"
"[3, 7]","[15, 28]","['37907', '73164', '4286', '19992', '3258']",3258,"['4286', '73164', '3258', '19992', '37907']"
"[7, 3]","[17, 18]","['61767', '75828', '64781', '52457', '21408']",21408,"['21408', '64781', '61767', '75828', '52457']"
"[7, 1]","[17, 21]","['8109', '12376', '16951', '10825', '40487']",40487,"['12376', '16951', '10825', '40487', '8109']"
"[3, 21]","[15, 21]","['14038', '42206', '47060', '57272', '20839']",20839,"['47060', '14038', '20839', '57272', '42206']"
"[3, 28]","[15, 28]","['8257', '55090', '12683', '73823', '3258']",3258,"['55090', '3258', '12683', '73823', '8257']"
"[18, 25]","[0, 24]","['25711', '73827', '4132', '3282', '74418']",74418,"['74418', '4132', '3282', '25711', '73827']"
"[3, 12]","[15, 17]","['37955', '1181', '27821', '20968', '11908']",11908,"['11908', '20968', '27821', '37955', '1181']"
"[17, 21]","[7, 1]","['62549', '69704', '40487', '9795', '8109']",8109,"['40487', '69704', '9795', '62549', '8109']"
"[7, 20]","[17, 21]","['54372', '2425', '55305', '2277', '78147']",78147,"['2425', '78147', '54372', '55305', '2277']"
"[18, 25]","[0, 14]","['25711', '62071', '3282', '4132', '75707']",75707,"['62071', '4132', '3282', '75707', '25711']"
"[0, 2]","[18, 25]","['62759', '9639', '32703', '43629', '73827']",73827,"['73827', '9639', '43629', '62759', '32703']"
"[3, 3]","[15, 28]","['22002', '994', '22487', '72700', '67905']",67905,"['22487', '72700', '67905', '994', '22002']"
"[17, 18]","[7, 20]","['66935', '21408', '66316', '31693', '55305']",55305,"['66935', '21408', '55305', '31693', '66316']"
"[3, 28]","[15, 28]","['55090', '12683', '73823', '8257', '38548']",38548,"['12683', '55090', '38548', '8257', '73823']"
"[3, 21]","[15, 21]","['14038', '42206', '57272', '47060', '13497']",13497,"['13497', '47060', '14038', '57272', '42206']"
"[7, 20]","[17, 5]","['2277', '2425', '54372', '55305', '50221']",50221,"['2425', '50221', '2277', '54372', '55305']"
"[7, 1]","[17, 18]","['16951', '3536', '12376', '17550', '66316']",66316,"['66316', '12376', '17550', '3536', '16951']"
"[0, 14]","[18, 23]","['80522', '42604', '37963', '17291', '5909']",5909,"['80522', '37963', '17291', '42604', '5909']"
"[3, 7]","[15, 21]","['30859', '19796', '4286', '19992', '13497']",13497,"['19992', '19796', '30859', '13497', '4286']"
"[3, 17]","[15, 28]","['38478', '12043', '64047', '33084', '38548']",38548,"['64047', '12043', '38478', '33084', '38548']"
"[3, 4]","[15, 13]","['35787', '9383', '11039', '20671', '68970']",68970,"['9383', '20671', '11039', '35787', '68970']"
"[3, 7]","[15, 17]","['73164', '19992', '19796', '4286', '11908']",11908,"['19992', '19796', '73164', '4286', '11908']"
"[17, 18]","[7, 3]","['70105', '31693', '51240', '6955', '61767']",61767,"['51240', '31693', '6955', '70105', '61767']"
"[3, 17]","[15, 21]","['53579', '12043', '64047', '54792', '3384']",3384,"['12043', '64047', '54792', '53579', '3384']"
"[18, 25]","[0, 24]","['73827', '4132', '3282', '25711', '37989']",37989,"['3282', '4132', '37989', '25711', '73827']"
"[7, 20]","[17, 18]","['2277', '55305', '54372', '2425', '51240']",51240,"['2277', '51240', '55305', '2425', '54372']"
"[0, 24]","[18, 23]","['74418', '37989', '48780', '31926', '72365']",72365,"['31926', '72365', '48780', '37989', '74418']"
"[3, 4]","[15, 28]","['35787', '9383', '11039', '20671', '38548']",38548,"['20671', '38548', '9383', '11039', '35787']"
"[18, 23]","[0, 2]","['64247', '61353', '48306', '72365', '43629']",43629,"['48306', '64247', '61353', '43629', '72365']"
"[3, 17]","[15, 17]","['12043', '64047', '53579', '33084', '1225']",1225,"['53579', '33084', '64047', '1225', '12043']"
"[18, 25]","[0, 7]","['3282', '62071', '25711', '4132', '66807']",66807,"['62071', '66807', '25711', '3282', '4132']"
"[18, 23]","[0, 14]","['26052', '14167', '37360', '12104', '39894']",39894,"['14167', '26052', '37360', '39894', '12104']"
"[3, 28]","[15, 21]","['42226', '8257', '73823', '55090', '13497']",13497,"['73823', '55090', '8257', '13497', '42226']"
"[3, 26]","[15, 13]","['11033', '1064', '32729', '40031', '24364']",24364,"['40031', '11033', '32729', '1064', '24364']"
"[0, 2]","[18, 25]","['67842', '66847', '67465', '44145', '4132']",4132,"['4132', '44145', '67842', '66847', '67465']"
"[7, 1]","[17, 21]","['17550', '12421', '3536', '8109', '9795']",9795,"['3536', '12421', '8109', '17550', '9795']"
"[7, 1]","[17, 18]","['53652', '16951', '12421', '8109', '21543']",21543,"['21543', '16951', '12421', '53652', '8109']"
"[0, 6]","[18, 23]","['59474', '41154', '25447', '49395', '20502']",20502,"['41154', '59474', '49395', '25447', '20502']"
"[0, 6]","[18, 25]","['49395', '43375', '43036', '59474', '3282']",3282,"['43375', '3282', '43036', '49395', '59474']"
"[17, 21]","[7, 3]","['78147', '40487', '69704', '9795', '52457']",52457,"['69704', '52457', '78147', '9795', '40487']"
"[3, 12]","[15, 21]","['1181', '27821', '20968', '37955', '13497']",13497,"['1181', '37955', '27821', '20968', '13497']"
"[0, 2]","[18, 23]","['66847', '48095', '28242', '54867', '20502']",20502,"['54867', '48095', '20502', '28242', '66847']"
"[3, 17]","[15, 21]","['33084', '12043', '54792', '53579', '20839']",20839,"['33084', '53579', '54792', '20839', '12043']"
"[15, 28]","[3, 7]","['38548', '23274', '67905', '10526', '19992']",19992,"['19992', '10526', '38548', '23274', '67905']"
"[0, 14]","[18, 23]","['1261', '80522', '75707', '17291', '72365']",72365,"['72365', '17291', '1261', '80522', '75707']"
"[17, 21]","[7, 22]","['62454', '9795', '78147', '62549', '79411']",79411,"['79411', '62549', '9795', '62454', '78147']"
"[0, 14]","[18, 23]","['75707', '39894', '37963', '1261', '10433']",10433,"['75707', '37963', '1261', '10433', '39894']"
"[3, 21]","[15, 28]","['53064', '14038', '47060', '57272', '3258']",3258,"['47060', '3258', '53064', '57272', '14038']"
"[3, 3]","[15, 28]","['30004', '72700', '10017', '10131', '67905']",67905,"['67905', '10017', '10131', '72700', '30004']"
"[0, 7]","[18, 25]","['72266', '15613', '10984', '65801', '25711']",25711,"['65801', '72266', '15613', '25711', '10984']"
"[3, 4]","[15, 28]","['11039', '9383', '35787', '20671', '23274']",23274,"['35787', '23274', '20671', '9383', '11039']"
"[3, 12]","[15, 17]","['27821', '20968', '1181', '37955', '1225']",1225,"['37955', '27821', '1181', '1225', '20968']"
"[7, 20]","[17, 21]","['55305', '2277', '2425', '54372', '62454']",62454,"['2277', '62454', '2425', '55305', '54372']"
"[7, 3]","[17, 18]","['52457', '61767', '75828', '64781', '70105']",70105,"['70105', '61767', '52457', '75828', '64781']"
"[0, 6]","[18, 23]","['75880', '49395', '41154', '43375', '25667']",25667,"['41154', '43375', '75880', '25667', '49395']"
"[7, 20]","[17, 5]","['54372', '2425', '55305', '2277', '33045']",33045,"['55305', '2277', '54372', '2425', '33045']"
"[0, 7]","[18, 25]","['15613', '72266', '10984', '66807', '62071']",62071,"['62071', '15613', '66807', '10984', '72266']"
"[18, 23]","[0, 14]","['26052', '37360', '32105', '59794', '1261']",1261,"['1261', '32105', '59794', '37360', '26052']"
"[18, 23]","[0, 7]","['48306', '61353', '37360', '26052', '10984']",10984,"['61353', '10984', '26052', '48306', '37360']"
"[7, 3]","[17, 21]","['61767', '75828', '64781', '52457', '9795']",9795,"['64781', '61767', '52457', '9795', '75828']"
"[3, 26]","[15, 21]","['1064', '18887', '40031', '72586', '7489']",7489,"['72586', '18887', '1064', '7489', '40031']"
"[3, 3]","[15, 17]","['22002', '10131', '10017', '72700', '47834']",47834,"['10131', '47834', '72700', '22002', '10017']"
"[17, 5]","[7, 20]","['33045', '72055', '50221', '7913', '55305']",55305,"['33045', '72055', '55305', '7913', '50221']"
"[15, 21]","[3, 26]","['13497', '7489', '20839', '3384', '72586']",72586,"['7489', '20839', '13497', '3384', '72586']"
"[3, 12]","[15, 13]","['1181', '20968', '27821', '37955', '34763']",34763,"['34763', '37955', '20968', '1181', '27821']"
"[18, 25]","[0, 6]","['4132', '73827', '3282', '62071', '25447']",25447,"['62071', '25447', '3282', '73827', '4132']"
"[3, 3]","[15, 13]","['10017', '30004', '994', '10131', '20590']",20590,"['994', '30004', '10131', '10017', '20590']"
"[15, 28]","[3, 12]","['3258', '23274', '10526', '38548', '1181']",1181,"['10526', '38548', '23274', '3258', '1181']"
"[3, 16]","[15, 28]","['56017', '11746', '177', '59100', '10526']",10526,"['59100', '10526', '11746', '56017', '177']"
"[0, 2]","[18, 23]","['43629', '43995', '63508', '45218', '59794']",59794,"['45218', '43629', '43995', '63508', '59794']"
"[18, 25]","[0, 14]","['25711', '62071', '3282', '73827', '1261']",1261,"['25711', '62071', '3282', '1261', '73827']"
"[3, 5]","[15, 13]","['64', '63514', '74226', '12162', '25079']",25079,"['12162', '64', '25079', '74226', '63514']"
"[0, 2]","[18, 25]","['44125', '80744', '60860', '67842', '25711']",25711,"['25711', '80744', '60860', '67842', '44125']"
"[15, 28]","[3, 3]","['38548', '67905', '23274', '3258', '22002']",22002,"['22002', '67905', '38548', '23274', '3258']"
"[0, 6]","[18, 25]","['59474', '75880', '41154', '25447', '62071']",62071,"['75880', '59474', '41154', '62071', '25447']"
"[3, 7]","[15, 17]","['73164', '19796', '37907', '4286', '11908']",11908,"['73164', '19796', '4286', '11908', '37907']"
"[3, 5]","[15, 17]","['74226', '64', '63514', '12162', '11908']",11908,"['64', '63514', '74226', '11908', '12162']"
"[0, 2]","[18, 25]","['80744', '67465', '43629', '44125', '25711']",25711,"['80744', '67465', '43629', '25711', '44125']"
"[3, 16]","[15, 17]","['59100', '177', '11746', '63317', '11908']",11908,"['63317', '177', '11746', '59100', '11908']"
"[3, 7]","[15, 13]","['37907', '19796', '19992', '73164', '42684']",42684,"['19992', '37907', '19796', '73164', '42684']"
"[0, 7]","[18, 25]","['10984', '15613', '72266', '66807', '25711']",25711,"['10984', '66807', '15613', '25711', '72266']"
"[18, 23]","[0, 7]","['72365', '67584', '12104', '78682', '15613']",15613,"['67584', '15613', '78682', '12104', '72365']"
"[3, 7]","[15, 28]","['19796', '30859', '4286', '37907', '38548']",38548,"['19796', '38548', '30859', '4286', '37907']"
"[3, 16]","[15, 17]","['56017', '63317', '11746', '177', '11908']",11908,"['11908', '63317', '56017', '177', '11746']"
"[0, 2]","[18, 23]","['54867', '67465', '60860', '44145', '6216']",6216,"['6216', '44145', '60860', '67465', '54867']"
"[7, 20]","[17, 18]","['2425', '54372', '2277', '55305', '66935']",66935,"['55305', '2277', '54372', '66935', '2425']"
"[3, 16]","[15, 28]","['177', '56017', '59100', '11746', '67905']",67905,"['11746', '59100', '67905', '177', '56017']"
"[0, 14]","[18, 25]","['17291', '42604', '37963', '75707', '62071']",62071,"['42604', '37963', '62071', '17291', '75707']"
"[3, 16]","[15, 13]","['63317', '59100', '11746', '177', '24364']",24364,"['63317', '24364', '59100', '177', '11746']"
"[15, 21]","[3, 26]","['13497', '20839', '3384', '7489', '32729']",32729,"['13497', '20839', '32729', '3384', '7489']"
"[0, 14]","[18, 23]","['1261', '80522', '75707', '39894', '65195']",65195,"['80522', '1261', '39894', '75707', '65195']"
"[3, 26]","[15, 28]","['68096', '49864', '34449', '72586', '3258']",3258,"['68096', '34449', '49864', '3258', '72586']"
"[17, 18]","[7, 22]","['21408', '70105', '6955', '46660', '40679']",40679,"['6955', '46660', '70105', '40679', '21408']"
"[17, 5]","[7, 1]","['33045', '72055', '7913', '50221', '53652']",53652,"['50221', '7913', '53652', '33045', '72055']"
"[7, 22]","[17, 5]","['79411', '40679', '31113', '23132', '50221']",50221,"['23132', '40679', '79411', '31113', '50221']"
"[0, 14]","[18, 23]","['17291', '39894', '80522', '37963', '67584']",67584,"['80522', '39894', '37963', '67584', '17291']"
"[0, 7]","[18, 25]","['65801', '15613', '72266', '10984', '73827']",73827,"['10984', '73827', '65801', '72266', '15613']"
"[3, 5]","[15, 28]","['63514', '64', '74226', '12162', '3258']",3258,"['3258', '63514', '64', '74226', '12162']"
"[3, 5]","[15, 21]","['64', '12162', '74226', '63514', '13497']",13497,"['13497', '12162', '64', '74226', '63514']"
"[15, 17]","[3, 17]","['1225', '47834', '60915', '11908', '12043']",12043,"['1225', '60915', '11908', '12043', '47834']"
"[18, 23]","[0, 24]","['6216', '32105', '72978', '59794', '48780']",48780,"['6216', '72978', '48780', '59794', '32105']"
"[0, 24]","[18, 23]","['74418', '48780', '37989', '31926', '26755']",26755,"['26755', '48780', '31926', '37989', '74418']"
"[3, 12]","[15, 13]","['27821', '37955', '1181', '20968', '68970']",68970,"['68970', '37955', '20968', '27821', '1181']"
"[0, 24]","[18, 25]","['37989', '48780', '31926', '74418', '73827']",73827,"['74418', '31926', '73827', '48780', '37989']"
"[18, 25]","[0, 7]","['73827', '62071', '25711', '4132', '72266']",72266,"['72266', '73827', '62071', '4132', '25711']"
"[0, 0]","[18, 25]","['78009', '28082', '8176', '14834', '73827']",73827,"['73827', '28082', '78009', '8176', '14834']"
"[7, 1]","[17, 21]","['10825', '3536', '16951', '12421', '62454']",62454,"['3536', '10825', '62454', '12421', '16951']"
"[0, 6]","[18, 25]","['25447', '59474', '43375', '49395', '73827']",73827,"['49395', '73827', '59474', '43375', '25447']"
"[15, 17]","[3, 4]","['11908', '1225', '60915', '47834', '9383']",9383,"['9383', '1225', '60915', '47834', '11908']"
"[3, 3]","[15, 13]","['10017', '994', '22002', '72700', '24364']",24364,"['24364', '72700', '22002', '994', '10017']"
"[3, 12]","[15, 28]","['37955', '1181', '20968', '27821', '23274']",23274,"['27821', '23274', '1181', '20968', '37955']"
"[3, 28]","[15, 28]","['42226', '55090', '8257', '73823', '10526']",10526,"['42226', '73823', '55090', '8257', '10526']"
"[0, 2]","[18, 25]","['44145', '70440', '51831', '45218', '4132']",4132,"['51831', '4132', '70440', '44145', '45218']"
"[3, 3]","[15, 13]","['994', '72700', '22487', '10017', '53137']",53137,"['10017', '22487', '72700', '994', '53137']"
"[3, 17]","[15, 17]","['53579', '38478', '12043', '54792', '60915']",60915,"['53579', '38478', '60915', '54792', '12043']"
"[18, 25]","[0, 6]","['25711', '4132', '62071', '73827', '49395']",49395,"['49395', '73827', '25711', '4132', '62071']"
"[0, 2]","[18, 23]","['32703', '44145', '44802', '63508', '61353']",61353,"['63508', '32703', '44145', '44802', '61353']"
"[0, 14]","[18, 25]","['75707', '17291', '39894', '80522', '3282']",3282,"['3282', '39894', '17291', '75707', '80522']"
"[3, 5]","[15, 13]","['64', '74226', '12162', '63514', '34763']",34763,"['63514', '34763', '64', '12162', '74226']"
"[18, 23]","[0, 24]","['59794', '15451', '10433', '26755', '48780']",48780,"['15451', '10433', '59794', '48780', '26755']"
"[7, 22]","[17, 21]","['31113', '40679', '79411', '23132', '62454']",62454,"['79411', '23132', '62454', '31113', '40679']"
"[15, 28]","[3, 17]","['67905', '3258', '10526', '38548', '54792']",54792,"['67905', '54792', '3258', '38548', '10526']"
"[3, 16]","[15, 17]","['63317', '177', '56017', '59100', '47834']",47834,"['59100', '47834', '177', '56017', '63317']"
"[3, 17]","[15, 13]","['38478', '64047', '53579', '12043', '53137']",53137,"['38478', '64047', '12043', '53579', '53137']"
"[3, 17]","[15, 17]","['64047', '38478', '54792', '12043', '1225']",1225,"['12043', '64047', '54792', '1225', '38478']"
"[15, 13]","[3, 26]","['53137', '34763', '42684', '25079', '34449']",34449,"['34449', '25079', '53137', '34763', '42684']"
"[17, 21]","[7, 1]","['9795', '40487', '78147', '62549', '16951']",16951,"['62549', '9795', '40487', '78147', '16951']"
"[3, 17]","[15, 28]","['38478', '53579', '33084', '12043', '38548']",38548,"['38478', '53579', '33084', '38548', '12043']"
"[17, 18]","[7, 3]","['66316', '6955', '51240', '46660', '64781']",64781,"['51240', '66316', '6955', '46660', '64781']"
"[3, 28]","[15, 17]","['8257', '12683', '55090', '42226', '1225']",1225,"['42226', '1225', '55090', '12683', '8257']"
"[3, 12]","[15, 28]","['37955', '20968', '27821', '1181', '38548']",38548,"['37955', '27821', '1181', '38548', '20968']"
"[18, 23]","[0, 6]","['72365', '6216', '65195', '5909', '49395']",49395,"['72365', '49395', '65195', '5909', '6216']"
"[3, 4]","[15, 21]","['11039', '35787', '9383', '20671', '20839']",20839,"['9383', '11039', '20839', '35787', '20671']"
"[3, 3]","[15, 21]","['10017', '22002', '10131', '22487', '13497']",13497,"['10017', '22002', '22487', '10131', '13497']"
"[3, 28]","[15, 17]","['73823', '55090', '12683', '42226', '47834']",47834,"['73823', '12683', '42226', '47834', '55090']"
"[15, 21]","[3, 7]","['7489', '13497', '3384', '20839', '30859']",30859,"['13497', '20839', '30859', '3384', '7489']"
"[0, 6]","[18, 23]","['75880', '25447', '43036', '49395', '65195']",65195,"['43036', '25447', '49395', '75880', '65195']"
"[3, 3]","[15, 28]","['10017', '10131', '994', '30004', '38548']",38548,"['10131', '10017', '30004', '38548', '994']"
"[17, 5]","[7, 3]","['72055', '50221', '33045', '7913', '61767']",61767,"['61767', '33045', '72055', '7913', '50221']"
"[18, 25]","[0, 14]","['62071', '73827', '25711', '4132', '1261']",1261,"['62071', '4132', '25711', '73827', '1261']"
"[15, 21]","[3, 7]","['3384', '7489', '20839', '13497', '37907']",37907,"['37907', '20839', '3384', '13497', '7489']"
"[3, 5]","[15, 28]","['12162', '74226', '64', '63514', '10526']",10526,"['64', '12162', '74226', '10526', '63514']"
"[18, 25]","[0, 0]","['3282', '4132', '73827', '62071', '8176']",8176,"['73827', '62071', '4132', '8176', '3282']"
"[3, 21]","[15, 21]","['47060', '14038', '42206', '53064', '20839']",20839,"['20839', '14038', '42206', '47060', '53064']"
"[7, 22]","[17, 21]","['79411', '40679', '23132', '31113', '40487']",40487,"['40487', '23132', '40679', '31113', '79411']"
"[7, 3]","[17, 5]","['52457', '75828', '64781', '61767', '7913']",7913,"['61767', '7913', '64781', '52457', '75828']"
"[0, 2]","[18, 23]","['43629', '80744', '32703', '62759', '61353']",61353,"['61353', '32703', '80744', '43629', '62759']"
"[7, 1]","[17, 18]","['53652', '8109', '12376', '3536', '6955']",6955,"['6955', '8109', '53652', '3536', '12376']"
"[17, 5]","[7, 1]","['33045', '7913', '72055', '50221', '3536']",3536,"['3536', '72055', '33045', '7913', '50221']"
"[0, 2]","[18, 23]","['9836', '43995', '80744', '54867', '78682']",78682,"['78682', '54867', '80744', '43995', '9836']"
"[0, 2]","[18, 25]","['43995', '44125', '80744', '45218', '3282']",3282,"['43995', '45218', '80744', '44125', '3282']"
"[3, 21]","[15, 28]","['14038', '42206', '57272', '47060', '10526']",10526,"['47060', '14038', '57272', '42206', '10526']"
"[7, 3]","[17, 5]","['61767', '52457', '64781', '75828', '33045']",33045,"['64781', '33045', '52457', '75828', '61767']"
"[3, 7]","[15, 17]","['19796', '4286', '19992', '73164', '47834']",47834,"['19992', '47834', '4286', '73164', '19796']"
"[3, 3]","[15, 13]","['10017', '72700', '994', '22487', '34763']",34763,"['10017', '22487', '72700', '994', '34763']"
"[3, 7]","[15, 17]","['30859', '19992', '4286', '37907', '1225']",1225,"['30859', '19992', '1225', '4286', '37907']"
"[0, 2]","[18, 25]","['44802', '80744', '32703', '43629', '4132']",4132,"['32703', '80744', '43629', '44802', '4132']"
"[17, 21]","[7, 22]","['40487', '9795', '69704', '62454', '31113']",31113,"['62454', '31113', '40487', '9795', '69704']"
"[7, 20]","[17, 18]","['2277', '55305', '2425', '54372', '66316']",66316,"['2277', '66316', '2425', '54372', '55305']"
"[18, 25]","[0, 6]","['73827', '4132', '62071', '3282', '75880']",75880,"['3282', '73827', '4132', '62071', '75880']"
"[15, 21]","[3, 16]","['13497', '20839', '3384', '7489', '63317']",63317,"['3384', '13497', '63317', '7489', '20839']"
"[15, 17]","[3, 28]","['60915', '1225', '11908', '47834', '55090']",55090,"['47834', '11908', '55090', '60915', '1225']"
"[0, 7]","[18, 23]","['10984', '66807', '65801', '15613', '25667']",25667,"['65801', '15613', '25667', '66807', '10984']"
"[15, 21]","[3, 5]","['3384', '13497', '20839', '7489', '12162']",12162,"['3384', '12162', '20839', '7489', '13497']"
"[15, 13]","[3, 28]","['34763', '53137', '25079', '24364', '73823']",73823,"['73823', '25079', '53137', '24364', '34763']"
"[3, 7]","[15, 28]","['19992', '19796', '30859', '73164', '23274']",23274,"['30859', '19992', '73164', '23274', '19796']"
"[3, 28]","[15, 17]","['42226', '73823', '8257', '55090', '1225']",1225,"['73823', '1225', '8257', '42226', '55090']"
"[0, 2]","[18, 23]","['51831', '9836', '32703', '44125', '32105']",32105,"['9836', '51831', '44125', '32703', '32105']"
"[0, 2]","[18, 23]","['66847', '44802', '45218', '9639', '5909']",5909,"['9639', '5909', '45218', '44802', '66847']"
"[7, 1]","[17, 21]","['12421', '12376', '17550', '3536', '69704']",69704,"['17550', '69704', '12421', '3536', '12376']"
"[3, 3]","[15, 13]","['10131', '22487', '994', '30004', '24364']",24364,"['994', '22487', '10131', '24364', '30004']"
"[0, 7]","[18, 23]","['72266', '10984', '65801', '66807', '48306']",48306,"['48306', '10984', '66807', '72266', '65801']"
"[3, 28]","[15, 17]","['12683', '8257', '55090', '73823', '11908']",11908,"['73823', '12683', '55090', '8257', '11908']"
"[18, 25]","[0, 0]","['25711', '3282', '4132', '73827', '28082']",28082,"['25711', '3282', '28082', '73827', '4132']"
"[0, 7]","[18, 23]","['72266', '10984', '15613', '65801', '10433']",10433,"['65801', '10433', '72266', '10984', '15613']"
"[15, 28]","[3, 21]","['3258', '10526', '67905', '38548', '47060']",47060,"['3258', '67905', '10526', '47060', '38548']"
"[18, 23]","[0, 14]","['5909', '37360', '59794', '65195', '17291']",17291,"['5909', '17291', '65195', '37360', '59794']"
"[3, 26]","[15, 17]","['49864', '1064', '19246', '11033', '1225']",1225,"['49864', '11033', '1064', '19246', '1225']"
"[15, 21]","[3, 28]","['3384', '20839', '7489', '13497', '12683']",12683,"['13497', '3384', '12683', '20839', '7489']"
"[18, 23]","[0, 7]","['72978', '6216', '14167', '20502', '15613']",15613,"['14167', '20502', '6216', '15613', '72978']"
"[18, 25]","[0, 14]","['73827', '3282', '4132', '62071', '80522']",80522,"['62071', '4132', '73827', '80522', '3282']"
"[15, 13]","[3, 21]","['53137', '24364', '20590', '68970', '14038']",14038,"['68970', '14038', '20590', '53137', '24364']"
"[17, 5]","[7, 3]","['50221', '7913', '33045', '72055', '75828']",75828,"['75828', '33045', '7913', '72055', '50221']"
"[3, 21]","[15, 21]","['53064', '47060', '57272', '14038', '20839']",20839,"['20839', '53064', '14038', '57272', '47060']"
"[0, 6]","[18, 23]","['59474', '43036', '43375', '41154', '12104']",12104,"['59474', '43375', '41154', '12104', '43036']"
"[3, 28]","[15, 13]","['12683', '42226', '55090', '8257', '25079']",25079,"['25079', '42226', '55090', '8257', '12683']"
"[7, 22]","[17, 5]","['31113', '23132', '40679', '79411', '33045']",33045,"['33045', '79411', '31113', '40679', '23132']"
"[0, 24]","[18, 23]","['37989', '48780', '31926', '74418', '25667']",25667,"['37989', '74418', '31926', '48780', '25667']"
"[15, 17]","[3, 17]","['47834', '60915', '11908', '1225', '64047']",64047,"['1225', '60915', '47834', '11908', '64047']"
"[3, 21]","[15, 28]","['47060', '42206', '53064', '14038', '3258']",3258,"['3258', '14038', '53064', '47060', '42206']"
"[15, 13]","[3, 12]","['20590', '24364', '25079', '53137', '27821']",27821,"['25079', '53137', '24364', '27821', '20590']"
"[3, 26]","[15, 13]","['11033', '68096', '49864', '34449', '20590']",20590,"['20590', '11033', '34449', '68096', '49864']"
"[15, 21]","[3, 16]","['13497', '7489', '3384', '20839', '56017']",56017,"['7489', '56017', '3384', '20839', '13497']"
"[3, 17]","[15, 17]","['12043', '33084', '54792', '64047', '11908']",11908,"['54792', '33084', '11908', '64047', '12043']"
"[3, 17]","[15, 13]","['53579', '38478', '64047', '54792', '68970']",68970,"['38478', '64047', '68970', '53579', '54792']"
"[17, 21]","[7, 20]","['78147', '9795', '40487', '69704', '2425']",2425,"['9795', '78147', '69704', '2425', '40487']"
"[3, 7]","[15, 21]","['4286', '73164', '30859', '19796', '7489']",7489,"['7489', '73164', '19796', '30859', '4286']"
"[3, 17]","[15, 13]","['33084', '38478', '12043', '53579', '20590']",20590,"['20590', '33084', '38478', '53579', '12043']"
"[18, 25]","[0, 14]","['4132', '73827', '3282', '25711', '37963']",37963,"['73827', '25711', '37963', '3282', '4132']"
"[0, 0]","[18, 23]","['78009', '28082', '8176', '14834', '61353']",61353,"['28082', '14834', '8176', '61353', '78009']"
"[7, 1]","[17, 21]","['3536', '17550', '12376', '8109', '62454']",62454,"['8109', '3536', '62454', '17550', '12376']"
"[3, 4]","[15, 13]","['11039', '35787', '20671', '9383', '20590']",20590,"['9383', '20590', '11039', '20671', '35787']"
"[3, 3]","[15, 28]","['10017', '22487', '22002', '72700', '23274']",23274,"['22002', '10017', '22487', '23274', '72700']"
"[18, 25]","[0, 6]","['3282', '4132', '62071', '73827', '43036']",43036,"['43036', '73827', '62071', '3282', '4132']"
"[0, 2]","[18, 25]","['45218', '66847', '80744', '43629', '25711']",25711,"['25711', '66847', '43629', '80744', '45218']"
"[0, 24]","[18, 23]","['31926', '48780', '74418', '37989', '42151']",42151,"['42151', '37989', '74418', '48780', '31926']"
"[18, 23]","[0, 6]","['37360', '26052', '15451', '14167', '59474']",59474,"['37360', '59474', '14167', '15451', '26052']"
"[17, 21]","[7, 22]","['9795', '62549', '69704', '40487', '31113']",31113,"['62549', '9795', '69704', '31113', '40487']"
"[7, 1]","[17, 21]","['8109', '3536', '16951', '12376', '78147']",78147,"['12376', '3536', '78147', '16951', '8109']"
"[3, 7]","[15, 17]","['30859', '19796', '73164', '4286', '60915']",60915,"['19796', '73164', '30859', '4286', '60915']"
"[0, 2]","[18, 23]","['59390', '44802', '60860', '45218', '42151']",42151,"['44802', '42151', '60860', '59390', '45218']"
"[3, 28]","[15, 21]","['12683', '8257', '55090', '73823', '7489']",7489,"['7489', '55090', '8257', '73823', '12683']"
"[17, 18]","[7, 22]","['31693', '70105', '51240', '66935', '31113']",31113,"['31693', '70105', '66935', '51240', '31113']"
"[0, 7]","[18, 25]","['65801', '66807', '15613', '10984', '3282']",3282,"['3282', '15613', '65801', '66807', '10984']"
"[0, 2]","[18, 25]","['27625', '44125', '70440', '32703', '73827']",73827,"['32703', '27625', '44125', '73827', '70440']"
"[3, 26]","[15, 13]","['9147', '19246', '18887', '40031', '34763']",34763,"['19246', '9147', '34763', '40031', '18887']"
"[7, 22]","[17, 18]","['79411', '40679', '23132', '31113', '51240']",51240,"['31113', '40679', '23132', '79411', '51240']"
"[3, 7]","[15, 13]","['19796', '30859', '73164', '19992', '53137']",53137,"['53137', '19796', '73164', '30859', '19992']"
"[7, 22]","[17, 18]","['23132', '79411', '31113', '40679', '21408']",21408,"['31113', '23132', '79411', '40679', '21408']"
"[0, 7]","[18, 23]","['65801', '10984', '72266', '66807', '67584']",67584,"['10984', '66807', '65801', '67584', '72266']"
"[3, 28]","[15, 28]","['55090', '12683', '8257', '42226', '38548']",38548,"['8257', '55090', '42226', '38548', '12683']"
"[18, 25]","[0, 24]","['62071', '4132', '25711', '3282', '37989']",37989,"['4132', '3282', '62071', '37989', '25711']"
"[17, 18]","[7, 22]","['31693', '6955', '70105', '21543', '40679']",40679,"['40679', '6955', '21543', '70105', '31693']"
"[3, 21]","[15, 13]","['57272', '53064', '14038', '42206', '34763']",34763,"['42206', '14038', '53064', '34763', '57272']"
"[17, 18]","[7, 1]","['70105', '66316', '46660', '21543', '8109']",8109,"['46660', '66316', '70105', '8109', '21543']"
"[3, 26]","[15, 17]","['1064', '32729', '50906', '18887', '47834']",47834,"['18887', '47834', '50906', '32729', '1064']"
"[15, 28]","[3, 3]","['3258', '38548', '23274', '67905', '10017']",10017,"['67905', '38548', '3258', '10017', '23274']"
"[17, 21]","[7, 1]","['62549', '9795', '69704', '62454', '8109']",8109,"['8109', '69704', '9795', '62549', '62454']"
"[3, 3]","[15, 17]","['10131', '22487', '72700', '994', '60915']",60915,"['60915', '22487', '72700', '10131', '994']"
"[17, 21]","[7, 3]","['62549', '40487', '78147', '9795', '75828']",75828,"['75828', '9795', '62549', '78147', '40487']"
"[0, 6]","[18, 25]","['41154', '75880', '43375', '59474', '3282']",3282,"['75880', '43375', '3282', '59474', '41154']"
"[7, 1]","[17, 5]","['17550', '3536', '12421', '8109', '7913']",7913,"['7913', '8109', '12421', '3536', '17550']"
"[3, 28]","[15, 17]","['73823', '55090', '42226', '8257', '47834']",47834,"['73823', '42226', '55090', '47834', '8257']"
"[3, 17]","[15, 28]","['12043', '54792', '53579', '33084', '38548']",38548,"['38548', '54792', '33084', '53579', '12043']"
"[15, 13]","[3, 17]","['68970', '42684', '20590', '34763', '53579']",53579,"['42684', '68970', '53579', '20590', '34763']"
"[0, 6]","[18, 23]","['25447', '43375', '59474', '43036', '20502']",20502,"['59474', '43375', '25447', '43036', '20502']"
"[18, 25]","[0, 7]","['62071', '73827', '4132', '25711', '15613']",15613,"['25711', '15613', '62071', '4132', '73827']"
"[7, 1]","[17, 21]","['53652', '16951', '12421', '8109', '40487']",40487,"['12421', '8109', '40487', '53652', '16951']"
"[15, 13]","[3, 12]","['34763', '24364', '25079', '53137', '27821']",27821,"['24364', '27821', '53137', '34763', '25079']"
"[17, 21]","[7, 20]","['62454', '40487', '62549', '78147', '2425']",2425,"['62549', '2425', '62454', '40487', '78147']"
"[15, 28]","[3, 5]","['67905', '10526', '23274', '3258', '63514']",63514,"['10526', '67905', '63514', '23274', '3258']"
"[7, 22]","[17, 18]","['40679', '79411', '23132', '31113', '31693']",31693,"['31693', '40679', '31113', '79411', '23132']"
"[0, 6]","[18, 23]","['43375', '59474', '41154', '75880', '48306']",48306,"['75880', '59474', '48306', '43375', '41154']"
"[17, 18]","[7, 22]","['31693', '51240', '6955', '46660', '23132']",23132,"['6955', '51240', '46660', '31693', '23132']"
"[18, 23]","[0, 24]","['5909', '42151', '20502', '61353', '31926']",31926,"['61353', '42151', '5909', '31926', '20502']"
"[3, 16]","[15, 21]","['56017', '11746', '63317', '59100', '3384']",3384,"['63317', '59100', '56017', '11746', '3384']"
"[17, 18]","[7, 20]","['51240', '66935', '31693', '6955', '55305']",55305,"['55305', '6955', '66935', '31693', '51240']"
"[3, 7]","[15, 21]","['37907', '30859', '4286', '19992', '20839']",20839,"['37907', '19992', '30859', '4286', '20839']"
"[0, 14]","[18, 23]","['17291', '75707', '37963', '39894', '12104']",12104,"['12104', '75707', '17291', '37963', '39894']"
"[0, 24]","[18, 23]","['74418', '37989', '31926', '48780', '48306']",48306,"['74418', '48780', '48306', '37989', '31926']"
"[3, 3]","[15, 28]","['22487', '10017', '30004', '10131', '23274']",23274,"['10017', '22487', '30004', '10131', '23274']"
"[15, 28]","[3, 17]","['3258', '10526', '38548', '67905', '38478']",38478,"['38548', '10526', '38478', '3258', '67905']"
"[18, 23]","[0, 24]","['65195', '78682', '26052', '12104', '37989']",37989,"['65195', '37989', '12104', '26052', '78682']"
"[3, 17]","[15, 28]","['33084', '53579', '64047', '54792', '67905']",67905,"['64047', '33084', '67905', '54792', '53579']"
"[7, 1]","[17, 5]","['8109', '12376', '3536', '12421', '50221']",50221,"['12421', '12376', '50221', '8109', '3536']"
"[0, 2]","[18, 23]","['45218', '48095', '67465', '9836', '67584']",67584,"['67465', '48095', '9836', '45218', '67584']"
"[15, 21]","[3, 21]","['3384', '7489', '20839', '13497', '57272']",57272,"['13497', '57272', '3384', '7489', '20839']"
"[15, 28]","[3, 4]","['67905', '23274', '3258', '10526', '35787']",35787,"['23274', '10526', '35787', '67905', '3258']"
"[3, 16]","[15, 13]","['56017', '63317', '59100', '177', '25079']",25079,"['59100', '63317', '56017', '177', '25079']"
"[17, 5]","[7, 22]","['7913', '72055', '33045', '50221', '79411']",79411,"['79411', '33045', '7913', '50221', '72055']"
"[17, 21]","[7, 1]","['62454', '9795', '69704', '78147', '12421']",12421,"['9795', '78147', '12421', '62454', '69704']"
"[15, 28]","[3, 21]","['23274', '3258', '67905', '38548', '57272']",57272,"['67905', '23274', '57272', '38548', '3258']"
"[0, 14]","[18, 23]","['42604', '37963', '1261', '80522', '65195']",65195,"['1261', '42604', '37963', '65195', '80522']"
"[7, 22]","[17, 5]","['40679', '79411', '23132', '31113', '7913']",7913,"['79411', '31113', '40679', '23132', '7913']"
"[0, 7]","[18, 23]","['10984', '65801', '66807', '15613', '10433']",10433,"['15613', '10433', '66807', '10984', '65801']"
"[3, 3]","[15, 28]","['10131', '10017', '22487', '72700', '67905']",67905,"['10131', '67905', '10017', '22487', '72700']"
"[3, 3]","[15, 28]","['10017', '22002', '22487', '10131', '23274']",23274,"['10131', '22487', '22002', '23274', '10017']"
"[15, 21]","[3, 5]","['3384', '20839', '7489', '13497', '74226']",74226,"['74226', '3384', '7489', '13497', '20839']"
"[15, 28]","[3, 12]","['23274', '67905', '3258', '10526', '20968']",20968,"['23274', '67905', '20968', '10526', '3258']"
"[3, 7]","[15, 13]","['30859', '19992', '4286', '73164', '24364']",24364,"['73164', '24364', '4286', '30859', '19992']"
"[3, 26]","[15, 21]","['32729', '34449', '11033', '68096', '7489']",7489,"['68096', '34449', '32729', '7489', '11033']"
"[15, 17]","[3, 7]","['60915', '1225', '11908', '47834', '73164']",73164,"['1225', '11908', '60915', '47834', '73164']"
"[15, 21]","[3, 3]","['13497', '3384', '20839', '7489', '30004']",30004,"['30004', '20839', '13497', '3384', '7489']"
"[7, 3]","[17, 18]","['61767', '52457', '75828', '64781', '51240']",51240,"['51240', '52457', '75828', '61767', '64781']"
"[0, 24]","[18, 25]","['48780', '31926', '37989', '74418', '62071']",62071,"['62071', '74418', '48780', '31926', '37989']"
"[15, 28]","[3, 28]","['38548', '67905', '3258', '23274', '42226']",42226,"['3258', '23274', '38548', '42226', '67905']"
"[3, 17]","[15, 28]","['64047', '38478', '54792', '12043', '3258']",3258,"['38478', '3258', '54792', '12043', '64047']"
"[0, 7]","[18, 23]","['66807', '15613', '65801', '72266', '67584']",67584,"['67584', '65801', '72266', '15613', '66807']"
"[15, 17]","[3, 28]","['60915', '47834', '1225', '11908', '42226']",42226,"['60915', '47834', '11908', '42226', '1225']"
"[17, 18]","[7, 1]","['51240', '66316', '31693', '46660', '8109']",8109,"['51240', '8109', '31693', '46660', '66316']"
"[3, 17]","[15, 17]","['12043', '33084', '54792', '64047', '1225']",1225,"['12043', '33084', '64047', '1225', '54792']"
"[0, 0]","[18, 23]","['28082', '8176', '78009', '14834', '15451']",15451,"['8176', '15451', '78009', '14834', '28082']"
"[3, 5]","[15, 28]","['74226', '63514', '12162', '64', '38548']",38548,"['74226', '12162', '63514', '38548', '64']"
"[0, 14]","[18, 23]","['39894', '17291', '37963', '1261', '64247']",64247,"['39894', '64247', '1261', '37963', '17291']"
"[18, 25]","[0, 14]","['73827', '25711', '4132', '3282', '75707']",75707,"['25711', '4132', '75707', '3282', '73827']"
"[15, 21]","[3, 4]","['3384', '7489', '20839', '13497', '11039']",11039,"['11039', '3384', '20839', '13497', '7489']"
"[0, 2]","[18, 23]","['62759', '44802', '32703', '60860', '64247']",64247,"['44802', '62759', '64247', '60860', '32703']"
"[15, 28]","[3, 28]","['23274', '67905', '3258', '10526', '55090']",55090,"['10526', '67905', '55090', '23274', '3258']"
"[0, 14]","[18, 23]","['1261', '17291', '42604', '37963', '59794']",59794,"['42604', '37963', '17291', '1261', '59794']"
"[18, 25]","[0, 0]","['3282', '25711', '4132', '62071', '14834']",14834,"['14834', '3282', '4132', '62071', '25711']"
"[0, 6]","[18, 23]","['43036', '59474', '49395', '75880', '12104']",12104,"['75880', '43036', '12104', '59474', '49395']"
"[0, 6]","[18, 23]","['43036', '49395', '41154', '25447', '12104']",12104,"['25447', '41154', '43036', '12104', '49395']"
"[0, 2]","[18, 23]","['67465', '43629', '9836', '70440', '20502']",20502,"['9836', '70440', '43629', '20502', '67465']"
"[3, 21]","[15, 17]","['53064', '14038', '42206', '57272', '47834']",47834,"['47834', '53064', '14038', '57272', '42206']"
"[0, 14]","[18, 25]","['37963', '80522', '42604', '75707', '62071']",62071,"['62071', '42604', '37963', '75707', '80522']"
"[3, 7]","[15, 28]","['19796', '4286', '30859', '73164', '23274']",23274,"['19796', '4286', '73164', '23274', '30859']"
"[0, 7]","[18, 25]","['72266', '66807', '65801', '10984', '62071']",62071,"['66807', '10984', '62071', '65801', '72266']"
"[18, 25]","[0, 14]","['25711', '62071', '73827', '4132', '37963']",37963,"['37963', '62071', '4132', '73827', '25711']"
"[3, 17]","[15, 17]","['38478', '12043', '53579', '64047', '47834']",47834,"['38478', '64047', '53579', '47834', '12043']"
"[15, 21]","[3, 4]","['20839', '13497', '7489', '3384', '9383']",9383,"['13497', '3384', '20839', '9383', '7489']"
"[3, 16]","[15, 21]","['11746', '59100', '63317', '56017', '20839']",20839,"['63317', '56017', '59100', '20839', '11746']"
"[17, 18]","[7, 3]","['66935', '46660', '6955', '66316', '61767']",61767,"['66316', '46660', '6955', '61767', '66935']"
"[17, 5]","[7, 1]","['33045', '7913', '50221', '72055', '10825']",10825,"['33045', '10825', '7913', '50221', '72055']"
"[15, 28]","[3, 12]","['23274', '67905', '38548', '10526', '27821']",27821,"['38548', '67905', '23274', '10526', '27821']"
"[3, 28]","[15, 28]","['42226', '55090', '8257', '73823', '23274']",23274,"['73823', '23274', '42226', '55090', '8257']"
"[3, 26]","[15, 28]","['50906', '1064', '49864', '40031', '67905']",67905,"['67905', '50906', '49864', '1064', '40031']"
"[3, 28]","[15, 17]","['73823', '42226', '8257', '12683', '1225']",1225,"['73823', '42226', '1225', '8257', '12683']"
"[3, 7]","[15, 13]","['4286', '30859', '19796', '19992', '24364']",24364,"['30859', '4286', '19796', '24364', '19992']"
"[18, 25]","[0, 6]","['4132', '73827', '62071', '25711', '59474']",59474,"['25711', '4132', '73827', '62071', '59474']"
"[3, 28]","[15, 28]","['55090', '12683', '8257', '73823', '67905']",67905,"['73823', '55090', '12683', '8257', '67905']"
"[17, 5]","[7, 20]","['50221', '7913', '33045', '72055', '2425']",2425,"['50221', '33045', '72055', '7913', '2425']"
"[3, 4]","[15, 17]","['35787', '9383', '11039', '20671', '11908']",11908,"['11039', '20671', '35787', '11908', '9383']"
"[3, 7]","[15, 13]","['73164', '19992', '37907', '30859', '53137']",53137,"['73164', '37907', '30859', '53137', '19992']"
"[3, 7]","[15, 13]","['73164', '19992', '19796', '4286', '24364']",24364,"['4286', '73164', '19992', '19796', '24364']"
"[17, 5]","[7, 1]","['33045', '7913', '72055', '50221', '16951']",16951,"['16951', '7913', '50221', '72055', '33045']"
"[18, 23]","[0, 0]","['32105', '72978', '25667', '15451', '28082']",28082,"['28082', '32105', '25667', '15451', '72978']"
"[3, 28]","[15, 21]","['55090', '73823', '8257', '42226', '3384']",3384,"['73823', '55090', '8257', '3384', '42226']"
"[18, 25]","[0, 2]","['62071', '3282', '4132', '73827', '44125']",44125,"['62071', '4132', '3282', '44125', '73827']"
"[0, 0]","[18, 23]","['78009', '28082', '14834', '8176', '14167']",14167,"['8176', '14834', '28082', '78009', '14167']"
"[15, 17]","[3, 21]","['11908', '60915', '1225', '47834', '57272']",57272,"['11908', '60915', '47834', '57272', '1225']"
"[7, 1]","[17, 5]","['17550', '10825', '12421', '12376', '7913']",7913,"['12376', '12421', '17550', '10825', '7913']"
"[0, 2]","[18, 25]","['9639', '63508', '44802', '70440', '73827']",73827,"['70440', '9639', '44802', '73827', '63508']"
"[18, 23]","[0, 14]","['12104', '14167', '78682', '48306', '75707']",75707,"['78682', '14167', '12104', '75707', '48306']"
"[3, 16]","[15, 17]","['177', '56017', '63317', '11746', '47834']",47834,"['47834', '177', '11746', '56017', '63317']"
"[17, 21]","[7, 20]","['40487', '69704', '62454', '78147', '2277']",2277,"['69704', '40487', '62454', '2277', '78147']"
"[7, 3]","[17, 18]","['75828', '64781', '61767', '52457', '31693']",31693,"['31693', '61767', '52457', '64781', '75828']"
"[17, 5]","[7, 22]","['33045', '72055', '7913', '50221', '31113']",31113,"['33045', '7913', '72055', '31113', '50221']"
"[3, 26]","[15, 13]","['11033', '72586', '18887', '49864', '53137']",53137,"['49864', '72586', '11033', '53137', '18887']"
"[3, 17]","[15, 13]","['12043', '38478', '53579', '54792', '25079']",25079,"['54792', '38478', '12043', '53579', '25079']"
"[3, 26]","[15, 13]","['40031', '72586', '9147', '34449', '24364']",24364,"['9147', '40031', '34449', '24364', '72586']"
"[17, 21]","[7, 1]","['69704', '62549', '78147', '62454', '12421']",12421,"['62549', '12421', '69704', '78147', '62454']"
"[0, 7]","[18, 23]","['10984', '66807', '72266', '15613', '37360']",37360,"['10984', '15613', '37360', '72266', '66807']"
"[15, 17]","[3, 4]","['1225', '60915', '11908', '47834', '35787']",35787,"['1225', '35787', '60915', '11908', '47834']"
"[0, 24]","[18, 25]","['74418', '48780', '37989', '31926', '4132']",4132,"['37989', '74418', '4132', '48780', '31926']"
"[3, 21]","[15, 28]","['42206', '53064', '14038', '57272', '67905']",67905,"['14038', '42206', '53064', '57272', '67905']"
"[18, 23]","[0, 2]","['67584', '61353', '5909', '64148', '66847']",66847,"['66847', '5909', '67584', '61353', '64148']"
"[3, 16]","[15, 13]","['63317', '59100', '56017', '11746', '34763']",34763,"['63317', '11746', '59100', '56017', '34763']"
"[0, 7]","[18, 23]","['15613', '66807', '10984', '72266', '26755']",26755,"['66807', '10984', '26755', '72266', '15613']"
"[0, 0]","[18, 25]","['8176', '28082', '78009', '14834', '25711']",25711,"['78009', '28082', '25711', '14834', '8176']"
"[3, 28]","[15, 17]","['12683', '8257', '42226', '55090', '60915']",60915,"['55090', '42226', '60915', '8257', '12683']"
"[15, 28]","[3, 26]","['10526', '3258', '23274', '38548', '11033']",11033,"['3258', '38548', '11033', '10526', '23274']"
"[3, 16]","[15, 13]","['177', '59100', '56017', '11746', '24364']",24364,"['11746', '177', '24364', '56017', '59100']"
"[0, 7]","[18, 23]","['15613', '65801', '72266', '66807', '40817']",40817,"['72266', '40817', '66807', '15613', '65801']"
"[15, 21]","[3, 4]","['7489', '3384', '20839', '13497', '35787']",35787,"['20839', '3384', '7489', '35787', '13497']"
"[17, 18]","[7, 20]","['21543', '51240', '46660', '21408', '54372']",54372,"['21543', '21408', '51240', '54372', '46660']"
"[18, 25]","[0, 7]","['73827', '25711', '3282', '62071', '15613']",15613,"['3282', '25711', '73827', '62071', '15613']"
"[15, 17]","[3, 3]","['47834', '1225', '60915', '11908', '10131']",10131,"['11908', '60915', '1225', '10131', '47834']"
"[15, 28]","[3, 21]","['10526', '3258', '67905', '38548', '57272']",57272,"['38548', '67905', '3258', '57272', '10526']"
"[7, 1]","[17, 5]","['12421', '8109', '53652', '12376', '7913']",7913,"['53652', '7913', '12376', '8109', '12421']"
"[3, 16]","[15, 28]","['56017', '177', '63317', '11746', '23274']",23274,"['23274', '177', '56017', '11746', '63317']"
"[0, 6]","[18, 25]","['43036', '49395', '43375', '59474', '25711']",25711,"['59474', '25711', '43375', '43036', '49395']"
"[0, 24]","[18, 23]","['48780', '31926', '37989', '74418', '14167']",14167,"['37989', '74418', '31926', '48780', '14167']"
"[15, 21]","[3, 3]","['13497', '3384', '7489', '20839', '22002']",22002,"['20839', '7489', '13497', '22002', '3384']"
"[17, 18]","[7, 3]","['21408', '66935', '51240', '70105', '61767']",61767,"['66935', '21408', '61767', '51240', '70105']"
"[3, 26]","[15, 28]","['50906', '9147', '49864', '40031', '67905']",67905,"['40031', '9147', '67905', '49864', '50906']"
"[0, 14]","[18, 23]","['80522', '37963', '17291', '1261', '48306']",48306,"['80522', '1261', '17291', '48306', '37963']"
"[17, 18]","[7, 3]","['6955', '21543', '46660', '70105', '61767']",61767,"['21543', '70105', '61767', '6955', '46660']"
"[0, 2]","[18, 25]","['51831', '63508', '43629', '44125', '3282']",3282,"['51831', '3282', '43629', '44125', '63508']"
"[15, 28]","[3, 21]","['38548', '67905', '3258', '23274', '53064']",53064,"['3258', '23274', '38548', '53064', '67905']"
"[15, 28]","[3, 5]","['3258', '38548', '10526', '67905', '64']",64,"['3258', '64', '10526', '38548', '67905']"
"[3, 4]","[15, 21]","['20671', '9383', '35787', '11039', '7489']",7489,"['35787', '20671', '7489', '9383', '11039']"
"[15, 28]","[3, 5]","['3258', '23274', '10526', '38548', '63514']",63514,"['3258', '10526', '63514', '38548', '23274']"
"[3, 21]","[15, 17]","['57272', '42206', '47060', '53064', '60915']",60915,"['53064', '60915', '47060', '57272', '42206']"
"[0, 7]","[18, 25]","['66807', '65801', '72266', '15613', '62071']",62071,"['62071', '72266', '66807', '65801', '15613']"
"[3, 26]","[15, 28]","['34449', '32729', '68096', '40031', '67905']",67905,"['40031', '32729', '34449', '67905', '68096']"
"[18, 23]","[0, 2]","['12104', '25667', '14167', '5909', '63508']",63508,"['5909', '12104', '63508', '25667', '14167']"
"[7, 22]","[17, 21]","['31113', '23132', '40679', '79411', '69704']",69704,"['79411', '23132', '31113', '40679', '69704']"
"[15, 21]","[3, 7]","['13497', '3384', '20839', '7489', '4286']",4286,"['7489', '4286', '3384', '13497', '20839']"
"[18, 23]","[0, 6]","['42151', '72978', '37360', '26052', '75880']",75880,"['37360', '72978', '75880', '42151', '26052']"
"[17, 21]","[7, 3]","['9795', '69704', '62454', '40487', '64781']",64781,"['62454', '40487', '64781', '9795', '69704']"
"[3, 26]","[15, 13]","['68096', '72586', '1064', '34449', '34763']",34763,"['34449', '34763', '72586', '68096', '1064']"
"[7, 1]","[17, 21]","['16951', '10825', '12376', '17550', '62454']",62454,"['12376', '62454', '17550', '16951', '10825']"
"[0, 14]","[18, 25]","['42604', '39894', '17291', '1261', '73827']",73827,"['73827', '1261', '39894', '17291', '42604']"
"[0, 14]","[18, 23]","['1261', '17291', '75707', '80522', '65195']",65195,"['80522', '17291', '75707', '65195', '1261']"
"[3, 16]","[15, 13]","['11746', '56017', '63317', '59100', '53137']",53137,"['56017', '59100', '63317', '53137', '11746']"
"[15, 17]","[3, 12]","['1225', '60915', '47834', '11908', '37955']",37955,"['47834', '37955', '1225', '11908', '60915']"
"[0, 24]","[18, 23]","['48780', '37989', '74418', '31926', '59794']",59794,"['74418', '37989', '48780', '59794', '31926']"
"[18, 23]","[0, 0]","['78682', '72365', '64148', '5909', '78009']",78009,"['5909', '64148', '78682', '72365', '78009']"
"[17, 18]","[7, 22]","['21408', '21543', '70105', '66316', '31113']",31113,"['66316', '21543', '70105', '31113', '21408']"
"[15, 21]","[3, 5]","['7489', '20839', '3384', '13497', '63514']",63514,"['3384', '63514', '20839', '7489', '13497']"
"[0, 14]","[18, 25]","['42604', '1261', '75707', '17291', '25711']",25711,"['17291', '1261', '42604', '75707', '25711']"
"[0, 2]","[18, 25]","['67842', '51831', '66847', '48095', '62071']",62071,"['62071', '48095', '67842', '66847', '51831']"
"[17, 21]","[7, 1]","['40487', '62549', '78147', '62454', '8109']",8109,"['40487', '8109', '78147', '62549', '62454']"
"[18, 23]","[0, 0]","['67584', '72365', '64247', '14167', '78009']",78009,"['14167', '72365', '64247', '78009', '67584']"
"[7, 1]","[17, 18]","['10825', '53652', '12421', '3536', '6955']",6955,"['53652', '10825', '6955', '12421', '3536']"
"[15, 28]","[3, 17]","['38548', '23274', '3258', '67905', '12043']",12043,"['12043', '3258', '23274', '67905', '38548']"
"[0, 6]","[18, 25]","['59474', '43036', '49395', '25447', '3282']",3282,"['3282', '43036', '49395', '25447', '59474']"
"[17, 18]","[7, 20]","['70105', '31693', '66316', '6955', '2277']",2277,"['66316', '6955', '70105', '31693', '2277']"
"[0, 0]","[18, 23]","['28082', '78009', '14834', '8176', '40817']",40817,"['78009', '40817', '8176', '28082', '14834']"
"[0, 14]","[18, 25]","['37963', '39894', '80522', '1261', '73827']",73827,"['39894', '37963', '1261', '80522', '73827']"
"[7, 1]","[17, 5]","['16951', '12376', '53652', '12421', '7913']",7913,"['16951', '12421', '7913', '12376', '53652']"
"[15, 28]","[3, 7]","['38548', '67905', '3258', '10526', '73164']",73164,"['38548', '73164', '67905', '3258', '10526']"
"[3, 5]","[15, 21]","['74226', '12162', '64', '63514', '3384']",3384,"['3384', '12162', '74226', '64', '63514']"
"[0, 24]","[18, 23]","['48780', '74418', '37989', '31926', '64148']",64148,"['31926', '48780', '64148', '37989', '74418']"
"[0, 14]","[18, 23]","['75707', '37963', '17291', '80522', '26755']",26755,"['80522', '37963', '17291', '26755', '75707']"
"[3, 3]","[15, 21]","['72700', '10131', '994', '10017', '3384']",3384,"['994', '10017', '10131', '72700', '3384']"
"[3, 5]","[15, 17]","['63514', '64', '74226', '12162', '1225']",1225,"['74226', '12162', '1225', '64', '63514']"
"[0, 24]","[18, 25]","['74418', '37989', '48780', '31926', '3282']",3282,"['31926', '3282', '74418', '48780', '37989']"
"[17, 18]","[7, 20]","['66316', '46660', '6955', '21408', '55305']",55305,"['66316', '6955', '55305', '21408', '46660']"
"[18, 23]","[0, 2]","['26755', '14167', '25667', '10433', '45218']",45218,"['45218', '10433', '26755', '14167', '25667']"
"[3, 26]","[15, 28]","['19246', '68096', '34449', '50906', '67905']",67905,"['67905', '50906', '68096', '19246', '34449']"
"[0, 2]","[18, 23]","['67842', '45218', '60860', '44145', '14167']",14167,"['14167', '44145', '45218', '67842', '60860']"
"[3, 7]","[15, 28]","['4286', '73164', '30859', '19796', '3258']",3258,"['73164', '30859', '4286', '19796', '3258']"
"[3, 21]","[15, 21]","['53064', '14038', '42206', '57272', '3384']",3384,"['14038', '53064', '3384', '42206', '57272']"
"[7, 20]","[17, 21]","['2425', '2277', '55305', '54372', '69704']",69704,"['2425', '54372', '69704', '2277', '55305']"
"[15, 21]","[3, 5]","['3384', '20839', '13497', '7489', '64']",64,"['64', '3384', '20839', '7489', '13497']"
"[0, 14]","[18, 25]","['39894', '42604', '37963', '80522', '25711']",25711,"['80522', '42604', '39894', '37963', '25711']"
"[15, 17]","[3, 26]","['60915', '11908', '1225', '47834', '1064']",1064,"['1064', '1225', '47834', '11908', '60915']"
"[17, 21]","[7, 3]","['62549', '9795', '78147', '40487', '61767']",61767,"['78147', '61767', '40487', '62549', '9795']"
"[15, 28]","[3, 5]","['23274', '67905', '38548', '10526', '64']",64,"['38548', '10526', '67905', '23274', '64']"
"[0, 7]","[18, 25]","['66807', '65801', '72266', '15613', '4132']",4132,"['65801', '15613', '66807', '72266', '4132']"
"[0, 2]","[18, 23]","['43629', '60860', '54867', '45218', '6216']",6216,"['60860', '45218', '54867', '6216', '43629']"
"[3, 7]","[15, 17]","['19796', '37907', '73164', '4286', '60915']",60915,"['4286', '37907', '60915', '19796', '73164']"
"[15, 28]","[3, 28]","['23274', '3258', '38548', '67905', '12683']",12683,"['67905', '3258', '12683', '23274', '38548']"
"[0, 0]","[18, 23]","['8176', '14834', '28082', '78009', '64148']",64148,"['14834', '64148', '8176', '28082', '78009']"
"[18, 25]","[0, 0]","['73827', '3282', '4132', '62071', '28082']",28082,"['3282', '28082', '62071', '4132', '73827']"
"[15, 17]","[3, 3]","['47834', '11908', '60915', '1225', '72700']",72700,"['1225', '11908', '60915', '72700', '47834']"
"[3, 17]","[15, 17]","['38478', '33084', '54792', '12043', '11908']",11908,"['33084', '38478', '54792', '12043', '11908']"
"[3, 16]","[15, 13]","['59100', '63317', '177', '11746', '20590']",20590,"['63317', '20590', '177', '11746', '59100']"
"[18, 23]","[0, 6]","['12104', '32105', '10433', '26755', '75880']",75880,"['26755', '12104', '32105', '75880', '10433']"
"[3, 28]","[15, 17]","['42226', '55090', '8257', '12683', '47834']",47834,"['47834', '42226', '8257', '12683', '55090']"
"[15, 13]","[3, 21]","['42684', '24364', '34763', '53137', '47060']",47060,"['42684', '24364', '53137', '47060', '34763']"
"[17, 5]","[7, 20]","['50221', '7913', '33045', '72055', '54372']",54372,"['54372', '33045', '50221', '7913', '72055']"
"[3, 7]","[15, 28]","['30859', '19796', '37907', '19992', '67905']",67905,"['67905', '37907', '19992', '19796', '30859']"
"[3, 17]","[15, 17]","['38478', '54792', '53579', '64047', '60915']",60915,"['54792', '60915', '53579', '64047', '38478']"
"[18, 23]","[0, 24]","['72365', '12104', '72978', '42151', '74418']",74418,"['42151', '12104', '74418', '72978', '72365']"
"[0, 7]","[18, 25]","['15613', '10984', '65801', '66807', '4132']",4132,"['15613', '10984', '66807', '4132', '65801']"
"[15, 28]","[3, 17]","['3258', '67905', '23274', '10526', '38478']",38478,"['23274', '38478', '10526', '3258', '67905']"
"[0, 14]","[18, 25]","['80522', '37963', '42604', '17291', '62071']",62071,"['80522', '42604', '62071', '37963', '17291']"
"[0, 6]","[18, 23]","['25447', '75880', '59474', '49395', '72978']",72978,"['49395', '25447', '72978', '59474', '75880']"
"[0, 6]","[18, 25]","['25447', '43375', '59474', '43036', '3282']",3282,"['3282', '59474', '43036', '43375', '25447']"
"[0, 6]","[18, 25]","['43375', '49395', '75880', '41154', '73827']",73827,"['43375', '73827', '75880', '41154', '49395']"
"[0, 14]","[18, 25]","['17291', '80522', '42604', '39894', '62071']",62071,"['62071', '80522', '39894', '42604', '17291']"
"[0, 2]","[18, 25]","['80744', '32703', '28242', '67465', '25711']",25711,"['28242', '32703', '67465', '25711', '80744']"
"[3, 16]","[15, 28]","['11746', '63317', '56017', '59100', '38548']",38548,"['11746', '59100', '56017', '38548', '63317']"
"[17, 21]","[7, 22]","['9795', '62454', '62549', '40487', '40679']",40679,"['62454', '40487', '9795', '62549', '40679']"
"[18, 23]","[0, 7]","['42151', '78682', '67584', '32105', '10984']",10984,"['42151', '67584', '78682', '10984', '32105']"
"[0, 6]","[18, 25]","['43375', '25447', '59474', '75880', '3282']",3282,"['25447', '43375', '75880', '59474', '3282']"
"[3, 17]","[15, 28]","['38478', '64047', '53579', '12043', '23274']",23274,"['12043', '38478', '53579', '23274', '64047']"
"[0, 24]","[18, 23]","['48780', '74418', '31926', '37989', '12104']",12104,"['12104', '37989', '48780', '74418', '31926']"
"[3, 7]","[15, 17]","['30859', '37907', '19992', '19796', '11908']",11908,"['19796', '30859', '11908', '37907', '19992']"
"[15, 13]","[3, 28]","['24364', '42684', '25079', '53137', '73823']",73823,"['73823', '25079', '24364', '53137', '42684']"
"[15, 21]","[3, 17]","['13497', '20839', '7489', '3384', '53579']",53579,"['20839', '53579', '7489', '3384', '13497']"
"[7, 22]","[17, 18]","['79411', '31113', '40679', '23132', '21543']",21543,"['79411', '40679', '31113', '21543', '23132']"
"[17, 5]","[7, 1]","['33045', '72055', '7913', '50221', '17550']",17550,"['7913', '33045', '17550', '72055', '50221']"
"[3, 4]","[15, 13]","['20671', '35787', '9383', '11039', '25079']",25079,"['35787', '11039', '9383', '20671', '25079']"
"[0, 14]","[18, 25]","['80522', '39894', '42604', '75707', '73827']",73827,"['80522', '73827', '42604', '75707', '39894']"
"[3, 16]","[15, 28]","['63317', '56017', '177', '59100', '67905']",67905,"['63317', '59100', '56017', '67905', '177']"
"[15, 21]","[3, 16]","['20839', '7489', '13497', '3384', '11746']",11746,"['3384', '11746', '7489', '20839', '13497']"
"[18, 23]","[0, 7]","['10433', '48306', '64247', '26052', '72266']",72266,"['48306', '64247', '72266', '26052', '10433']"
"[0, 2]","[18, 25]","['28242', '51831', '43995', '60860', '62071']",62071,"['62071', '43995', '60860', '28242', '51831']"
"[0, 14]","[18, 25]","['80522', '39894', '1261', '75707', '4132']",4132,"['39894', '80522', '4132', '1261', '75707']"
"[0, 24]","[18, 23]","['31926', '37989', '48780', '74418', '5909']",5909,"['37989', '5909', '74418', '31926', '48780']"
"[15, 28]","[3, 28]","['67905', '10526', '23274', '3258', '73823']",73823,"['10526', '73823', '3258', '67905', '23274']"
"[17, 21]","[7, 20]","['78147', '69704', '9795', '40487', '2277']",2277,"['69704', '2277', '9795', '78147', '40487']"
"[7, 3]","[17, 21]","['52457', '75828', '61767', '64781', '78147']",78147,"['64781', '78147', '75828', '61767', '52457']"
"[7, 1]","[17, 5]","['8109', '17550', '16951', '10825', '7913']",7913,"['7913', '8109', '16951', '17550', '10825']"
"[3, 3]","[15, 28]","['994', '22487', '10017', '10131', '23274']",23274,"['22487', '10131', '994', '23274', '10017']"
"[18, 23]","[0, 6]","['59794', '64148', '64247', '48306', '41154']",41154,"['48306', '59794', '41154', '64148', '64247']"
"[7, 22]","[17, 18]","['79411', '31113', '40679', '23132', '66935']",66935,"['23132', '31113', '66935', '40679', '79411']"
"[3, 28]","[15, 28]","['73823', '8257', '55090', '12683', '10526']",10526,"['12683', '73823', '55090', '10526', '8257']"
"[0, 14]","[18, 23]","['37963', '39894', '80522', '75707', '15451']",15451,"['37963', '39894', '75707', '15451', '80522']"
"[0, 2]","[18, 25]","['43995', '28242', '67465', '32703', '25711']",25711,"['67465', '25711', '32703', '43995', '28242']"
"[3, 21]","[15, 17]","['57272', '14038', '47060', '42206', '11908']",11908,"['47060', '57272', '11908', '14038', '42206']"
"[0, 2]","[18, 25]","['80744', '51831', '66847', '48095', '73827']",73827,"['80744', '73827', '66847', '48095', '51831']"
"[3, 12]","[15, 21]","['37955', '27821', '1181', '20968', '20839']",20839,"['27821', '37955', '1181', '20968', '20839']"
"[3, 21]","[15, 17]","['42206', '14038', '53064', '57272', '60915']",60915,"['14038', '53064', '60915', '57272', '42206']"
"[17, 21]","[7, 3]","['40487', '78147', '69704', '62454', '64781']",64781,"['78147', '64781', '69704', '40487', '62454']"
"[3, 16]","[15, 17]","['63317', '59100', '11746', '56017', '11908']",11908,"['63317', '59100', '11908', '56017', '11746']"
"[15, 21]","[3, 17]","['3384', '20839', '13497', '7489', '54792']",54792,"['3384', '20839', '13497', '7489', '54792']"
"[7, 1]","[17, 21]","['3536', '53652', '12421', '10825', '40487']",40487,"['40487', '3536', '53652', '12421', '10825']"
"[3, 17]","[15, 13]","['53579', '12043', '64047', '38478', '20590']",20590,"['64047', '53579', '38478', '20590', '12043']"
"[0, 14]","[18, 25]","['1261', '37963', '17291', '39894', '4132']",4132,"['37963', '1261', '39894', '17291', '4132']"
"[7, 1]","[17, 5]","['10825', '16951', '3536', '53652', '50221']",50221,"['16951', '10825', '53652', '3536', '50221']"
"[3, 7]","[15, 21]","['19796', '73164', '37907', '19992', '3384']",3384,"['3384', '19796', '19992', '37907', '73164']"
"[15, 13]","[3, 28]","['25079', '42684', '53137', '24364', '42226']",42226,"['25079', '42226', '24364', '42684', '53137']"
"[3, 26]","[15, 13]","['34449', '32729', '72586', '11033', '53137']",53137,"['34449', '53137', '11033', '32729', '72586']"
"[3, 16]","[15, 21]","['63317', '11746', '56017', '177', '20839']",20839,"['177', '20839', '56017', '11746', '63317']"
"[0, 7]","[18, 23]","['15613', '72266', '65801', '66807', '59794']",59794,"['15613', '59794', '65801', '66807', '72266']"
"[15, 17]","[3, 12]","['47834', '1225', '60915', '11908', '20968']",20968,"['47834', '60915', '20968', '1225', '11908']"
"[3, 16]","[15, 17]","['11746', '56017', '63317', '177', '1225']",1225,"['11746', '56017', '63317', '177', '1225']"
"[3, 28]","[15, 17]","['12683', '8257', '73823', '55090', '47834']",47834,"['73823', '47834', '55090', '8257', '12683']"
"[0, 7]","[18, 23]","['66807', '72266', '65801', '10984', '14167']",14167,"['65801', '72266', '14167', '66807', '10984']"
"[0, 24]","[18, 23]","['31926', '37989', '48780', '74418', '61353']",61353,"['31926', '74418', '37989', '48780', '61353']"
"[3, 3]","[15, 21]","['994', '10017', '72700', '22002', '3384']",3384,"['22002', '3384', '994', '72700', '10017']"
"[0, 0]","[18, 23]","['78009', '8176', '28082', '14834', '65195']",65195,"['8176', '65195', '78009', '14834', '28082']"
"[17, 18]","[7, 22]","['66316', '21543', '46660', '51240', '23132']",23132,"['46660', '23132', '21543', '51240', '66316']"
"[17, 18]","[7, 22]","['31693', '66316', '46660', '21543', '40679']",40679,"['46660', '31693', '40679', '21543', '66316']"
"[3, 26]","[15, 13]","['49864', '11033', '32729', '19246', '42684']",42684,"['32729', '11033', '19246', '42684', '49864']"
"[15, 21]","[3, 3]","['7489', '3384', '13497', '20839', '72700']",72700,"['13497', '20839', '3384', '7489', '72700']"
"[15, 13]","[3, 7]","['34763', '20590', '53137', '42684', '73164']",73164,"['20590', '34763', '53137', '42684', '73164']"
"[15, 17]","[3, 3]","['60915', '47834', '1225', '11908', '30004']",30004,"['60915', '11908', '1225', '47834', '30004']"
"[15, 28]","[3, 26]","['10526', '67905', '23274', '3258', '40031']",40031,"['10526', '23274', '67905', '40031', '3258']"
"[0, 2]","[18, 25]","['59390', '67465', '44125', '27625', '3282']",3282,"['3282', '67465', '44125', '27625', '59390']"
"[3, 26]","[15, 28]","['9147', '32729', '72586', '34449', '38548']",38548,"['72586', '32729', '38548', '9147', '34449']"
"[17, 18]","[7, 22]","['66316', '51240', '46660', '70105', '79411']",79411,"['51240', '66316', '79411', '70105', '46660']"
"[3, 7]","[15, 28]","['4286', '19796', '37907', '73164', '38548']",38548,"['19796', '4286', '73164', '37907', '38548']"
"[18, 23]","[0, 0]","['61353', '32105', '15451', '72365', '78009']",78009,"['61353', '15451', '72365', '32105', '78009']"
"[18, 25]","[0, 2]","['25711', '62071', '4132', '3282', '60860']",60860,"['62071', '4132', '3282', '60860', '25711']"
"[3, 3]","[15, 21]","['10131', '22002', '10017', '72700', '3384']",3384,"['10131', '72700', '22002', '10017', '3384']"
"[17, 5]","[7, 22]","['72055', '33045', '50221', '7913', '40679']",40679,"['33045', '50221', '40679', '72055', '7913']"
"[0, 2]","[18, 25]","['43629', '67465', '43995', '27625', '25711']",25711,"['43629', '27625', '25711', '43995', '67465']"
"[3, 21]","[15, 21]","['57272', '14038', '42206', '47060', '3384']",3384,"['3384', '14038', '42206', '47060', '57272']"
"[3, 26]","[15, 17]","['49864', '72586', '40031', '68096', '60915']",60915,"['72586', '68096', '40031', '60915', '49864']"
"[3, 16]","[15, 28]","['56017', '63317', '177', '11746', '38548']",38548,"['11746', '63317', '38548', '177', '56017']"
"[3, 5]","[15, 13]","['74226', '63514', '64', '12162', '68970']",68970,"['64', '74226', '63514', '12162', '68970']"
"[17, 21]","[7, 3]","['78147', '40487', '62549', '62454', '61767']",61767,"['40487', '78147', '62549', '62454', '61767']"
"[0, 0]","[18, 23]","['14834', '78009', '8176', '28082', '25667']",25667,"['25667', '78009', '14834', '8176', '28082']"
"[0, 6]","[18, 23]","['25447', '49395', '59474', '75880', '37360']",37360,"['75880', '59474', '25447', '49395', '37360']"
"[18, 23]","[0, 2]","['61353', '26052', '67584', '12104', '43629']",43629,"['67584', '43629', '26052', '61353', '12104']"
"[17, 21]","[7, 20]","['78147', '40487', '62549', '69704', '54372']",54372,"['78147', '40487', '62549', '54372', '69704']"
"[3, 17]","[15, 21]","['64047', '38478', '53579', '54792', '20839']",20839,"['38478', '20839', '54792', '64047', '53579']"
"[18, 23]","[0, 6]","['48306', '37360', '20502', '12104', '43375']",43375,"['12104', '48306', '37360', '20502', '43375']"
"[0, 2]","[18, 25]","['51831', '66847', '70440', '44802', '73827']",73827,"['51831', '73827', '70440', '66847', '44802']"
"[3, 7]","[15, 17]","['19796', '4286', '30859', '37907', '47834']",47834,"['37907', '19796', '4286', '47834', '30859']"
"[3, 21]","[15, 13]","['57272', '53064', '14038', '47060', '53137']",53137,"['14038', '57272', '47060', '53064', '53137']"
"[3, 26]","[15, 17]","['1064', '50906', '34449', '72586', '47834']",47834,"['47834', '50906', '1064', '72586', '34449']"
"[15, 28]","[3, 28]","['38548', '10526', '3258', '67905', '8257']",8257,"['3258', '67905', '38548', '8257', '10526']"
"[3, 21]","[15, 28]","['53064', '42206', '14038', '57272', '38548']",38548,"['38548', '57272', '14038', '42206', '53064']"
"[15, 17]","[3, 5]","['47834', '11908', '1225', '60915', '64']",64,"['47834', '64', '1225', '11908', '60915']"
"[0, 2]","[18, 25]","['9836', '44125', '67465', '67842', '73827']",73827,"['44125', '9836', '73827', '67465', '67842']"
"[15, 17]","[3, 28]","['60915', '1225', '11908', '47834', '73823']",73823,"['60915', '47834', '73823', '1225', '11908']"
"[15, 13]","[3, 4]","['42684', '20590', '34763', '68970', '35787']",35787,"['42684', '34763', '68970', '35787', '20590']"
"[7, 22]","[17, 21]","['79411', '40679', '31113', '23132', '78147']",78147,"['31113', '23132', '78147', '79411', '40679']"
"[17, 18]","[7, 20]","['31693', '6955', '51240', '46660', '2425']",2425,"['31693', '2425', '6955', '46660', '51240']"
"[18, 23]","[0, 14]","['72978', '72365', '32105', '42151', '37963']",37963,"['42151', '72978', '37963', '72365', '32105']"
"[17, 18]","[7, 1]","['21543', '6955', '46660', '21408', '53652']",53652,"['46660', '21543', '21408', '53652', '6955']"
"[3, 7]","[15, 17]","['19992', '37907', '19796', '4286', '1225']",1225,"['37907', '1225', '19992', '4286', '19796']"
"[17, 18]","[7, 22]","['46660', '66935', '31693', '51240', '31113']",31113,"['31693', '51240', '31113', '66935', '46660']"
"[7, 3]","[17, 18]","['64781', '61767', '52457', '75828', '46660']",46660,"['75828', '61767', '46660', '52457', '64781']"
"[15, 17]","[3, 5]","['60915', '47834', '11908', '1225', '63514']",63514,"['60915', '47834', '1225', '11908', '63514']"
"[0, 2]","[18, 23]","['59390', '70440', '54867', '66847', '65195']",65195,"['66847', '65195', '70440', '59390', '54867']"
"[3, 26]","[15, 28]","['32729', '11033', '9147', '72586', '38548']",38548,"['32729', '11033', '72586', '9147', '38548']"
"[17, 18]","[7, 1]","['51240', '46660', '21408', '31693', '16951']",16951,"['16951', '46660', '31693', '21408', '51240']"
"[0, 14]","[18, 23]","['39894', '75707', '80522', '17291', '37360']",37360,"['17291', '37360', '75707', '80522', '39894']"
"[18, 23]","[0, 0]","['59794', '65195', '72365', '61353', '78009']",78009,"['65195', '61353', '59794', '72365', '78009']"
"[15, 28]","[3, 26]","['10526', '3258', '67905', '23274', '11033']",11033,"['3258', '10526', '67905', '11033', '23274']"
"[0, 7]","[18, 23]","['10984', '66807', '72266', '65801', '26052']",26052,"['10984', '72266', '66807', '65801', '26052']"
"[0, 7]","[18, 23]","['65801', '10984', '66807', '72266', '78682']",78682,"['78682', '65801', '10984', '72266', '66807']"
"[0, 6]","[18, 25]","['43036', '49395', '75880', '41154', '4132']",4132,"['43036', '4132', '49395', '75880', '41154']"
"[0, 14]","[18, 23]","['17291', '80522', '75707', '37963', '61353']",61353,"['75707', '37963', '80522', '61353', '17291']"
"[3, 21]","[15, 21]","['57272', '42206', '47060', '14038', '7489']",7489,"['42206', '47060', '14038', '57272', '7489']"
"[15, 28]","[3, 26]","['10526', '38548', '3258', '23274', '68096']",68096,"['68096', '10526', '3258', '23274', '38548']"
"[18, 23]","[0, 24]","['14167', '15451', '64148', '64247', '37989']",37989,"['64247', '14167', '64148', '37989', '15451']"
"[3, 17]","[15, 21]","['64047', '12043', '33084', '38478', '20839']",20839,"['64047', '20839', '38478', '12043', '33084']"
"[17, 21]","[7, 20]","['62454', '9795', '40487', '78147', '2425']",2425,"['9795', '78147', '2425', '62454', '40487']"
"[3, 3]","[15, 17]","['10017', '994', '72700', '30004', '60915']",60915,"['60915', '30004', '72700', '10017', '994']"
"[15, 28]","[3, 3]","['3258', '67905', '38548', '10526', '10131']",10131,"['38548', '10131', '3258', '10526', '67905']"
"[3, 21]","[15, 17]","['57272', '53064', '47060', '14038', '60915']",60915,"['47060', '14038', '57272', '53064', '60915']"
"[7, 1]","[17, 5]","['12376', '3536', '16951', '53652', '50221']",50221,"['16951', '53652', '12376', '3536', '50221']"
"[15, 28]","[3, 7]","['23274', '38548', '10526', '67905', '30859']",30859,"['38548', '67905', '30859', '23274', '10526']"
"[0, 7]","[18, 25]","['66807', '72266', '15613', '10984', '4132']",4132,"['72266', '15613', '4132', '10984', '66807']"
"[15, 28]","[3, 7]","['3258', '67905', '38548', '10526', '19992']",19992,"['10526', '3258', '67905', '19992', '38548']"
"[17, 18]","[7, 1]","['6955', '66316', '46660', '31693', '8109']",8109,"['31693', '6955', '46660', '66316', '8109']"
"[3, 7]","[15, 28]","['19796', '37907', '4286', '19992', '23274']",23274,"['37907', '23274', '4286', '19992', '19796']"
"[3, 16]","[15, 13]","['56017', '63317', '11746', '177', '24364']",24364,"['63317', '56017', '177', '24364', '11746']"
"[3, 3]","[15, 21]","['994', '30004', '10017', '22002', '20839']",20839,"['22002', '30004', '20839', '994', '10017']"
"[17, 21]","[7, 22]","['69704', '40487', '9795', '78147', '40679']",40679,"['9795', '40487', '78147', '40679', '69704']"
"[3, 26]","[15, 21]","['72586', '18887', '40031', '50906', '3384']",3384,"['18887', '3384', '40031', '50906', '72586']"
"[15, 28]","[3, 26]","['38548', '10526', '23274', '67905', '1064']",1064,"['10526', '23274', '38548', '1064', '67905']"
"[3, 3]","[15, 21]","['994', '10017', '72700', '22487', '20839']",20839,"['994', '10017', '22487', '20839', '72700']"
"[0, 6]","[18, 25]","['41154', '59474', '75880', '25447', '3282']",3282,"['75880', '3282', '41154', '59474', '25447']"
"[17, 18]","[7, 20]","['66935', '46660', '70105', '31693', '54372']",54372,"['46660', '54372', '31693', '66935', '70105']"
"[15, 28]","[3, 21]","['23274', '3258', '38548', '10526', '14038']",14038,"['10526', '38548', '14038', '3258', '23274']"
"[0, 6]","[18, 23]","['59474', '41154', '43036', '25447', '67584']",67584,"['43036', '25447', '67584', '59474', '41154']"
"[17, 18]","[7, 3]","['66316', '51240', '21543', '46660', '64781']",64781,"['46660', '66316', '64781', '21543', '51240']"
"[17, 18]","[7, 3]","['21408', '6955', '21543', '46660', '75828']",75828,"['21543', '46660', '6955', '21408', '75828']"
"[3, 21]","[15, 13]","['57272', '47060', '14038', '53064', '34763']",34763,"['53064', '14038', '34763', '57272', '47060']"
"[0, 6]","[18, 23]","['59474', '43036', '49395', '41154', '48306']",48306,"['43036', '48306', '59474', '49395', '41154']"
"[15, 28]","[3, 21]","['38548', '23274', '67905', '10526', '57272']",57272,"['57272', '23274', '10526', '38548', '67905']"
"[15, 17]","[3, 3]","['1225', '11908', '60915', '47834', '10017']",10017,"['11908', '1225', '47834', '10017', '60915']"
"[0, 0]","[18, 23]","['28082', '78009', '14834', '8176', '67584']",67584,"['67584', '8176', '28082', '14834', '78009']"
"[15, 13]","[3, 5]","['68970', '25079', '42684', '20590', '74226']",74226,"['68970', '42684', '74226', '25079', '20590']"
"[3, 7]","[15, 17]","['30859', '4286', '19796', '19992', '47834']",47834,"['19992', '47834', '4286', '30859', '19796']"
"[15, 21]","[3, 26]","['20839', '3384', '7489', '13497', '18887']",18887,"['18887', '7489', '13497', '3384', '20839']"
"[7, 1]","[17, 18]","['10825', '3536', '16951', '12421', '66316']",66316,"['3536', '10825', '16951', '66316', '12421']"
"[17, 21]","[7, 22]","['62549', '9795', '62454', '69704', '79411']",79411,"['9795', '79411', '62549', '69704', '62454']"
"[17, 18]","[7, 20]","['21408', '21543', '46660', '31693', '2277']",2277,"['31693', '46660', '21543', '21408', '2277']"
"[3, 28]","[15, 13]","['8257', '42226', '55090', '12683', '53137']",53137,"['12683', '55090', '42226', '8257', '53137']"
"[18, 23]","[0, 14]","['42151', '15451', '20502', '10433', '75707']",75707,"['75707', '10433', '15451', '42151', '20502']"
"[3, 3]","[15, 17]","['994', '30004', '10131', '22002', '60915']",60915,"['60915', '10131', '994', '22002', '30004']"
"[18, 25]","[0, 14]","['3282', '62071', '73827', '4132', '1261']",1261,"['3282', '73827', '62071', '4132', '1261']"
"[3, 16]","[15, 17]","['63317', '59100', '177', '56017', '11908']",11908,"['63317', '59100', '11908', '177', '56017']"
"[15, 28]","[3, 16]","['10526', '23274', '67905', '38548', '56017']",56017,"['67905', '10526', '56017', '23274', '38548']"
"[0, 14]","[18, 23]","['39894', '1261', '75707', '17291', '26755']",26755,"['17291', '1261', '26755', '39894', '75707']"
"[17, 21]","[7, 22]","['69704', '62454', '40487', '62549', '23132']",23132,"['40487', '62549', '62454', '23132', '69704']"
"[17, 18]","[7, 20]","['6955', '51240', '46660', '66935', '2277']",2277,"['46660', '66935', '2277', '6955', '51240']"
"[3, 26]","[15, 13]","['11033', '18887', '1064', '34449', '25079']",25079,"['11033', '34449', '1064', '25079', '18887']"
"[0, 0]","[18, 23]","['78009', '28082', '14834', '8176', '72978']",72978,"['72978', '78009', '8176', '28082', '14834']"
"[15, 28]","[3, 4]","['23274', '67905', '3258', '38548', '35787']",35787,"['3258', '38548', '67905', '23274', '35787']"
"[0, 6]","[18, 23]","['75880', '59474', '43375', '25447', '12104']",12104,"['25447', '43375', '12104', '75880', '59474']"
"[18, 23]","[0, 24]","['64148', '5909', '14167', '12104', '37989']",37989,"['14167', '5909', '37989', '12104', '64148']"
"[18, 25]","[0, 6]","['25711', '62071', '4132', '3282', '43375']",43375,"['25711', '43375', '3282', '62071', '4132']"
"[15, 21]","[3, 28]","['7489', '3384', '20839', '13497', '55090']",55090,"['13497', '3384', '20839', '55090', '7489']"
"[0, 6]","[18, 23]","['49395', '59474', '43375', '41154', '5909']",5909,"['5909', '41154', '59474', '43375', '49395']"
"[3, 3]","[15, 13]","['30004', '10131', '10017', '22487', '34763']",34763,"['22487', '34763', '10017', '10131', '30004']"
"[3, 16]","[15, 28]","['63317', '177', '11746', '56017', '67905']",67905,"['11746', '63317', '67905', '177', '56017']"
"[17, 18]","[7, 20]","['66316', '31693', '46660', '6955', '2277']",2277,"['46660', '2277', '66316', '31693', '6955']"
"[3, 3]","[15, 17]","['22002', '72700', '10017', '22487', '47834']",47834,"['72700', '47834', '22487', '10017', '22002']"
"[17, 5]","[7, 22]","['7913', '50221', '72055', '33045', '23132']",23132,"['7913', '23132', '72055', '33045', '50221']"
"[17, 18]","[7, 1]","['66935', '51240', '21543', '31693', '12376']",12376,"['12376', '51240', '31693', '66935', '21543']"
"[0, 6]","[18, 25]","['49395', '43036', '25447', '43375', '25711']",25711,"['25447', '43036', '25711', '49395', '43375']"
"[7, 20]","[17, 5]","['2425', '55305', '2277', '54372', '72055']",72055,"['2277', '55305', '2425', '72055', '54372']"
"[15, 17]","[3, 21]","['60915', '11908', '1225', '47834', '47060']",47060,"['60915', '1225', '47060', '47834', '11908']"
"[17, 21]","[7, 20]","['62549', '78147', '62454', '9795', '2277']",2277,"['9795', '78147', '2277', '62454', '62549']"
"[15, 21]","[3, 7]","['20839', '3384', '7489', '13497', '73164']",73164,"['7489', '20839', '13497', '3384', '73164']"
"[0, 0]","[18, 23]","['8176', '78009', '14834', '28082', '32105']",32105,"['32105', '8176', '28082', '14834', '78009']"
"[18, 25]","[0, 2]","['3282', '4132', '73827', '62071', '62759']",62759,"['73827', '3282', '62071', '62759', '4132']"
"[3, 17]","[15, 21]","['38478', '53579', '12043', '33084', '13497']",13497,"['13497', '33084', '53579', '12043', '38478']"
"[3, 3]","[15, 13]","['22487', '10131', '22002', '72700', '68970']",68970,"['22002', '72700', '22487', '10131', '68970']"
"[17, 18]","[7, 1]","['31693', '66316', '6955', '46660', '12421']",12421,"['6955', '12421', '66316', '31693', '46660']"
"[7, 1]","[17, 5]","['12421', '3536', '12376', '8109', '7913']",7913,"['12376', '3536', '8109', '12421', '7913']"
"[18, 25]","[0, 0]","['25711', '4132', '3282', '73827', '78009']",78009,"['73827', '4132', '78009', '25711', '3282']"
"[17, 18]","[7, 3]","['31693', '70105', '21543', '21408', '64781']",64781,"['31693', '70105', '64781', '21408', '21543']"
"[17, 21]","[7, 1]","['78147', '40487', '62549', '9795', '12421']",12421,"['62549', '40487', '78147', '9795', '12421']"
"[3, 16]","[15, 28]","['11746', '63317', '59100', '56017', '3258']",3258,"['59100', '3258', '63317', '11746', '56017']"
"[0, 7]","[18, 23]","['65801', '66807', '15613', '10984', '59794']",59794,"['66807', '65801', '59794', '10984', '15613']"
"[17, 21]","[7, 3]","['9795', '78147', '62454', '69704', '64781']",64781,"['64781', '62454', '69704', '9795', '78147']"
"[15, 28]","[3, 7]","['67905', '10526', '23274', '3258', '30859']",30859,"['10526', '67905', '23274', '3258', '30859']"
"[3, 26]","[15, 28]","['19246', '9147', '1064', '40031', '10526']",10526,"['9147', '40031', '19246', '1064', '10526']"
"[0, 2]","[18, 25]","['59390', '67842', '54867', '32703', '4132']",4132,"['32703', '59390', '4132', '67842', '54867']"
"[15, 13]","[3, 17]","['42684', '20590', '34763', '24364', '12043']",12043,"['34763', '42684', '20590', '12043', '24364']"
"[0, 2]","[18, 25]","['51831', '48095', '66847', '28242', '4132']",4132,"['51831', '66847', '48095', '28242', '4132']"
"[3, 26]","[15, 17]","['72586', '11033', '34449', '68096', '47834']",47834,"['11033', '34449', '72586', '68096', '47834']"
"[7, 1]","[17, 18]","['53652', '17550', '12421', '8109', '66935']",66935,"['66935', '53652', '17550', '12421', '8109']"
"[7, 1]","[17, 21]","['53652', '3536', '12376', '12421', '62549']",62549,"['12376', '53652', '62549', '12421', '3536']"
"[3, 26]","[15, 21]","['11033', '50906', '9147', '18887', '13497']",13497,"['13497', '9147', '50906', '11033', '18887']"
"[18, 25]","[0, 6]","['73827', '3282', '4132', '25711', '43375']",43375,"['4132', '43375', '25711', '3282', '73827']"
"[3, 26]","[15, 13]","['1064', '49864', '50906', '19246', '68970']",68970,"['1064', '19246', '50906', '49864', '68970']"
"[3, 28]","[15, 13]","['42226', '73823', '8257', '12683', '68970']",68970,"['68970', '8257', '12683', '73823', '42226']"
"[3, 26]","[15, 17]","['72586', '34449', '68096', '1064', '47834']",47834,"['68096', '34449', '72586', '47834', '1064']"
"[7, 3]","[17, 21]","['61767', '75828', '64781', '52457', '62454']",62454,"['64781', '62454', '61767', '75828', '52457']"
"[3, 7]","[15, 21]","['73164', '4286', '37907', '30859', '7489']",7489,"['7489', '4286', '37907', '73164', '30859']"
"[0, 2]","[18, 23]","['9639', '60860', '45218', '62759', '32105']",32105,"['60860', '32105', '62759', '9639', '45218']"
"[3, 28]","[15, 17]","['12683', '73823', '55090', '42226', '11908']",11908,"['12683', '73823', '11908', '42226', '55090']"
"[17, 18]","[7, 1]","['70105', '46660', '6955', '31693', '8109']",8109,"['6955', '46660', '8109', '31693', '70105']"
"[0, 14]","[18, 23]","['75707', '42604', '1261', '17291', '5909']",5909,"['42604', '1261', '75707', '17291', '5909']"
"[3, 16]","[15, 21]","['63317', '11746', '177', '59100', '13497']",13497,"['13497', '59100', '177', '11746', '63317']"
"[17, 18]","[7, 1]","['6955', '70105', '21408', '46660', '10825']",10825,"['10825', '70105', '21408', '46660', '6955']"
"[0, 2]","[18, 25]","['44802', '9639', '70440', '45218', '4132']",4132,"['45218', '4132', '70440', '44802', '9639']"
"[15, 13]","[3, 16]","['68970', '24364', '53137', '34763', '177']",177,"['34763', '53137', '68970', '24364', '177']"
"[7, 3]","[17, 18]","['61767', '52457', '64781', '75828', '66935']",66935,"['75828', '52457', '66935', '64781', '61767']"
"[17, 21]","[7, 22]","['78147', '62454', '9795', '69704', '79411']",79411,"['69704', '9795', '79411', '78147', '62454']"
"[18, 23]","[0, 2]","['14167', '32105', '48306', '65195', '28242']",28242,"['65195', '14167', '28242', '48306', '32105']"
"[0, 6]","[18, 23]","['43375', '43036', '75880', '59474', '26755']",26755,"['43375', '43036', '26755', '75880', '59474']"
"[0, 14]","[18, 23]","['42604', '1261', '39894', '37963', '25667']",25667,"['25667', '37963', '42604', '1261', '39894']"
"[15, 13]","[3, 28]","['25079', '42684', '68970', '53137', '8257']",8257,"['25079', '8257', '53137', '68970', '42684']"
"[3, 28]","[15, 21]","['12683', '73823', '42226', '55090', '7489']",7489,"['12683', '42226', '73823', '55090', '7489']"
"[3, 16]","[15, 21]","['11746', '56017', '63317', '59100', '7489']",7489,"['63317', '7489', '56017', '59100', '11746']"
"[15, 28]","[3, 3]","['23274', '38548', '3258', '10526', '22002']",22002,"['10526', '22002', '23274', '38548', '3258']"
"[3, 21]","[15, 13]","['53064', '42206', '14038', '47060', '53137']",53137,"['53137', '47060', '53064', '14038', '42206']"
"[7, 1]","[17, 18]","['3536', '53652', '12376', '17550', '66316']",66316,"['53652', '3536', '17550', '66316', '12376']"
"[0, 14]","[18, 25]","['39894', '17291', '42604', '75707', '4132']",4132,"['39894', '75707', '17291', '42604', '4132']"
"[3, 3]","[15, 13]","['994', '30004', '10017', '22002', '68970']",68970,"['22002', '994', '30004', '68970', '10017']"
"[15, 13]","[3, 5]","['20590', '34763', '68970', '42684', '12162']",12162,"['42684', '20590', '68970', '12162', '34763']"
"[3, 7]","[15, 17]","['30859', '73164', '19992', '37907', '1225']",1225,"['37907', '30859', '1225', '19992', '73164']"
"[15, 17]","[3, 3]","['11908', '1225', '60915', '47834', '22002']",22002,"['22002', '60915', '47834', '1225', '11908']"
"[3, 21]","[15, 13]","['57272', '14038', '47060', '53064', '24364']",24364,"['53064', '57272', '24364', '47060', '14038']"
"[15, 17]","[3, 7]","['60915', '47834', '11908', '1225', '37907']",37907,"['47834', '60915', '1225', '11908', '37907']"
"[3, 5]","[15, 17]","['74226', '64', '12162', '63514', '47834']",47834,"['63514', '74226', '64', '12162', '47834']"
"[0, 2]","[18, 25]","['80744', '45218', '44145', '62759', '73827']",73827,"['62759', '73827', '80744', '45218', '44145']"
"[0, 14]","[18, 25]","['42604', '39894', '37963', '1261', '4132']",4132,"['37963', '42604', '1261', '39894', '4132']"
"[3, 21]","[15, 21]","['53064', '47060', '14038', '42206', '3384']",3384,"['47060', '3384', '14038', '53064', '42206']"
"[18, 23]","[0, 0]","['26755', '72365', '67584', '59794', '14834']",14834,"['59794', '26755', '72365', '67584', '14834']"
"[0, 2]","[18, 25]","['51831', '63508', '67465', '60860', '73827']",73827,"['51831', '63508', '60860', '67465', '73827']"
"[18, 23]","[0, 6]","['64247', '61353', '64148', '20502', '59474']",59474,"['64148', '20502', '61353', '64247', '59474']"
"[17, 21]","[7, 22]","['69704', '78147', '62549', '40487', '79411']",79411,"['69704', '62549', '79411', '40487', '78147']"
"[3, 21]","[15, 13]","['57272', '47060', '53064', '42206', '68970']",68970,"['47060', '53064', '57272', '42206', '68970']"
"[17, 21]","[7, 20]","['40487', '9795', '62454', '62549', '54372']",54372,"['9795', '62454', '54372', '62549', '40487']"
"[15, 28]","[3, 28]","['10526', '38548', '23274', '67905', '73823']",73823,"['67905', '38548', '23274', '10526', '73823']"
"[3, 21]","[15, 28]","['47060', '14038', '42206', '57272', '38548']",38548,"['42206', '57272', '47060', '14038', '38548']"
"[17, 21]","[7, 20]","['78147', '62454', '69704', '62549', '54372']",54372,"['62454', '54372', '62549', '69704', '78147']"
"[17, 21]","[7, 20]","['62549', '62454', '78147', '69704', '55305']",55305,"['78147', '69704', '62454', '55305', '62549']"
"[0, 6]","[18, 25]","['59474', '43036', '43375', '25447', '73827']",73827,"['43375', '43036', '59474', '73827', '25447']"
"[3, 7]","[15, 13]","['4286', '30859', '37907', '19796', '68970']",68970,"['30859', '37907', '4286', '68970', '19796']"
"[15, 21]","[3, 21]","['3384', '7489', '13497', '20839', '47060']",47060,"['20839', '7489', '13497', '47060', '3384']"
"[7, 1]","[17, 5]","['12376', '8109', '12421', '53652', '72055']",72055,"['12421', '8109', '12376', '72055', '53652']"
"[3, 26]","[15, 21]","['34449', '19246', '18887', '9147', '7489']",7489,"['34449', '19246', '18887', '9147', '7489']"
"[0, 6]","[18, 23]","['49395', '75880', '41154', '25447', '64247']",64247,"['25447', '41154', '75880', '49395', '64247']"
"[3, 4]","[15, 13]","['11039', '35787', '9383', '20671', '24364']",24364,"['11039', '24364', '35787', '9383', '20671']"
"[7, 1]","[17, 21]","['8109', '3536', '53652', '12421', '40487']",40487,"['8109', '3536', '12421', '40487', '53652']"
"[7, 3]","[17, 5]","['52457', '75828', '61767', '64781', '72055']",72055,"['72055', '64781', '52457', '61767', '75828']"
"[15, 28]","[3, 4]","['67905', '38548', '3258', '23274', '20671']",20671,"['23274', '67905', '3258', '20671', '38548']"
"[15, 13]","[3, 3]","['68970', '25079', '42684', '20590', '72700']",72700,"['25079', '68970', '42684', '72700', '20590']"
"[15, 13]","[3, 3]","['20590', '42684', '34763', '25079', '72700']",72700,"['34763', '25079', '42684', '20590', '72700']"
"[15, 13]","[3, 17]","['25079', '34763', '53137', '24364', '38478']",38478,"['24364', '53137', '25079', '34763', '38478']"
"[15, 13]","[3, 28]","['68970', '34763', '24364', '42684', '42226']",42226,"['42684', '68970', '24364', '42226', '34763']"
"[3, 7]","[15, 13]","['73164', '19992', '30859', '37907', '25079']",25079,"['19992', '73164', '30859', '25079', '37907']"
"[3, 17]","[15, 13]","['38478', '12043', '54792', '64047', '68970']",68970,"['64047', '38478', '54792', '12043', '68970']"
"[0, 2]","[18, 23]","['54867', '44145', '62759', '66847', '61353']",61353,"['54867', '44145', '66847', '62759', '61353']"
"[0, 2]","[18, 25]","['80744', '9836', '44145', '9639', '25711']",25711,"['25711', '9836', '80744', '9639', '44145']"
"[17, 18]","[7, 3]","['51240', '66316', '31693', '46660', '64781']",64781,"['31693', '64781', '66316', '51240', '46660']"
"[7, 20]","[17, 18]","['2277', '2425', '54372', '55305', '21543']",21543,"['55305', '54372', '21543', '2425', '2277']"
"[3, 7]","[15, 28]","['4286', '19796', '30859', '37907', '23274']",23274,"['30859', '4286', '23274', '37907', '19796']"
"[0, 6]","[18, 25]","['25447', '43036', '75880', '59474', '62071']",62071,"['75880', '25447', '62071', '43036', '59474']"
"[3, 4]","[15, 13]","['20671', '11039', '9383', '35787', '42684']",42684,"['11039', '9383', '20671', '42684', '35787']"
"[0, 6]","[18, 23]","['43036', '49395', '25447', '41154', '72978']",72978,"['25447', '43036', '72978', '41154', '49395']"
"[15, 13]","[3, 12]","['34763', '42684', '20590', '68970', '27821']",27821,"['27821', '68970', '42684', '34763', '20590']"
"[15, 13]","[3, 7]","['25079', '34763', '68970', '42684', '19796']",19796,"['68970', '34763', '25079', '42684', '19796']"
"[15, 13]","[3, 3]","['42684', '34763', '53137', '68970', '994']",994,"['42684', '994', '68970', '53137', '34763']"
"[15, 28]","[3, 7]","['67905', '10526', '38548', '23274', '19796']",19796,"['67905', '38548', '23274', '10526', '19796']"
"[3, 21]","[15, 13]","['42206', '57272', '53064', '14038', '25079']",25079,"['42206', '57272', '14038', '53064', '25079']"
"[3, 26]","[15, 17]","['9147', '50906', '19246', '32729', '60915']",60915,"['60915', '32729', '50906', '19246', '9147']"
"[3, 12]","[15, 13]","['27821', '37955', '20968', '1181', '42684']",42684,"['20968', '42684', '27821', '1181', '37955']"
"[0, 6]","[18, 25]","['75880', '41154', '59474', '43375', '73827']",73827,"['75880', '43375', '41154', '59474', '73827']"
"[0, 6]","[18, 25]","['43375', '41154', '59474', '49395', '3282']",3282,"['41154', '49395', '3282', '59474', '43375']"
"[3, 7]","[15, 17]","['4286', '19796', '30859', '19992', '11908']",11908,"['19992', '19796', '30859', '11908', '4286']"
"[17, 21]","[7, 22]","['78147', '9795', '62454', '69704', '23132']",23132,"['23132', '78147', '69704', '9795', '62454']"
"[15, 13]","[3, 5]","['34763', '24364', '20590', '68970', '74226']",74226,"['68970', '24364', '74226', '20590', '34763']"
"[3, 3]","[15, 21]","['10131', '30004', '22002', '10017', '13497']",13497,"['22002', '30004', '10017', '10131', '13497']"
"[15, 28]","[3, 26]","['67905', '3258', '23274', '38548', '49864']",49864,"['23274', '3258', '49864', '38548', '67905']"
"[3, 26]","[15, 21]","['50906', '40031', '11033', '1064', '3384']",3384,"['3384', '40031', '50906', '1064', '11033']"
"[0, 2]","[18, 23]","['27625', '51831', '63508', '44145', '20502']",20502,"['20502', '63508', '27625', '44145', '51831']"
"[0, 6]","[18, 23]","['59474', '49395', '41154', '75880', '42151']",42151,"['41154', '59474', '49395', '42151', '75880']"
"[15, 13]","[3, 21]","['68970', '53137', '34763', '42684', '42206']",42206,"['42206', '53137', '34763', '42684', '68970']"
"[3, 26]","[15, 21]","['68096', '18887', '1064', '49864', '3384']",3384,"['49864', '68096', '1064', '18887', '3384']"
"[3, 16]","[15, 13]","['56017', '59100', '11746', '177', '34763']",34763,"['34763', '177', '59100', '11746', '56017']"
"[18, 23]","[0, 24]","['40817', '64247', '14167', '72978', '37989']",37989,"['64247', '40817', '37989', '14167', '72978']"
"[0, 2]","[18, 25]","['60860', '51831', '32703', '44802', '25711']",25711,"['25711', '60860', '44802', '32703', '51831']"
"[0, 14]","[18, 23]","['42604', '1261', '80522', '17291', '26052']",26052,"['17291', '1261', '42604', '80522', '26052']"
"[15, 28]","[3, 21]","['3258', '10526', '67905', '23274', '42206']",42206,"['3258', '67905', '10526', '42206', '23274']"
"[3, 17]","[15, 21]","['38478', '12043', '64047', '33084', '7489']",7489,"['12043', '64047', '7489', '33084', '38478']"
"[18, 23]","[0, 6]","['6216', '61353', '32105', '14167', '41154']",41154,"['32105', '41154', '14167', '6216', '61353']"
"[15, 13]","[3, 28]","['68970', '20590', '25079', '24364', '73823']",73823,"['24364', '25079', '20590', '73823', '68970']"
"[3, 26]","[15, 17]","['50906', '18887', '1064', '72586', '60915']",60915,"['1064', '60915', '50906', '18887', '72586']"
"[3, 26]","[15, 13]","['19246', '72586', '49864', '40031', '68970']",68970,"['68970', '40031', '49864', '19246', '72586']"
"[15, 13]","[3, 21]","['68970', '24364', '42684', '53137', '57272']",57272,"['42684', '68970', '53137', '24364', '57272']"
"[0, 2]","[18, 25]","['66847', '43995', '44145', '62759', '25711']",25711,"['43995', '25711', '66847', '44145', '62759']"
"[0, 6]","[18, 25]","['75880', '43375', '49395', '43036', '25711']",25711,"['25711', '75880', '43375', '43036', '49395']"
"[0, 14]","[18, 25]","['42604', '37963', '17291', '75707', '25711']",25711,"['75707', '17291', '37963', '25711', '42604']"
"[7, 1]","[17, 21]","['12421', '8109', '12376', '3536', '62549']",62549,"['12421', '8109', '3536', '12376', '62549']"
"[3, 7]","[15, 17]","['37907', '30859', '19796', '73164', '47834']",47834,"['37907', '30859', '73164', '47834', '19796']"
"[3, 21]","[15, 17]","['57272', '14038', '42206', '47060', '47834']",47834,"['47834', '14038', '47060', '42206', '57272']"
"[18, 25]","[0, 14]","['3282', '73827', '4132', '62071', '42604']",42604,"['4132', '73827', '42604', '3282', '62071']"
"[0, 14]","[18, 25]","['75707', '80522', '37963', '42604', '25711']",25711,"['80522', '37963', '25711', '42604', '75707']"
"[17, 18]","[7, 3]","['66316', '46660', '31693', '6955', '52457']",52457,"['52457', '66316', '31693', '6955', '46660']"
"[17, 18]","[7, 1]","['21408', '6955', '46660', '21543', '8109']",8109,"['6955', '21408', '46660', '21543', '8109']"
"[15, 21]","[3, 3]","['3384', '13497', '20839', '7489', '10131']",10131,"['3384', '13497', '20839', '10131', '7489']"
"[18, 23]","[0, 2]","['10433', '26755', '40817', '72978', '28242']",28242,"['72978', '26755', '10433', '40817', '28242']"
"[15, 17]","[3, 26]","['11908', '60915', '47834', '1225', '19246']",19246,"['1225', '47834', '60915', '19246', '11908']"
"[17, 18]","[7, 3]","['51240', '21408', '66316', '46660', '61767']",61767,"['21408', '61767', '46660', '66316', '51240']"
"[18, 23]","[0, 2]","['32105', '65195', '67584', '72365', '43629']",43629,"['32105', '72365', '43629', '67584', '65195']"
"[3, 26]","[15, 17]","['19246', '72586', '9147', '50906', '47834']",47834,"['50906', '19246', '9147', '72586', '47834']"
"[7, 1]","[17, 18]","['8109', '16951', '53652', '3536', '51240']",51240,"['16951', '53652', '3536', '8109', '51240']"
"[17, 18]","[7, 22]","['6955', '66935', '46660', '31693', '40679']",40679,"['46660', '66935', '40679', '6955', '31693']"
"[7, 20]","[17, 18]","['2277', '55305', '2425', '54372', '46660']",46660,"['54372', '2277', '55305', '2425', '46660']"
"[3, 26]","[15, 13]","['11033', '1064', '40031', '9147', '20590']",20590,"['9147', '11033', '1064', '40031', '20590']"
"[15, 28]","[3, 28]","['23274', '67905', '38548', '3258', '73823']",73823,"['3258', '23274', '67905', '73823', '38548']"
"[18, 23]","[0, 6]","['37360', '32105', '78682', '40817', '43375']",43375,"['32105', '78682', '43375', '40817', '37360']"
"[3, 17]","[15, 13]","['54792', '64047', '38478', '53579', '24364']",24364,"['54792', '24364', '38478', '64047', '53579']"
"[17, 21]","[7, 1]","['78147', '62549', '40487', '9795', '10825']",10825,"['9795', '78147', '62549', '40487', '10825']"
"[17, 18]","[7, 20]","['21543', '46660', '51240', '70105', '54372']",54372,"['70105', '46660', '51240', '54372', '21543']"
"[17, 21]","[7, 1]","['9795', '69704', '62454', '40487', '12421']",12421,"['9795', '12421', '62454', '69704', '40487']"
"[0, 2]","[18, 23]","['28242', '9836', '32703', '67465', '32105']",32105,"['32105', '32703', '67465', '28242', '9836']"
"[3, 26]","[15, 13]","['72586', '19246', '40031', '68096', '24364']",24364,"['19246', '72586', '24364', '68096', '40031']"
"[17, 18]","[7, 3]","['6955', '31693', '70105', '66935', '61767']",61767,"['70105', '66935', '61767', '6955', '31693']"
"[3, 17]","[15, 13]","['33084', '54792', '38478', '64047', '42684']",42684,"['64047', '38478', '54792', '33084', '42684']"
"[0, 24]","[18, 23]","['37989', '74418', '31926', '48780', '72978']",72978,"['37989', '74418', '31926', '72978', '48780']"
"[0, 2]","[18, 25]","['43629', '59390', '45218', '63508', '73827']",73827,"['63508', '59390', '45218', '43629', '73827']"
"[0, 2]","[18, 23]","['59390', '62759', '43629', '27625', '5909']",5909,"['27625', '59390', '43629', '62759', '5909']"
"[17, 21]","[7, 3]","['40487', '69704', '62454', '62549', '64781']",64781,"['64781', '62454', '40487', '69704', '62549']"
"[3, 7]","[15, 21]","['73164', '30859', '4286', '37907', '13497']",13497,"['4286', '30859', '73164', '13497', '37907']"
"[0, 6]","[18, 25]","['59474', '43036', '41154', '75880', '73827']",73827,"['73827', '41154', '59474', '75880', '43036']"
"[15, 28]","[3, 5]","['38548', '23274', '67905', '3258', '63514']",63514,"['3258', '38548', '67905', '23274', '63514']"
"[3, 7]","[15, 21]","['37907', '73164', '19992', '30859', '20839']",20839,"['19992', '37907', '73164', '20839', '30859']"
"[3, 7]","[15, 13]","['19992', '4286', '30859', '37907', '20590']",20590,"['37907', '30859', '20590', '4286', '19992']"
"[15, 13]","[3, 4]","['24364', '53137', '42684', '20590', '9383']",9383,"['53137', '20590', '24364', '9383', '42684']"
"[15, 13]","[3, 3]","['68970', '42684', '24364', '20590', '22002']",22002,"['68970', '42684', '22002', '20590', '24364']"
"[18, 23]","[0, 2]","['72978', '48306', '64148', '12104', '44802']",44802,"['44802', '72978', '64148', '48306', '12104']"
"[0, 14]","[18, 25]","['17291', '37963', '1261', '80522', '3282']",3282,"['80522', '17291', '1261', '37963', '3282']"
"[0, 7]","[18, 23]","['15613', '66807', '10984', '65801', '37360']",37360,"['37360', '66807', '65801', '10984', '15613']"
"[0, 14]","[18, 25]","['80522', '1261', '17291', '75707', '4132']",4132,"['1261', '80522', '4132', '17291', '75707']"
"[3, 21]","[15, 28]","['14038', '47060', '57272', '42206', '23274']",23274,"['23274', '42206', '47060', '57272', '14038']"
"[15, 28]","[3, 3]","['38548', '67905', '3258', '10526', '10017']",10017,"['10526', '38548', '10017', '3258', '67905']"
"[0, 6]","[18, 23]","['49395', '43036', '43375', '25447', '37360']",37360,"['43036', '25447', '49395', '43375', '37360']"
"[0, 7]","[18, 25]","['10984', '65801', '66807', '72266', '73827']",73827,"['10984', '65801', '72266', '73827', '66807']"
"[3, 21]","[15, 13]","['14038', '47060', '42206', '53064', '42684']",42684,"['14038', '53064', '42206', '42684', '47060']"
"[17, 18]","[7, 3]","['70105', '31693', '21408', '46660', '75828']",75828,"['70105', '46660', '75828', '21408', '31693']"
"[0, 14]","[18, 25]","['39894', '42604', '17291', '37963', '4132']",4132,"['17291', '37963', '42604', '4132', '39894']"
"[3, 21]","[15, 13]","['47060', '42206', '14038', '53064', '20590']",20590,"['20590', '14038', '53064', '42206', '47060']"
"[15, 28]","[3, 7]","['67905', '38548', '10526', '3258', '19796']",19796,"['19796', '3258', '10526', '67905', '38548']"
"[3, 21]","[15, 21]","['53064', '57272', '47060', '42206', '3384']",3384,"['53064', '47060', '57272', '3384', '42206']"
"[3, 16]","[15, 17]","['177', '63317', '59100', '11746', '1225']",1225,"['177', '59100', '1225', '63317', '11746']"
"[0, 7]","[18, 23]","['65801', '15613', '72266', '10984', '20502']",20502,"['72266', '20502', '65801', '15613', '10984']"
"[3, 17]","[15, 28]","['33084', '38478', '12043', '54792', '3258']",3258,"['3258', '38478', '33084', '54792', '12043']"
"[7, 22]","[17, 21]","['40679', '31113', '23132', '79411', '9795']",9795,"['23132', '9795', '40679', '31113', '79411']"
"[18, 25]","[0, 0]","['73827', '62071', '4132', '25711', '8176']",8176,"['4132', '8176', '73827', '62071', '25711']"
"[15, 13]","[3, 3]","['24364', '68970', '20590', '25079', '994']",994,"['20590', '68970', '25079', '24364', '994']"
"[0, 6]","[18, 25]","['75880', '49395', '43375', '59474', '62071']",62071,"['62071', '75880', '49395', '59474', '43375']"
"[0, 7]","[18, 23]","['15613', '72266', '65801', '66807', '42151']",42151,"['72266', '66807', '15613', '65801', '42151']"
"[15, 13]","[3, 7]","['24364', '25079', '42684', '53137', '19992']",19992,"['25079', '24364', '42684', '53137', '19992']"
"[3, 12]","[15, 28]","['20968', '37955', '27821', '1181', '10526']",10526,"['20968', '27821', '10526', '1181', '37955']"
"[17, 21]","[7, 1]","['62549', '69704', '40487', '78147', '12421']",12421,"['12421', '69704', '78147', '40487', '62549']"
"[3, 26]","[15, 13]","['32729', '9147', '40031', '72586', '68970']",68970,"['40031', '9147', '72586', '32729', '68970']"
"[0, 7]","[18, 23]","['10984', '15613', '72266', '65801', '59794']",59794,"['15613', '59794', '65801', '72266', '10984']"
"[0, 14]","[18, 23]","['80522', '39894', '37963', '75707', '64148']",64148,"['37963', '64148', '39894', '80522', '75707']"
"[15, 13]","[3, 4]","['42684', '34763', '53137', '68970', '9383']",9383,"['34763', '9383', '68970', '42684', '53137']"
"[0, 2]","[18, 25]","['9836', '9639', '67465', '63508', '4132']",4132,"['9836', '63508', '4132', '9639', '67465']"
"[3, 21]","[15, 13]","['57272', '14038', '42206', '53064', '68970']",68970,"['42206', '14038', '68970', '53064', '57272']"
"[3, 16]","[15, 28]","['11746', '56017', '63317', '177', '3258']",3258,"['177', '63317', '3258', '11746', '56017']"
"[3, 3]","[15, 28]","['30004', '22002', '994', '72700', '67905']",67905,"['72700', '67905', '22002', '30004', '994']"
"[15, 21]","[3, 7]","['13497', '3384', '7489', '20839', '19992']",19992,"['3384', '19992', '7489', '13497', '20839']"
"[7, 1]","[17, 5]","['12376', '53652', '8109', '3536', '72055']",72055,"['3536', '12376', '72055', '53652', '8109']"
"[3, 17]","[15, 13]","['53579', '38478', '54792', '64047', '20590']",20590,"['64047', '20590', '38478', '54792', '53579']"
"[0, 2]","[18, 25]","['80744', '67842', '43995', '44125', '25711']",25711,"['43995', '44125', '80744', '67842', '25711']"
"[0, 14]","[18, 23]","['37963', '1261', '80522', '75707', '25667']",25667,"['25667', '80522', '37963', '1261', '75707']"
"[0, 14]","[18, 23]","['80522', '39894', '75707', '37963', '72978']",72978,"['39894', '72978', '80522', '75707', '37963']"
"[15, 21]","[3, 3]","['3384', '7489', '20839', '13497', '994']",994,"['20839', '994', '13497', '3384', '7489']"
"[3, 21]","[15, 13]","['14038', '57272', '47060', '42206', '20590']",20590,"['47060', '42206', '57272', '14038', '20590']"
"[15, 13]","[3, 7]","['42684', '34763', '25079', '24364', '73164']",73164,"['42684', '34763', '25079', '24364', '73164']"
"[0, 2]","[18, 23]","['54867', '44125', '60860', '59390', '14167']",14167,"['44125', '60860', '14167', '59390', '54867']"
"[18, 25]","[0, 14]","['25711', '73827', '4132', '3282', '80522']",80522,"['80522', '25711', '3282', '73827', '4132']"
"[3, 21]","[15, 17]","['57272', '53064', '14038', '47060', '47834']",47834,"['14038', '47060', '53064', '47834', '57272']"
"[3, 16]","[15, 28]","['56017', '11746', '59100', '63317', '10526']",10526,"['11746', '59100', '63317', '56017', '10526']"
"[3, 17]","[15, 28]","['33084', '12043', '54792', '64047', '10526']",10526,"['12043', '64047', '10526', '33084', '54792']"
"[0, 6]","[18, 25]","['59474', '43036', '49395', '25447', '4132']",4132,"['4132', '49395', '25447', '43036', '59474']"
"[3, 26]","[15, 21]","['18887', '72586', '19246', '34449', '13497']",13497,"['34449', '72586', '19246', '18887', '13497']"
"[0, 2]","[18, 25]","['44145', '51831', '44125', '63508', '25711']",25711,"['25711', '44145', '44125', '63508', '51831']"
"[0, 7]","[18, 23]","['10984', '15613', '66807', '65801', '40817']",40817,"['65801', '40817', '10984', '66807', '15613']"
"[3, 28]","[15, 28]","['73823', '55090', '12683', '42226', '10526']",10526,"['12683', '55090', '42226', '10526', '73823']"
"[18, 25]","[0, 14]","['25711', '62071', '73827', '4132', '80522']",80522,"['25711', '80522', '73827', '4132', '62071']"
"[3, 3]","[15, 28]","['30004', '72700', '22002', '22487', '3258']",3258,"['3258', '30004', '22487', '22002', '72700']"
"[18, 23]","[0, 6]","['40817', '10433', '5909', '72365', '59474']",59474,"['10433', '5909', '40817', '59474', '72365']"
"[15, 28]","[3, 26]","['38548', '10526', '23274', '67905', '72586']",72586,"['38548', '23274', '10526', '72586', '67905']"
"[3, 28]","[15, 13]","['8257', '55090', '73823', '42226', '20590']",20590,"['8257', '20590', '73823', '42226', '55090']"
"[17, 18]","[7, 3]","['6955', '46660', '21408', '51240', '75828']",75828,"['21408', '75828', '46660', '51240', '6955']"
"[7, 1]","[17, 18]","['10825', '12376', '16951', '8109', '51240']",51240,"['51240', '16951', '12376', '10825', '8109']"
"[3, 5]","[15, 13]","['63514', '64', '12162', '74226', '42684']",42684,"['12162', '74226', '42684', '64', '63514']"
"[15, 13]","[3, 5]","['53137', '34763', '42684', '68970', '64']",64,"['34763', '42684', '53137', '68970', '64']"
"[0, 24]","[18, 23]","['74418', '37989', '31926', '48780', '6216']",6216,"['6216', '37989', '74418', '31926', '48780']"
"[17, 21]","[7, 22]","['9795', '62454', '40487', '62549', '79411']",79411,"['62454', '79411', '40487', '9795', '62549']"
"[3, 3]","[15, 21]","['22002', '22487', '10131', '10017', '3384']",3384,"['22002', '22487', '10131', '3384', '10017']"
"[0, 2]","[18, 25]","['59390', '45218', '70440', '67842', '4132']",4132,"['4132', '45218', '67842', '59390', '70440']"
"[15, 13]","[3, 16]","['42684', '20590', '25079', '53137', '177']",177,"['25079', '177', '53137', '20590', '42684']"
"[3, 26]","[15, 21]","['1064', '50906', '18887', '32729', '20839']",20839,"['18887', '1064', '50906', '32729', '20839']"
"[15, 17]","[3, 26]","['60915', '1225', '11908', '47834', '49864']",49864,"['11908', '47834', '49864', '60915', '1225']"
"[0, 24]","[18, 23]","['31926', '48780', '74418', '37989', '26052']",26052,"['37989', '31926', '74418', '48780', '26052']"
"[3, 17]","[15, 13]","['12043', '64047', '38478', '33084', '24364']",24364,"['33084', '64047', '12043', '24364', '38478']"
"[18, 23]","[0, 14]","['59794', '6216', '42151', '61353', '37963']",37963,"['37963', '61353', '59794', '6216', '42151']"
"[15, 21]","[3, 17]","['3384', '20839', '13497', '7489', '64047']",64047,"['20839', '3384', '64047', '13497', '7489']"
"[15, 13]","[3, 16]","['42684', '68970', '53137', '25079', '11746']",11746,"['53137', '68970', '25079', '42684', '11746']"
"[3, 7]","[15, 13]","['19992', '30859', '37907', '4286', '68970']",68970,"['68970', '4286', '30859', '37907', '19992']"
"[17, 21]","[7, 20]","['62549', '62454', '78147', '9795', '55305']",55305,"['62549', '62454', '55305', '9795', '78147']"
"[15, 28]","[3, 26]","['23274', '38548', '10526', '67905', '40031']",40031,"['38548', '10526', '23274', '40031', '67905']"
"[3, 7]","[15, 13]","['19796', '73164', '19992', '37907', '34763']",34763,"['73164', '19796', '19992', '34763', '37907']"
"[15, 28]","[3, 21]","['10526', '67905', '3258', '23274', '53064']",53064,"['67905', '23274', '53064', '3258', '10526']"
"[3, 3]","[15, 17]","['30004', '22487', '10017', '22002', '11908']",11908,"['22002', '10017', '22487', '11908', '30004']"
"[3, 28]","[15, 21]","['73823', '55090', '42226', '12683', '3384']",3384,"['12683', '73823', '42226', '55090', '3384']"
"[18, 25]","[0, 0]","['73827', '25711', '3282', '4132', '8176']",8176,"['73827', '8176', '3282', '4132', '25711']"
"[3, 28]","[15, 13]","['12683', '42226', '55090', '73823', '25079']",25079,"['55090', '12683', '42226', '25079', '73823']"
"[17, 21]","[7, 1]","['62549', '69704', '40487', '78147', '16951']",16951,"['16951', '40487', '69704', '78147', '62549']"
"[0, 7]","[18, 23]","['65801', '10984', '66807', '72266', '40817']",40817,"['40817', '66807', '72266', '65801', '10984']"
"[15, 28]","[3, 17]","['10526', '38548', '67905', '3258', '33084']",33084,"['33084', '67905', '38548', '3258', '10526']"
"[3, 17]","[15, 17]","['38478', '12043', '53579', '64047', '11908']",11908,"['53579', '12043', '64047', '11908', '38478']"
"[0, 0]","[18, 23]","['14834', '28082', '78009', '8176', '26755']",26755,"['14834', '28082', '78009', '26755', '8176']"
"[3, 3]","[15, 13]","['22487', '22002', '10131', '72700', '53137']",53137,"['22002', '22487', '72700', '10131', '53137']"
"[3, 5]","[15, 28]","['12162', '63514', '74226', '64', '23274']",23274,"['63514', '23274', '74226', '64', '12162']"
"[7, 1]","[17, 5]","['12421', '3536', '53652', '12376', '7913']",7913,"['53652', '3536', '12376', '12421', '7913']"
"[3, 7]","[15, 21]","['19796', '30859', '4286', '73164', '20839']",20839,"['4286', '30859', '19796', '20839', '73164']"
"[0, 6]","[18, 23]","['41154', '25447', '49395', '43375', '42151']",42151,"['43375', '41154', '42151', '49395', '25447']"
"[3, 28]","[15, 13]","['73823', '8257', '55090', '12683', '68970']",68970,"['8257', '55090', '12683', '68970', '73823']"
"[18, 25]","[0, 7]","['73827', '4132', '62071', '3282', '65801']",65801,"['62071', '73827', '65801', '4132', '3282']"
"[3, 26]","[15, 28]","['49864', '40031', '11033', '9147', '38548']",38548,"['40031', '38548', '11033', '49864', '9147']"
"[15, 13]","[3, 28]","['20590', '42684', '53137', '24364', '42226']",42226,"['42226', '42684', '53137', '24364', '20590']"
"[15, 13]","[3, 5]","['24364', '20590', '42684', '34763', '64']",64,"['42684', '34763', '20590', '64', '24364']"
"[17, 18]","[7, 22]","['21543', '6955', '66935', '51240', '23132']",23132,"['51240', '21543', '66935', '23132', '6955']"
"[7, 22]","[17, 18]","['23132', '79411', '40679', '31113', '66316']",66316,"['31113', '23132', '66316', '79411', '40679']"
"[15, 13]","[3, 4]","['34763', '53137', '42684', '68970', '11039']",11039,"['34763', '42684', '11039', '53137', '68970']"
"[0, 6]","[18, 25]","['41154', '25447', '43375', '75880', '62071']",62071,"['43375', '41154', '75880', '62071', '25447']"
"[3, 28]","[15, 17]","['73823', '8257', '12683', '42226', '11908']",11908,"['73823', '42226', '8257', '12683', '11908']"
"[0, 0]","[18, 23]","['14834', '8176', '78009', '28082', '6216']",6216,"['14834', '28082', '6216', '78009', '8176']"
"[15, 17]","[3, 17]","['1225', '60915', '11908', '47834', '53579']",53579,"['53579', '11908', '60915', '47834', '1225']"
"[15, 13]","[3, 12]","['42684', '24364', '53137', '20590', '37955']",37955,"['53137', '24364', '42684', '37955', '20590']"
"[17, 21]","[7, 1]","['62454', '69704', '40487', '62549', '10825']",10825,"['10825', '62549', '69704', '40487', '62454']"
"[3, 26]","[15, 21]","['18887', '68096', '50906', '72586', '20839']",20839,"['68096', '72586', '18887', '20839', '50906']"
"[0, 7]","[18, 23]","['65801', '66807', '10984', '15613', '61353']",61353,"['66807', '10984', '65801', '15613', '61353']"
"[15, 28]","[3, 21]","['10526', '38548', '67905', '23274', '14038']",14038,"['10526', '14038', '38548', '23274', '67905']"
"[3, 7]","[15, 13]","['30859', '37907', '4286', '73164', '42684']",42684,"['73164', '4286', '37907', '42684', '30859']"
"[0, 24]","[18, 23]","['74418', '31926', '48780', '37989', '37360']",37360,"['48780', '37989', '37360', '74418', '31926']"
"[0, 14]","[18, 23]","['37963', '1261', '80522', '17291', '32105']",32105,"['37963', '1261', '17291', '32105', '80522']"
"[3, 7]","[15, 21]","['19796', '4286', '30859', '37907', '20839']",20839,"['4286', '37907', '30859', '20839', '19796']"
"[15, 13]","[3, 3]","['34763', '68970', '24364', '53137', '10017']",10017,"['24364', '53137', '68970', '10017', '34763']"
"[3, 28]","[15, 21]","['8257', '73823', '42226', '55090', '20839']",20839,"['42226', '20839', '55090', '73823', '8257']"
"[3, 21]","[15, 13]","['42206', '53064', '47060', '57272', '25079']",25079,"['42206', '47060', '57272', '53064', '25079']"
"[0, 2]","[18, 25]","['67465', '9836', '44145', '70440', '4132']",4132,"['70440', '4132', '67465', '9836', '44145']"
"[0, 0]","[18, 23]","['8176', '14834', '28082', '78009', '10433']",10433,"['14834', '78009', '28082', '10433', '8176']"
"[3, 28]","[15, 17]","['42226', '12683', '73823', '55090', '60915']",60915,"['55090', '73823', '42226', '60915', '12683']"
"[18, 23]","[0, 7]","['64247', '59794', '40817', '20502', '72266']",72266,"['20502', '64247', '59794', '40817', '72266']"
"[3, 16]","[15, 17]","['177', '63317', '11746', '56017', '60915']",60915,"['11746', '60915', '56017', '63317', '177']"
"[15, 13]","[3, 7]","['24364', '42684', '68970', '53137', '19796']",19796,"['24364', '53137', '68970', '19796', '42684']"
"[0, 7]","[18, 25]","['10984', '66807', '15613', '72266', '3282']",3282,"['15613', '72266', '3282', '10984', '66807']"
"[3, 3]","[15, 28]","['22487', '994', '10017', '22002', '3258']",3258,"['994', '22002', '3258', '10017', '22487']"
"[0, 14]","[18, 25]","['80522', '37963', '17291', '75707', '25711']",25711,"['80522', '37963', '17291', '25711', '75707']"
"[3, 21]","[15, 28]","['53064', '42206', '47060', '14038', '38548']",38548,"['14038', '38548', '42206', '47060', '53064']"
"[3, 3]","[15, 28]","['994', '10017', '22002', '30004', '23274']",23274,"['22002', '10017', '994', '23274', '30004']"
"[3, 7]","[15, 13]","['19992', '19796', '30859', '4286', '42684']",42684,"['19992', '4286', '42684', '19796', '30859']"
"[3, 3]","[15, 21]","['994', '30004', '10131', '22487', '13497']",13497,"['13497', '22487', '30004', '994', '10131']"
"[3, 17]","[15, 21]","['64047', '53579', '38478', '12043', '7489']",7489,"['38478', '7489', '53579', '12043', '64047']"
"[0, 2]","[18, 25]","['80744', '28242', '43995', '45218', '3282']",3282,"['43995', '28242', '80744', '3282', '45218']"
"[3, 17]","[15, 13]","['38478', '53579', '33084', '12043', '53137']",53137,"['53137', '12043', '53579', '38478', '33084']"
"[15, 28]","[3, 5]","['38548', '10526', '23274', '3258', '12162']",12162,"['10526', '12162', '38548', '23274', '3258']"
"[0, 2]","[18, 23]","['60860', '59390', '32703', '67465', '67584']",67584,"['59390', '32703', '67584', '60860', '67465']"
"[17, 21]","[7, 3]","['69704', '62549', '62454', '78147', '52457']",52457,"['52457', '78147', '69704', '62549', '62454']"
"[17, 21]","[7, 20]","['78147', '62454', '9795', '62549', '54372']",54372,"['54372', '9795', '62549', '62454', '78147']"
"[0, 14]","[18, 23]","['37963', '39894', '17291', '80522', '42151']",42151,"['42151', '17291', '80522', '39894', '37963']"
"[3, 17]","[15, 13]","['33084', '53579', '54792', '64047', '20590']",20590,"['53579', '54792', '33084', '64047', '20590']"
"[0, 6]","[18, 23]","['43036', '43375', '49395', '41154', '72365']",72365,"['43375', '72365', '43036', '49395', '41154']"
"[3, 26]","[15, 13]","['40031', '72586', '11033', '1064', '53137']",53137,"['72586', '40031', '53137', '11033', '1064']"
"[15, 28]","[3, 7]","['67905', '3258', '23274', '38548', '37907']",37907,"['38548', '37907', '23274', '67905', '3258']"
"[0, 2]","[18, 25]","['59390', '44145', '66847', '44802', '3282']",3282,"['59390', '44802', '3282', '66847', '44145']"
"[0, 7]","[18, 23]","['65801', '15613', '10984', '72266', '15451']",15451,"['15451', '10984', '15613', '72266', '65801']"
"[15, 21]","[3, 17]","['13497', '20839', '7489', '3384', '38478']",38478,"['20839', '13497', '3384', '7489', '38478']"
"[15, 13]","[3, 21]","['42684', '34763', '24364', '20590', '53064']",53064,"['42684', '24364', '34763', '20590', '53064']"
"[17, 21]","[7, 3]","['40487', '78147', '62454', '9795', '64781']",64781,"['9795', '62454', '64781', '40487', '78147']"
"[3, 28]","[15, 13]","['55090', '8257', '42226', '12683', '68970']",68970,"['55090', '42226', '8257', '12683', '68970']"
"[0, 6]","[18, 23]","['49395', '75880', '41154', '43375', '32105']",32105,"['49395', '75880', '32105', '43375', '41154']"
"[3, 26]","[15, 21]","['50906', '9147', '72586', '32729', '7489']",7489,"['50906', '72586', '7489', '9147', '32729']"
"[18, 23]","[0, 14]","['10433', '20502', '12104', '25667', '1261']",1261,"['25667', '20502', '1261', '10433', '12104']"
"[15, 13]","[3, 7]","['24364', '42684', '53137', '34763', '37907']",37907,"['53137', '24364', '42684', '34763', '37907']"
"[17, 21]","[7, 1]","['62549', '40487', '78147', '9795', '12376']",12376,"['62549', '40487', '12376', '9795', '78147']"
"[3, 3]","[15, 28]","['22487', '22002', '994', '30004', '10526']",10526,"['22487', '22002', '30004', '994', '10526']"
"[3, 17]","[15, 17]","['64047', '54792', '12043', '53579', '11908']",11908,"['53579', '12043', '64047', '11908', '54792']"
"[0, 2]","[18, 25]","['45218', '9639', '32703', '44125', '25711']",25711,"['25711', '32703', '9639', '45218', '44125']"
"[3, 21]","[15, 28]","['53064', '42206', '47060', '14038', '10526']",10526,"['47060', '42206', '14038', '53064', '10526']"
"[3, 17]","[15, 13]","['53579', '12043', '64047', '54792', '42684']",42684,"['53579', '42684', '54792', '64047', '12043']"
"[18, 25]","[0, 24]","['4132', '62071', '25711', '73827', '74418']",74418,"['74418', '25711', '4132', '62071', '73827']"
"[3, 16]","[15, 17]","['59100', '177', '63317', '11746', '47834']",47834,"['11746', '47834', '63317', '177', '59100']"
"[0, 6]","[18, 25]","['25447', '43375', '59474', '43036', '4132']",4132,"['4132', '25447', '43375', '43036', '59474']"
"[3, 21]","[15, 21]","['53064', '47060', '14038', '42206', '7489']",7489,"['53064', '42206', '7489', '47060', '14038']"
"[3, 4]","[15, 13]","['9383', '20671', '11039', '35787', '34763']",34763,"['9383', '20671', '11039', '34763', '35787']"
"[0, 2]","[18, 25]","['63508', '9639', '67465', '43629', '62071']",62071,"['43629', '63508', '9639', '62071', '67465']"
"[15, 13]","[3, 16]","['25079', '34763', '42684', '24364', '63317']",63317,"['42684', '24364', '34763', '63317', '25079']"
"[0, 0]","[18, 23]","['14834', '78009', '28082', '8176', '37360']",37360,"['28082', '14834', '78009', '37360', '8176']"
"[15, 13]","[3, 5]","['20590', '25079', '53137', '42684', '74226']",74226,"['53137', '20590', '74226', '42684', '25079']"
"[15, 21]","[3, 3]","['20839', '7489', '13497', '3384', '22487']",22487,"['3384', '20839', '22487', '13497', '7489']"
"[15, 13]","[3, 12]","['68970', '24364', '53137', '25079', '27821']",27821,"['53137', '27821', '24364', '68970', '25079']"
"[0, 24]","[18, 23]","['37989', '74418', '31926', '48780', '32105']",32105,"['32105', '37989', '31926', '74418', '48780']"
"[3, 26]","[15, 13]","['18887', '1064', '68096', '72586', '34763']",34763,"['68096', '18887', '72586', '34763', '1064']"
"[7, 1]","[17, 21]","['16951', '10825', '12421', '17550', '62454']",62454,"['62454', '17550', '10825', '16951', '12421']"
"[0, 2]","[18, 25]","['28242', '9639', '27625', '63508', '3282']",3282,"['9639', '27625', '63508', '3282', '28242']"
"[17, 5]","[7, 1]","['33045', '7913', '50221', '72055', '12421']",12421,"['33045', '72055', '7913', '50221', '12421']"
"[7, 1]","[17, 21]","['3536', '12421', '16951', '8109', '9795']",9795,"['12421', '8109', '3536', '9795', '16951']"
"[18, 23]","[0, 24]","['37360', '72978', '26052', '6216', '48780']",48780,"['26052', '37360', '72978', '6216', '48780']"
"[0, 24]","[18, 23]","['31926', '74418', '37989', '48780', '40817']",40817,"['40817', '74418', '37989', '31926', '48780']"
"[15, 28]","[3, 16]","['67905', '10526', '38548', '23274', '59100']",59100,"['59100', '38548', '23274', '67905', '10526']"
"[3, 3]","[15, 13]","['994', '22487', '30004', '10017', '20590']",20590,"['30004', '10017', '22487', '20590', '994']"
"[15, 21]","[3, 12]","['3384', '7489', '20839', '13497', '20968']",20968,"['20839', '13497', '7489', '3384', '20968']"
"[17, 18]","[7, 22]","['6955', '21408', '66316', '70105', '31113']",31113,"['70105', '6955', '66316', '21408', '31113']"
"[17, 21]","[7, 1]","['62549', '40487', '69704', '62454', '8109']",8109,"['8109', '40487', '69704', '62549', '62454']"
"[0, 6]","[18, 25]","['43036', '43375', '75880', '59474', '4132']",4132,"['43375', '43036', '59474', '4132', '75880']"
"[17, 21]","[7, 22]","['9795', '40487', '62454', '69704', '79411']",79411,"['79411', '40487', '69704', '62454', '9795']"
"[15, 13]","[3, 5]","['25079', '20590', '68970', '34763', '64']",64,"['34763', '25079', '64', '68970', '20590']"
"[17, 21]","[7, 22]","['40487', '78147', '9795', '62549', '23132']",23132,"['78147', '23132', '62549', '40487', '9795']"
"[18, 25]","[0, 0]","['4132', '62071', '25711', '73827', '78009']",78009,"['25711', '4132', '78009', '62071', '73827']"
"[18, 23]","[0, 7]","['40817', '37360', '20502', '26052', '72266']",72266,"['20502', '72266', '26052', '37360', '40817']"
"[3, 21]","[15, 21]","['53064', '57272', '14038', '47060', '7489']",7489,"['57272', '7489', '53064', '14038', '47060']"
"[3, 28]","[15, 17]","['73823', '8257', '12683', '55090', '60915']",60915,"['73823', '8257', '55090', '12683', '60915']"
"[7, 20]","[17, 21]","['2277', '2425', '55305', '54372', '40487']",40487,"['54372', '55305', '2425', '40487', '2277']"
"[3, 7]","[15, 21]","['73164', '30859', '19992', '37907', '3384']",3384,"['19992', '37907', '73164', '30859', '3384']"
"[7, 1]","[17, 21]","['8109', '17550', '12376', '53652', '62454']",62454,"['12376', '8109', '17550', '62454', '53652']"
"[18, 23]","[0, 0]","['15451', '61353', '42151', '72978', '8176']",8176,"['42151', '8176', '72978', '61353', '15451']"
"[15, 13]","[3, 21]","['42684', '34763', '25079', '24364', '47060']",47060,"['34763', '25079', '42684', '24364', '47060']"
"[3, 16]","[15, 17]","['56017', '11746', '63317', '59100', '47834']",47834,"['59100', '63317', '11746', '47834', '56017']"
"[0, 14]","[18, 25]","['80522', '37963', '75707', '17291', '4132']",4132,"['80522', '75707', '4132', '37963', '17291']"
"[3, 16]","[15, 17]","['177', '63317', '59100', '11746', '60915']",60915,"['11746', '177', '63317', '60915', '59100']"
"[0, 2]","[18, 25]","['67842', '45218', '51831', '60860', '4132']",4132,"['45218', '51831', '4132', '60860', '67842']"
"[3, 7]","[15, 28]","['19992', '4286', '73164', '19796', '3258']",3258,"['19992', '19796', '3258', '4286', '73164']"
"[18, 23]","[0, 7]","['64148', '5909', '48306', '26052', '72266']",72266,"['48306', '72266', '64148', '5909', '26052']"
"[0, 2]","[18, 25]","['67842', '48095', '44802', '44125', '62071']",62071,"['62071', '44802', '44125', '48095', '67842']"
"[17, 18]","[7, 20]","['51240', '46660', '66935', '31693', '55305']",55305,"['51240', '55305', '31693', '66935', '46660']"
"[3, 16]","[15, 13]","['177', '56017', '11746', '63317', '68970']",68970,"['177', '11746', '56017', '63317', '68970']"
"[17, 21]","[7, 22]","['78147', '40487', '62454', '69704', '40679']",40679,"['78147', '40679', '69704', '62454', '40487']"
"[0, 7]","[18, 23]","['72266', '66807', '10984', '65801', '12104']",12104,"['66807', '72266', '10984', '12104', '65801']"
"[3, 21]","[15, 28]","['47060', '57272', '14038', '53064', '67905']",67905,"['47060', '14038', '67905', '53064', '57272']"
"[15, 13]","[3, 3]","['20590', '68970', '42684', '24364', '30004']",30004,"['68970', '20590', '30004', '42684', '24364']"
"[0, 6]","[18, 23]","['75880', '43375', '59474', '43036', '64148']",64148,"['75880', '43036', '59474', '43375', '64148']"
"[17, 21]","[7, 22]","['62549', '62454', '40487', '69704', '40679']",40679,"['40679', '62549', '40487', '69704', '62454']"
"[7, 1]","[17, 5]","['12376', '16951', '17550', '12421', '33045']",33045,"['12376', '17550', '12421', '33045', '16951']"
"[3, 3]","[15, 28]","['22487', '72700', '10017', '10131', '38548']",38548,"['10131', '10017', '72700', '22487', '38548']"
"[18, 25]","[0, 2]","['4132', '73827', '3282', '25711', '32703']",32703,"['32703', '73827', '3282', '25711', '4132']"
"[3, 28]","[15, 21]","['55090', '73823', '42226', '8257', '7489']",7489,"['42226', '73823', '8257', '55090', '7489']"
"[15, 17]","[3, 26]","['11908', '1225', '60915', '47834', '72586']",72586,"['72586', '47834', '11908', '60915', '1225']"
"[3, 17]","[15, 13]","['53579', '12043', '54792', '38478', '53137']",53137,"['38478', '54792', '12043', '53579', '53137']"
"[3, 3]","[15, 17]","['22002', '22487', '994', '72700', '11908']",11908,"['22487', '22002', '994', '72700', '11908']"
"[0, 14]","[18, 25]","['39894', '17291', '37963', '75707', '62071']",62071,"['62071', '17291', '75707', '39894', '37963']"
"[0, 2]","[18, 23]","['28242', '63508', '51831', '48095', '5909']",5909,"['28242', '5909', '51831', '48095', '63508']"
"[15, 21]","[3, 26]","['20839', '3384', '13497', '7489', '9147']",9147,"['20839', '13497', '9147', '3384', '7489']"
"[3, 3]","[15, 13]","['22487', '30004', '994', '10017', '53137']",53137,"['30004', '22487', '10017', '994', '53137']"
"[18, 25]","[0, 2]","['73827', '25711', '4132', '3282', '66847']",66847,"['4132', '25711', '66847', '73827', '3282']"
"[3, 3]","[15, 13]","['30004', '22487', '10017', '72700', '68970']",68970,"['68970', '10017', '72700', '22487', '30004']"
"[18, 23]","[0, 6]","['12104', '26755', '14167', '59794', '41154']",41154,"['59794', '14167', '12104', '41154', '26755']"
"[0, 2]","[18, 23]","['28242', '60860', '67842', '44145', '14167']",14167,"['44145', '14167', '28242', '67842', '60860']"
"[7, 1]","[17, 18]","['12376', '3536', '12421', '53652', '66316']",66316,"['53652', '3536', '66316', '12421', '12376']"
"[3, 16]","[15, 21]","['177', '59100', '56017', '11746', '7489']",7489,"['7489', '56017', '177', '11746', '59100']"
"[17, 18]","[7, 20]","['6955', '46660', '66935', '31693', '55305']",55305,"['46660', '31693', '66935', '6955', '55305']"
"[7, 1]","[17, 5]","['17550', '16951', '53652', '8109', '72055']",72055,"['53652', '8109', '16951', '72055', '17550']"
"[18, 25]","[0, 2]","['62071', '4132', '3282', '25711', '27625']",27625,"['25711', '3282', '27625', '4132', '62071']"
"[3, 3]","[15, 17]","['10131', '30004', '10017', '72700', '60915']",60915,"['30004', '10017', '10131', '60915', '72700']"
"[15, 13]","[3, 5]","['25079', '42684', '34763', '68970', '63514']",63514,"['25079', '42684', '34763', '68970', '63514']"
"[17, 18]","[7, 1]","['70105', '21408', '6955', '66935', '17550']",17550,"['70105', '17550', '6955', '21408', '66935']"
"[0, 2]","[18, 23]","['48095', '44802', '32703', '59390', '32105']",32105,"['48095', '32703', '32105', '59390', '44802']"
"[3, 3]","[15, 21]","['10131', '22487', '10017', '22002', '7489']",7489,"['10131', '7489', '22487', '10017', '22002']"
"[18, 23]","[0, 7]","['59794', '48306', '67584', '20502', '10984']",10984,"['20502', '67584', '59794', '48306', '10984']"
"[3, 17]","[15, 17]","['33084', '53579', '54792', '38478', '60915']",60915,"['33084', '53579', '60915', '54792', '38478']"
"[7, 1]","[17, 5]","['17550', '53652', '12421', '16951', '72055']",72055,"['17550', '12421', '53652', '16951', '72055']"
"[3, 28]","[15, 13]","['42226', '8257', '73823', '12683', '24364']",24364,"['8257', '73823', '12683', '42226', '24364']"
"[3, 17]","[15, 21]","['54792', '64047', '12043', '33084', '7489']",7489,"['54792', '12043', '64047', '7489', '33084']"
"[18, 23]","[0, 0]","['10433', '26052', '32105', '14167', '28082']",28082,"['28082', '14167', '26052', '10433', '32105']"
"[0, 2]","[18, 25]","['44125', '9836', '28242', '43995', '3282']",3282,"['28242', '3282', '43995', '44125', '9836']"
"[0, 2]","[18, 23]","['66847', '9639', '44125', '59390', '6216']",6216,"['59390', '9639', '6216', '66847', '44125']"
"[0, 2]","[18, 23]","['51831', '27625', '54867', '44125', '10433']",10433,"['54867', '51831', '44125', '27625', '10433']"
"[15, 28]","[3, 3]","['10526', '38548', '67905', '23274', '22002']",22002,"['22002', '38548', '23274', '10526', '67905']"
"[0, 14]","[18, 25]","['39894', '42604', '17291', '80522', '4132']",4132,"['42604', '39894', '80522', '4132', '17291']"
"[15, 13]","[3, 26]","['20590', '42684', '53137', '24364', '1064']",1064,"['20590', '24364', '1064', '42684', '53137']"
"[0, 14]","[18, 23]","['37963', '39894', '17291', '75707', '10433']",10433,"['75707', '17291', '39894', '37963', '10433']"
"[3, 17]","[15, 13]","['64047', '38478', '12043', '54792', '25079']",25079,"['64047', '54792', '38478', '12043', '25079']"
"[17, 18]","[7, 3]","['66316', '46660', '66935', '31693', '52457']",52457,"['66935', '46660', '52457', '66316', '31693']"
"[3, 3]","[15, 28]","['10131', '994', '30004', '22002', '67905']",67905,"['67905', '10131', '994', '30004', '22002']"
"[0, 0]","[18, 23]","['28082', '8176', '14834', '78009', '59794']",59794,"['78009', '28082', '8176', '59794', '14834']"
"[3, 7]","[15, 28]","['19992', '73164', '4286', '30859', '67905']",67905,"['19992', '67905', '73164', '30859', '4286']"
"[17, 18]","[7, 1]","['70105', '31693', '46660', '66316', '16951']",16951,"['31693', '16951', '66316', '70105', '46660']"
"[3, 26]","[15, 28]","['1064', '34449', '9147', '18887', '23274']",23274,"['23274', '1064', '34449', '18887', '9147']"
"[3, 12]","[15, 21]","['27821', '37955', '1181', '20968', '7489']",7489,"['27821', '20968', '7489', '1181', '37955']"
"[3, 17]","[15, 28]","['38478', '12043', '33084', '54792', '10526']",10526,"['10526', '33084', '38478', '54792', '12043']"
"[3, 3]","[15, 13]","['22487', '72700', '994', '30004', '25079']",25079,"['25079', '72700', '22487', '30004', '994']"
"[0, 14]","[18, 23]","['80522', '17291', '37963', '39894', '40817']",40817,"['37963', '40817', '39894', '17291', '80522']"
"[3, 21]","[15, 13]","['14038', '57272', '47060', '53064', '68970']",68970,"['57272', '53064', '14038', '68970', '47060']"
"[18, 23]","[0, 0]","['12104', '14167', '10433', '67584', '28082']",28082,"['10433', '12104', '67584', '28082', '14167']"
"[15, 13]","[3, 5]","['53137', '68970', '25079', '34763', '74226']",74226,"['74226', '53137', '68970', '34763', '25079']"
"[0, 7]","[18, 23]","['10984', '66807', '15613', '65801', '14167']",14167,"['65801', '14167', '10984', '15613', '66807']"
"[18, 23]","[0, 2]","['59794', '42151', '37360', '78682', '59390']",59390,"['59794', '42151', '37360', '59390', '78682']"
"[0, 2]","[18, 23]","['67465', '51831', '54867', '44802', '48306']",48306,"['67465', '51831', '54867', '48306', '44802']"
"[3, 7]","[15, 13]","['19796', '37907', '30859', '73164', '68970']",68970,"['19796', '68970', '37907', '73164', '30859']"
"[3, 26]","[15, 17]","['19246', '50906', '68096', '1064', '60915']",60915,"['68096', '1064', '50906', '60915', '19246']"
"[17, 21]","[7, 1]","['40487', '62549', '9795', '62454', '12421']",12421,"['62454', '62549', '9795', '12421', '40487']"
"[18, 25]","[0, 6]","['62071', '73827', '3282', '25711', '43036']",43036,"['25711', '3282', '73827', '62071', '43036']"
"[3, 3]","[15, 13]","['22487', '72700', '22002', '30004', '24364']",24364,"['72700', '24364', '22002', '30004', '22487']"
"[7, 1]","[17, 5]","['12421', '10825', '17550', '53652', '33045']",33045,"['12421', '33045', '10825', '53652', '17550']"
"[7, 1]","[17, 5]","['8109', '12421', '16951', '3536', '7913']",7913,"['8109', '12421', '3536', '7913', '16951']"
"[3, 7]","[15, 28]","['4286', '19992', '19796', '30859', '10526']",10526,"['19992', '4286', '19796', '30859', '10526']"
"[0, 24]","[18, 23]","['37989', '31926', '74418', '48780', '15451']",15451,"['15451', '31926', '48780', '37989', '74418']"
"[18, 25]","[0, 0]","['25711', '4132', '62071', '73827', '28082']",28082,"['62071', '4132', '25711', '28082', '73827']"
"[15, 28]","[3, 5]","['67905', '23274', '3258', '38548', '64']",64,"['23274', '3258', '38548', '67905', '64']"
"[17, 21]","[7, 20]","['69704', '62454', '62549', '40487', '54372']",54372,"['40487', '54372', '62549', '62454', '69704']"
"[0, 2]","[18, 25]","['48095', '27625', '44125', '44802', '73827']",73827,"['44802', '44125', '48095', '27625', '73827']"
"[17, 21]","[7, 22]","['62454', '62549', '40487', '9795', '23132']",23132,"['40487', '62549', '62454', '9795', '23132']"
"[7, 1]","[17, 18]","['17550', '3536', '8109', '53652', '66935']",66935,"['53652', '3536', '17550', '66935', '8109']"
"[3, 28]","[15, 28]","['8257', '73823', '12683', '42226', '3258']",3258,"['12683', '3258', '73823', '42226', '8257']"
"[0, 14]","[18, 23]","['37963', '39894', '75707', '17291', '67584']",67584,"['75707', '37963', '39894', '17291', '67584']"
"[0, 14]","[18, 23]","['80522', '39894', '75707', '17291', '72365']",72365,"['75707', '39894', '80522', '72365', '17291']"
"[0, 2]","[18, 23]","['9836', '9639', '51831', '60860', '42151']",42151,"['42151', '60860', '51831', '9639', '9836']"
"[18, 25]","[0, 2]","['62071', '3282', '25711', '4132', '44802']",44802,"['62071', '3282', '44802', '25711', '4132']"
"[3, 7]","[15, 28]","['19796', '4286', '37907', '19992', '38548']",38548,"['19796', '37907', '38548', '4286', '19992']"
"[0, 7]","[18, 23]","['65801', '10984', '15613', '72266', '12104']",12104,"['10984', '15613', '72266', '65801', '12104']"
"[3, 17]","[15, 21]","['53579', '64047', '54792', '12043', '20839']",20839,"['12043', '64047', '20839', '54792', '53579']"
"[3, 26]","[15, 17]","['32729', '72586', '9147', '50906', '11908']",11908,"['11908', '32729', '9147', '50906', '72586']"
"[3, 26]","[15, 21]","['9147', '40031', '11033', '1064', '7489']",7489,"['11033', '40031', '9147', '1064', '7489']"
"[3, 17]","[15, 17]","['54792', '12043', '53579', '33084', '47834']",47834,"['47834', '12043', '54792', '53579', '33084']"
"[0, 2]","[18, 23]","['80744', '44125', '54867', '9639', '72978']",72978,"['80744', '9639', '54867', '44125', '72978']"
"[0, 14]","[18, 25]","['39894', '37963', '42604', '17291', '25711']",25711,"['39894', '37963', '17291', '25711', '42604']"
"[3, 3]","[15, 17]","['10131', '22002', '994', '72700', '1225']",1225,"['22002', '994', '1225', '10131', '72700']"
"[17, 21]","[7, 3]","['9795', '62549', '62454', '69704', '75828']",75828,"['62454', '9795', '62549', '75828', '69704']"
"[0, 14]","[18, 23]","['39894', '42604', '17291', '80522', '48306']",48306,"['39894', '42604', '17291', '80522', '48306']"
"[15, 17]","[3, 17]","['60915', '1225', '11908', '47834', '38478']",38478,"['11908', '60915', '38478', '47834', '1225']"
"[3, 7]","[15, 17]","['19992', '19796', '37907', '4286', '11908']",11908,"['37907', '19796', '11908', '4286', '19992']"
"[3, 26]","[15, 28]","['1064', '40031', '68096', '32729', '23274']",23274,"['32729', '23274', '40031', '68096', '1064']"
"[18, 25]","[0, 0]","['73827', '3282', '25711', '62071', '78009']",78009,"['3282', '73827', '78009', '25711', '62071']"
"[0, 6]","[18, 25]","['75880', '41154', '25447', '49395', '73827']",73827,"['25447', '41154', '75880', '49395', '73827']"
"[7, 1]","[17, 21]","['12421', '17550', '12376', '8109', '78147']",78147,"['8109', '78147', '17550', '12376', '12421']"
"[3, 21]","[15, 17]","['47060', '53064', '14038', '42206', '11908']",11908,"['53064', '47060', '42206', '14038', '11908']"
"[17, 18]","[7, 3]","['6955', '46660', '66935', '21408', '52457']",52457,"['21408', '52457', '46660', '6955', '66935']"
"[3, 16]","[15, 28]","['59100', '177', '11746', '56017', '38548']",38548,"['56017', '11746', '59100', '177', '38548']"
"[15, 13]","[3, 7]","['25079', '68970', '24364', '42684', '30859']",30859,"['30859', '42684', '24364', '25079', '68970']"
"[15, 28]","[3, 4]","['3258', '10526', '38548', '23274', '20671']",20671,"['23274', '38548', '10526', '20671', '3258']"
"[3, 7]","[15, 17]","['73164', '30859', '37907', '19992', '11908']",11908,"['73164', '37907', '19992', '30859', '11908']"
"[0, 14]","[18, 25]","['75707', '42604', '17291', '39894', '62071']",62071,"['39894', '75707', '17291', '42604', '62071']"
"[0, 7]","[18, 23]","['15613', '66807', '65801', '10984', '5909']",5909,"['5909', '15613', '65801', '10984', '66807']"
"[15, 13]","[3, 3]","['20590', '25079', '34763', '68970', '994']",994,"['68970', '34763', '25079', '20590', '994']"
"[3, 21]","[15, 28]","['14038', '47060', '53064', '57272', '23274']",23274,"['23274', '47060', '14038', '57272', '53064']"
"[3, 16]","[15, 21]","['11746', '56017', '177', '59100', '3384']",3384,"['177', '11746', '59100', '3384', '56017']"
"[7, 20]","[17, 21]","['2277', '55305', '54372', '2425', '62549']",62549,"['2277', '54372', '62549', '55305', '2425']"
"[15, 28]","[3, 16]","['10526', '23274', '3258', '38548', '177']",177,"['177', '23274', '10526', '3258', '38548']"
"[17, 18]","[7, 20]","['6955', '21543', '51240', '31693', '2277']",2277,"['51240', '21543', '31693', '6955', '2277']"
"[0, 2]","[18, 25]","['44125', '48095', '28242', '44145', '73827']",73827,"['28242', '48095', '44125', '44145', '73827']"
"[17, 21]","[7, 1]","['62549', '62454', '69704', '40487', '17550']",17550,"['62549', '40487', '17550', '69704', '62454']"
"[17, 18]","[7, 20]","['66316', '70105', '21408', '31693', '55305']",55305,"['66316', '55305', '21408', '70105', '31693']"
"[15, 21]","[3, 28]","['7489', '13497', '3384', '20839', '42226']",42226,"['42226', '3384', '20839', '13497', '7489']"
"[3, 17]","[15, 17]","['33084', '38478', '54792', '53579', '11908']",11908,"['38478', '53579', '11908', '54792', '33084']"
"[3, 16]","[15, 28]","['11746', '59100', '177', '63317', '38548']",38548,"['63317', '38548', '11746', '177', '59100']"
"[18, 25]","[0, 24]","['73827', '62071', '3282', '4132', '31926']",31926,"['3282', '73827', '4132', '31926', '62071']"
"[3, 7]","[15, 17]","['19796', '37907', '73164', '19992', '60915']",60915,"['60915', '73164', '37907', '19992', '19796']"
"[0, 2]","[18, 25]","['28242', '70440', '59390', '9836', '62071']",62071,"['9836', '70440', '59390', '62071', '28242']"
"[7, 3]","[17, 21]","['64781', '75828', '61767', '52457', '40487']",40487,"['40487', '52457', '64781', '61767', '75828']"
"[15, 17]","[3, 12]","['60915', '47834', '1225', '11908', '1181']",1181,"['11908', '47834', '1181', '1225', '60915']"
"[3, 28]","[15, 28]","['8257', '73823', '12683', '55090', '23274']",23274,"['73823', '12683', '55090', '23274', '8257']"
"[3, 28]","[15, 13]","['55090', '73823', '42226', '8257', '53137']",53137,"['53137', '8257', '55090', '73823', '42226']"
"[3, 3]","[15, 17]","['10131', '72700', '30004', '10017', '1225']",1225,"['30004', '10131', '10017', '72700', '1225']"
"[3, 12]","[15, 13]","['37955', '27821', '20968', '1181', '20590']",20590,"['27821', '1181', '20590', '37955', '20968']"
"[18, 23]","[0, 0]","['61353', '6216', '14167', '48306', '8176']",8176,"['14167', '8176', '48306', '61353', '6216']"
"[0, 6]","[18, 25]","['43375', '43036', '41154', '49395', '4132']",4132,"['41154', '49395', '43036', '43375', '4132']"
"[17, 21]","[7, 22]","['78147', '62549', '40487', '69704', '31113']",31113,"['69704', '31113', '62549', '40487', '78147']"
"[15, 13]","[3, 21]","['24364', '20590', '68970', '25079', '42206']",42206,"['24364', '20590', '25079', '68970', '42206']"
"[17, 18]","[7, 20]","['66316', '51240', '21408', '21543', '55305']",55305,"['21408', '66316', '21543', '55305', '51240']"
"[3, 7]","[15, 28]","['30859', '73164', '4286', '37907', '67905']",67905,"['30859', '67905', '4286', '37907', '73164']"
"[18, 25]","[0, 2]","['73827', '62071', '25711', '3282', '67465']",67465,"['25711', '62071', '3282', '67465', '73827']"
"[18, 23]","[0, 7]","['72365', '61353', '6216', '65195', '72266']",72266,"['72365', '72266', '61353', '6216', '65195']"
"[18, 25]","[0, 14]","['4132', '62071', '25711', '3282', '1261']",1261,"['3282', '4132', '62071', '1261', '25711']"
"[3, 26]","[15, 17]","['9147', '49864', '50906', '11033', '60915']",60915,"['9147', '11033', '50906', '60915', '49864']"
"[7, 1]","[17, 21]","['3536', '16951', '53652', '12376', '40487']",40487,"['12376', '53652', '40487', '16951', '3536']"
"[3, 21]","[15, 28]","['57272', '47060', '42206', '53064', '3258']",3258,"['3258', '53064', '47060', '57272', '42206']"
"[3, 7]","[15, 17]","['73164', '19796', '4286', '37907', '1225']",1225,"['19796', '4286', '73164', '1225', '37907']"
"[0, 2]","[18, 23]","['63508', '9639', '80744', '54867', '10433']",10433,"['9639', '10433', '63508', '54867', '80744']"
"[0, 2]","[18, 23]","['51831', '44802', '32703', '43995', '64247']",64247,"['44802', '64247', '43995', '51831', '32703']"
"[7, 20]","[17, 18]","['55305', '54372', '2425', '2277', '31693']",31693,"['54372', '2425', '31693', '55305', '2277']"
"[0, 2]","[18, 25]","['43629', '59390', '9836', '67842', '62071']",62071,"['62071', '9836', '59390', '67842', '43629']"
"[3, 5]","[15, 13]","['63514', '12162', '74226', '64', '53137']",53137,"['12162', '63514', '74226', '64', '53137']"
"[15, 13]","[3, 4]","['34763', '25079', '68970', '53137', '9383']",9383,"['53137', '25079', '34763', '9383', '68970']"
"[3, 17]","[15, 13]","['38478', '54792', '53579', '33084', '34763']",34763,"['54792', '38478', '53579', '33084', '34763']"
"[15, 17]","[3, 16]","['11908', '47834', '1225', '60915', '11746']",11746,"['11908', '11746', '1225', '47834', '60915']"
"[3, 26]","[15, 13]","['19246', '9147', '34449', '18887', '24364']",24364,"['18887', '9147', '24364', '19246', '34449']"
"[3, 17]","[15, 28]","['53579', '12043', '38478', '54792', '38548']",38548,"['54792', '38548', '53579', '12043', '38478']"
"[3, 21]","[15, 13]","['53064', '57272', '42206', '14038', '42684']",42684,"['42206', '57272', '42684', '14038', '53064']"
"[0, 6]","[18, 25]","['49395', '41154', '43375', '59474', '62071']",62071,"['41154', '62071', '49395', '43375', '59474']"
"[0, 7]","[18, 25]","['72266', '65801', '10984', '66807', '4132']",4132,"['72266', '65801', '4132', '10984', '66807']"
"[18, 25]","[0, 6]","['4132', '73827', '62071', '3282', '49395']",49395,"['4132', '49395', '3282', '62071', '73827']"
"[3, 7]","[15, 17]","['73164', '19796', '30859', '19992', '47834']",47834,"['19796', '73164', '47834', '19992', '30859']"
"[3, 7]","[15, 17]","['30859', '37907', '4286', '19992', '47834']",47834,"['19992', '30859', '37907', '47834', '4286']"
"[15, 28]","[3, 26]","['23274', '67905', '38548', '3258', '18887']",18887,"['38548', '23274', '67905', '18887', '3258']"
"[3, 26]","[15, 28]","['1064', '49864', '34449', '72586', '23274']",23274,"['23274', '49864', '34449', '1064', '72586']"
"[3, 7]","[15, 13]","['37907', '73164', '30859', '4286', '20590']",20590,"['37907', '73164', '4286', '20590', '30859']"
"[15, 21]","[3, 26]","['7489', '3384', '13497', '20839', '68096']",68096,"['3384', '7489', '68096', '13497', '20839']"
"[18, 23]","[0, 2]","['48306', '25667', '42151', '12104', '45218']",45218,"['48306', '42151', '45218', '12104', '25667']"
"[3, 26]","[15, 13]","['72586', '34449', '50906', '49864', '20590']",20590,"['50906', '34449', '20590', '72586', '49864']"
"[3, 28]","[15, 28]","['8257', '12683', '42226', '55090', '3258']",3258,"['8257', '55090', '42226', '12683', '3258']"
"[0, 7]","[18, 25]","['72266', '10984', '65801', '66807', '3282']",3282,"['3282', '72266', '65801', '10984', '66807']"
"[0, 2]","[18, 23]","['44125', '44145', '59390', '45218', '32105']",32105,"['44125', '44145', '59390', '32105', '45218']"
"[15, 17]","[3, 16]","['47834', '60915', '1225', '11908', '56017']",56017,"['11908', '56017', '47834', '1225', '60915']"
"[15, 28]","[3, 21]","['23274', '10526', '67905', '3258', '47060']",47060,"['3258', '23274', '47060', '67905', '10526']"
"[17, 18]","[7, 22]","['66935', '6955', '46660', '51240', '31113']",31113,"['6955', '51240', '66935', '46660', '31113']"
"[0, 2]","[18, 23]","['80744', '43995', '66847', '67842', '72978']",72978,"['66847', '43995', '80744', '67842', '72978']"
"[18, 23]","[0, 24]","['25667', '72978', '64247', '32105', '48780']",48780,"['48780', '64247', '72978', '25667', '32105']"
"[0, 2]","[18, 23]","['67465', '28242', '60860', '32703', '20502']",20502,"['20502', '67465', '28242', '60860', '32703']"
"[0, 14]","[18, 23]","['17291', '42604', '1261', '39894', '67584']",67584,"['39894', '17291', '1261', '67584', '42604']"
"[15, 13]","[3, 12]","['25079', '68970', '24364', '20590', '20968']",20968,"['20590', '25079', '68970', '24364', '20968']"
"[3, 26]","[15, 17]","['72586', '9147', '40031', '32729', '11908']",11908,"['72586', '9147', '11908', '32729', '40031']"
"[0, 14]","[18, 25]","['75707', '42604', '39894', '1261', '4132']",4132,"['4132', '75707', '42604', '39894', '1261']"
"[18, 23]","[0, 2]","['42151', '25667', '5909', '32105', '63508']",63508,"['32105', '42151', '5909', '63508', '25667']"
"[3, 21]","[15, 21]","['42206', '14038', '57272', '53064', '20839']",20839,"['14038', '57272', '42206', '53064', '20839']"
"[15, 21]","[3, 21]","['3384', '7489', '20839', '13497', '14038']",14038,"['14038', '3384', '7489', '20839', '13497']"
"[15, 28]","[3, 3]","['67905', '23274', '3258', '10526', '22002']",22002,"['3258', '67905', '23274', '22002', '10526']"
"[18, 23]","[0, 6]","['14167', '26052', '40817', '32105', '75880']",75880,"['14167', '40817', '26052', '75880', '32105']"
"[15, 13]","[3, 7]","['20590', '25079', '34763', '53137', '37907']",37907,"['34763', '20590', '53137', '25079', '37907']"
"[3, 17]","[15, 13]","['54792', '53579', '38478', '33084', '68970']",68970,"['53579', '38478', '68970', '54792', '33084']"
"[0, 2]","[18, 25]","['45218', '59390', '32703', '27625', '4132']",4132,"['4132', '45218', '27625', '32703', '59390']"
"[0, 2]","[18, 25]","['67465', '54867', '70440', '9836', '3282']",3282,"['67465', '70440', '3282', '9836', '54867']"
"[0, 6]","[18, 25]","['75880', '41154', '43036', '25447', '4132']",4132,"['43036', '41154', '75880', '4132', '25447']"
"[3, 26]","[15, 13]","['32729', '50906', '68096', '40031', '42684']",42684,"['40031', '42684', '32729', '50906', '68096']"
"[0, 14]","[18, 23]","['75707', '80522', '17291', '39894', '26755']",26755,"['17291', '75707', '80522', '39894', '26755']"
"[0, 2]","[18, 25]","['62759', '32703', '44125', '70440', '62071']",62071,"['44125', '32703', '62071', '70440', '62759']"
"[15, 21]","[3, 4]","['3384', '20839', '13497', '7489', '20671']",20671,"['20839', '3384', '20671', '13497', '7489']"
"[3, 28]","[15, 13]","['42226', '55090', '8257', '12683', '42684']",42684,"['8257', '55090', '42684', '42226', '12683']"
"[15, 28]","[3, 7]","['3258', '23274', '10526', '38548', '37907']",37907,"['10526', '23274', '38548', '3258', '37907']"
"[3, 5]","[15, 13]","['12162', '64', '63514', '74226', '20590']",20590,"['63514', '74226', '64', '12162', '20590']"
"[3, 17]","[15, 17]","['38478', '53579', '33084', '54792', '47834']",47834,"['53579', '38478', '54792', '33084', '47834']"
"[17, 21]","[7, 1]","['78147', '62454', '69704', '62549', '53652']",53652,"['78147', '62454', '62549', '53652', '69704']"
"[0, 2]","[18, 23]","['60860', '66847', '44802', '70440', '48306']",48306,"['48306', '70440', '60860', '44802', '66847']"
"[3, 3]","[15, 13]","['22487', '10131', '30004', '994', '42684']",42684,"['42684', '22487', '994', '10131', '30004']"
"[17, 21]","[7, 22]","['9795', '40487', '62549', '69704', '23132']",23132,"['9795', '40487', '23132', '62549', '69704']"
"[3, 16]","[15, 17]","['56017', '177', '63317', '59100', '60915']",60915,"['60915', '177', '59100', '63317', '56017']"
"[17, 21]","[7, 20]","['9795', '69704', '62454', '62549', '2425']",2425,"['69704', '62549', '9795', '2425', '62454']"
"[0, 2]","[18, 23]","['62759', '59390', '63508', '51831', '5909']",5909,"['63508', '62759', '59390', '5909', '51831']"
"[15, 28]","[3, 17]","['67905', '23274', '38548', '3258', '38478']",38478,"['23274', '38478', '38548', '3258', '67905']"
"[17, 18]","[7, 20]","['6955', '51240', '31693', '21543', '54372']",54372,"['21543', '6955', '54372', '51240', '31693']"
"[15, 13]","[3, 26]","['25079', '34763', '68970', '20590', '9147']",9147,"['68970', '9147', '25079', '34763', '20590']"
"[3, 26]","[15, 17]","['19246', '34449', '50906', '72586', '60915']",60915,"['50906', '60915', '19246', '34449', '72586']"
"[7, 1]","[17, 21]","['17550', '12376', '53652', '8109', '40487']",40487,"['40487', '12376', '8109', '53652', '17550']"
"[18, 23]","[0, 0]","['64148', '42151', '65195', '78682', '28082']",28082,"['42151', '65195', '28082', '64148', '78682']"
"[15, 13]","[3, 4]","['25079', '68970', '20590', '53137', '9383']",9383,"['20590', '9383', '53137', '25079', '68970']"
"[3, 26]","[15, 28]","['19246', '68096', '1064', '18887', '67905']",67905,"['68096', '67905', '19246', '18887', '1064']"
"[15, 17]","[3, 28]","['1225', '47834', '11908', '60915', '8257']",8257,"['8257', '1225', '11908', '60915', '47834']"
"[17, 18]","[7, 1]","['66316', '46660', '21543', '6955', '16951']",16951,"['46660', '21543', '6955', '66316', '16951']"
"[15, 21]","[3, 17]","['3384', '7489', '13497', '20839', '12043']",12043,"['20839', '12043', '3384', '7489', '13497']"
"[17, 18]","[7, 22]","['46660', '66935', '31693', '70105', '31113']",31113,"['70105', '31113', '31693', '46660', '66935']"
"[3, 16]","[15, 21]","['56017', '177', '59100', '11746', '13497']",13497,"['59100', '56017', '177', '11746', '13497']"
"[3, 3]","[15, 17]","['22487', '22002', '10017', '72700', '11908']",11908,"['10017', '72700', '22002', '11908', '22487']"
"[7, 1]","[17, 5]","['8109', '12421', '16951', '10825', '72055']",72055,"['72055', '16951', '8109', '12421', '10825']"
"[0, 14]","[18, 23]","['17291', '39894', '1261', '75707', '48306']",48306,"['48306', '17291', '1261', '75707', '39894']"
"[3, 3]","[15, 13]","['10131', '10017', '72700', '22487', '42684']",42684,"['42684', '22487', '10017', '72700', '10131']"
"[17, 18]","[7, 22]","['66935', '51240', '70105', '21543', '31113']",31113,"['70105', '21543', '31113', '51240', '66935']"
"[3, 7]","[15, 28]","['30859', '73164', '19992', '4286', '3258']",3258,"['4286', '19992', '3258', '30859', '73164']"
"[18, 23]","[0, 0]","['48306', '40817', '78682', '64247', '78009']",78009,"['48306', '78682', '64247', '78009', '40817']"
"[17, 18]","[7, 1]","['70105', '6955', '21543', '51240', '17550']",17550,"['70105', '17550', '6955', '21543', '51240']"
"[3, 3]","[15, 28]","['10131', '22487', '30004', '22002', '38548']",38548,"['10131', '22002', '30004', '22487', '38548']"
"[7, 1]","[17, 18]","['17550', '16951', '12421', '12376', '51240']",51240,"['16951', '51240', '12421', '17550', '12376']"
"[3, 21]","[15, 17]","['53064', '42206', '57272', '14038', '1225']",1225,"['14038', '53064', '57272', '1225', '42206']"
"[0, 7]","[18, 23]","['15613', '10984', '66807', '65801', '42151']",42151,"['65801', '15613', '10984', '66807', '42151']"
"[3, 3]","[15, 17]","['22487', '994', '10017', '10131', '60915']",60915,"['10131', '994', '22487', '10017', '60915']"
"[0, 6]","[18, 25]","['43375', '75880', '59474', '41154', '62071']",62071,"['75880', '43375', '62071', '59474', '41154']"
"[7, 1]","[17, 18]","['17550', '10825', '8109', '53652', '66935']",66935,"['66935', '10825', '53652', '8109', '17550']"
"[15, 13]","[3, 21]","['25079', '53137', '42684', '24364', '53064']",53064,"['42684', '24364', '53064', '53137', '25079']"
"[18, 23]","[0, 24]","['32105', '67584', '14167', '64247', '31926']",31926,"['67584', '31926', '14167', '64247', '32105']"
"[3, 17]","[15, 13]","['64047', '33084', '53579', '54792', '34763']",34763,"['53579', '33084', '34763', '54792', '64047']"
"[3, 16]","[15, 13]","['11746', '59100', '63317', '177', '68970']",68970,"['11746', '63317', '59100', '68970', '177']"
"[0, 6]","[18, 25]","['43375', '43036', '41154', '49395', '3282']",3282,"['41154', '49395', '3282', '43375', '43036']"
"[3, 21]","[15, 28]","['14038', '53064', '57272', '42206', '3258']",3258,"['3258', '57272', '42206', '53064', '14038']"
"[15, 13]","[3, 26]","['53137', '25079', '42684', '20590', '9147']",9147,"['53137', '20590', '9147', '25079', '42684']"
"[3, 28]","[15, 21]","['8257', '73823', '55090', '12683', '13497']",13497,"['73823', '55090', '8257', '12683', '13497']"
"[15, 17]","[3, 7]","['1225', '11908', '60915', '47834', '4286']",4286,"['47834', '11908', '60915', '1225', '4286']"
"[15, 28]","[3, 28]","['10526', '23274', '38548', '3258', '42226']",42226,"['38548', '10526', '42226', '23274', '3258']"
"[0, 6]","[18, 25]","['43375', '49395', '75880', '41154', '25711']",25711,"['25711', '49395', '41154', '75880', '43375']"
"[0, 14]","[18, 23]","['37963', '75707', '80522', '1261', '26755']",26755,"['1261', '75707', '26755', '37963', '80522']"
"[18, 25]","[0, 2]","['73827', '25711', '4132', '3282', '67842']",67842,"['67842', '4132', '3282', '73827', '25711']"
"[18, 25]","[0, 2]","['73827', '62071', '25711', '3282', '66847']",66847,"['25711', '73827', '3282', '62071', '66847']"
"[3, 17]","[15, 13]","['12043', '53579', '64047', '33084', '68970']",68970,"['33084', '53579', '68970', '64047', '12043']"
"[3, 17]","[15, 17]","['38478', '53579', '33084', '64047', '1225']",1225,"['33084', '64047', '38478', '53579', '1225']"
"[15, 13]","[3, 17]","['53137', '20590', '42684', '24364', '38478']",38478,"['42684', '38478', '24364', '20590', '53137']"
"[15, 28]","[3, 7]","['10526', '23274', '38548', '67905', '73164']",73164,"['38548', '23274', '67905', '73164', '10526']"
"[3, 26]","[15, 13]","['19246', '11033', '1064', '18887', '20590']",20590,"['20590', '19246', '18887', '1064', '11033']"
"[15, 17]","[3, 21]","['60915', '1225', '11908', '47834', '53064']",53064,"['53064', '1225', '60915', '47834', '11908']"
"[7, 1]","[17, 18]","['8109', '17550', '10825', '3536', '31693']",31693,"['31693', '8109', '17550', '10825', '3536']"
"[15, 13]","[3, 17]","['24364', '34763', '42684', '53137', '54792']",54792,"['24364', '42684', '54792', '34763', '53137']"
"[15, 21]","[3, 12]","['3384', '7489', '13497', '20839', '27821']",27821,"['7489', '27821', '20839', '13497', '3384']"
"[3, 17]","[15, 28]","['53579', '12043', '54792', '38478', '10526']",10526,"['12043', '10526', '54792', '38478', '53579']"
"[3, 17]","[15, 13]","['12043', '54792', '33084', '64047', '20590']",20590,"['64047', '54792', '20590', '33084', '12043']"
"[18, 23]","[0, 0]","['61353', '26052', '59794', '67584', '8176']",8176,"['67584', '61353', '26052', '8176', '59794']"
"[0, 2]","[18, 25]","['51831', '9639', '27625', '45218', '3282']",3282,"['27625', '51831', '45218', '9639', '3282']"
"[3, 3]","[15, 17]","['994', '72700', '10131', '30004', '47834']",47834,"['30004', '994', '47834', '10131', '72700']"
"[15, 17]","[3, 5]","['1225', '60915', '47834', '11908', '12162']",12162,"['60915', '12162', '47834', '1225', '11908']"
"[15, 17]","[3, 17]","['1225', '47834', '60915', '11908', '33084']",33084,"['47834', '11908', '60915', '1225', '33084']"
"[17, 18]","[7, 22]","['21408', '31693', '51240', '6955', '31113']",31113,"['31693', '31113', '21408', '6955', '51240']"
"[17, 21]","[7, 20]","['62549', '69704', '40487', '78147', '2277']",2277,"['40487', '78147', '2277', '69704', '62549']"
"[3, 3]","[15, 21]","['72700', '22487', '994', '22002', '3384']",3384,"['3384', '72700', '994', '22487', '22002']"
"[7, 1]","[17, 21]","['12376', '17550', '10825', '12421', '62549']",62549,"['12376', '10825', '62549', '12421', '17550']"
"[3, 7]","[15, 28]","['30859', '37907', '73164', '4286', '23274']",23274,"['37907', '73164', '23274', '4286', '30859']"
"[15, 28]","[3, 21]","['10526', '3258', '38548', '23274', '53064']",53064,"['3258', '53064', '10526', '38548', '23274']"
"[3, 17]","[15, 17]","['38478', '33084', '12043', '53579', '47834']",47834,"['53579', '33084', '12043', '47834', '38478']"
"[3, 26]","[15, 21]","['32729', '72586', '34449', '19246', '13497']",13497,"['19246', '32729', '72586', '13497', '34449']"
"[3, 3]","[15, 21]","['22002', '30004', '22487', '994', '13497']",13497,"['22487', '994', '30004', '13497', '22002']"
"[18, 23]","[0, 2]","['10433', '64247', '65195', '15451', '70440']",70440,"['70440', '64247', '65195', '10433', '15451']"
"[0, 7]","[18, 23]","['15613', '72266', '66807', '10984', '65195']",65195,"['66807', '72266', '15613', '65195', '10984']"
"[7, 1]","[17, 5]","['16951', '10825', '53652', '12376', '50221']",50221,"['53652', '12376', '16951', '50221', '10825']"
"[3, 21]","[15, 17]","['42206', '57272', '14038', '47060', '60915']",60915,"['42206', '57272', '14038', '47060', '60915']"
"[15, 13]","[3, 4]","['25079', '24364', '68970', '20590', '11039']",11039,"['68970', '24364', '11039', '20590', '25079']"
"[3, 28]","[15, 13]","['55090', '12683', '8257', '42226', '24364']",24364,"['24364', '42226', '12683', '55090', '8257']"
"[0, 7]","[18, 23]","['65801', '72266', '15613', '10984', '72365']",72365,"['72365', '72266', '10984', '15613', '65801']"
"[0, 2]","[18, 25]","['62759', '44125', '9639', '43995', '3282']",3282,"['44125', '9639', '43995', '62759', '3282']"
"[3, 7]","[15, 28]","['37907', '4286', '19796', '73164', '10526']",10526,"['4286', '10526', '37907', '19796', '73164']"
"[7, 1]","[17, 5]","['10825', '8109', '53652', '17550', '72055']",72055,"['53652', '17550', '72055', '8109', '10825']"
"[0, 6]","[18, 25]","['49395', '41154', '43036', '59474', '62071']",62071,"['49395', '43036', '62071', '59474', '41154']"
"[15, 28]","[3, 17]","['38548', '3258', '67905', '23274', '54792']",54792,"['3258', '67905', '38548', '54792', '23274']"
"[17, 21]","[7, 20]","['78147', '9795', '40487', '62549', '55305']",55305,"['55305', '9795', '40487', '62549', '78147']"
"[0, 2]","[18, 23]","['45218', '80744', '43995', '44145', '64247']",64247,"['64247', '44145', '80744', '45218', '43995']"
"[18, 23]","[0, 2]","['20502', '26052', '72978', '40817', '80744']",80744,"['40817', '72978', '80744', '26052', '20502']"
"[0, 6]","[18, 23]","['59474', '49395', '41154', '43036', '72978']",72978,"['72978', '41154', '43036', '49395', '59474']"
"[15, 13]","[3, 17]","['68970', '42684', '24364', '25079', '38478']",38478,"['24364', '25079', '68970', '42684', '38478']"
"[3, 28]","[15, 28]","['73823', '42226', '8257', '55090', '67905']",67905,"['55090', '8257', '67905', '42226', '73823']"
"[3, 3]","[15, 28]","['30004', '72700', '10017', '994', '38548']",38548,"['72700', '30004', '38548', '994', '10017']"
"[7, 1]","[17, 18]","['53652', '17550', '16951', '10825', '51240']",51240,"['53652', '16951', '10825', '17550', '51240']"
"[17, 5]","[7, 1]","['50221', '72055', '33045', '7913', '8109']",8109,"['33045', '8109', '72055', '50221', '7913']"
"[17, 18]","[7, 1]","['70105', '6955', '31693', '66935', '3536']",3536,"['6955', '66935', '3536', '31693', '70105']"
"[15, 17]","[3, 4]","['1225', '11908', '60915', '47834', '11039']",11039,"['60915', '11908', '11039', '47834', '1225']"
"[15, 13]","[3, 16]","['42684', '25079', '53137', '34763', '63317']",63317,"['34763', '25079', '42684', '63317', '53137']"
"[17, 21]","[7, 1]","['9795', '69704', '40487', '78147', '12376']",12376,"['12376', '78147', '69704', '9795', '40487']"
"[3, 17]","[15, 21]","['33084', '54792', '64047', '53579', '7489']",7489,"['33084', '64047', '53579', '7489', '54792']"
"[18, 25]","[0, 6]","['25711', '62071', '73827', '4132', '43036']",43036,"['73827', '62071', '25711', '43036', '4132']"
"[15, 17]","[3, 26]","['60915', '47834', '11908', '1225', '40031']",40031,"['1225', '60915', '11908', '47834', '40031']"
"[17, 18]","[7, 1]","['46660', '70105', '66316', '21408', '8109']",8109,"['66316', '46660', '21408', '8109', '70105']"
"[15, 28]","[3, 16]","['67905', '3258', '10526', '38548', '63317']",63317,"['67905', '3258', '38548', '10526', '63317']"
"[7, 1]","[17, 5]","['53652', '12421', '10825', '16951', '7913']",7913,"['12421', '16951', '7913', '10825', '53652']"
"[0, 14]","[18, 23]","['17291', '1261', '39894', '42604', '6216']",6216,"['6216', '42604', '39894', '17291', '1261']"
"[17, 21]","[7, 20]","['62454', '78147', '69704', '9795', '54372']",54372,"['62454', '54372', '69704', '9795', '78147']"
"[3, 26]","[15, 28]","['19246', '68096', '40031', '18887', '23274']",23274,"['18887', '19246', '40031', '23274', '68096']"
"[0, 6]","[18, 25]","['59474', '25447', '43375', '41154', '4132']",4132,"['25447', '41154', '4132', '59474', '43375']"
"[3, 3]","[15, 21]","['30004', '72700', '10131', '10017', '20839']",20839,"['72700', '20839', '10131', '10017', '30004']"
"[0, 6]","[18, 23]","['59474', '25447', '43375', '75880', '20502']",20502,"['20502', '59474', '43375', '25447', '75880']"
"[3, 26]","[15, 28]","['34449', '72586', '1064', '50906', '38548']",38548,"['72586', '1064', '50906', '38548', '34449']"
"[17, 18]","[7, 20]","['66935', '46660', '21408', '6955', '55305']",55305,"['46660', '21408', '66935', '6955', '55305']"
"[7, 1]","[17, 21]","['12376', '12421', '3536', '10825', '40487']",40487,"['10825', '12421', '12376', '40487', '3536']"
"[3, 7]","[15, 28]","['37907', '19992', '19796', '4286', '3258']",3258,"['19992', '4286', '3258', '37907', '19796']"
"[0, 2]","[18, 23]","['63508', '27625', '70440', '44802', '72978']",72978,"['72978', '63508', '27625', '44802', '70440']"
"[18, 23]","[0, 24]","['12104', '72365', '37360', '65195', '37989']",37989,"['65195', '12104', '37989', '72365', '37360']"
"[15, 28]","[3, 17]","['38548', '10526', '3258', '23274', '38478']",38478,"['3258', '10526', '23274', '38548', '38478']"
"[0, 14]","[18, 25]","['37963', '1261', '75707', '80522', '73827']",73827,"['73827', '37963', '75707', '1261', '80522']"
"[3, 17]","[15, 13]","['12043', '38478', '33084', '53579', '68970']",68970,"['38478', '53579', '68970', '12043', '33084']"
"[18, 23]","[0, 6]","['26052', '48306', '10433', '67584', '43036']",43036,"['26052', '67584', '10433', '43036', '48306']"
"[15, 28]","[3, 12]","['67905', '10526', '23274', '38548', '37955']",37955,"['37955', '23274', '10526', '67905', '38548']"
"[3, 3]","[15, 21]","['72700', '22002', '22487', '30004', '13497']",13497,"['72700', '13497', '22002', '22487', '30004']"
"[18, 25]","[0, 7]","['3282', '25711', '4132', '62071', '72266']",72266,"['62071', '4132', '25711', '72266', '3282']"
"[7, 1]","[17, 21]","['10825', '8109', '53652', '3536', '9795']",9795,"['9795', '8109', '3536', '10825', '53652']"
"[0, 14]","[18, 25]","['80522', '1261', '75707', '42604', '4132']",4132,"['42604', '4132', '80522', '1261', '75707']"
"[7, 1]","[17, 5]","['12421', '8109', '17550', '53652', '50221']",50221,"['12421', '50221', '8109', '53652', '17550']"
"[18, 23]","[0, 14]","['72365', '64247', '10433', '37360', '42604']",42604,"['72365', '37360', '10433', '42604', '64247']"
"[17, 21]","[7, 20]","['9795', '40487', '62549', '78147', '2277']",2277,"['78147', '9795', '40487', '62549', '2277']"
"[0, 14]","[18, 25]","['75707', '42604', '80522', '17291', '25711']",25711,"['42604', '17291', '75707', '25711', '80522']"
"[3, 3]","[15, 13]","['30004', '72700', '22002', '10131', '68970']",68970,"['68970', '30004', '10131', '22002', '72700']"
"[0, 2]","[18, 23]","['44802', '45218', '80744', '28242', '65195']",65195,"['65195', '80744', '28242', '45218', '44802']"
"[0, 14]","[18, 23]","['17291', '42604', '80522', '75707', '64247']",64247,"['64247', '17291', '80522', '42604', '75707']"
"[17, 18]","[7, 22]","['70105', '46660', '21408', '66316', '79411']",79411,"['66316', '21408', '70105', '79411', '46660']"
"[3, 17]","[15, 28]","['12043', '38478', '53579', '64047', '3258']",3258,"['3258', '64047', '53579', '12043', '38478']"
"[18, 23]","[0, 6]","['64247', '40817', '42151', '6216', '41154']",41154,"['42151', '6216', '40817', '41154', '64247']"
"[17, 21]","[7, 3]","['69704', '40487', '78147', '62549', '64781']",64781,"['64781', '40487', '78147', '62549', '69704']"
"[3, 26]","[15, 13]","['49864', '11033', '68096', '32729', '20590']",20590,"['20590', '68096', '32729', '11033', '49864']"
"[15, 28]","[3, 16]","['3258', '38548', '67905', '23274', '11746']",11746,"['67905', '38548', '23274', '3258', '11746']"
"[3, 17]","[15, 28]","['64047', '12043', '53579', '33084', '23274']",23274,"['53579', '12043', '64047', '23274', '33084']"
"[15, 28]","[3, 5]","['3258', '23274', '67905', '10526', '12162']",12162,"['10526', '67905', '3258', '23274', '12162']"
"[7, 1]","[17, 5]","['3536', '12421', '16951', '12376', '7913']",7913,"['7913', '12421', '12376', '16951', '3536']"
"[3, 3]","[15, 17]","['10131', '22002', '22487', '994', '60915']",60915,"['60915', '22002', '994', '22487', '10131']"
"[15, 17]","[3, 26]","['60915', '47834', '1225', '11908', '32729']",32729,"['1225', '47834', '32729', '11908', '60915']"
"[3, 26]","[15, 13]","['19246', '49864', '32729', '11033', '25079']",25079,"['49864', '32729', '25079', '11033', '19246']"
"[18, 23]","[0, 0]","['72365', '78682', '72978', '6216', '8176']",8176,"['72365', '6216', '72978', '78682', '8176']"
"[15, 28]","[3, 26]","['67905', '10526', '3258', '38548', '40031']",40031,"['40031', '67905', '38548', '3258', '10526']"
"[3, 7]","[15, 17]","['73164', '37907', '4286', '30859', '11908']",11908,"['37907', '30859', '11908', '73164', '4286']"
"[0, 6]","[18, 23]","['43375', '59474', '41154', '25447', '15451']",15451,"['41154', '43375', '59474', '15451', '25447']"
"[3, 7]","[15, 21]","['73164', '37907', '19992', '19796', '7489']",7489,"['7489', '19796', '73164', '19992', '37907']"
"[15, 13]","[3, 7]","['24364', '34763', '53137', '20590', '37907']",37907,"['20590', '37907', '24364', '34763', '53137']"
"[3, 28]","[15, 13]","['55090', '73823', '42226', '8257', '25079']",25079,"['42226', '73823', '55090', '25079', '8257']"
"[0, 7]","[18, 23]","['66807', '15613', '65801', '72266', '25667']",25667,"['15613', '65801', '66807', '72266', '25667']"
"[7, 1]","[17, 21]","['3536', '8109', '12376', '53652', '62454']",62454,"['53652', '62454', '12376', '3536', '8109']"
"[0, 7]","[18, 25]","['66807', '10984', '72266', '65801', '25711']",25711,"['66807', '72266', '65801', '10984', '25711']"
"[17, 21]","[7, 1]","['62549', '62454', '9795', '69704', '12421']",12421,"['9795', '62549', '69704', '12421', '62454']"
"[17, 18]","[7, 20]","['21408', '21543', '6955', '66316', '2425']",2425,"['6955', '66316', '2425', '21408', '21543']"
"[0, 7]","[18, 23]","['10984', '66807', '72266', '65801', '6216']",6216,"['6216', '72266', '10984', '66807', '65801']"
"[15, 13]","[3, 21]","['68970', '20590', '25079', '53137', '57272']",57272,"['53137', '25079', '20590', '57272', '68970']"
"[0, 6]","[18, 25]","['75880', '59474', '43036', '41154', '4132']",4132,"['43036', '41154', '59474', '4132', '75880']"
"[3, 16]","[15, 13]","['59100', '11746', '63317', '56017', '68970']",68970,"['63317', '68970', '59100', '56017', '11746']"
"[15, 28]","[3, 4]","['38548', '10526', '67905', '3258', '11039']",11039,"['11039', '10526', '38548', '3258', '67905']"
"[3, 28]","[15, 21]","['42226', '55090', '8257', '12683', '20839']",20839,"['12683', '20839', '55090', '42226', '8257']"
"[0, 7]","[18, 25]","['72266', '15613', '65801', '10984', '3282']",3282,"['3282', '65801', '72266', '10984', '15613']"
"[0, 7]","[18, 23]","['66807', '72266', '15613', '65801', '61353']",61353,"['66807', '15613', '61353', '65801', '72266']"
"[3, 26]","[15, 21]","['18887', '50906', '72586', '11033', '13497']",13497,"['13497', '72586', '18887', '50906', '11033']"
"[3, 17]","[15, 21]","['64047', '53579', '54792', '38478', '13497']",13497,"['64047', '13497', '54792', '53579', '38478']"
"[3, 16]","[15, 13]","['56017', '63317', '11746', '59100', '20590']",20590,"['59100', '63317', '11746', '20590', '56017']"
"[18, 23]","[0, 7]","['40817', '32105', '6216', '61353', '65801']",65801,"['65801', '40817', '6216', '61353', '32105']"
"[0, 6]","[18, 23]","['75880', '49395', '43375', '43036', '61353']",61353,"['49395', '61353', '43375', '43036', '75880']"
"[0, 6]","[18, 23]","['43036', '25447', '49395', '43375', '42151']",42151,"['42151', '43375', '43036', '25447', '49395']"
"[0, 7]","[18, 23]","['15613', '72266', '65801', '10984', '40817']",40817,"['40817', '15613', '10984', '72266', '65801']"
"[18, 23]","[0, 2]","['78682', '48306', '40817', '5909', '43995']",43995,"['78682', '40817', '48306', '43995', '5909']"
"[17, 21]","[7, 20]","['69704', '62549', '62454', '40487', '2277']",2277,"['2277', '69704', '62454', '40487', '62549']"
"[3, 16]","[15, 13]","['56017', '59100', '11746', '177', '25079']",25079,"['11746', '25079', '56017', '59100', '177']"
"[3, 28]","[15, 28]","['42226', '73823', '12683', '55090', '3258']",3258,"['73823', '55090', '42226', '12683', '3258']"
"[3, 3]","[15, 28]","['10131', '10017', '30004', '72700', '23274']",23274,"['23274', '72700', '30004', '10017', '10131']"
"[3, 7]","[15, 21]","['4286', '37907', '19796', '19992', '7489']",7489,"['19992', '37907', '7489', '4286', '19796']"
"[18, 25]","[0, 24]","['73827', '62071', '3282', '25711', '48780']",48780,"['3282', '48780', '25711', '73827', '62071']"
"[0, 7]","[18, 25]","['72266', '15613', '66807', '65801', '3282']",3282,"['66807', '15613', '72266', '3282', '65801']"
"[18, 25]","[0, 2]","['73827', '62071', '25711', '4132', '27625']",27625,"['73827', '27625', '25711', '4132', '62071']"
"[0, 6]","[18, 25]","['75880', '49395', '59474', '43375', '3282']",3282,"['75880', '3282', '43375', '59474', '49395']"
"[3, 26]","[15, 17]","['49864', '18887', '34449', '11033', '11908']",11908,"['11908', '34449', '49864', '18887', '11033']"
"[3, 21]","[15, 13]","['14038', '47060', '42206', '53064', '25079']",25079,"['53064', '25079', '47060', '42206', '14038']"
"[3, 7]","[15, 28]","['19992', '37907', '73164', '19796', '38548']",38548,"['19796', '19992', '73164', '37907', '38548']"
"[18, 23]","[0, 24]","['48306', '61353', '72978', '59794', '37989']",37989,"['37989', '48306', '72978', '59794', '61353']"
"[0, 6]","[18, 25]","['25447', '43036', '75880', '41154', '25711']",25711,"['43036', '41154', '25711', '75880', '25447']"
"[3, 17]","[15, 28]","['53579', '12043', '38478', '54792', '3258']",3258,"['12043', '54792', '53579', '3258', '38478']"
"[15, 13]","[3, 4]","['42684', '20590', '24364', '25079', '11039']",11039,"['25079', '42684', '24364', '20590', '11039']"
"[15, 13]","[3, 4]","['42684', '68970', '34763', '24364', '35787']",35787,"['42684', '24364', '68970', '34763', '35787']"
"[0, 14]","[18, 23]","['37963', '80522', '17291', '42604', '12104']",12104,"['12104', '80522', '37963', '42604', '17291']"
"[0, 2]","[18, 25]","['9836', '80744', '44145', '51831', '62071']",62071,"['80744', '51831', '62071', '9836', '44145']"
"[3, 21]","[15, 17]","['47060', '42206', '53064', '14038', '60915']",60915,"['60915', '53064', '42206', '14038', '47060']"
"[3, 26]","[15, 28]","['11033', '68096', '72586', '19246', '38548']",38548,"['72586', '38548', '19246', '68096', '11033']"
"[18, 23]","[0, 0]","['78682', '37360', '64247', '15451', '14834']",14834,"['15451', '78682', '14834', '64247', '37360']"
"[3, 28]","[15, 28]","['12683', '8257', '42226', '73823', '38548']",38548,"['73823', '42226', '12683', '8257', '38548']"
"[3, 26]","[15, 13]","['68096', '18887', '49864', '9147', '24364']",24364,"['68096', '24364', '9147', '18887', '49864']"
"[17, 21]","[7, 22]","['62454', '69704', '62549', '78147', '31113']",31113,"['69704', '31113', '78147', '62454', '62549']"
"[15, 28]","[3, 16]","['38548', '10526', '67905', '23274', '177']",177,"['177', '23274', '10526', '67905', '38548']"
"[3, 21]","[15, 28]","['47060', '53064', '14038', '42206', '23274']",23274,"['23274', '47060', '53064', '42206', '14038']"
"[18, 25]","[0, 14]","['73827', '4132', '25711', '62071', '42604']",42604,"['4132', '62071', '42604', '73827', '25711']"
"[3, 3]","[15, 28]","['22002', '22487', '30004', '10017', '3258']",3258,"['3258', '22487', '10017', '30004', '22002']"
"[0, 2]","[18, 25]","['62759', '44125', '67465', '51831', '73827']",73827,"['44125', '73827', '51831', '67465', '62759']"
"[3, 26]","[15, 28]","['19246', '1064', '18887', '9147', '67905']",67905,"['19246', '9147', '1064', '67905', '18887']"
"[18, 23]","[0, 14]","['64148', '59794', '67584', '32105', '42604']",42604,"['64148', '32105', '42604', '59794', '67584']"
"[15, 28]","[3, 26]","['10526', '3258', '38548', '23274', '50906']",50906,"['3258', '50906', '38548', '23274', '10526']"
"[0, 2]","[18, 23]","['66847', '9836', '44802', '32703', '48306']",48306,"['32703', '44802', '66847', '48306', '9836']"
"[17, 21]","[7, 1]","['40487', '9795', '78147', '69704', '12421']",12421,"['12421', '69704', '40487', '78147', '9795']"
"[0, 7]","[18, 23]","['65801', '66807', '15613', '10984', '48306']",48306,"['65801', '15613', '48306', '10984', '66807']"
"[0, 2]","[18, 25]","['44125', '32703', '44802', '67465', '25711']",25711,"['67465', '25711', '32703', '44802', '44125']"
"[0, 2]","[18, 25]","['66847', '48095', '45218', '43629', '25711']",25711,"['66847', '45218', '43629', '25711', '48095']"
"[7, 1]","[17, 5]","['8109', '16951', '53652', '12376', '33045']",33045,"['12376', '53652', '8109', '16951', '33045']"
"[18, 23]","[0, 0]","['65195', '25667', '61353', '37360', '8176']",8176,"['25667', '37360', '61353', '65195', '8176']"
"[3, 16]","[15, 28]","['63317', '59100', '56017', '177', '23274']",23274,"['63317', '177', '56017', '59100', '23274']"
"[0, 0]","[18, 23]","['14834', '78009', '28082', '8176', '78682']",78682,"['28082', '78682', '14834', '8176', '78009']"
"[17, 18]","[7, 20]","['21408', '31693', '66316', '46660', '2277']",2277,"['31693', '21408', '46660', '66316', '2277']"
"[0, 2]","[18, 25]","['27625', '59390', '54867', '63508', '3282']",3282,"['59390', '54867', '3282', '27625', '63508']"
"[3, 26]","[15, 17]","['32729', '49864', '72586', '34449', '60915']",60915,"['49864', '34449', '60915', '32729', '72586']"
"[18, 23]","[0, 7]","['5909', '42151', '40817', '15451', '10984']",10984,"['5909', '15451', '42151', '10984', '40817']"
"[15, 13]","[3, 3]","['68970', '20590', '25079', '53137', '22002']",22002,"['53137', '20590', '22002', '25079', '68970']"
"[0, 2]","[18, 23]","['43629', '44802', '59390', '66847', '26755']",26755,"['59390', '66847', '26755', '43629', '44802']"
"[3, 28]","[15, 13]","['8257', '73823', '12683', '42226', '25079']",25079,"['25079', '8257', '73823', '12683', '42226']"
"[7, 1]","[17, 18]","['17550', '12421', '10825', '3536', '51240']",51240,"['51240', '17550', '10825', '12421', '3536']"
"[3, 7]","[15, 17]","['73164', '19992', '37907', '4286', '47834']",47834,"['47834', '73164', '37907', '4286', '19992']"
"[17, 21]","[7, 3]","['62549', '40487', '78147', '69704', '75828']",75828,"['69704', '62549', '40487', '75828', '78147']"
"[0, 2]","[18, 25]","['67465', '43995', '28242', '70440', '73827']",73827,"['67465', '43995', '70440', '28242', '73827']"
"[3, 16]","[15, 13]","['177', '56017', '59100', '11746', '53137']",53137,"['56017', '11746', '59100', '53137', '177']"
"[17, 18]","[7, 22]","['66935', '46660', '6955', '31693', '23132']",23132,"['66935', '46660', '31693', '6955', '23132']"
"[15, 13]","[3, 5]","['34763', '20590', '42684', '24364', '63514']",63514,"['24364', '20590', '42684', '63514', '34763']"
"[15, 13]","[3, 16]","['53137', '20590', '68970', '42684', '63317']",63317,"['20590', '68970', '42684', '53137', '63317']"
"[3, 3]","[15, 28]","['72700', '22487', '10017', '994', '10526']",10526,"['22487', '72700', '10017', '10526', '994']"
"[3, 26]","[15, 17]","['32729', '9147', '50906', '11033', '47834']",47834,"['50906', '9147', '32729', '47834', '11033']"
"[17, 21]","[7, 3]","['62549', '62454', '69704', '78147', '64781']",64781,"['62454', '78147', '69704', '64781', '62549']"
"[7, 1]","[17, 21]","['16951', '3536', '10825', '8109', '62454']",62454,"['10825', '62454', '16951', '8109', '3536']"
"[18, 23]","[0, 7]","['48306', '5909', '78682', '37360', '10984']",10984,"['37360', '48306', '10984', '5909', '78682']"
"[3, 7]","[15, 21]","['4286', '19992', '37907', '19796', '3384']",3384,"['19992', '3384', '37907', '4286', '19796']"
"[18, 25]","[0, 14]","['3282', '25711', '4132', '73827', '39894']",39894,"['39894', '4132', '3282', '25711', '73827']"
"[18, 23]","[0, 6]","['25667', '42151', '40817', '48306', '41154']",41154,"['40817', '41154', '48306', '25667', '42151']"
"[0, 2]","[18, 23]","['63508', '66847', '43629', '9836', '40817']",40817,"['63508', '66847', '9836', '40817', '43629']"
"[15, 13]","[3, 28]","['42684', '24364', '20590', '68970', '42226']",42226,"['24364', '68970', '42684', '42226', '20590']"
"[3, 21]","[15, 28]","['57272', '53064', '42206', '47060', '38548']",38548,"['57272', '53064', '38548', '42206', '47060']"
"[18, 25]","[0, 7]","['4132', '73827', '62071', '25711', '66807']",66807,"['25711', '66807', '73827', '62071', '4132']"
"[0, 7]","[18, 23]","['10984', '72266', '66807', '15613', '20502']",20502,"['15613', '66807', '20502', '10984', '72266']"
"[0, 14]","[18, 23]","['75707', '39894', '17291', '80522', '64247']",64247,"['75707', '39894', '64247', '80522', '17291']"
"[0, 6]","[18, 23]","['49395', '59474', '25447', '43036', '26755']",26755,"['49395', '25447', '43036', '26755', '59474']"
"[0, 2]","[18, 25]","['44145', '9836', '59390', '80744', '62071']",62071,"['59390', '62071', '44145', '9836', '80744']"
"[15, 13]","[3, 3]","['24364', '68970', '53137', '34763', '22487']",22487,"['68970', '24364', '34763', '22487', '53137']"
"[3, 3]","[15, 28]","['994', '22487', '10131', '10017', '3258']",3258,"['22487', '994', '10017', '10131', '3258']"
"[7, 1]","[17, 21]","['12376', '3536', '12421', '10825', '78147']",78147,"['78147', '10825', '12376', '3536', '12421']"
"[15, 28]","[3, 5]","['3258', '67905', '10526', '23274', '74226']",74226,"['23274', '74226', '10526', '67905', '3258']"
"[0, 6]","[18, 23]","['43036', '49395', '41154', '25447', '15451']",15451,"['25447', '41154', '43036', '49395', '15451']"
"[0, 14]","[18, 23]","['17291', '42604', '39894', '75707', '5909']",5909,"['5909', '39894', '75707', '42604', '17291']"
"[3, 3]","[15, 13]","['10131', '30004', '22002', '10017', '68970']",68970,"['68970', '10017', '30004', '22002', '10131']"
"[0, 2]","[18, 23]","['80744', '44125', '48095', '45218', '78682']",78682,"['48095', '45218', '80744', '44125', '78682']"
"[15, 13]","[3, 28]","['34763', '68970', '25079', '42684', '55090']",55090,"['42684', '34763', '55090', '68970', '25079']"
"[17, 18]","[7, 3]","['31693', '51240', '66935', '66316', '61767']",61767,"['61767', '51240', '66935', '31693', '66316']"
"[7, 1]","[17, 18]","['53652', '16951', '8109', '10825', '46660']",46660,"['10825', '8109', '53652', '16951', '46660']"
"[3, 7]","[15, 28]","['19992', '73164', '4286', '19796', '23274']",23274,"['19796', '23274', '4286', '19992', '73164']"
"[15, 28]","[3, 17]","['3258', '38548', '23274', '10526', '64047']",64047,"['64047', '38548', '10526', '23274', '3258']"
"[3, 21]","[15, 21]","['42206', '53064', '57272', '47060', '7489']",7489,"['57272', '42206', '53064', '47060', '7489']"
"[15, 28]","[3, 5]","['23274', '67905', '38548', '10526', '63514']",63514,"['23274', '67905', '38548', '63514', '10526']"
"[0, 6]","[18, 23]","['43036', '49395', '41154', '43375', '72978']",72978,"['49395', '41154', '43036', '43375', '72978']"
"[3, 17]","[15, 21]","['53579', '54792', '33084', '64047', '13497']",13497,"['54792', '13497', '64047', '33084', '53579']"
"[15, 13]","[3, 17]","['24364', '42684', '53137', '20590', '12043']",12043,"['24364', '42684', '53137', '12043', '20590']"
"[17, 21]","[7, 20]","['69704', '40487', '9795', '62549', '54372']",54372,"['62549', '69704', '40487', '54372', '9795']"
"[0, 6]","[18, 23]","['43036', '41154', '75880', '49395', '40817']",40817,"['49395', '41154', '75880', '43036', '40817']"
"[0, 6]","[18, 25]","['25447', '43036', '41154', '43375', '4132']",4132,"['4132', '43375', '43036', '41154', '25447']"
"[17, 21]","[7, 22]","['62549', '62454', '78147', '69704', '79411']",79411,"['78147', '69704', '79411', '62549', '62454']"
"[18, 25]","[0, 7]","['62071', '25711', '73827', '3282', '10984']",10984,"['25711', '73827', '62071', '3282', '10984']"
"[3, 16]","[15, 13]","['11746', '63317', '56017', '177', '42684']",42684,"['177', '42684', '63317', '56017', '11746']"
"[0, 6]","[18, 25]","['49395', '59474', '43375', '25447', '62071']",62071,"['49395', '62071', '25447', '43375', '59474']"
"[3, 21]","[15, 28]","['14038', '53064', '42206', '57272', '23274']",23274,"['23274', '42206', '14038', '53064', '57272']"
"[3, 17]","[15, 17]","['38478', '53579', '64047', '33084', '60915']",60915,"['60915', '53579', '38478', '33084', '64047']"
"[18, 23]","[0, 14]","['59794', '64247', '6216', '40817', '37963']",37963,"['59794', '64247', '40817', '37963', '6216']"
"[18, 25]","[0, 6]","['62071', '3282', '4132', '25711', '75880']",75880,"['4132', '75880', '62071', '25711', '3282']"
"[3, 7]","[15, 28]","['19992', '19796', '73164', '30859', '3258']",3258,"['3258', '30859', '19796', '19992', '73164']"
"[17, 18]","[7, 1]","['66935', '66316', '31693', '70105', '12376']",12376,"['31693', '70105', '66935', '12376', '66316']"
"[17, 18]","[7, 3]","['66935', '70105', '21543', '6955', '75828']",75828,"['66935', '70105', '6955', '75828', '21543']"
"[15, 13]","[3, 4]","['34763', '53137', '25079', '42684', '20671']",20671,"['42684', '53137', '34763', '25079', '20671']"
"[15, 28]","[3, 7]","['67905', '3258', '10526', '38548', '37907']",37907,"['10526', '67905', '37907', '3258', '38548']"
"[17, 18]","[7, 22]","['6955', '21408', '66935', '31693', '40679']",40679,"['40679', '21408', '31693', '66935', '6955']"
"[0, 6]","[18, 23]","['43036', '49395', '59474', '75880', '61353']",61353,"['61353', '59474', '75880', '49395', '43036']"
"[18, 23]","[0, 0]","['5909', '26052', '48306', '37360', '28082']",28082,"['48306', '37360', '28082', '26052', '5909']"
"[15, 21]","[3, 26]","['20839', '7489', '13497', '3384', '49864']",49864,"['49864', '3384', '20839', '13497', '7489']"
"[0, 2]","[18, 23]","['59390', '51831', '63508', '45218', '48306']",48306,"['63508', '59390', '51831', '48306', '45218']"
"[3, 26]","[15, 17]","['40031', '68096', '9147', '11033', '1225']",1225,"['1225', '40031', '9147', '11033', '68096']"
"[0, 2]","[18, 25]","['43995', '48095', '80744', '9639', '62071']",62071,"['9639', '80744', '62071', '43995', '48095']"
"[18, 25]","[0, 14]","['62071', '4132', '25711', '73827', '75707']",75707,"['62071', '4132', '73827', '75707', '25711']"
"[17, 18]","[7, 3]","['46660', '21408', '51240', '70105', '75828']",75828,"['70105', '75828', '46660', '21408', '51240']"
"[15, 28]","[3, 3]","['3258', '23274', '10526', '67905', '994']",994,"['3258', '23274', '994', '67905', '10526']"
"[17, 18]","[7, 22]","['66316', '31693', '51240', '66935', '40679']",40679,"['66935', '31693', '40679', '51240', '66316']"
"[18, 23]","[0, 7]","['20502', '67584', '26755', '61353', '72266']",72266,"['67584', '20502', '26755', '61353', '72266']"
"[0, 6]","[18, 25]","['75880', '43036', '25447', '41154', '62071']",62071,"['62071', '43036', '41154', '25447', '75880']"
"[3, 26]","[15, 17]","['18887', '40031', '72586', '9147', '1225']",1225,"['9147', '40031', '1225', '72586', '18887']"
"[3, 3]","[15, 13]","['22002', '30004', '994', '72700', '53137']",53137,"['72700', '994', '22002', '53137', '30004']"
"[17, 18]","[7, 20]","['21543', '70105', '31693', '21408', '55305']",55305,"['21543', '70105', '31693', '21408', '55305']"
"[3, 17]","[15, 28]","['38478', '12043', '64047', '33084', '10526']",10526,"['64047', '12043', '10526', '33084', '38478']"
"[17, 18]","[7, 3]","['70105', '31693', '46660', '21543', '52457']",52457,"['46660', '52457', '21543', '31693', '70105']"
"[17, 18]","[7, 20]","['21543', '21408', '6955', '66316', '54372']",54372,"['54372', '6955', '21543', '66316', '21408']"
"[18, 23]","[0, 7]","['64148', '67584', '15451', '12104', '10984']",10984,"['67584', '10984', '12104', '64148', '15451']"
"[15, 13]","[3, 26]","['42684', '34763', '20590', '24364', '49864']",49864,"['42684', '34763', '20590', '49864', '24364']"
"[17, 18]","[7, 22]","['66935', '6955', '31693', '70105', '23132']",23132,"['31693', '70105', '6955', '23132', '66935']"
"[18, 23]","[0, 0]","['37360', '65195', '14167', '40817', '78009']",78009,"['37360', '65195', '40817', '14167', '78009']"
"[17, 21]","[7, 20]","['62549', '9795', '69704', '78147', '54372']",54372,"['62549', '9795', '54372', '78147', '69704']"
"[17, 21]","[7, 1]","['69704', '62549', '40487', '9795', '53652']",53652,"['40487', '53652', '69704', '62549', '9795']"
"[7, 1]","[17, 18]","['53652', '17550', '12376', '16951', '21543']",21543,"['17550', '21543', '53652', '16951', '12376']"
"[15, 13]","[3, 26]","['42684', '20590', '34763', '24364', '34449']",34449,"['20590', '34763', '34449', '42684', '24364']"
"[17, 18]","[7, 1]","['51240', '21408', '66935', '31693', '3536']",3536,"['51240', '31693', '21408', '3536', '66935']"
"[17, 18]","[7, 20]","['21543', '46660', '66316', '6955', '54372']",54372,"['21543', '54372', '46660', '66316', '6955']"
"[17, 21]","[7, 20]","['9795', '69704', '62454', '62549', '2277']",2277,"['9795', '62454', '69704', '2277', '62549']"
"[7, 1]","[17, 5]","['12421', '3536', '8109', '10825', '50221']",50221,"['8109', '50221', '3536', '10825', '12421']"
"[0, 7]","[18, 23]","['72266', '15613', '65801', '10984', '65195']",65195,"['65801', '72266', '15613', '10984', '65195']"
"[17, 18]","[7, 1]","['21408', '21543', '6955', '46660', '12376']",12376,"['12376', '6955', '21543', '21408', '46660']"
"[3, 28]","[15, 17]","['55090', '73823', '42226', '8257', '11908']",11908,"['8257', '73823', '11908', '42226', '55090']"
"[18, 23]","[0, 14]","['72365', '26755', '72978', '59794', '75707']",75707,"['72365', '75707', '26755', '59794', '72978']"
"[0, 14]","[18, 23]","['75707', '17291', '42604', '80522', '40817']",40817,"['17291', '80522', '42604', '40817', '75707']"
"[17, 21]","[7, 20]","['9795', '78147', '62454', '69704', '55305']",55305,"['55305', '62454', '69704', '9795', '78147']"
"[0, 7]","[18, 23]","['10984', '65801', '72266', '66807', '61353']",61353,"['72266', '65801', '66807', '10984', '61353']"
"[15, 13]","[3, 26]","['68970', '24364', '42684', '25079', '32729']",32729,"['32729', '68970', '42684', '24364', '25079']"
"[17, 21]","[7, 3]","['62454', '69704', '9795', '40487', '52457']",52457,"['69704', '62454', '9795', '52457', '40487']"
"[3, 3]","[15, 17]","['22487', '10131', '30004', '994', '60915']",60915,"['22487', '60915', '10131', '30004', '994']"
"[0, 14]","[18, 23]","['42604', '17291', '39894', '80522', '14167']",14167,"['14167', '42604', '17291', '39894', '80522']"
"[0, 14]","[18, 23]","['75707', '1261', '42604', '39894', '5909']",5909,"['39894', '42604', '5909', '1261', '75707']"
"[0, 14]","[18, 23]","['17291', '42604', '37963', '1261', '64148']",64148,"['42604', '64148', '37963', '17291', '1261']"
"[7, 1]","[17, 5]","['17550', '53652', '12376', '12421', '33045']",33045,"['17550', '12421', '53652', '33045', '12376']"
"[3, 16]","[15, 28]","['56017', '11746', '59100', '177', '3258']",3258,"['177', '59100', '11746', '3258', '56017']"
"[17, 18]","[7, 3]","['66935', '21408', '66316', '21543', '64781']",64781,"['21408', '64781', '66935', '66316', '21543']"
"[0, 2]","[18, 23]","['44145', '59390', '60860', '32703', '26755']",26755,"['59390', '60860', '44145', '32703', '26755']"
"[15, 17]","[3, 16]","['11908', '60915', '1225', '47834', '63317']",63317,"['1225', '47834', '11908', '60915', '63317']"
"[0, 2]","[18, 25]","['67842', '43629', '63508', '43995', '62071']",62071,"['67842', '62071', '43629', '63508', '43995']"
"[15, 28]","[3, 4]","['3258', '67905', '10526', '38548', '9383']",9383,"['67905', '38548', '10526', '3258', '9383']"
"[17, 21]","[7, 22]","['62549', '40487', '62454', '9795', '31113']",31113,"['9795', '62549', '62454', '31113', '40487']"
"[3, 3]","[15, 13]","['72700', '22002', '10017', '22487', '53137']",53137,"['72700', '22002', '10017', '53137', '22487']"
"[7, 20]","[17, 18]","['2425', '55305', '54372', '2277', '6955']",6955,"['2425', '55305', '2277', '6955', '54372']"
"[3, 21]","[15, 17]","['42206', '57272', '14038', '53064', '11908']",11908,"['57272', '53064', '42206', '14038', '11908']"
"[18, 23]","[0, 0]","['61353', '12104', '65195', '64148', '8176']",8176,"['8176', '64148', '12104', '61353', '65195']"
"[3, 16]","[15, 13]","['177', '63317', '59100', '11746', '34763']",34763,"['63317', '11746', '34763', '177', '59100']"
"[18, 23]","[0, 2]","['72978', '14167', '12104', '32105', '67465']",67465,"['14167', '67465', '72978', '32105', '12104']"
"[0, 14]","[18, 23]","['80522', '39894', '37963', '75707', '48306']",48306,"['37963', '39894', '75707', '48306', '80522']"
"[0, 0]","[18, 23]","['78009', '8176', '28082', '14834', '5909']",5909,"['78009', '8176', '14834', '28082', '5909']"
"[0, 2]","[18, 23]","['32703', '59390', '27625', '62759', '48306']",48306,"['62759', '59390', '32703', '48306', '27625']"
"[0, 7]","[18, 25]","['72266', '65801', '10984', '15613', '4132']",4132,"['4132', '10984', '15613', '65801', '72266']"
"[15, 13]","[3, 12]","['25079', '42684', '34763', '24364', '1181']",1181,"['25079', '1181', '24364', '42684', '34763']"
"[18, 25]","[0, 0]","['3282', '4132', '25711', '62071', '28082']",28082,"['4132', '28082', '62071', '3282', '25711']"
"[17, 18]","[7, 1]","['46660', '66935', '70105', '51240', '12376']",12376,"['51240', '66935', '46660', '12376', '70105']"
"[0, 2]","[18, 25]","['67842', '28242', '9639', '70440', '3282']",3282,"['28242', '9639', '70440', '3282', '67842']"
"[17, 18]","[7, 22]","['31693', '70105', '66316', '21543', '23132']",23132,"['23132', '70105', '66316', '31693', '21543']"
"[0, 2]","[18, 25]","['54867', '67465', '45218', '32703', '73827']",73827,"['54867', '32703', '45218', '67465', '73827']"
"[15, 13]","[3, 7]","['24364', '53137', '25079', '68970', '30859']",30859,"['25079', '30859', '68970', '24364', '53137']"
"[17, 18]","[7, 1]","['51240', '31693', '21408', '66316', '53652']",53652,"['21408', '31693', '53652', '51240', '66316']"
"[3, 7]","[15, 13]","['30859', '37907', '73164', '4286', '68970']",68970,"['30859', '4286', '68970', '37907', '73164']"
"[3, 17]","[15, 13]","['54792', '12043', '53579', '38478', '20590']",20590,"['54792', '12043', '38478', '53579', '20590']"
"[15, 13]","[3, 4]","['24364', '34763', '42684', '53137', '35787']",35787,"['34763', '35787', '42684', '53137', '24364']"
"[18, 25]","[0, 2]","['3282', '4132', '25711', '62071', '43995']",43995,"['3282', '4132', '43995', '62071', '25711']"
"[7, 1]","[17, 21]","['12421', '8109', '3536', '16951', '69704']",69704,"['12421', '3536', '16951', '69704', '8109']"
"[17, 18]","[7, 3]","['66316', '66935', '6955', '51240', '52457']",52457,"['51240', '66316', '6955', '52457', '66935']"
"[3, 28]","[15, 13]","['73823', '12683', '55090', '8257', '25079']",25079,"['55090', '8257', '25079', '12683', '73823']"
"[18, 23]","[0, 6]","['59794', '12104', '64148', '32105', '59474']",59474,"['12104', '59474', '64148', '32105', '59794']"
"[17, 21]","[7, 3]","['9795', '69704', '62454', '78147', '61767']",61767,"['62454', '61767', '78147', '69704', '9795']"
"[3, 21]","[15, 21]","['53064', '57272', '14038', '47060', '3384']",3384,"['57272', '3384', '53064', '47060', '14038']"
"[15, 13]","[3, 16]","['42684', '34763', '53137', '20590', '11746']",11746,"['11746', '53137', '42684', '34763', '20590']"
"[0, 14]","[18, 23]","['80522', '37963', '1261', '39894', '40817']",40817,"['40817', '37963', '80522', '39894', '1261']"
"[3, 3]","[15, 28]","['22002', '30004', '72700', '10131', '10526']",10526,"['22002', '72700', '10526', '30004', '10131']"
"[3, 28]","[15, 28]","['8257', '42226', '55090', '12683', '67905']",67905,"['8257', '55090', '42226', '67905', '12683']"
"[0, 6]","[18, 25]","['41154', '59474', '25447', '43375', '25711']",25711,"['25447', '41154', '25711', '59474', '43375']"
"[3, 16]","[15, 13]","['59100', '177', '63317', '11746', '53137']",53137,"['63317', '59100', '177', '11746', '53137']"
"[3, 26]","[15, 28]","['68096', '18887', '50906', '9147', '38548']",38548,"['9147', '68096', '50906', '18887', '38548']"
"[7, 1]","[17, 18]","['12376', '3536', '12421', '10825', '31693']",31693,"['12421', '3536', '10825', '12376', '31693']"
"[15, 17]","[3, 17]","['1225', '11908', '60915', '47834', '54792']",54792,"['11908', '1225', '60915', '54792', '47834']"
"[7, 1]","[17, 18]","['12421', '53652', '10825', '3536', '66935']",66935,"['66935', '10825', '3536', '12421', '53652']"
"[0, 6]","[18, 23]","['49395', '25447', '43375', '43036', '32105']",32105,"['32105', '43036', '25447', '49395', '43375']"
"[15, 28]","[3, 28]","['38548', '10526', '3258', '67905', '42226']",42226,"['67905', '10526', '3258', '38548', '42226']"
"[7, 1]","[17, 21]","['8109', '10825', '17550', '12376', '62454']",62454,"['10825', '62454', '17550', '8109', '12376']"
"[18, 23]","[0, 7]","['40817', '48306', '26052', '65195', '10984']",10984,"['48306', '40817', '10984', '26052', '65195']"
"[7, 1]","[17, 5]","['12376', '3536', '10825', '16951', '50221']",50221,"['3536', '10825', '12376', '16951', '50221']"
"[15, 28]","[3, 16]","['23274', '10526', '3258', '38548', '56017']",56017,"['38548', '56017', '23274', '10526', '3258']"
"[3, 26]","[15, 13]","['34449', '40031', '1064', '49864', '42684']",42684,"['42684', '40031', '1064', '34449', '49864']"
"[3, 3]","[15, 17]","['10131', '30004', '22487', '10017', '11908']",11908,"['10017', '10131', '22487', '30004', '11908']"
"[15, 17]","[3, 12]","['11908', '47834', '60915', '1225', '27821']",27821,"['60915', '47834', '1225', '27821', '11908']"
"[15, 28]","[3, 12]","['67905', '38548', '10526', '23274', '20968']",20968,"['23274', '10526', '67905', '20968', '38548']"
"[15, 13]","[3, 5]","['68970', '24364', '20590', '42684', '63514']",63514,"['20590', '63514', '68970', '24364', '42684']"
"[7, 1]","[17, 21]","['8109', '16951', '3536', '17550', '9795']",9795,"['3536', '16951', '8109', '17550', '9795']"
"[0, 6]","[18, 23]","['43375', '59474', '49395', '75880', '67584']",67584,"['43375', '59474', '67584', '75880', '49395']"
"[7, 1]","[17, 5]","['12421', '16951', '17550', '8109', '7913']",7913,"['12421', '7913', '17550', '8109', '16951']"
"[0, 14]","[18, 23]","['75707', '80522', '37963', '1261', '61353']",61353,"['75707', '80522', '37963', '61353', '1261']"
"[15, 28]","[3, 4]","['10526', '3258', '67905', '23274', '11039']",11039,"['23274', '11039', '10526', '3258', '67905']"
"[0, 2]","[18, 23]","['32703', '28242', '27625', '44125', '14167']",14167,"['27625', '14167', '28242', '44125', '32703']"
"[18, 23]","[0, 6]","['72365', '59794', '65195', '15451', '43036']",43036,"['59794', '43036', '15451', '72365', '65195']"
"[3, 26]","[15, 17]","['72586', '50906', '40031', '68096', '60915']",60915,"['72586', '68096', '60915', '40031', '50906']"
"[15, 28]","[3, 12]","['3258', '67905', '10526', '38548', '37955']",37955,"['37955', '38548', '10526', '67905', '3258']"
"[18, 25]","[0, 0]","['62071', '4132', '25711', '3282', '8176']",8176,"['8176', '25711', '4132', '62071', '3282']"
"[0, 14]","[18, 25]","['37963', '80522', '42604', '39894', '62071']",62071,"['62071', '80522', '42604', '39894', '37963']"
"[3, 26]","[15, 21]","['18887', '50906', '72586', '49864', '3384']",3384,"['49864', '3384', '18887', '72586', '50906']"
"[3, 7]","[15, 28]","['4286', '19992', '73164', '37907', '23274']",23274,"['73164', '23274', '19992', '4286', '37907']"
"[3, 21]","[15, 13]","['53064', '57272', '14038', '42206', '24364']",24364,"['42206', '24364', '14038', '53064', '57272']"
"[0, 2]","[18, 23]","['43995', '80744', '9639', '60860', '10433']",10433,"['10433', '9639', '60860', '43995', '80744']"
"[15, 13]","[3, 3]","['34763', '25079', '68970', '24364', '22487']",22487,"['68970', '22487', '25079', '24364', '34763']"
"[17, 18]","[7, 3]","['70105', '21408', '6955', '66935', '52457']",52457,"['6955', '70105', '21408', '52457', '66935']"
"[18, 23]","[0, 6]","['48306', '32105', '14167', '67584', '59474']",59474,"['32105', '67584', '59474', '14167', '48306']"
"[0, 6]","[18, 25]","['59474', '25447', '43375', '75880', '25711']",25711,"['43375', '25711', '59474', '75880', '25447']"
"[15, 13]","[3, 4]","['20590', '34763', '53137', '25079', '11039']",11039,"['53137', '25079', '34763', '20590', '11039']"
"[18, 25]","[0, 6]","['3282', '4132', '25711', '73827', '41154']",41154,"['73827', '3282', '41154', '25711', '4132']"
"[3, 7]","[15, 17]","['73164', '30859', '4286', '19992', '47834']",47834,"['19992', '4286', '73164', '47834', '30859']"
"[7, 1]","[17, 21]","['16951', '17550', '3536', '12421', '62454']",62454,"['16951', '12421', '3536', '62454', '17550']"
"[18, 23]","[0, 7]","['40817', '26755', '72978', '48306', '72266']",72266,"['72266', '72978', '26755', '48306', '40817']"
"[3, 26]","[15, 21]","['50906', '32729', '19246', '1064', '20839']",20839,"['19246', '20839', '1064', '50906', '32729']"
"[15, 13]","[3, 16]","['20590', '25079', '24364', '53137', '11746']",11746,"['25079', '20590', '11746', '53137', '24364']"
"[3, 17]","[15, 21]","['54792', '38478', '33084', '53579', '7489']",7489,"['54792', '38478', '53579', '7489', '33084']"
"[3, 3]","[15, 13]","['30004', '10017', '10131', '72700', '34763']",34763,"['10131', '30004', '72700', '34763', '10017']"
"[17, 21]","[7, 3]","['40487', '69704', '62549', '62454', '52457']",52457,"['52457', '40487', '69704', '62549', '62454']"
"[0, 6]","[18, 25]","['59474', '49395', '43375', '25447', '4132']",4132,"['43375', '59474', '49395', '25447', '4132']"
"[18, 23]","[0, 14]","['6216', '12104', '26755', '32105', '37963']",37963,"['26755', '6216', '37963', '32105', '12104']"
"[3, 26]","[15, 13]","['49864', '40031', '18887', '50906', '68970']",68970,"['50906', '40031', '49864', '68970', '18887']"
"[3, 17]","[15, 13]","['12043', '33084', '54792', '38478', '53137']",53137,"['33084', '38478', '53137', '54792', '12043']"
"[3, 3]","[15, 28]","['10017', '22002', '22487', '10131', '3258']",3258,"['22487', '3258', '10131', '10017', '22002']"
"[3, 17]","[15, 28]","['38478', '54792', '33084', '53579', '10526']",10526,"['10526', '33084', '53579', '54792', '38478']"
"[3, 17]","[15, 13]","['12043', '33084', '53579', '54792', '24364']",24364,"['12043', '53579', '54792', '24364', '33084']"
"[15, 28]","[3, 21]","['23274', '3258', '67905', '10526', '14038']",14038,"['14038', '23274', '3258', '10526', '67905']"
"[3, 17]","[15, 13]","['54792', '64047', '38478', '53579', '34763']",34763,"['54792', '64047', '34763', '53579', '38478']"
"[0, 14]","[18, 23]","['42604', '39894', '37963', '80522', '48306']",48306,"['37963', '42604', '39894', '80522', '48306']"
"[0, 14]","[18, 25]","['42604', '1261', '37963', '17291', '62071']",62071,"['42604', '17291', '62071', '37963', '1261']"
"[0, 14]","[18, 25]","['39894', '80522', '75707', '42604', '3282']",3282,"['39894', '3282', '75707', '80522', '42604']"
"[3, 17]","[15, 21]","['38478', '54792', '64047', '53579', '7489']",7489,"['64047', '53579', '38478', '54792', '7489']"
"[3, 7]","[15, 13]","['30859', '73164', '19992', '4286', '68970']",68970,"['68970', '73164', '19992', '4286', '30859']"
"[7, 20]","[17, 18]","['2425', '2277', '54372', '55305', '21408']",21408,"['55305', '21408', '2425', '2277', '54372']"
"[3, 26]","[15, 28]","['50906', '1064', '9147', '34449', '10526']",10526,"['34449', '50906', '1064', '9147', '10526']"
"[3, 26]","[15, 13]","['50906', '49864', '34449', '32729', '24364']",24364,"['32729', '34449', '24364', '50906', '49864']"
"[17, 18]","[7, 20]","['70105', '21408', '66935', '46660', '55305']",55305,"['66935', '46660', '70105', '55305', '21408']"
"[17, 18]","[7, 22]","['31693', '70105', '66935', '21543', '79411']",79411,"['31693', '21543', '79411', '66935', '70105']"
"[15, 13]","[3, 21]","['24364', '25079', '68970', '42684', '57272']",57272,"['24364', '25079', '68970', '42684', '57272']"
"[3, 21]","[15, 28]","['14038', '47060', '42206', '57272', '67905']",67905,"['42206', '67905', '47060', '57272', '14038']"
"[0, 14]","[18, 23]","['37963', '1261', '75707', '42604', '26052']",26052,"['1261', '26052', '75707', '42604', '37963']"
"[3, 7]","[15, 13]","['4286', '73164', '19796', '19992', '53137']",53137,"['73164', '4286', '53137', '19992', '19796']"
"[0, 6]","[18, 23]","['59474', '25447', '43036', '49395', '64247']",64247,"['43036', '49395', '64247', '59474', '25447']"
"[18, 23]","[0, 24]","['67584', '26052', '10433', '20502', '31926']",31926,"['31926', '67584', '10433', '20502', '26052']"
"[15, 28]","[3, 21]","['10526', '3258', '38548', '67905', '42206']",42206,"['10526', '38548', '42206', '3258', '67905']"
"[7, 1]","[17, 5]","['53652', '12376', '17550', '16951', '33045']",33045,"['33045', '12376', '53652', '16951', '17550']"
"[18, 23]","[0, 24]","['64247', '72978', '12104', '61353', '48780']",48780,"['12104', '72978', '48780', '64247', '61353']"
"[18, 23]","[0, 7]","['20502', '32105', '67584', '26755', '66807']",66807,"['67584', '26755', '32105', '20502', '66807']"
"[3, 26]","[15, 21]","['34449', '50906', '9147', '49864', '7489']",7489,"['50906', '49864', '34449', '9147', '7489']"
"[0, 2]","[18, 23]","['9836', '44802', '43995', '67842', '65195']",65195,"['67842', '65195', '43995', '44802', '9836']"
"[15, 28]","[3, 5]","['10526', '23274', '67905', '38548', '74226']",74226,"['38548', '23274', '10526', '67905', '74226']"
"[0, 2]","[18, 23]","['44145', '67465', '45218', '60860', '65195']",65195,"['60860', '45218', '67465', '44145', '65195']"
"[7, 1]","[17, 18]","['8109', '53652', '16951', '3536', '66316']",66316,"['16951', '66316', '53652', '3536', '8109']"
"[0, 6]","[18, 25]","['75880', '43375', '59474', '43036', '3282']",3282,"['59474', '43375', '3282', '75880', '43036']"
"[17, 21]","[7, 22]","['9795', '78147', '69704', '62454', '31113']",31113,"['78147', '9795', '69704', '31113', '62454']"
"[17, 18]","[7, 20]","['21543', '66935', '6955', '70105', '54372']",54372,"['70105', '6955', '66935', '54372', '21543']"
"[17, 21]","[7, 20]","['40487', '62454', '62549', '78147', '2277']",2277,"['78147', '62549', '40487', '62454', '2277']"
"[0, 7]","[18, 23]","['66807', '72266', '65801', '15613', '6216']",6216,"['15613', '66807', '65801', '72266', '6216']"
"[3, 17]","[15, 28]","['54792', '33084', '38478', '64047', '3258']",3258,"['3258', '64047', '54792', '38478', '33084']"
"[0, 6]","[18, 25]","['43036', '25447', '43375', '41154', '62071']",62071,"['62071', '43375', '43036', '41154', '25447']"
"[3, 17]","[15, 28]","['53579', '33084', '54792', '38478', '67905']",67905,"['38478', '33084', '54792', '53579', '67905']"
"[0, 14]","[18, 25]","['37963', '1261', '42604', '39894', '25711']",25711,"['39894', '37963', '25711', '42604', '1261']"
"[17, 21]","[7, 1]","['78147', '9795', '62454', '69704', '3536']",3536,"['69704', '3536', '78147', '9795', '62454']"
"[0, 2]","[18, 23]","['44125', '44802', '80744', '27625', '10433']",10433,"['44125', '80744', '44802', '10433', '27625']"
"[0, 14]","[18, 25]","['80522', '39894', '37963', '17291', '3282']",3282,"['17291', '37963', '3282', '39894', '80522']"
"[17, 21]","[7, 22]","['78147', '40487', '62454', '9795', '40679']",40679,"['40487', '40679', '78147', '9795', '62454']"
"[3, 3]","[15, 17]","['10017', '22487', '994', '22002', '60915']",60915,"['994', '22487', '22002', '60915', '10017']"
"[3, 3]","[15, 13]","['22487', '10131', '72700', '30004', '34763']",34763,"['34763', '72700', '10131', '22487', '30004']"
"[3, 17]","[15, 17]","['54792', '33084', '12043', '64047', '60915']",60915,"['33084', '64047', '54792', '60915', '12043']"
"[0, 14]","[18, 23]","['1261', '37963', '80522', '42604', '64247']",64247,"['37963', '80522', '64247', '1261', '42604']"
"[17, 18]","[7, 1]","['46660', '70105', '51240', '6955', '8109']",8109,"['51240', '6955', '46660', '8109', '70105']"
"[3, 3]","[15, 13]","['22002', '10131', '22487', '30004', '24364']",24364,"['24364', '10131', '30004', '22002', '22487']"
"[0, 7]","[18, 23]","['15613', '10984', '72266', '65801', '42151']",42151,"['65801', '10984', '42151', '72266', '15613']"
"[17, 18]","[7, 1]","['31693', '51240', '21543', '46660', '10825']",10825,"['31693', '21543', '51240', '46660', '10825']"
"[7, 1]","[17, 5]","['12376', '10825', '8109', '12421', '33045']",33045,"['12376', '10825', '12421', '8109', '33045']"
"[18, 25]","[0, 0]","['73827', '3282', '25711', '62071', '28082']",28082,"['3282', '73827', '62071', '28082', '25711']"
"[0, 14]","[18, 25]","['17291', '80522', '42604', '75707', '62071']",62071,"['17291', '75707', '62071', '80522', '42604']"
"[15, 13]","[3, 17]","['25079', '24364', '34763', '53137', '53579']",53579,"['53137', '53579', '24364', '34763', '25079']"
"[7, 1]","[17, 21]","['53652', '12421', '8109', '17550', '78147']",78147,"['17550', '53652', '8109', '12421', '78147']"
"[0, 14]","[18, 23]","['39894', '75707', '37963', '17291', '64247']",64247,"['75707', '17291', '37963', '64247', '39894']"
"[3, 3]","[15, 21]","['10131', '22487', '10017', '72700', '3384']",3384,"['3384', '22487', '72700', '10131', '10017']"
"[3, 7]","[15, 13]","['30859', '73164', '4286', '37907', '53137']",53137,"['73164', '4286', '37907', '53137', '30859']"
"[15, 13]","[3, 28]","['20590', '25079', '53137', '34763', '12683']",12683,"['25079', '20590', '34763', '53137', '12683']"
"[3, 3]","[15, 21]","['22487', '10131', '72700', '22002', '13497']",13497,"['22487', '22002', '10131', '72700', '13497']"
"[18, 23]","[0, 24]","['64148', '67584', '61353', '26052', '74418']",74418,"['67584', '61353', '64148', '74418', '26052']"
"[18, 25]","[0, 24]","['3282', '4132', '73827', '25711', '48780']",48780,"['3282', '48780', '25711', '73827', '4132']"
"[18, 23]","[0, 0]","['20502', '15451', '37360', '10433', '14834']",14834,"['10433', '14834', '37360', '15451', '20502']"
"[18, 23]","[0, 24]","['25667', '26755', '15451', '67584', '31926']",31926,"['25667', '67584', '31926', '26755', '15451']"
"[3, 26]","[15, 17]","['18887', '50906', '40031', '68096', '1225']",1225,"['18887', '50906', '40031', '68096', '1225']"
"[15, 13]","[3, 28]","['20590', '42684', '34763', '68970', '8257']",8257,"['8257', '20590', '68970', '34763', '42684']"
"[18, 25]","[0, 2]","['3282', '62071', '25711', '73827', '32703']",32703,"['3282', '25711', '32703', '62071', '73827']"
"[3, 17]","[15, 17]","['12043', '53579', '33084', '64047', '60915']",60915,"['12043', '64047', '33084', '60915', '53579']"
"[15, 28]","[3, 4]","['3258', '10526', '38548', '67905', '35787']",35787,"['10526', '3258', '67905', '35787', '38548']"
"[18, 25]","[0, 24]","['4132', '25711', '62071', '3282', '31926']",31926,"['25711', '4132', '3282', '62071', '31926']"
"[0, 6]","[18, 25]","['43375', '59474', '75880', '41154', '25711']",25711,"['59474', '41154', '43375', '25711', '75880']"
"[18, 25]","[0, 24]","['3282', '4132', '25711', '62071', '74418']",74418,"['25711', '62071', '74418', '3282', '4132']"
"[17, 21]","[7, 1]","['9795', '40487', '69704', '62454', '3536']",3536,"['40487', '62454', '3536', '69704', '9795']"
"[0, 7]","[18, 23]","['66807', '65801', '10984', '15613', '26052']",26052,"['66807', '26052', '10984', '15613', '65801']"
"[0, 6]","[18, 25]","['25447', '43375', '75880', '59474', '4132']",4132,"['25447', '59474', '4132', '43375', '75880']"
"[3, 26]","[15, 17]","['68096', '19246', '18887', '1064', '11908']",11908,"['19246', '1064', '18887', '68096', '11908']"
"[3, 3]","[15, 21]","['72700', '10131', '22002', '994', '3384']",3384,"['3384', '994', '72700', '10131', '22002']"
"[3, 7]","[15, 13]","['19992', '37907', '19796', '4286', '20590']",20590,"['19992', '19796', '37907', '4286', '20590']"
"[0, 6]","[18, 23]","['41154', '43375', '25447', '59474', '67584']",67584,"['25447', '43375', '59474', '41154', '67584']"
"[17, 18]","[7, 3]","['66935', '70105', '6955', '51240', '61767']",61767,"['66935', '61767', '6955', '70105', '51240']"
"[3, 17]","[15, 17]","['54792', '12043', '38478', '64047', '60915']",60915,"['54792', '12043', '64047', '38478', '60915']"
"[0, 2]","[18, 25]","['48095', '59390', '63508', '28242', '25711']",25711,"['25711', '48095', '59390', '63508', '28242']"
"[17, 21]","[7, 1]","['9795', '78147', '69704', '62454', '17550']",17550,"['62454', '78147', '17550', '69704', '9795']"
"[18, 25]","[0, 24]","['4132', '3282', '25711', '62071', '48780']",48780,"['4132', '25711', '62071', '48780', '3282']"
"[18, 23]","[0, 6]","['12104', '64247', '25667', '64148', '43036']",43036,"['25667', '64247', '64148', '12104', '43036']"
"[3, 17]","[15, 28]","['64047', '53579', '54792', '33084', '10526']",10526,"['54792', '10526', '64047', '33084', '53579']"
"[15, 28]","[3, 7]","['38548', '10526', '23274', '3258', '30859']",30859,"['10526', '3258', '23274', '30859', '38548']"
"[3, 26]","[15, 28]","['68096', '9147', '19246', '11033', '38548']",38548,"['19246', '38548', '9147', '68096', '11033']"
"[7, 1]","[17, 18]","['12376', '53652', '8109', '3536', '46660']",46660,"['3536', '8109', '12376', '46660', '53652']"
"[3, 17]","[15, 17]","['54792', '64047', '12043', '53579', '60915']",60915,"['53579', '54792', '12043', '60915', '64047']"
"[0, 6]","[18, 23]","['41154', '43036', '49395', '59474', '65195']",65195,"['65195', '41154', '49395', '43036', '59474']"
"[0, 6]","[18, 23]","['43036', '59474', '41154', '25447', '78682']",78682,"['25447', '41154', '59474', '43036', '78682']"
"[15, 17]","[3, 4]","['60915', '11908', '47834', '1225', '20671']",20671,"['47834', '20671', '11908', '1225', '60915']"
"[3, 28]","[15, 13]","['12683', '55090', '8257', '73823', '20590']",20590,"['12683', '8257', '55090', '20590', '73823']"
"[0, 2]","[18, 23]","['70440', '28242', '44125', '44145', '12104']",12104,"['28242', '44125', '12104', '44145', '70440']"
"[0, 14]","[18, 23]","['39894', '75707', '1261', '17291', '67584']",67584,"['67584', '1261', '75707', '39894', '17291']"
"[3, 26]","[15, 13]","['40031', '50906', '34449', '72586', '42684']",42684,"['42684', '72586', '50906', '40031', '34449']"
"[7, 1]","[17, 21]","['10825', '53652', '16951', '12421', '9795']",9795,"['16951', '53652', '12421', '10825', '9795']"
"[3, 21]","[15, 21]","['47060', '42206', '53064', '57272', '20839']",20839,"['42206', '53064', '20839', '47060', '57272']"
"[0, 6]","[18, 25]","['43036', '75880', '41154', '49395', '3282']",3282,"['49395', '41154', '75880', '3282', '43036']"
"[7, 1]","[17, 5]","['3536', '17550', '8109', '10825', '33045']",33045,"['8109', '3536', '33045', '10825', '17550']"
"[17, 18]","[7, 22]","['70105', '21408', '66935', '46660', '79411']",79411,"['46660', '70105', '79411', '21408', '66935']"
"[17, 18]","[7, 1]","['31693', '66935', '21543', '21408', '3536']",3536,"['66935', '31693', '3536', '21408', '21543']"
"[0, 14]","[18, 23]","['80522', '17291', '1261', '37963', '25667']",25667,"['17291', '25667', '80522', '1261', '37963']"
"[3, 7]","[15, 21]","['73164', '19992', '30859', '4286', '13497']",13497,"['13497', '4286', '73164', '30859', '19992']"
"[3, 7]","[15, 21]","['4286', '37907', '73164', '19796', '20839']",20839,"['4286', '37907', '73164', '19796', '20839']"
"[3, 28]","[15, 13]","['12683', '73823', '42226', '8257', '53137']",53137,"['12683', '73823', '53137', '8257', '42226']"
"[15, 13]","[3, 12]","['53137', '24364', '34763', '68970', '27821']",27821,"['53137', '24364', '68970', '34763', '27821']"
"[0, 6]","[18, 23]","['59474', '43375', '43036', '41154', '59794']",59794,"['59474', '43375', '43036', '41154', '59794']"
"[3, 26]","[15, 28]","['11033', '9147', '32729', '34449', '23274']",23274,"['11033', '9147', '23274', '34449', '32729']"
"[0, 7]","[18, 23]","['66807', '10984', '65801', '15613', '12104']",12104,"['12104', '66807', '65801', '10984', '15613']"
"[7, 1]","[17, 18]","['16951', '3536', '53652', '10825', '21543']",21543,"['10825', '3536', '21543', '53652', '16951']"
"[15, 13]","[3, 5]","['42684', '25079', '24364', '53137', '12162']",12162,"['12162', '42684', '24364', '53137', '25079']"
"[18, 25]","[0, 2]","['3282', '4132', '62071', '25711', '67465']",67465,"['62071', '4132', '3282', '25711', '67465']"
"[18, 23]","[0, 24]","['78682', '37360', '20502', '10433', '31926']",31926,"['78682', '10433', '20502', '37360', '31926']"
"[0, 2]","[18, 23]","['59390', '27625', '44802', '67465', '26052']",26052,"['59390', '27625', '44802', '67465', '26052']"
"[17, 18]","[7, 1]","['21543', '21408', '66935', '6955', '12376']",12376,"['21543', '12376', '66935', '6955', '21408']"
"[3, 26]","[15, 17]","['32729', '72586', '9147', '34449', '47834']",47834,"['47834', '72586', '34449', '32729', '9147']"
"[18, 23]","[0, 14]","['40817', '61353', '48306', '65195', '75707']",75707,"['61353', '48306', '75707', '40817', '65195']"
"[15, 13]","[3, 4]","['68970', '24364', '20590', '53137', '35787']",35787,"['68970', '53137', '24364', '35787', '20590']"
"[3, 26]","[15, 17]","['32729', '40031', '11033', '68096', '1225']",1225,"['40031', '68096', '11033', '32729', '1225']"
"[15, 13]","[3, 12]","['34763', '25079', '20590', '24364', '1181']",1181,"['24364', '25079', '34763', '20590', '1181']"
"[3, 21]","[15, 17]","['47060', '53064', '57272', '14038', '11908']",11908,"['47060', '14038', '11908', '57272', '53064']"
"[0, 6]","[18, 23]","['49395', '75880', '43036', '25447', '32105']",32105,"['43036', '32105', '75880', '49395', '25447']"
"[0, 2]","[18, 23]","['62759', '60860', '9836', '51831', '64148']",64148,"['51831', '62759', '64148', '9836', '60860']"
"[0, 14]","[18, 25]","['17291', '1261', '37963', '80522', '73827']",73827,"['80522', '1261', '17291', '37963', '73827']"
"[7, 1]","[17, 18]","['16951', '8109', '12421', '17550', '66316']",66316,"['66316', '17550', '12421', '16951', '8109']"
"[18, 25]","[0, 2]","['3282', '73827', '25711', '62071', '62759']",62759,"['73827', '62071', '25711', '3282', '62759']"
"[0, 6]","[18, 25]","['25447', '41154', '59474', '43375', '62071']",62071,"['25447', '43375', '41154', '62071', '59474']"
"[3, 16]","[15, 13]","['177', '63317', '59100', '56017', '42684']",42684,"['42684', '63317', '59100', '177', '56017']"
"[3, 26]","[15, 28]","['72586', '9147', '68096', '40031', '3258']",3258,"['68096', '9147', '72586', '40031', '3258']"
"[3, 17]","[15, 28]","['38478', '54792', '64047', '12043', '23274']",23274,"['23274', '54792', '64047', '12043', '38478']"
"[18, 25]","[0, 14]","['4132', '73827', '62071', '25711', '39894']",39894,"['62071', '73827', '39894', '4132', '25711']"
"[3, 26]","[15, 28]","['11033', '49864', '32729', '19246', '23274']",23274,"['49864', '23274', '19246', '32729', '11033']"
"[0, 2]","[18, 23]","['66847', '9836', '48095', '44802', '25667']",25667,"['66847', '9836', '25667', '44802', '48095']"
"[3, 3]","[15, 28]","['994', '22002', '22487', '72700', '3258']",3258,"['22002', '22487', '994', '72700', '3258']"
"[0, 7]","[18, 23]","['15613', '66807', '65801', '72266', '14167']",14167,"['72266', '14167', '15613', '66807', '65801']"
"[0, 14]","[18, 23]","['17291', '37963', '75707', '42604', '37360']",37360,"['75707', '17291', '37360', '37963', '42604']"
"[0, 14]","[18, 25]","['42604', '37963', '80522', '1261', '25711']",25711,"['37963', '1261', '80522', '25711', '42604']"
"[15, 28]","[3, 17]","['38548', '3258', '23274', '10526', '53579']",53579,"['10526', '53579', '3258', '38548', '23274']"
"[3, 3]","[15, 13]","['22002', '10131', '994', '30004', '24364']",24364,"['994', '22002', '24364', '10131', '30004']"
"[15, 13]","[3, 7]","['25079', '42684', '20590', '24364', '19796']",19796,"['20590', '24364', '42684', '25079', '19796']"
"[3, 16]","[15, 28]","['59100', '177', '11746', '63317', '3258']",3258,"['59100', '3258', '177', '63317', '11746']"
"[0, 14]","[18, 23]","['42604', '37963', '1261', '80522', '59794']",59794,"['59794', '80522', '1261', '37963', '42604']"
"[3, 7]","[15, 17]","['73164', '19796', '30859', '4286', '47834']",47834,"['47834', '19796', '73164', '30859', '4286']"
"[17, 18]","[7, 3]","['66316', '31693', '46660', '51240', '61767']",61767,"['61767', '66316', '31693', '51240', '46660']"
"[3, 7]","[15, 21]","['19992', '19796', '4286', '30859', '7489']",7489,"['4286', '7489', '30859', '19992', '19796']"
"[15, 13]","[3, 28]","['68970', '34763', '25079', '53137', '42226']",42226,"['34763', '53137', '42226', '25079', '68970']"
"[7, 1]","[17, 18]","['10825', '16951', '12376', '3536', '21408']",21408,"['3536', '12376', '16951', '10825', '21408']"
"[3, 26]","[15, 13]","['50906', '34449', '1064', '9147', '20590']",20590,"['9147', '1064', '34449', '20590', '50906']"
"[7, 1]","[17, 5]","['12376', '10825', '16951', '8109', '50221']",50221,"['50221', '8109', '12376', '16951', '10825']"
"[7, 1]","[17, 18]","['12376', '10825', '12421', '8109', '51240']",51240,"['10825', '12421', '12376', '51240', '8109']"
"[3, 3]","[15, 17]","['72700', '10017', '22002', '994', '60915']",60915,"['10017', '22002', '994', '60915', '72700']"
"[0, 6]","[18, 23]","['41154', '75880', '49395', '25447', '15451']",15451,"['49395', '15451', '41154', '25447', '75880']"
"[3, 26]","[15, 13]","['18887', '34449', '1064', '40031', '34763']",34763,"['18887', '40031', '1064', '34763', '34449']"
"[15, 28]","[3, 7]","['10526', '67905', '23274', '3258', '37907']",37907,"['37907', '10526', '23274', '3258', '67905']"
"[15, 28]","[3, 4]","['10526', '23274', '38548', '3258', '35787']",35787,"['3258', '10526', '35787', '23274', '38548']"
"[15, 13]","[3, 28]","['42684', '25079', '53137', '24364', '12683']",12683,"['25079', '12683', '53137', '24364', '42684']"
"[0, 2]","[18, 25]","['44145', '54867', '28242', '27625', '4132']",4132,"['4132', '27625', '54867', '44145', '28242']"
"[0, 2]","[18, 25]","['67842', '63508', '62759', '9639', '62071']",62071,"['63508', '62071', '9639', '62759', '67842']"
"[3, 21]","[15, 13]","['47060', '57272', '14038', '53064', '25079']",25079,"['57272', '14038', '47060', '53064', '25079']"
"[15, 13]","[3, 17]","['34763', '68970', '42684', '24364', '33084']",33084,"['42684', '33084', '24364', '68970', '34763']"
"[17, 18]","[7, 20]","['66316', '21543', '6955', '66935', '2425']",2425,"['6955', '66935', '21543', '66316', '2425']"
"[0, 14]","[18, 23]","['39894', '42604', '17291', '75707', '61353']",61353,"['42604', '17291', '75707', '61353', '39894']"
"[0, 14]","[18, 25]","['37963', '1261', '42604', '17291', '3282']",3282,"['3282', '42604', '17291', '37963', '1261']"
"[3, 26]","[15, 13]","['11033', '49864', '34449', '1064', '53137']",53137,"['53137', '1064', '34449', '49864', '11033']"
"[18, 23]","[0, 14]","['26755', '32105', '40817', '5909', '42604']",42604,"['42604', '5909', '32105', '26755', '40817']"
"[18, 23]","[0, 24]","['59794', '10433', '48306', '72365', '74418']",74418,"['59794', '48306', '74418', '10433', '72365']"
"[17, 18]","[7, 22]","['6955', '46660', '66316', '21408', '23132']",23132,"['66316', '21408', '46660', '6955', '23132']"
"[7, 1]","[17, 21]","['12421', '17550', '10825', '16951', '69704']",69704,"['17550', '10825', '16951', '69704', '12421']"
"[0, 7]","[18, 23]","['15613', '10984', '72266', '65801', '32105']",32105,"['72266', '15613', '10984', '32105', '65801']"
"[15, 13]","[3, 28]","['53137', '24364', '34763', '25079', '55090']",55090,"['25079', '24364', '53137', '55090', '34763']"
"[3, 7]","[15, 28]","['19992', '30859', '37907', '73164', '23274']",23274,"['73164', '37907', '19992', '23274', '30859']"
"[17, 21]","[7, 22]","['40487', '78147', '69704', '62454', '31113']",31113,"['40487', '31113', '78147', '62454', '69704']"
"[18, 25]","[0, 7]","['73827', '4132', '62071', '3282', '72266']",72266,"['72266', '73827', '4132', '3282', '62071']"
"[0, 14]","[18, 23]","['80522', '1261', '37963', '17291', '12104']",12104,"['37963', '80522', '17291', '12104', '1261']"
"[3, 21]","[15, 21]","['42206', '53064', '47060', '57272', '13497']",13497,"['57272', '53064', '47060', '42206', '13497']"
"[3, 26]","[15, 28]","['34449', '19246', '50906', '9147', '3258']",3258,"['3258', '50906', '34449', '9147', '19246']"
"[3, 17]","[15, 21]","['64047', '33084', '12043', '53579', '13497']",13497,"['33084', '12043', '13497', '64047', '53579']"
"[15, 28]","[3, 16]","['23274', '67905', '10526', '3258', '59100']",59100,"['3258', '67905', '59100', '23274', '10526']"
"[3, 21]","[15, 21]","['53064', '42206', '57272', '14038', '7489']",7489,"['53064', '14038', '42206', '7489', '57272']"
"[17, 18]","[7, 22]","['66316', '21408', '6955', '21543', '40679']",40679,"['40679', '66316', '21543', '21408', '6955']"
"[17, 18]","[7, 22]","['6955', '21543', '66935', '21408', '40679']",40679,"['21408', '66935', '40679', '6955', '21543']"
"[3, 7]","[15, 17]","['30859', '19992', '4286', '73164', '11908']",11908,"['11908', '30859', '73164', '19992', '4286']"
"[3, 3]","[15, 28]","['10131', '72700', '30004', '994', '3258']",3258,"['10131', '994', '30004', '72700', '3258']"
"[0, 2]","[18, 23]","['60860', '44125', '66847', '67465', '59794']",59794,"['44125', '60860', '67465', '66847', '59794']"
"[18, 23]","[0, 14]","['37360', '42151', '72978', '32105', '75707']",75707,"['37360', '32105', '72978', '42151', '75707']"
"[18, 25]","[0, 7]","['25711', '73827', '62071', '4132', '10984']",10984,"['10984', '4132', '25711', '73827', '62071']"
"[18, 23]","[0, 0]","['64247', '64148', '61353', '32105', '14834']",14834,"['14834', '64148', '64247', '61353', '32105']"
"[7, 1]","[17, 18]","['53652', '10825', '12376', '12421', '21543']",21543,"['21543', '12421', '10825', '53652', '12376']"
"[0, 14]","[18, 25]","['1261', '42604', '37963', '80522', '4132']",4132,"['37963', '4132', '42604', '80522', '1261']"
"[3, 3]","[15, 17]","['10131', '10017', '994', '72700', '11908']",11908,"['994', '11908', '10017', '72700', '10131']"
"[3, 17]","[15, 13]","['53579', '54792', '12043', '33084', '25079']",25079,"['25079', '54792', '53579', '12043', '33084']"
"[18, 23]","[0, 6]","['37360', '78682', '25667', '48306', '43375']",43375,"['43375', '25667', '48306', '37360', '78682']"
"[3, 17]","[15, 28]","['54792', '38478', '64047', '53579', '3258']",3258,"['53579', '38478', '64047', '54792', '3258']"
"[3, 7]","[15, 17]","['19992', '4286', '73164', '30859', '1225']",1225,"['73164', '19992', '1225', '4286', '30859']"
"[3, 17]","[15, 21]","['33084', '53579', '38478', '12043', '20839']",20839,"['12043', '53579', '38478', '33084', '20839']"
"[17, 18]","[7, 20]","['70105', '51240', '31693', '66316', '2425']",2425,"['31693', '66316', '70105', '2425', '51240']"
"[3, 26]","[15, 13]","['32729', '18887', '9147', '49864', '42684']",42684,"['32729', '42684', '9147', '49864', '18887']"
"[0, 2]","[18, 23]","['66847', '67465', '54867', '70440', '5909']",5909,"['66847', '67465', '70440', '5909', '54867']"
"[18, 23]","[0, 2]","['6216', '67584', '64148', '48306', '51831']",51831,"['67584', '6216', '51831', '48306', '64148']"
"[7, 1]","[17, 21]","['3536', '16951', '10825', '12421', '62549']",62549,"['3536', '16951', '62549', '10825', '12421']"
"[17, 21]","[7, 22]","['40487', '78147', '69704', '9795', '79411']",79411,"['40487', '9795', '69704', '79411', '78147']"
"[7, 1]","[17, 18]","['12376', '8109', '10825', '53652', '66316']",66316,"['53652', '66316', '8109', '12376', '10825']"
"[0, 6]","[18, 23]","['43036', '75880', '49395', '41154', '5909']",5909,"['43036', '5909', '49395', '75880', '41154']"
"[15, 28]","[3, 7]","['67905', '10526', '38548', '3258', '30859']",30859,"['67905', '38548', '3258', '30859', '10526']"
"[15, 13]","[3, 16]","['42684', '24364', '25079', '20590', '11746']",11746,"['24364', '20590', '25079', '42684', '11746']"
"[0, 7]","[18, 23]","['66807', '72266', '15613', '65801', '37360']",37360,"['66807', '72266', '37360', '65801', '15613']"
"[3, 16]","[15, 21]","['59100', '63317', '11746', '177', '3384']",3384,"['3384', '177', '11746', '63317', '59100']"
"[3, 7]","[15, 21]","['37907', '19796', '19992', '4286', '13497']",13497,"['4286', '19992', '13497', '37907', '19796']"
"[0, 2]","[18, 23]","['43995', '43629', '44125', '54867', '42151']",42151,"['44125', '43995', '54867', '43629', '42151']"
"[0, 2]","[18, 25]","['44125', '9639', '66847', '59390', '25711']",25711,"['59390', '66847', '44125', '25711', '9639']"
"[0, 7]","[18, 23]","['72266', '10984', '65801', '15613', '64148']",64148,"['10984', '72266', '15613', '64148', '65801']"
"[0, 2]","[18, 23]","['67465', '32703', '60860', '27625', '32105']",32105,"['32703', '32105', '60860', '27625', '67465']"
"[3, 17]","[15, 28]","['53579', '33084', '64047', '54792', '38548']",38548,"['33084', '54792', '53579', '64047', '38548']"
"[7, 1]","[17, 18]","['16951', '12421', '3536', '12376', '51240']",51240,"['12376', '51240', '3536', '16951', '12421']"
"[18, 25]","[0, 0]","['4132', '73827', '62071', '3282', '14834']",14834,"['14834', '62071', '4132', '73827', '3282']"
"[3, 16]","[15, 13]","['59100', '63317', '56017', '177', '68970']",68970,"['56017', '59100', '177', '68970', '63317']"
"[17, 21]","[7, 3]","['9795', '69704', '62454', '78147', '75828']",75828,"['78147', '75828', '62454', '9795', '69704']"
"[7, 1]","[17, 18]","['8109', '53652', '16951', '12421', '66935']",66935,"['66935', '8109', '12421', '16951', '53652']"
"[3, 3]","[15, 21]","['22487', '994', '22002', '10017', '7489']",7489,"['7489', '10017', '22487', '22002', '994']"
"[7, 1]","[17, 21]","['53652', '16951', '12421', '12376', '78147']",78147,"['12421', '78147', '12376', '16951', '53652']"
"[17, 18]","[7, 22]","['21543', '21408', '31693', '66935', '79411']",79411,"['31693', '66935', '79411', '21543', '21408']"
"[18, 23]","[0, 6]","['14167', '59794', '20502', '15451', '25447']",25447,"['20502', '59794', '15451', '25447', '14167']"
"[3, 7]","[15, 13]","['4286', '37907', '73164', '19992', '24364']",24364,"['4286', '24364', '73164', '37907', '19992']"
"[17, 18]","[7, 3]","['6955', '66316', '21408', '31693', '52457']",52457,"['21408', '52457', '66316', '31693', '6955']"
"[17, 21]","[7, 20]","['40487', '78147', '62549', '62454', '55305']",55305,"['62454', '62549', '55305', '78147', '40487']"
"[0, 24]","[18, 23]","['31926', '48780', '74418', '37989', '10433']",10433,"['10433', '48780', '74418', '37989', '31926']"
"[3, 17]","[15, 17]","['33084', '12043', '54792', '38478', '60915']",60915,"['60915', '38478', '54792', '33084', '12043']"
"[0, 7]","[18, 23]","['15613', '72266', '10984', '65801', '37360']",37360,"['65801', '72266', '10984', '37360', '15613']"
"[3, 3]","[15, 28]","['30004', '10017', '10131', '22002', '38548']",38548,"['10131', '10017', '22002', '38548', '30004']"
"[7, 1]","[17, 21]","['10825', '3536', '17550', '53652', '9795']",9795,"['10825', '9795', '3536', '53652', '17550']"
"[18, 23]","[0, 14]","['72365', '48306', '6216', '42151', '80522']",80522,"['80522', '72365', '48306', '6216', '42151']"
"[7, 1]","[17, 5]","['12421', '16951', '53652', '3536', '33045']",33045,"['3536', '33045', '16951', '12421', '53652']"
"[0, 14]","[18, 25]","['37963', '75707', '80522', '17291', '62071']",62071,"['37963', '62071', '80522', '75707', '17291']"
"[17, 18]","[7, 3]","['21543', '51240', '6955', '46660', '64781']",64781,"['51240', '46660', '6955', '21543', '64781']"
"[0, 2]","[18, 23]","['32703', '67842', '62759', '9639', '64148']",64148,"['62759', '32703', '9639', '67842', '64148']"
"[3, 26]","[15, 28]","['68096', '49864', '1064', '72586', '3258']",3258,"['49864', '72586', '3258', '1064', '68096']"
"[3, 7]","[15, 17]","['19796', '30859', '4286', '19992', '60915']",60915,"['4286', '19796', '30859', '19992', '60915']"
"[15, 13]","[3, 21]","['25079', '34763', '42684', '68970', '53064']",53064,"['25079', '68970', '34763', '42684', '53064']"
"[17, 18]","[7, 20]","['66935', '51240', '6955', '21543', '54372']",54372,"['54372', '66935', '51240', '6955', '21543']"
"[0, 2]","[18, 25]","['28242', '66847', '32703', '9836', '62071']",62071,"['28242', '66847', '32703', '62071', '9836']"
"[3, 28]","[15, 21]","['12683', '8257', '55090', '73823', '3384']",3384,"['3384', '12683', '55090', '8257', '73823']"
"[15, 13]","[3, 26]","['68970', '24364', '34763', '42684', '1064']",1064,"['68970', '34763', '24364', '42684', '1064']"
"[17, 18]","[7, 20]","['21543', '70105', '21408', '6955', '54372']",54372,"['54372', '21408', '6955', '21543', '70105']"
"[3, 7]","[15, 13]","['37907', '19796', '30859', '19992', '53137']",53137,"['30859', '19992', '37907', '19796', '53137']"
"[15, 13]","[3, 7]","['25079', '24364', '68970', '53137', '4286']",4286,"['53137', '24364', '4286', '68970', '25079']"
"[15, 28]","[3, 28]","['23274', '3258', '67905', '10526', '42226']",42226,"['42226', '67905', '3258', '23274', '10526']"
"[0, 14]","[18, 23]","['39894', '17291', '1261', '37963', '25667']",25667,"['1261', '37963', '17291', '39894', '25667']"
"[0, 14]","[18, 23]","['75707', '80522', '17291', '39894', '32105']",32105,"['80522', '32105', '39894', '17291', '75707']"
"[17, 18]","[7, 20]","['70105', '46660', '21543', '6955', '2277']",2277,"['2277', '21543', '6955', '46660', '70105']"
"[3, 17]","[15, 13]","['64047', '33084', '54792', '12043', '25079']",25079,"['33084', '12043', '54792', '64047', '25079']"
"[0, 7]","[18, 23]","['72266', '15613', '66807', '10984', '59794']",59794,"['66807', '15613', '59794', '72266', '10984']"
"[17, 21]","[7, 22]","['40487', '62454', '69704', '62549', '31113']",31113,"['62454', '69704', '40487', '62549', '31113']"
"[17, 21]","[7, 1]","['62454', '40487', '69704', '9795', '12376']",12376,"['9795', '69704', '12376', '62454', '40487']"
"[15, 21]","[3, 28]","['20839', '3384', '7489', '13497', '8257']",8257,"['8257', '7489', '20839', '13497', '3384']"
"[18, 23]","[0, 2]","['64247', '6216', '65195', '15451', '45218']",45218,"['45218', '64247', '15451', '6216', '65195']"
"[3, 3]","[15, 17]","['10017', '994', '22002', '10131', '60915']",60915,"['22002', '10017', '60915', '10131', '994']"
"[3, 3]","[15, 21]","['30004', '22487', '10017', '22002', '7489']",7489,"['10017', '30004', '22002', '22487', '7489']"
"[3, 26]","[15, 17]","['40031', '1064', '11033', '34449', '47834']",47834,"['11033', '47834', '1064', '34449', '40031']"
"[3, 21]","[15, 13]","['57272', '53064', '47060', '42206', '24364']",24364,"['24364', '47060', '53064', '57272', '42206']"
"[17, 21]","[7, 20]","['9795', '78147', '40487', '62454', '55305']",55305,"['55305', '78147', '9795', '62454', '40487']"
"[3, 26]","[15, 21]","['32729', '34449', '49864', '1064', '7489']",7489,"['34449', '49864', '1064', '7489', '32729']"
"[18, 25]","[0, 7]","['25711', '62071', '3282', '73827', '65801']",65801,"['62071', '25711', '65801', '3282', '73827']"
"[0, 6]","[18, 23]","['59474', '25447', '43375', '41154', '32105']",32105,"['59474', '43375', '32105', '41154', '25447']"
"[17, 18]","[7, 1]","['21543', '66316', '31693', '51240', '16951']",16951,"['31693', '51240', '21543', '66316', '16951']"
"[18, 23]","[0, 6]","['14167', '26052', '65195', '10433', '75880']",75880,"['65195', '14167', '10433', '75880', '26052']"
"[3, 26]","[15, 21]","['1064', '32729', '50906', '9147', '13497']",13497,"['1064', '9147', '50906', '32729', '13497']"
"[7, 1]","[17, 21]","['53652', '10825', '12376', '16951', '40487']",40487,"['10825', '40487', '53652', '12376', '16951']"
"[3, 26]","[15, 21]","['18887', '40031', '68096', '1064', '7489']",7489,"['18887', '1064', '40031', '68096', '7489']"
"[0, 14]","[18, 23]","['42604', '80522', '75707', '1261', '42151']",42151,"['42604', '75707', '80522', '42151', '1261']"
"[0, 2]","[18, 23]","['70440', '67465', '32703', '63508', '25667']",25667,"['70440', '25667', '32703', '67465', '63508']"
"[0, 6]","[18, 23]","['59474', '43375', '75880', '41154', '12104']",12104,"['41154', '43375', '75880', '59474', '12104']"
"[3, 3]","[15, 13]","['10017', '22487', '10131', '72700', '34763']",34763,"['22487', '34763', '72700', '10131', '10017']"
"[0, 7]","[18, 23]","['66807', '15613', '10984', '72266', '6216']",6216,"['15613', '10984', '6216', '72266', '66807']"
"[3, 17]","[15, 21]","['64047', '12043', '54792', '38478', '13497']",13497,"['38478', '64047', '13497', '12043', '54792']"
"[0, 6]","[18, 23]","['43375', '75880', '59474', '43036', '72978']",72978,"['75880', '59474', '43375', '72978', '43036']"
"[3, 17]","[15, 21]","['38478', '54792', '64047', '33084', '20839']",20839,"['20839', '38478', '54792', '33084', '64047']"
"[0, 6]","[18, 23]","['75880', '59474', '25447', '49395', '59794']",59794,"['75880', '49395', '59794', '25447', '59474']"
"[0, 6]","[18, 23]","['59474', '75880', '49395', '25447', '78682']",78682,"['49395', '75880', '78682', '25447', '59474']"
"[17, 18]","[7, 22]","['6955', '51240', '21543', '46660', '40679']",40679,"['21543', '40679', '6955', '51240', '46660']"
"[15, 13]","[3, 28]","['20590', '24364', '68970', '42684', '8257']",8257,"['42684', '8257', '24364', '68970', '20590']"
"[3, 3]","[15, 13]","['10017', '72700', '30004', '22002', '68970']",68970,"['22002', '68970', '10017', '72700', '30004']"
"[0, 7]","[18, 25]","['66807', '65801', '15613', '72266', '73827']",73827,"['65801', '15613', '73827', '72266', '66807']"
"[0, 14]","[18, 25]","['75707', '80522', '37963', '1261', '3282']",3282,"['1261', '3282', '80522', '75707', '37963']"
"[17, 18]","[7, 3]","['70105', '21408', '66935', '46660', '75828']",75828,"['21408', '66935', '75828', '46660', '70105']"
"[17, 5]","[7, 1]","['7913', '72055', '33045', '50221', '12376']",12376,"['72055', '7913', '33045', '50221', '12376']"
"[17, 18]","[7, 22]","['21543', '51240', '70105', '66316', '23132']",23132,"['21543', '51240', '23132', '70105', '66316']"
"[3, 26]","[15, 17]","['32729', '1064', '34449', '50906', '47834']",47834,"['47834', '1064', '34449', '50906', '32729']"
"[3, 26]","[15, 13]","['1064', '40031', '68096', '32729', '53137']",53137,"['32729', '1064', '53137', '40031', '68096']"
"[18, 25]","[0, 2]","['3282', '25711', '62071', '73827', '43995']",43995,"['3282', '43995', '62071', '25711', '73827']"
"[17, 18]","[7, 1]","['6955', '51240', '21408', '70105', '3536']",3536,"['70105', '51240', '3536', '21408', '6955']"
"[3, 3]","[15, 21]","['10017', '72700', '30004', '22002', '20839']",20839,"['20839', '30004', '10017', '22002', '72700']"
"[3, 3]","[15, 28]","['22487', '72700', '22002', '30004', '23274']",23274,"['22487', '72700', '22002', '30004', '23274']"
"[3, 26]","[15, 17]","['72586', '1064', '68096', '34449', '11908']",11908,"['68096', '11908', '72586', '34449', '1064']"
"[0, 6]","[18, 25]","['25447', '41154', '49395', '75880', '62071']",62071,"['25447', '41154', '62071', '75880', '49395']"
"[0, 2]","[18, 23]","['48095', '63508', '54867', '70440', '26755']",26755,"['70440', '63508', '48095', '54867', '26755']"
"[15, 17]","[3, 7]","['47834', '1225', '11908', '60915', '30859']",30859,"['60915', '1225', '47834', '11908', '30859']"
"[15, 13]","[3, 16]","['25079', '34763', '68970', '20590', '177']",177,"['25079', '177', '68970', '20590', '34763']"
"[3, 3]","[15, 21]","['22487', '10017', '994', '22002', '13497']",13497,"['10017', '22487', '13497', '22002', '994']"
"[3, 3]","[15, 17]","['994', '72700', '10017', '22487', '47834']",47834,"['72700', '22487', '994', '47834', '10017']"
"[3, 26]","[15, 28]","['49864', '34449', '19246', '18887', '23274']",23274,"['18887', '19246', '23274', '49864', '34449']"
"[3, 26]","[15, 13]","['40031', '72586', '19246', '9147', '34763']",34763,"['9147', '34763', '40031', '19246', '72586']"
"[0, 7]","[18, 25]","['15613', '10984', '65801', '66807', '73827']",73827,"['15613', '10984', '66807', '65801', '73827']"
"[18, 25]","[0, 0]","['3282', '25711', '62071', '73827', '14834']",14834,"['25711', '3282', '14834', '62071', '73827']"
"[3, 7]","[15, 21]","['19992', '30859', '37907', '19796', '13497']",13497,"['37907', '13497', '19796', '19992', '30859']"
"[0, 2]","[18, 25]","['32703', '9836', '54867', '44802', '62071']",62071,"['62071', '54867', '9836', '32703', '44802']"
"[3, 16]","[15, 13]","['56017', '59100', '63317', '11746', '24364']",24364,"['11746', '56017', '59100', '63317', '24364']"
"[0, 6]","[18, 25]","['25447', '59474', '41154', '43375', '73827']",73827,"['43375', '25447', '59474', '73827', '41154']"
"[0, 7]","[18, 23]","['65801', '10984', '72266', '15613', '72978']",72978,"['10984', '65801', '72978', '15613', '72266']"
"[0, 2]","[18, 23]","['27625', '9639', '60860', '45218', '78682']",78682,"['27625', '45218', '60860', '78682', '9639']"
"[3, 26]","[15, 13]","['72586', '50906', '19246', '34449', '68970']",68970,"['34449', '68970', '50906', '72586', '19246']"
"[17, 21]","[7, 1]","['69704', '9795', '78147', '62454', '8109']",8109,"['9795', '62454', '69704', '78147', '8109']"
"[3, 3]","[15, 28]","['22002', '30004', '10017', '22487', '38548']",38548,"['22487', '30004', '38548', '10017', '22002']"
"[0, 6]","[18, 25]","['75880', '49395', '43375', '25447', '4132']",4132,"['25447', '4132', '43375', '49395', '75880']"
"[17, 18]","[7, 1]","['21408', '6955', '66316', '31693', '8109']",8109,"['66316', '8109', '6955', '31693', '21408']"
"[7, 1]","[17, 18]","['16951', '17550', '3536', '12421', '66316']",66316,"['16951', '17550', '12421', '66316', '3536']"
"[0, 2]","[18, 25]","['43629', '60860', '43995', '44145', '73827']",73827,"['60860', '43995', '73827', '43629', '44145']"
"[7, 1]","[17, 21]","['12376', '3536', '10825', '8109', '40487']",40487,"['8109', '40487', '10825', '3536', '12376']"
"[0, 6]","[18, 25]","['49395', '59474', '43375', '43036', '4132']",4132,"['49395', '4132', '43036', '59474', '43375']"
"[7, 1]","[17, 5]","['10825', '16951', '17550', '8109', '72055']",72055,"['72055', '17550', '8109', '10825', '16951']"
"[17, 18]","[7, 3]","['51240', '21543', '66316', '6955', '75828']",75828,"['6955', '51240', '75828', '21543', '66316']"
"[3, 7]","[15, 13]","['19796', '4286', '73164', '19992', '34763']",34763,"['19796', '19992', '4286', '73164', '34763']"
"[18, 23]","[0, 7]","['64148', '72978', '64247', '20502', '65801']",65801,"['20502', '65801', '64247', '64148', '72978']"
"[17, 18]","[7, 20]","['51240', '70105', '6955', '31693', '2425']",2425,"['70105', '31693', '51240', '2425', '6955']"
"[17, 21]","[7, 22]","['9795', '40487', '62454', '78147', '31113']",31113,"['62454', '78147', '31113', '40487', '9795']"
"[0, 6]","[18, 25]","['41154', '25447', '49395', '75880', '3282']",3282,"['3282', '49395', '41154', '25447', '75880']"
"[17, 18]","[7, 1]","['51240', '21543', '66935', '70105', '10825']",10825,"['10825', '66935', '21543', '70105', '51240']"
"[3, 3]","[15, 13]","['10131', '994', '30004', '10017', '34763']",34763,"['34763', '10131', '30004', '994', '10017']"
"[18, 25]","[0, 7]","['4132', '73827', '3282', '25711', '65801']",65801,"['3282', '25711', '73827', '65801', '4132']"
"[7, 1]","[17, 21]","['12376', '17550', '8109', '3536', '69704']",69704,"['8109', '17550', '3536', '69704', '12376']"
"[15, 13]","[3, 16]","['53137', '25079', '24364', '20590', '177']",177,"['53137', '25079', '177', '24364', '20590']"
"[3, 3]","[15, 28]","['22487', '10131', '994', '30004', '23274']",23274,"['30004', '23274', '994', '10131', '22487']"
"[18, 25]","[0, 6]","['73827', '25711', '3282', '4132', '49395']",49395,"['73827', '4132', '49395', '25711', '3282']"
"[3, 26]","[15, 13]","['40031', '18887', '19246', '32729', '20590']",20590,"['19246', '32729', '40031', '20590', '18887']"
"[15, 17]","[3, 26]","['11908', '47834', '1225', '60915', '9147']",9147,"['47834', '11908', '1225', '60915', '9147']"
"[15, 28]","[3, 7]","['67905', '38548', '23274', '10526', '4286']",4286,"['38548', '4286', '23274', '67905', '10526']"
"[15, 28]","[3, 26]","['38548', '23274', '67905', '10526', '18887']",18887,"['10526', '38548', '18887', '67905', '23274']"
"[15, 13]","[3, 7]","['20590', '53137', '34763', '24364', '73164']",73164,"['53137', '73164', '20590', '24364', '34763']"
"[3, 16]","[15, 28]","['59100', '11746', '177', '63317', '67905']",67905,"['177', '11746', '59100', '67905', '63317']"
"[0, 6]","[18, 25]","['75880', '59474', '49395', '25447', '62071']",62071,"['59474', '62071', '75880', '49395', '25447']"
"[17, 21]","[7, 3]","['78147', '40487', '62549', '69704', '52457']",52457,"['69704', '40487', '52457', '62549', '78147']"
"[18, 25]","[0, 24]","['4132', '25711', '73827', '62071', '37989']",37989,"['62071', '4132', '25711', '73827', '37989']"
"[15, 13]","[3, 7]","['25079', '68970', '42684', '20590', '73164']",73164,"['20590', '68970', '42684', '73164', '25079']"
"[18, 23]","[0, 24]","['25667', '12104', '6216', '72365', '37989']",37989,"['6216', '12104', '37989', '72365', '25667']"
"[3, 3]","[15, 13]","['30004', '22002', '10017', '22487', '53137']",53137,"['53137', '10017', '22487', '30004', '22002']"
"[15, 28]","[3, 12]","['3258', '67905', '38548', '10526', '27821']",27821,"['3258', '38548', '27821', '67905', '10526']"
"[3, 26]","[15, 21]","['34449', '9147', '72586', '18887', '20839']",20839,"['20839', '9147', '34449', '18887', '72586']"
"[0, 14]","[18, 23]","['80522', '39894', '42604', '1261', '48306']",48306,"['48306', '1261', '80522', '39894', '42604']"
"[0, 14]","[18, 23]","['17291', '37963', '39894', '80522', '6216']",6216,"['80522', '6216', '37963', '17291', '39894']"
"[17, 21]","[7, 1]","['69704', '9795', '78147', '62454', '12376']",12376,"['62454', '9795', '12376', '78147', '69704']"
"[7, 1]","[17, 5]","['16951', '12376', '3536', '8109', '50221']",50221,"['16951', '3536', '8109', '50221', '12376']"
"[7, 1]","[17, 21]","['10825', '8109', '12376', '16951', '78147']",78147,"['78147', '10825', '12376', '16951', '8109']"
"[15, 13]","[3, 12]","['53137', '34763', '42684', '68970', '20968']",20968,"['42684', '53137', '20968', '34763', '68970']"
"[0, 6]","[18, 23]","['43036', '75880', '59474', '41154', '12104']",12104,"['12104', '41154', '59474', '75880', '43036']"
"[18, 23]","[0, 0]","['15451', '61353', '40817', '14167', '78009']",78009,"['78009', '15451', '14167', '61353', '40817']"
"[7, 1]","[17, 21]","['10825', '16951', '53652', '17550', '62454']",62454,"['53652', '10825', '16951', '62454', '17550']"
"[3, 28]","[15, 13]","['8257', '12683', '55090', '73823', '34763']",34763,"['34763', '55090', '73823', '12683', '8257']"
"[15, 17]","[3, 3]","['1225', '60915', '47834', '11908', '22487']",22487,"['1225', '22487', '60915', '11908', '47834']"
"[15, 28]","[3, 7]","['67905', '3258', '23274', '10526', '19796']",19796,"['19796', '23274', '3258', '10526', '67905']"
"[3, 26]","[15, 17]","['49864', '9147', '32729', '11033', '11908']",11908,"['11033', '11908', '9147', '32729', '49864']"
"[3, 17]","[15, 13]","['12043', '33084', '54792', '64047', '53137']",53137,"['12043', '64047', '54792', '53137', '33084']"
"[0, 2]","[18, 25]","['63508', '43995', '54867', '44802', '25711']",25711,"['44802', '63508', '43995', '25711', '54867']"
"[0, 7]","[18, 23]","['66807', '10984', '15613', '65801', '15451']",15451,"['65801', '66807', '15613', '10984', '15451']"
"[3, 3]","[15, 21]","['22487', '22002', '72700', '30004', '7489']",7489,"['72700', '22487', '7489', '30004', '22002']"
"[3, 21]","[15, 28]","['42206', '57272', '47060', '14038', '3258']",3258,"['57272', '42206', '47060', '3258', '14038']"
"[3, 17]","[15, 13]","['38478', '54792', '53579', '33084', '42684']",42684,"['42684', '38478', '33084', '53579', '54792']"
"[18, 23]","[0, 7]","['10433', '72365', '20502', '72978', '10984']",10984,"['72365', '20502', '10433', '72978', '10984']"
"[18, 23]","[0, 6]","['15451', '12104', '42151', '67584', '75880']",75880,"['67584', '42151', '75880', '15451', '12104']"
"[3, 26]","[15, 28]","['9147', '50906', '11033', '72586', '38548']",38548,"['50906', '11033', '9147', '38548', '72586']"
"[3, 17]","[15, 21]","['53579', '38478', '33084', '54792', '13497']",13497,"['33084', '13497', '38478', '53579', '54792']"
"[17, 21]","[7, 22]","['9795', '62549', '62454', '69704', '40679']",40679,"['62454', '62549', '69704', '40679', '9795']"
"[3, 26]","[15, 28]","['49864', '40031', '50906', '68096', '67905']",67905,"['67905', '68096', '40031', '49864', '50906']"
"[18, 23]","[0, 0]","['64247', '72365', '78682', '5909', '28082']",28082,"['5909', '28082', '78682', '64247', '72365']"
"[18, 23]","[0, 7]","['37360', '61353', '12104', '26755', '15613']",15613,"['61353', '26755', '15613', '12104', '37360']"
"[3, 3]","[15, 28]","['30004', '10017', '994', '72700', '10526']",10526,"['994', '10526', '72700', '10017', '30004']"
"[17, 21]","[7, 20]","['69704', '62549', '40487', '78147', '55305']",55305,"['69704', '40487', '55305', '78147', '62549']"
"[17, 18]","[7, 22]","['46660', '31693', '6955', '21543', '40679']",40679,"['21543', '40679', '46660', '6955', '31693']"
"[3, 7]","[15, 28]","['4286', '19992', '19796', '30859', '38548']",38548,"['19992', '38548', '4286', '19796', '30859']"
"[3, 3]","[15, 21]","['10017', '22002', '72700', '22487', '20839']",20839,"['72700', '22002', '20839', '10017', '22487']"
"[0, 14]","[18, 23]","['39894', '75707', '80522', '1261', '59794']",59794,"['1261', '59794', '75707', '80522', '39894']"
"[0, 2]","[18, 25]","['43995', '44802', '63508', '28242', '3282']",3282,"['43995', '44802', '3282', '63508', '28242']"
"[18, 23]","[0, 14]","['67584', '32105', '78682', '61353', '42604']",42604,"['32105', '78682', '61353', '67584', '42604']"
"[7, 1]","[17, 5]","['16951', '3536', '10825', '8109', '72055']",72055,"['8109', '72055', '10825', '16951', '3536']"
"[3, 7]","[15, 17]","['19992', '37907', '30859', '4286', '11908']",11908,"['19992', '4286', '37907', '30859', '11908']"
"[3, 26]","[15, 28]","['49864', '9147', '40031', '11033', '3258']",3258,"['49864', '11033', '9147', '40031', '3258']"
"[0, 7]","[18, 23]","['65801', '72266', '66807', '10984', '32105']",32105,"['66807', '10984', '32105', '65801', '72266']"
"[0, 14]","[18, 25]","['42604', '80522', '75707', '17291', '4132']",4132,"['42604', '80522', '17291', '75707', '4132']"
"[3, 3]","[15, 13]","['10017', '30004', '72700', '22002', '24364']",24364,"['10017', '72700', '24364', '30004', '22002']"
"[3, 21]","[15, 13]","['47060', '57272', '53064', '42206', '20590']",20590,"['42206', '53064', '47060', '57272', '20590']"
"[0, 6]","[18, 23]","['49395', '75880', '43036', '43375', '59794']",59794,"['43036', '43375', '49395', '75880', '59794']"
"[0, 6]","[18, 23]","['49395', '59474', '25447', '43036', '72365']",72365,"['72365', '59474', '49395', '25447', '43036']"
"[17, 18]","[7, 3]","['21543', '31693', '66935', '66316', '61767']",61767,"['61767', '66935', '31693', '21543', '66316']"
"[0, 6]","[18, 23]","['43036', '25447', '75880', '49395', '72365']",72365,"['43036', '49395', '72365', '75880', '25447']"
"[7, 1]","[17, 5]","['53652', '12376', '10825', '12421', '7913']",7913,"['53652', '12421', '7913', '10825', '12376']"
"[17, 18]","[7, 1]","['21543', '31693', '70105', '21408', '10825']",10825,"['10825', '31693', '70105', '21543', '21408']"
"[15, 13]","[3, 3]","['53137', '42684', '25079', '68970', '10131']",10131,"['25079', '68970', '42684', '53137', '10131']"
"[15, 28]","[3, 17]","['38548', '10526', '23274', '3258', '33084']",33084,"['33084', '38548', '10526', '23274', '3258']"
"[15, 13]","[3, 28]","['53137', '25079', '34763', '68970', '12683']",12683,"['68970', '53137', '25079', '34763', '12683']"
"[0, 6]","[18, 23]","['43036', '43375', '49395', '25447', '59794']",59794,"['49395', '43036', '59794', '43375', '25447']"
"[3, 17]","[15, 13]","['38478', '64047', '53579', '33084', '20590']",20590,"['64047', '33084', '53579', '20590', '38478']"
"[0, 6]","[18, 25]","['75880', '41154', '43036', '59474', '62071']",62071,"['41154', '43036', '75880', '62071', '59474']"
"[7, 1]","[17, 21]","['53652', '8109', '10825', '3536', '40487']",40487,"['40487', '3536', '10825', '8109', '53652']"
"[15, 28]","[3, 26]","['23274', '67905', '3258', '38548', '1064']",1064,"['3258', '23274', '1064', '67905', '38548']"
"[15, 13]","[3, 7]","['25079', '42684', '24364', '34763', '19796']",19796,"['25079', '42684', '19796', '34763', '24364']"
"[3, 17]","[15, 28]","['64047', '38478', '33084', '54792', '38548']",38548,"['64047', '33084', '38478', '54792', '38548']"
"[0, 2]","[18, 25]","['28242', '62759', '54867', '48095', '73827']",73827,"['48095', '62759', '73827', '28242', '54867']"
"[7, 1]","[17, 18]","['3536', '16951', '12376', '10825', '51240']",51240,"['3536', '51240', '16951', '10825', '12376']"
"[15, 13]","[3, 21]","['53137', '34763', '24364', '68970', '53064']",53064,"['68970', '34763', '24364', '53137', '53064']"
"[17, 18]","[7, 3]","['46660', '66316', '70105', '51240', '64781']",64781,"['46660', '70105', '66316', '51240', '64781']"
"[3, 21]","[15, 17]","['14038', '47060', '42206', '53064', '1225']",1225,"['14038', '42206', '47060', '53064', '1225']"
"[18, 23]","[0, 6]","['65195', '26052', '59794', '64148', '49395']",49395,"['64148', '49395', '65195', '26052', '59794']"
"[3, 3]","[15, 28]","['22487', '72700', '10017', '30004', '23274']",23274,"['72700', '22487', '10017', '23274', '30004']"
"[3, 7]","[15, 21]","['4286', '19992', '37907', '30859', '7489']",7489,"['7489', '30859', '37907', '4286', '19992']"
"[17, 18]","[7, 20]","['21408', '46660', '51240', '6955', '2425']",2425,"['51240', '6955', '46660', '21408', '2425']"
"[3, 17]","[15, 21]","['33084', '12043', '64047', '38478', '3384']",3384,"['64047', '38478', '12043', '3384', '33084']"
"[3, 17]","[15, 13]","['53579', '64047', '12043', '33084', '34763']",34763,"['33084', '34763', '53579', '64047', '12043']"
"[3, 3]","[15, 17]","['22002', '30004', '10131', '72700', '47834']",47834,"['47834', '30004', '22002', '10131', '72700']"
"[18, 23]","[0, 0]","['61353', '64247', '42151', '65195', '28082']",28082,"['61353', '28082', '42151', '65195', '64247']"
"[18, 23]","[0, 0]","['12104', '26755', '65195', '59794', '78009']",78009,"['65195', '12104', '59794', '26755', '78009']"
"[3, 26]","[15, 17]","['49864', '40031', '72586', '50906', '47834']",47834,"['49864', '47834', '72586', '50906', '40031']"
"[3, 7]","[15, 13]","['30859', '4286', '19992', '73164', '20590']",20590,"['19992', '4286', '73164', '20590', '30859']"
"[17, 18]","[7, 22]","['66316', '6955', '46660', '66935', '23132']",23132,"['66316', '23132', '66935', '6955', '46660']"
"[3, 28]","[15, 28]","['42226', '55090', '73823', '12683', '38548']",38548,"['73823', '38548', '12683', '42226', '55090']"
"[0, 14]","[18, 23]","['17291', '42604', '37963', '39894', '5909']",5909,"['39894', '5909', '42604', '37963', '17291']"
"[0, 14]","[18, 23]","['17291', '80522', '75707', '37963', '67584']",67584,"['67584', '75707', '80522', '37963', '17291']"
"[18, 25]","[0, 7]","['73827', '3282', '62071', '25711', '72266']",72266,"['73827', '3282', '72266', '25711', '62071']"
"[15, 28]","[3, 12]","['3258', '23274', '67905', '38548', '27821']",27821,"['38548', '67905', '27821', '3258', '23274']"
"[3, 7]","[15, 28]","['19992', '30859', '37907', '4286', '3258']",3258,"['3258', '19992', '37907', '4286', '30859']"
"[0, 14]","[18, 25]","['42604', '39894', '37963', '75707', '3282']",3282,"['42604', '75707', '39894', '3282', '37963']"
"[0, 14]","[18, 25]","['75707', '17291', '1261', '42604', '4132']",4132,"['17291', '1261', '75707', '42604', '4132']"
"[3, 16]","[15, 13]","['59100', '11746', '177', '56017', '42684']",42684,"['177', '56017', '42684', '11746', '59100']"
"[3, 7]","[15, 28]","['30859', '37907', '73164', '19992', '3258']",3258,"['3258', '37907', '19992', '30859', '73164']"
"[15, 13]","[3, 26]","['20590', '25079', '24364', '68970', '9147']",9147,"['68970', '25079', '9147', '24364', '20590']"
"[18, 23]","[0, 0]","['37360', '64247', '32105', '15451', '78009']",78009,"['64247', '78009', '15451', '32105', '37360']"
"[3, 17]","[15, 13]","['12043', '33084', '54792', '53579', '20590']",20590,"['33084', '12043', '53579', '20590', '54792']"
"[17, 21]","[7, 1]","['62549', '40487', '62454', '78147', '3536']",3536,"['40487', '3536', '62454', '78147', '62549']"
"[18, 23]","[0, 2]","['14167', '37360', '10433', '6216', '80744']",80744,"['37360', '6216', '14167', '10433', '80744']"
"[3, 3]","[15, 17]","['22487', '22002', '10017', '10131', '60915']",60915,"['10131', '60915', '22487', '10017', '22002']"
"[3, 26]","[15, 17]","['18887', '1064', '40031', '34449', '60915']",60915,"['60915', '34449', '18887', '1064', '40031']"
"[7, 1]","[17, 5]","['16951', '3536', '10825', '8109', '50221']",50221,"['8109', '10825', '3536', '16951', '50221']"
"[18, 23]","[0, 24]","['6216', '78682', '67584', '25667', '74418']",74418,"['67584', '6216', '74418', '78682', '25667']"
"[15, 13]","[3, 4]","['20590', '25079', '24364', '42684', '9383']",9383,"['24364', '42684', '9383', '20590', '25079']"
"[0, 7]","[18, 23]","['10984', '66807', '65801', '15613', '20502']",20502,"['66807', '20502', '15613', '65801', '10984']"
"[18, 25]","[0, 14]","['73827', '4132', '3282', '25711', '1261']",1261,"['25711', '3282', '4132', '1261', '73827']"
"[0, 2]","[18, 23]","['66847', '54867', '43995', '51831', '61353']",61353,"['54867', '43995', '51831', '61353', '66847']"
"[3, 21]","[15, 13]","['47060', '53064', '14038', '42206', '24364']",24364,"['53064', '14038', '42206', '47060', '24364']"
"[0, 7]","[18, 23]","['72266', '65801', '10984', '66807', '72365']",72365,"['66807', '72365', '65801', '72266', '10984']"
"[3, 3]","[15, 28]","['994', '10017', '30004', '22487', '10526']",10526,"['10526', '994', '30004', '22487', '10017']"
"[0, 2]","[18, 23]","['28242', '54867', '80744', '59390', '20502']",20502,"['54867', '59390', '80744', '20502', '28242']"
"[17, 18]","[7, 3]","['21543', '31693', '70105', '6955', '75828']",75828,"['21543', '31693', '6955', '70105', '75828']"
"[3, 7]","[15, 17]","['37907', '30859', '19992', '19796', '60915']",60915,"['19992', '19796', '30859', '60915', '37907']"
"[0, 14]","[18, 23]","['80522', '42604', '1261', '75707', '64148']",64148,"['75707', '42604', '1261', '80522', '64148']"
"[0, 6]","[18, 23]","['43036', '43375', '59474', '49395', '26052']",26052,"['43375', '43036', '59474', '26052', '49395']"
"[0, 7]","[18, 23]","['65801', '72266', '10984', '15613', '61353']",61353,"['72266', '65801', '15613', '61353', '10984']"
"[3, 3]","[15, 17]","['10131', '994', '72700', '22487', '1225']",1225,"['22487', '72700', '1225', '994', '10131']"
"[17, 21]","[7, 20]","['69704', '78147', '9795', '40487', '55305']",55305,"['9795', '55305', '78147', '40487', '69704']"
"[7, 1]","[17, 5]","['8109', '10825', '12421', '12376', '50221']",50221,"['50221', '12376', '10825', '12421', '8109']"
"[17, 21]","[7, 3]","['62549', '9795', '62454', '40487', '52457']",52457,"['40487', '9795', '62454', '62549', '52457']"
"[18, 23]","[0, 2]","['6216', '48306', '42151', '14167', '48095']",48095,"['42151', '14167', '6216', '48306', '48095']"
"[0, 14]","[18, 23]","['37963', '42604', '75707', '39894', '6216']",6216,"['6216', '42604', '37963', '39894', '75707']"
"[0, 6]","[18, 23]","['43036', '25447', '43375', '75880', '72978']",72978,"['72978', '25447', '43036', '75880', '43375']"
"[15, 28]","[3, 17]","['23274', '38548', '67905', '10526', '53579']",53579,"['23274', '67905', '10526', '53579', '38548']"
"[17, 18]","[7, 1]","['51240', '70105', '46660', '66935', '3536']",3536,"['66935', '70105', '51240', '46660', '3536']"
"[3, 16]","[15, 21]","['56017', '177', '63317', '59100', '3384']",3384,"['3384', '59100', '56017', '63317', '177']"
"[15, 28]","[3, 21]","['10526', '23274', '38548', '3258', '47060']",47060,"['47060', '23274', '3258', '38548', '10526']"
"[0, 0]","[18, 23]","['14834', '28082', '8176', '78009', '20502']",20502,"['8176', '78009', '20502', '28082', '14834']"
"[3, 17]","[15, 21]","['54792', '64047', '33084', '38478', '7489']",7489,"['33084', '64047', '54792', '38478', '7489']"
"[18, 23]","[0, 6]","['6216', '48306', '72365', '65195', '25447']",25447,"['48306', '6216', '72365', '65195', '25447']"
"[17, 21]","[7, 1]","['62454', '9795', '78147', '62549', '10825']",10825,"['10825', '62549', '62454', '78147', '9795']"
"[18, 23]","[0, 7]","['25667', '42151', '72978', '72365', '15613']",15613,"['15613', '72365', '42151', '25667', '72978']"
"[0, 6]","[18, 23]","['43375', '59474', '41154', '75880', '42151']",42151,"['75880', '42151', '41154', '43375', '59474']"
"[3, 7]","[15, 17]","['30859', '37907', '19796', '19992', '1225']",1225,"['19992', '1225', '30859', '19796', '37907']"
"[7, 1]","[17, 5]","['12376', '12421', '53652', '8109', '33045']",33045,"['8109', '53652', '12421', '33045', '12376']"
"[18, 23]","[0, 7]","['32105', '64247', '59794', '67584', '10984']",10984,"['67584', '32105', '64247', '10984', '59794']"
"[17, 18]","[7, 20]","['46660', '21543', '21408', '70105', '55305']",55305,"['70105', '46660', '21543', '55305', '21408']"
"[18, 23]","[0, 2]","['20502', '32105', '67584', '64148', '70440']",70440,"['67584', '70440', '20502', '32105', '64148']"
"[3, 26]","[15, 17]","['9147', '18887', '1064', '72586', '1225']",1225,"['1225', '9147', '72586', '1064', '18887']"
"[17, 18]","[7, 1]","['51240', '21543', '21408', '46660', '17550']",17550,"['46660', '17550', '21408', '21543', '51240']"
"[0, 14]","[18, 23]","['75707', '1261', '17291', '39894', '64247']",64247,"['64247', '1261', '39894', '17291', '75707']"
"[15, 17]","[3, 16]","['1225', '47834', '11908', '60915', '177']",177,"['47834', '11908', '60915', '1225', '177']"
"[3, 26]","[15, 28]","['32729', '1064', '18887', '68096', '10526']",10526,"['18887', '68096', '1064', '10526', '32729']"
"[0, 2]","[18, 23]","['63508', '44125', '67465', '43995', '25667']",25667,"['44125', '63508', '43995', '25667', '67465']"
"[0, 6]","[18, 25]","['75880', '59474', '41154', '25447', '73827']",73827,"['25447', '75880', '41154', '59474', '73827']"
"[3, 3]","[15, 13]","['22487', '72700', '30004', '994', '53137']",53137,"['30004', '994', '72700', '53137', '22487']"
"[0, 2]","[18, 25]","['48095', '45218', '44802', '80744', '73827']",73827,"['73827', '80744', '44802', '48095', '45218']"
"[3, 17]","[15, 28]","['53579', '54792', '64047', '12043', '10526']",10526,"['54792', '10526', '12043', '53579', '64047']"
"[18, 23]","[0, 2]","['65195', '72978', '20502', '37360', '43629']",43629,"['65195', '72978', '37360', '43629', '20502']"
"[3, 26]","[15, 28]","['49864', '72586', '40031', '11033', '23274']",23274,"['49864', '72586', '40031', '11033', '23274']"
"[17, 18]","[7, 22]","['66935', '6955', '31693', '21543', '23132']",23132,"['66935', '21543', '6955', '31693', '23132']"
"[0, 14]","[18, 23]","['75707', '17291', '37963', '1261', '72978']",72978,"['72978', '37963', '17291', '75707', '1261']"
"[18, 23]","[0, 24]","['40817', '42151', '64247', '72978', '48780']",48780,"['64247', '42151', '72978', '40817', '48780']"
"[17, 18]","[7, 22]","['70105', '21543', '51240', '6955', '31113']",31113,"['31113', '51240', '70105', '6955', '21543']"
"[7, 1]","[17, 21]","['16951', '8109', '12376', '12421', '62549']",62549,"['62549', '8109', '12421', '12376', '16951']"
"[15, 28]","[3, 16]","['3258', '67905', '10526', '23274', '63317']",63317,"['67905', '23274', '10526', '3258', '63317']"
"[18, 25]","[0, 14]","['3282', '4132', '62071', '73827', '75707']",75707,"['75707', '4132', '73827', '3282', '62071']"
"[15, 13]","[3, 5]","['53137', '25079', '24364', '68970', '74226']",74226,"['74226', '53137', '68970', '25079', '24364']"
"[3, 26]","[15, 13]","['19246', '68096', '40031', '72586', '34763']",34763,"['19246', '40031', '68096', '34763', '72586']"
"[18, 25]","[0, 0]","['25711', '3282', '4132', '73827', '14834']",14834,"['73827', '4132', '3282', '14834', '25711']"
"[17, 21]","[7, 1]","['78147', '62549', '62454', '9795', '53652']",53652,"['9795', '53652', '78147', '62454', '62549']"
"[0, 2]","[18, 25]","['48095', '70440', '9639', '32703', '25711']",25711,"['48095', '70440', '9639', '25711', '32703']"
"[3, 26]","[15, 17]","['18887', '72586', '40031', '32729', '11908']",11908,"['11908', '40031', '32729', '18887', '72586']"
"[17, 18]","[7, 3]","['66935', '21408', '66316', '21543', '61767']",61767,"['66316', '21408', '21543', '66935', '61767']"
"[0, 6]","[18, 25]","['75880', '25447', '59474', '43375', '62071']",62071,"['25447', '43375', '62071', '59474', '75880']"
"[15, 28]","[3, 16]","['10526', '3258', '67905', '38548', '59100']",59100,"['3258', '38548', '67905', '59100', '10526']"
"[3, 7]","[15, 21]","['37907', '19796', '73164', '30859', '20839']",20839,"['20839', '73164', '19796', '30859', '37907']"
"[17, 18]","[7, 1]","['31693', '66935', '66316', '46660', '53652']",53652,"['66935', '53652', '46660', '66316', '31693']"
"[3, 17]","[15, 17]","['54792', '12043', '38478', '33084', '1225']",1225,"['1225', '12043', '33084', '54792', '38478']"
"[3, 26]","[15, 13]","['72586', '49864', '1064', '40031', '53137']",53137,"['53137', '40031', '72586', '49864', '1064']"
"[3, 7]","[15, 28]","['37907', '19796', '4286', '19992', '67905']",67905,"['37907', '19992', '67905', '4286', '19796']"
"[17, 21]","[7, 20]","['62454', '69704', '9795', '40487', '54372']",54372,"['9795', '54372', '69704', '40487', '62454']"
"[3, 26]","[15, 13]","['40031', '68096', '19246', '18887', '25079']",25079,"['68096', '18887', '19246', '40031', '25079']"
"[17, 21]","[7, 3]","['40487', '62549', '62454', '69704', '61767']",61767,"['61767', '62454', '62549', '69704', '40487']"
"[0, 14]","[18, 25]","['1261', '39894', '37963', '80522', '62071']",62071,"['39894', '80522', '62071', '37963', '1261']"
"[3, 26]","[15, 13]","['19246', '32729', '18887', '11033', '25079']",25079,"['19246', '11033', '18887', '32729', '25079']"
"[17, 18]","[7, 20]","['31693', '66316', '46660', '21408', '2425']",2425,"['31693', '2425', '21408', '46660', '66316']"
"[3, 21]","[15, 28]","['47060', '53064', '14038', '57272', '10526']",10526,"['57272', '47060', '53064', '14038', '10526']"
"[18, 25]","[0, 24]","['73827', '62071', '4132', '25711', '31926']",31926,"['25711', '62071', '73827', '31926', '4132']"
"[15, 13]","[3, 4]","['42684', '34763', '24364', '20590', '11039']",11039,"['11039', '42684', '34763', '24364', '20590']"
"[15, 21]","[3, 26]","['13497', '7489', '20839', '3384', '40031']",40031,"['40031', '13497', '3384', '7489', '20839']"
"[3, 3]","[15, 17]","['10131', '72700', '994', '22002', '11908']",11908,"['994', '22002', '72700', '11908', '10131']"
"[7, 1]","[17, 21]","['10825', '12421', '12376', '16951', '62454']",62454,"['12376', '16951', '12421', '10825', '62454']"
"[17, 18]","[7, 3]","['21408', '21543', '66316', '31693', '61767']",61767,"['21408', '31693', '21543', '66316', '61767']"
"[18, 23]","[0, 24]","['37360', '61353', '25667', '48306', '74418']",74418,"['25667', '74418', '37360', '61353', '48306']"
"[17, 18]","[7, 22]","['66316', '21408', '31693', '51240', '23132']",23132,"['23132', '51240', '21408', '66316', '31693']"
"[3, 7]","[15, 28]","['4286', '37907', '19796', '30859', '10526']",10526,"['10526', '19796', '30859', '4286', '37907']"
"[3, 7]","[15, 17]","['19992', '73164', '19796', '37907', '47834']",47834,"['19992', '73164', '19796', '47834', '37907']"
"[17, 18]","[7, 3]","['51240', '46660', '70105', '66316', '61767']",61767,"['66316', '61767', '51240', '46660', '70105']"
"[3, 7]","[15, 13]","['4286', '30859', '19796', '19992', '34763']",34763,"['19992', '30859', '34763', '4286', '19796']"
"[3, 26]","[15, 13]","['68096', '34449', '40031', '19246', '25079']",25079,"['19246', '25079', '40031', '68096', '34449']"
"[17, 18]","[7, 3]","['21543', '66316', '31693', '46660', '75828']",75828,"['31693', '75828', '66316', '46660', '21543']"
"[3, 21]","[15, 21]","['14038', '53064', '42206', '47060', '13497']",13497,"['14038', '47060', '53064', '13497', '42206']"
"[15, 17]","[3, 3]","['11908', '60915', '1225', '47834', '994']",994,"['47834', '60915', '994', '11908', '1225']"
"[3, 26]","[15, 17]","['49864', '32729', '40031', '34449', '11908']",11908,"['49864', '40031', '11908', '32729', '34449']"
"[18, 23]","[0, 7]","['10433', '20502', '26755', '25667', '72266']",72266,"['10433', '26755', '25667', '72266', '20502']"
"[3, 7]","[15, 21]","['37907', '73164', '30859', '4286', '20839']",20839,"['73164', '4286', '37907', '30859', '20839']"
"[3, 26]","[15, 13]","['1064', '19246', '40031', '68096', '68970']",68970,"['40031', '19246', '1064', '68096', '68970']"
"[7, 1]","[17, 5]","['53652', '12376', '10825', '8109', '7913']",7913,"['8109', '10825', '53652', '12376', '7913']"
"[17, 21]","[7, 1]","['62549', '69704', '9795', '40487', '3536']",3536,"['9795', '40487', '69704', '3536', '62549']"
"[0, 6]","[18, 23]","['75880', '43036', '59474', '43375', '20502']",20502,"['20502', '43375', '75880', '43036', '59474']"
"[0, 0]","[18, 23]","['78009', '8176', '28082', '14834', '26052']",26052,"['78009', '8176', '28082', '14834', '26052']"
"[0, 2]","[18, 25]","['43629', '60860', '54867', '66847', '4132']",4132,"['54867', '43629', '4132', '66847', '60860']"
"[3, 3]","[15, 21]","['22002', '10131', '22487', '30004', '20839']",20839,"['10131', '22002', '20839', '30004', '22487']"
"[0, 6]","[18, 25]","['49395', '75880', '59474', '41154', '62071']",62071,"['75880', '59474', '62071', '49395', '41154']"
"[3, 7]","[15, 21]","['19796', '37907', '30859', '19992', '3384']",3384,"['3384', '30859', '19796', '37907', '19992']"
"[3, 17]","[15, 21]","['64047', '33084', '38478', '54792', '3384']",3384,"['54792', '64047', '33084', '38478', '3384']"
"[0, 7]","[18, 23]","['66807', '72266', '10984', '15613', '26052']",26052,"['26052', '10984', '66807', '15613', '72266']"
"[0, 7]","[18, 23]","['10984', '15613', '66807', '72266', '10433']",10433,"['10984', '66807', '15613', '10433', '72266']"
"[15, 28]","[3, 28]","['10526', '23274', '38548', '3258', '12683']",12683,"['12683', '10526', '3258', '23274', '38548']"
"[3, 7]","[15, 17]","['19796', '37907', '73164', '30859', '1225']",1225,"['30859', '73164', '37907', '1225', '19796']"
"[3, 3]","[15, 13]","['994', '22487', '30004', '10017', '25079']",25079,"['30004', '10017', '22487', '25079', '994']"
"[3, 17]","[15, 21]","['38478', '54792', '64047', '53579', '3384']",3384,"['38478', '53579', '54792', '64047', '3384']"
"[0, 6]","[18, 23]","['59474', '75880', '43375', '43036', '48306']",48306,"['59474', '48306', '43375', '43036', '75880']"
"[0, 14]","[18, 25]","['75707', '37963', '42604', '1261', '4132']",4132,"['42604', '37963', '4132', '75707', '1261']"
"[15, 28]","[3, 26]","['38548', '67905', '3258', '10526', '68096']",68096,"['38548', '67905', '68096', '10526', '3258']"
"[15, 21]","[3, 3]","['3384', '20839', '13497', '7489', '10017']",10017,"['13497', '20839', '10017', '3384', '7489']"
"[3, 7]","[15, 28]","['30859', '73164', '19796', '4286', '38548']",38548,"['30859', '4286', '73164', '19796', '38548']"
"[18, 25]","[0, 2]","['4132', '25711', '73827', '62071', '32703']",32703,"['32703', '4132', '25711', '62071', '73827']"
"[3, 3]","[15, 28]","['10017', '72700', '10131', '22487', '10526']",10526,"['10017', '10131', '10526', '22487', '72700']"
"[15, 28]","[3, 3]","['38548', '10526', '23274', '3258', '10017']",10017,"['10017', '10526', '23274', '38548', '3258']"
"[3, 21]","[15, 21]","['53064', '47060', '14038', '57272', '13497']",13497,"['14038', '47060', '53064', '13497', '57272']"
"[18, 23]","[0, 2]","['12104', '15451', '72978', '61353', '70440']",70440,"['61353', '72978', '70440', '12104', '15451']"
"[0, 2]","[18, 25]","['45218', '67842', '80744', '32703', '25711']",25711,"['25711', '32703', '45218', '67842', '80744']"
"[17, 18]","[7, 20]","['31693', '51240', '66316', '66935', '2425']",2425,"['66316', '31693', '51240', '2425', '66935']"
"[0, 14]","[18, 25]","['37963', '42604', '17291', '75707', '4132']",4132,"['17291', '42604', '4132', '37963', '75707']"
"[17, 18]","[7, 20]","['46660', '21408', '6955', '31693', '2425']",2425,"['21408', '31693', '2425', '6955', '46660']"
"[3, 7]","[15, 13]","['37907', '19992', '19796', '30859', '42684']",42684,"['19796', '19992', '30859', '42684', '37907']"
"[0, 2]","[18, 23]","['67465', '66847', '9836', '27625', '6216']",6216,"['67465', '9836', '66847', '6216', '27625']"
"[0, 14]","[18, 25]","['75707', '42604', '1261', '39894', '3282']",3282,"['39894', '42604', '75707', '3282', '1261']"
"[0, 2]","[18, 25]","['70440', '45218', '67842', '9639', '25711']",25711,"['25711', '67842', '45218', '9639', '70440']"
"[3, 26]","[15, 28]","['18887', '11033', '32729', '72586', '3258']",3258,"['32729', '11033', '3258', '18887', '72586']"
"[18, 23]","[0, 0]","['14167', '40817', '78682', '59794', '14834']",14834,"['78682', '14167', '40817', '59794', '14834']"
"[15, 13]","[3, 21]","['68970', '24364', '34763', '25079', '47060']",47060,"['34763', '68970', '24364', '25079', '47060']"
"[17, 18]","[7, 20]","['31693', '46660', '70105', '21543', '2277']",2277,"['46660', '31693', '70105', '2277', '21543']"
"[0, 14]","[18, 25]","['42604', '75707', '39894', '80522', '62071']",62071,"['39894', '80522', '62071', '42604', '75707']"
"[18, 23]","[0, 14]","['72978', '10433', '14167', '78682', '42604']",42604,"['14167', '72978', '42604', '78682', '10433']"
"[0, 2]","[18, 23]","['59390', '44125', '44802', '51831', '32105']",32105,"['44802', '59390', '51831', '44125', '32105']"
"[15, 13]","[3, 16]","['20590', '68970', '34763', '53137', '177']",177,"['177', '68970', '53137', '20590', '34763']"
"[0, 6]","[18, 25]","['59474', '43036', '25447', '41154', '4132']",4132,"['43036', '59474', '4132', '41154', '25447']"
"[17, 21]","[7, 20]","['78147', '9795', '69704', '62549', '2277']",2277,"['78147', '2277', '69704', '62549', '9795']"
"[3, 28]","[15, 28]","['42226', '8257', '12683', '55090', '10526']",10526,"['8257', '10526', '55090', '12683', '42226']"
"[3, 26]","[15, 28]","['9147', '72586', '40031', '49864', '3258']",3258,"['9147', '49864', '72586', '40031', '3258']"
"[0, 2]","[18, 23]","['67465', '43629', '70440', '51831', '10433']",10433,"['51831', '43629', '67465', '70440', '10433']"
"[7, 1]","[17, 18]","['16951', '53652', '8109', '12376', '6955']",6955,"['16951', '53652', '8109', '6955', '12376']"
"[18, 23]","[0, 6]","['40817', '72978', '72365', '15451', '43375']",43375,"['40817', '72978', '15451', '72365', '43375']"
"[0, 14]","[18, 25]","['39894', '17291', '37963', '1261', '25711']",25711,"['39894', '17291', '37963', '1261', '25711']"
"[17, 21]","[7, 1]","['62454', '40487', '62549', '78147', '12376']",12376,"['40487', '12376', '78147', '62549', '62454']"
"[0, 14]","[18, 25]","['42604', '37963', '80522', '17291', '25711']",25711,"['25711', '17291', '42604', '80522', '37963']"
"[3, 26]","[15, 17]","['72586', '1064', '11033', '50906', '11908']",11908,"['72586', '1064', '11033', '50906', '11908']"
"[0, 7]","[18, 23]","['66807', '15613', '65801', '72266', '72365']",72365,"['72266', '66807', '65801', '15613', '72365']"
"[15, 17]","[3, 26]","['11908', '60915', '1225', '47834', '18887']",18887,"['60915', '47834', '1225', '11908', '18887']"
"[0, 14]","[18, 23]","['42604', '1261', '17291', '37963', '40817']",40817,"['40817', '42604', '1261', '17291', '37963']"
"[17, 21]","[7, 3]","['62549', '9795', '62454', '40487', '64781']",64781,"['9795', '62549', '62454', '40487', '64781']"
"[0, 6]","[18, 25]","['49395', '75880', '43375', '25447', '73827']",73827,"['73827', '75880', '49395', '43375', '25447']"
"[3, 7]","[15, 28]","['30859', '73164', '4286', '19992', '23274']",23274,"['23274', '19992', '30859', '4286', '73164']"
"[3, 26]","[15, 28]","['18887', '11033', '34449', '40031', '3258']",3258,"['40031', '34449', '18887', '3258', '11033']"
"[0, 2]","[18, 23]","['62759', '63508', '51831', '9836', '12104']",12104,"['12104', '62759', '9836', '63508', '51831']"
"[15, 28]","[3, 26]","['38548', '3258', '67905', '10526', '11033']",11033,"['67905', '38548', '10526', '3258', '11033']"
"[0, 2]","[18, 25]","['32703', '60860', '66847', '9639', '25711']",25711,"['66847', '32703', '25711', '60860', '9639']"
"[0, 7]","[18, 23]","['72266', '15613', '66807', '10984', '15451']",15451,"['72266', '15451', '15613', '66807', '10984']"
"[0, 2]","[18, 23]","['66847', '63508', '27625', '43629', '67584']",67584,"['43629', '27625', '66847', '63508', '67584']"
"[0, 2]","[18, 23]","['63508', '27625', '54867', '67465', '20502']",20502,"['63508', '20502', '54867', '27625', '67465']"
"[3, 16]","[15, 21]","['11746', '177', '63317', '59100', '20839']",20839,"['20839', '59100', '177', '11746', '63317']"
"[17, 21]","[7, 1]","['78147', '69704', '62549', '9795', '8109']",8109,"['62549', '69704', '78147', '8109', '9795']"
"[0, 6]","[18, 23]","['49395', '41154', '43375', '59474', '14167']",14167,"['14167', '59474', '49395', '41154', '43375']"
"[3, 17]","[15, 13]","['54792', '12043', '38478', '64047', '24364']",24364,"['54792', '12043', '38478', '64047', '24364']"
"[17, 21]","[7, 3]","['62549', '69704', '9795', '40487', '64781']",64781,"['69704', '9795', '40487', '62549', '64781']"
"[17, 21]","[7, 22]","['69704', '40487', '78147', '62454', '23132']",23132,"['69704', '23132', '78147', '40487', '62454']"
"[0, 14]","[18, 25]","['42604', '75707', '80522', '37963', '73827']",73827,"['73827', '37963', '75707', '42604', '80522']"
"[3, 26]","[15, 21]","['11033', '68096', '72586', '50906', '3384']",3384,"['68096', '11033', '72586', '50906', '3384']"
"[3, 26]","[15, 28]","['1064', '50906', '40031', '34449', '23274']",23274,"['40031', '34449', '1064', '50906', '23274']"
"[15, 13]","[3, 5]","['24364', '34763', '68970', '53137', '12162']",12162,"['24364', '53137', '34763', '12162', '68970']"
"[3, 3]","[15, 13]","['22487', '10131', '994', '30004', '20590']",20590,"['994', '10131', '30004', '22487', '20590']"
"[3, 3]","[15, 28]","['10131', '994', '30004', '22487', '67905']",67905,"['67905', '994', '10131', '22487', '30004']"
"[17, 21]","[7, 3]","['78147', '62454', '40487', '9795', '52457']",52457,"['62454', '52457', '78147', '40487', '9795']"
"[0, 6]","[18, 23]","['43375', '43036', '49395', '59474', '40817']",40817,"['43375', '59474', '43036', '40817', '49395']"
"[17, 18]","[7, 1]","['51240', '31693', '70105', '66316', '53652']",53652,"['31693', '53652', '70105', '51240', '66316']"
"[3, 26]","[15, 21]","['1064', '11033', '19246', '40031', '7489']",7489,"['7489', '19246', '1064', '11033', '40031']"
"[17, 21]","[7, 3]","['40487', '62549', '62454', '9795', '75828']",75828,"['62549', '9795', '62454', '40487', '75828']"
"[18, 23]","[0, 2]","['12104', '37360', '15451', '6216', '43629']",43629,"['12104', '37360', '15451', '6216', '43629']"
"[7, 1]","[17, 5]","['17550', '16951', '12421', '12376', '7913']",7913,"['7913', '16951', '12421', '17550', '12376']"
"[15, 13]","[3, 12]","['25079', '42684', '20590', '34763', '20968']",20968,"['20968', '42684', '25079', '34763', '20590']"
"[0, 2]","[18, 23]","['44125', '27625', '45218', '28242', '14167']",14167,"['44125', '14167', '28242', '27625', '45218']"
"[18, 25]","[0, 2]","['73827', '3282', '4132', '25711', '28242']",28242,"['73827', '3282', '25711', '4132', '28242']"
"[18, 23]","[0, 24]","['32105', '78682', '59794', '67584', '31926']",31926,"['31926', '32105', '78682', '59794', '67584']"
"[18, 23]","[0, 14]","['25667', '32105', '40817', '72978', '39894']",39894,"['72978', '39894', '32105', '40817', '25667']"
"[3, 3]","[15, 28]","['994', '22002', '10017', '10131', '3258']",3258,"['10017', '994', '10131', '3258', '22002']"
"[18, 23]","[0, 0]","['5909', '72365', '20502', '72978', '14834']",14834,"['14834', '5909', '20502', '72365', '72978']"
"[17, 18]","[7, 20]","['46660', '70105', '6955', '66316', '55305']",55305,"['66316', '6955', '55305', '46660', '70105']"
"[0, 6]","[18, 23]","['43036', '75880', '25447', '43375', '61353']",61353,"['75880', '43036', '61353', '25447', '43375']"
"[15, 13]","[3, 16]","['25079', '68970', '20590', '24364', '59100']",59100,"['20590', '59100', '25079', '68970', '24364']"
"[17, 18]","[7, 1]","['21408', '66316', '21543', '51240', '8109']",8109,"['8109', '21543', '21408', '66316', '51240']"
"[7, 1]","[17, 21]","['16951', '8109', '3536', '53652', '40487']",40487,"['40487', '8109', '3536', '16951', '53652']"
"[3, 21]","[15, 17]","['42206', '53064', '47060', '57272', '1225']",1225,"['47060', '42206', '53064', '57272', '1225']"
"[3, 17]","[15, 21]","['53579', '54792', '33084', '64047', '20839']",20839,"['54792', '33084', '64047', '20839', '53579']"
"[7, 1]","[17, 18]","['17550', '16951', '3536', '12421', '31693']",31693,"['17550', '31693', '3536', '12421', '16951']"
"[3, 7]","[15, 21]","['19992', '19796', '30859', '37907', '7489']",7489,"['30859', '37907', '7489', '19992', '19796']"
"[3, 26]","[15, 21]","['19246', '40031', '11033', '34449', '20839']",20839,"['40031', '20839', '19246', '11033', '34449']"
"[18, 25]","[0, 14]","['25711', '62071', '3282', '4132', '80522']",80522,"['4132', '3282', '80522', '25711', '62071']"
"[3, 26]","[15, 13]","['18887', '32729', '68096', '34449', '68970']",68970,"['18887', '68970', '32729', '34449', '68096']"
"[3, 7]","[15, 17]","['4286', '73164', '37907', '30859', '47834']",47834,"['47834', '37907', '30859', '73164', '4286']"
"[0, 2]","[18, 25]","['63508', '60860', '44145', '67842', '62071']",62071,"['62071', '63508', '60860', '44145', '67842']"
"[15, 21]","[3, 7]","['3384', '7489', '13497', '20839', '19796']",19796,"['3384', '20839', '7489', '13497', '19796']"
"[17, 21]","[7, 22]","['78147', '62549', '69704', '40487', '23132']",23132,"['69704', '40487', '78147', '62549', '23132']"
"[3, 7]","[15, 13]","['19796', '37907', '4286', '73164', '53137']",53137,"['37907', '53137', '4286', '73164', '19796']"
"[3, 28]","[15, 28]","['12683', '55090', '73823', '42226', '67905']",67905,"['55090', '42226', '12683', '73823', '67905']"
"[7, 1]","[17, 21]","['8109', '3536', '12421', '17550', '62454']",62454,"['17550', '3536', '8109', '62454', '12421']"
"[3, 3]","[15, 21]","['30004', '10131', '22002', '72700', '3384']",3384,"['22002', '72700', '10131', '3384', '30004']"
"[17, 18]","[7, 22]","['21408', '51240', '66935', '70105', '31113']",31113,"['66935', '70105', '31113', '51240', '21408']"
"[3, 26]","[15, 13]","['18887', '19246', '9147', '32729', '20590']",20590,"['20590', '32729', '19246', '9147', '18887']"
"[15, 28]","[3, 17]","['23274', '10526', '67905', '3258', '53579']",53579,"['10526', '67905', '53579', '3258', '23274']"
"[3, 26]","[15, 17]","['72586', '18887', '68096', '11033', '1225']",1225,"['18887', '1225', '68096', '72586', '11033']"
"[18, 23]","[0, 6]","['40817', '6216', '64247', '26755', '49395']",49395,"['40817', '64247', '49395', '26755', '6216']"
"[17, 18]","[7, 20]","['21543', '66316', '51240', '31693', '2277']",2277,"['21543', '2277', '66316', '51240', '31693']"
"[3, 28]","[15, 13]","['73823', '12683', '55090', '42226', '68970']",68970,"['73823', '55090', '12683', '68970', '42226']"
"[15, 13]","[3, 4]","['53137', '25079', '24364', '34763', '11039']",11039,"['11039', '24364', '25079', '53137', '34763']"
"[3, 28]","[15, 28]","['73823', '8257', '42226', '55090', '3258']",3258,"['73823', '3258', '8257', '42226', '55090']"
"[3, 7]","[15, 28]","['37907', '4286', '73164', '30859', '38548']",38548,"['38548', '30859', '73164', '4286', '37907']"
"[0, 2]","[18, 23]","['67842', '80744', '70440', '43629', '64247']",64247,"['43629', '64247', '70440', '80744', '67842']"
"[7, 1]","[17, 18]","['12376', '17550', '53652', '3536', '46660']",46660,"['17550', '46660', '12376', '3536', '53652']"
"[17, 18]","[7, 20]","['66935', '70105', '6955', '51240', '2425']",2425,"['6955', '66935', '2425', '70105', '51240']"
"[7, 1]","[17, 21]","['12421', '10825', '12376', '17550', '78147']",78147,"['12376', '78147', '12421', '17550', '10825']"
"[15, 28]","[3, 17]","['23274', '3258', '67905', '38548', '33084']",33084,"['38548', '67905', '23274', '3258', '33084']"
"[3, 26]","[15, 28]","['32729', '50906', '40031', '1064', '67905']",67905,"['67905', '50906', '32729', '1064', '40031']"
"[3, 16]","[15, 13]","['63317', '177', '56017', '11746', '34763']",34763,"['11746', '56017', '177', '63317', '34763']"
"[15, 28]","[3, 28]","['10526', '38548', '3258', '23274', '55090']",55090,"['10526', '3258', '23274', '38548', '55090']"
"[15, 13]","[3, 17]","['42684', '34763', '53137', '24364', '38478']",38478,"['24364', '38478', '53137', '34763', '42684']"
"[0, 6]","[18, 23]","['49395', '25447', '43036', '41154', '37360']",37360,"['49395', '37360', '41154', '25447', '43036']"
"[7, 1]","[17, 21]","['53652', '12421', '16951', '17550', '62454']",62454,"['12421', '16951', '17550', '62454', '53652']"
"[0, 14]","[18, 25]","['17291', '1261', '75707', '37963', '62071']",62071,"['62071', '75707', '1261', '17291', '37963']"
"[3, 17]","[15, 13]","['33084', '53579', '38478', '64047', '42684']",42684,"['42684', '64047', '38478', '33084', '53579']"
"[18, 23]","[0, 7]","['12104', '15451', '78682', '65195', '66807']",66807,"['66807', '65195', '15451', '12104', '78682']"
"[0, 6]","[18, 25]","['41154', '43375', '25447', '49395', '73827']",73827,"['43375', '49395', '41154', '73827', '25447']"
"[3, 17]","[15, 13]","['53579', '12043', '54792', '64047', '20590']",20590,"['12043', '54792', '53579', '64047', '20590']"
"[18, 25]","[0, 24]","['73827', '3282', '62071', '25711', '31926']",31926,"['3282', '62071', '73827', '25711', '31926']"
"[3, 3]","[15, 28]","['10017', '22002', '72700', '30004', '38548']",38548,"['22002', '38548', '30004', '10017', '72700']"
"[7, 1]","[17, 21]","['10825', '12421', '8109', '3536', '62549']",62549,"['3536', '62549', '12421', '10825', '8109']"
"[0, 7]","[18, 23]","['15613', '66807', '65801', '72266', '32105']",32105,"['65801', '72266', '32105', '66807', '15613']"
"[17, 21]","[7, 1]","['62549', '40487', '78147', '62454', '10825']",10825,"['62549', '40487', '10825', '78147', '62454']"
"[0, 2]","[18, 25]","['44802', '48095', '59390', '80744', '62071']",62071,"['48095', '44802', '62071', '80744', '59390']"
"[17, 18]","[7, 22]","['46660', '66316', '21408', '21543', '79411']",79411,"['79411', '66316', '46660', '21543', '21408']"
"[15, 13]","[3, 17]","['53137', '34763', '68970', '24364', '54792']",54792,"['53137', '34763', '68970', '54792', '24364']"
"[0, 2]","[18, 23]","['48095', '43995', '28242', '45218', '48306']",48306,"['48095', '45218', '48306', '28242', '43995']"
"[3, 7]","[15, 28]","['73164', '19992', '37907', '4286', '67905']",67905,"['67905', '37907', '19992', '4286', '73164']"
"[3, 21]","[15, 28]","['47060', '14038', '42206', '53064', '67905']",67905,"['47060', '53064', '14038', '42206', '67905']"
"[18, 25]","[0, 7]","['73827', '25711', '62071', '4132', '65801']",65801,"['62071', '65801', '73827', '25711', '4132']"
"[3, 7]","[15, 21]","['37907', '4286', '19796', '30859', '3384']",3384,"['19796', '4286', '30859', '3384', '37907']"
"[7, 1]","[17, 5]","['53652', '3536', '12376', '17550', '72055']",72055,"['3536', '53652', '12376', '72055', '17550']"
"[0, 7]","[18, 23]","['65801', '15613', '10984', '72266', '64247']",64247,"['65801', '15613', '64247', '10984', '72266']"
"[15, 13]","[3, 28]","['24364', '68970', '20590', '25079', '55090']",55090,"['55090', '25079', '68970', '24364', '20590']"
"[0, 6]","[18, 23]","['43036', '43375', '75880', '41154', '26052']",26052,"['75880', '26052', '43375', '43036', '41154']"
"[18, 23]","[0, 2]","['42151', '67584', '72978', '64247', '9639']",9639,"['42151', '67584', '9639', '72978', '64247']"
"[17, 21]","[7, 1]","['40487', '69704', '62549', '78147', '53652']",53652,"['69704', '40487', '62549', '53652', '78147']"
"[3, 21]","[15, 13]","['57272', '42206', '47060', '53064', '42684']",42684,"['42206', '57272', '53064', '42684', '47060']"
"[3, 7]","[15, 13]","['73164', '37907', '4286', '19796', '34763']",34763,"['34763', '73164', '37907', '4286', '19796']"
"[3, 17]","[15, 21]","['12043', '38478', '54792', '33084', '7489']",7489,"['7489', '54792', '12043', '38478', '33084']"
"[18, 23]","[0, 7]","['65195', '26052', '78682', '12104', '15613']",15613,"['26052', '15613', '12104', '78682', '65195']"
"[3, 26]","[15, 13]","['68096', '50906', '32729', '11033', '34763']",34763,"['34763', '32729', '68096', '50906', '11033']"
"[3, 26]","[15, 28]","['49864', '1064', '18887', '72586', '3258']",3258,"['49864', '3258', '18887', '72586', '1064']"
"[3, 3]","[15, 17]","['994', '72700', '10017', '30004', '11908']",11908,"['30004', '11908', '10017', '994', '72700']"
"[7, 1]","[17, 18]","['12421', '8109', '12376', '17550', '70105']",70105,"['12376', '12421', '70105', '8109', '17550']"
"[0, 2]","[18, 25]","['48095', '54867', '44145', '51831', '73827']",73827,"['51831', '48095', '44145', '73827', '54867']"
"[3, 3]","[15, 17]","['22002', '10017', '30004', '22487', '47834']",47834,"['47834', '22002', '30004', '10017', '22487']"
"[0, 14]","[18, 23]","['1261', '39894', '17291', '80522', '72365']",72365,"['80522', '17291', '39894', '1261', '72365']"
"[17, 18]","[7, 1]","['21408', '31693', '6955', '70105', '12376']",12376,"['70105', '31693', '6955', '12376', '21408']"
"[3, 3]","[15, 28]","['10017', '22002', '72700', '22487', '67905']",67905,"['22487', '67905', '72700', '10017', '22002']"
"[17, 21]","[7, 20]","['9795', '78147', '69704', '62454', '2277']",2277,"['62454', '9795', '2277', '78147', '69704']"
"[17, 21]","[7, 22]","['62454', '9795', '69704', '62549', '31113']",31113,"['9795', '69704', '31113', '62549', '62454']"
"[17, 18]","[7, 22]","['66316', '21543', '46660', '31693', '23132']",23132,"['21543', '23132', '31693', '46660', '66316']"
"[3, 17]","[15, 28]","['38478', '64047', '33084', '12043', '3258']",3258,"['12043', '33084', '3258', '38478', '64047']"
"[15, 13]","[3, 12]","['68970', '34763', '25079', '53137', '37955']",37955,"['34763', '53137', '37955', '25079', '68970']"
"[18, 25]","[0, 6]","['25711', '62071', '3282', '73827', '75880']",75880,"['25711', '62071', '3282', '73827', '75880']"
"[18, 23]","[0, 14]","['65195', '26052', '59794', '6216', '42604']",42604,"['26052', '59794', '65195', '6216', '42604']"
"[7, 1]","[17, 21]","['12376', '8109', '53652', '17550', '9795']",9795,"['17550', '12376', '8109', '9795', '53652']"
"[0, 6]","[18, 25]","['75880', '43375', '59474', '49395', '4132']",4132,"['59474', '4132', '49395', '75880', '43375']"
"[0, 6]","[18, 23]","['59474', '43375', '25447', '49395', '12104']",12104,"['12104', '59474', '43375', '49395', '25447']"
"[7, 1]","[17, 21]","['16951', '8109', '3536', '17550', '78147']",78147,"['78147', '17550', '16951', '8109', '3536']"
"[18, 25]","[0, 24]","['4132', '3282', '73827', '62071', '48780']",48780,"['62071', '4132', '48780', '3282', '73827']"
"[17, 18]","[7, 1]","['21543', '51240', '66316', '21408', '12376']",12376,"['66316', '21543', '12376', '51240', '21408']"
"[3, 3]","[15, 28]","['22487', '72700', '10017', '30004', '67905']",67905,"['10017', '72700', '67905', '22487', '30004']"
"[3, 26]","[15, 13]","['11033', '18887', '19246', '9147', '53137']",53137,"['53137', '11033', '9147', '18887', '19246']"
"[3, 16]","[15, 17]","['177', '56017', '59100', '63317', '1225']",1225,"['59100', '177', '56017', '1225', '63317']"
"[7, 1]","[17, 18]","['12421', '8109', '10825', '12376', '6955']",6955,"['6955', '10825', '12376', '8109', '12421']"
"[18, 25]","[0, 0]","['62071', '4132', '25711', '3282', '78009']",78009,"['62071', '3282', '25711', '78009', '4132']"
"[3, 3]","[15, 21]","['10131', '30004', '22002', '994', '3384']",3384,"['10131', '22002', '3384', '994', '30004']"
"[0, 14]","[18, 25]","['17291', '80522', '37963', '39894', '4132']",4132,"['17291', '39894', '4132', '37963', '80522']"
"[0, 6]","[18, 23]","['41154', '43375', '59474', '43036', '72978']",72978,"['72978', '59474', '41154', '43375', '43036']"
"[7, 1]","[17, 21]","['16951', '12376', '3536', '17550', '69704']",69704,"['17550', '12376', '3536', '69704', '16951']"
"[3, 3]","[15, 13]","['72700', '10131', '30004', '994', '53137']",53137,"['30004', '10131', '994', '53137', '72700']"
"[3, 17]","[15, 17]","['54792', '33084', '53579', '64047', '1225']",1225,"['1225', '54792', '53579', '64047', '33084']"
"[17, 21]","[7, 1]","['78147', '62454', '9795', '40487', '10825']",10825,"['78147', '40487', '9795', '62454', '10825']"
"[15, 28]","[3, 5]","['10526', '38548', '3258', '23274', '64']",64,"['64', '23274', '10526', '3258', '38548']"
"[3, 17]","[15, 13]","['33084', '54792', '53579', '38478', '24364']",24364,"['24364', '53579', '38478', '54792', '33084']"
"[15, 28]","[3, 16]","['38548', '10526', '23274', '3258', '11746']",11746,"['23274', '38548', '3258', '10526', '11746']"
"[0, 2]","[18, 25]","['67842', '66847', '44802', '32703', '73827']",73827,"['66847', '73827', '67842', '32703', '44802']"
"[0, 7]","[18, 23]","['10984', '65801', '72266', '15613', '67584']",67584,"['67584', '10984', '15613', '65801', '72266']"
"[17, 18]","[7, 22]","['6955', '21543', '21408', '31693', '79411']",79411,"['21408', '79411', '31693', '6955', '21543']"
"[3, 26]","[15, 13]","['49864', '9147', '68096', '72586', '25079']",25079,"['25079', '9147', '72586', '49864', '68096']"
"[3, 7]","[15, 28]","['30859', '4286', '19796', '73164', '10526']",10526,"['30859', '19796', '73164', '10526', '4286']"
"[17, 18]","[7, 22]","['51240', '21408', '70105', '66316', '31113']",31113,"['21408', '31113', '70105', '51240', '66316']"
"[3, 3]","[15, 17]","['10017', '22487', '72700', '22002', '60915']",60915,"['72700', '22002', '60915', '10017', '22487']"
"[17, 18]","[7, 22]","['46660', '21543', '70105', '66935', '23132']",23132,"['66935', '46660', '70105', '23132', '21543']"
"[0, 2]","[18, 23]","['45218', '48095', '44145', '43629', '59794']",59794,"['43629', '44145', '48095', '59794', '45218']"
"[7, 1]","[17, 18]","['53652', '10825', '16951', '8109', '21408']",21408,"['21408', '8109', '10825', '16951', '53652']"
"[0, 2]","[18, 25]","['9639', '66847', '63508', '44125', '3282']",3282,"['9639', '63508', '3282', '66847', '44125']"
"[17, 18]","[7, 22]","['66935', '70105', '51240', '66316', '40679']",40679,"['51240', '66316', '40679', '66935', '70105']"
"[7, 1]","[17, 5]","['53652', '10825', '8109', '12421', '50221']",50221,"['12421', '50221', '53652', '10825', '8109']"
"[17, 18]","[7, 3]","['66316', '51240', '46660', '66935', '52457']",52457,"['52457', '66935', '46660', '51240', '66316']"
"[15, 13]","[3, 4]","['25079', '53137', '68970', '24364', '20671']",20671,"['20671', '24364', '25079', '68970', '53137']"
"[7, 1]","[17, 21]","['8109', '10825', '53652', '12421', '9795']",9795,"['12421', '9795', '53652', '8109', '10825']"
"[3, 28]","[15, 28]","['73823', '8257', '55090', '42226', '38548']",38548,"['8257', '38548', '73823', '42226', '55090']"
"[3, 7]","[15, 17]","['19992', '73164', '37907', '30859', '47834']",47834,"['73164', '37907', '30859', '47834', '19992']"
"[0, 14]","[18, 25]","['1261', '37963', '17291', '80522', '62071']",62071,"['37963', '1261', '62071', '80522', '17291']"
"[18, 23]","[0, 6]","['10433', '20502', '15451', '72365', '49395']",49395,"['49395', '20502', '10433', '15451', '72365']"
"[0, 14]","[18, 23]","['1261', '37963', '75707', '80522', '32105']",32105,"['80522', '75707', '37963', '1261', '32105']"
"[3, 17]","[15, 17]","['54792', '38478', '64047', '53579', '1225']",1225,"['64047', '1225', '53579', '54792', '38478']"
"[15, 13]","[3, 28]","['25079', '34763', '20590', '42684', '8257']",8257,"['34763', '20590', '8257', '25079', '42684']"
"[18, 23]","[0, 24]","['61353', '65195', '10433', '72365', '74418']",74418,"['61353', '65195', '72365', '10433', '74418']"
"[0, 14]","[18, 23]","['39894', '17291', '1261', '42604', '5909']",5909,"['5909', '39894', '1261', '17291', '42604']"
"[18, 23]","[0, 6]","['20502', '59794', '78682', '42151', '43375']",43375,"['43375', '42151', '59794', '78682', '20502']"
"[3, 3]","[15, 17]","['22002', '22487', '10131', '30004', '47834']",47834,"['22002', '47834', '30004', '22487', '10131']"
"[18, 23]","[0, 0]","['78682', '37360', '26755', '5909', '78009']",78009,"['5909', '26755', '37360', '78009', '78682']"
"[18, 23]","[0, 6]","['6216', '15451', '12104', '25667', '75880']",75880,"['12104', '25667', '6216', '15451', '75880']"
"[0, 6]","[18, 23]","['59474', '49395', '43375', '41154', '6216']",6216,"['59474', '49395', '41154', '6216', '43375']"
"[0, 2]","[18, 25]","['44802', '54867', '32703', '28242', '3282']",3282,"['44802', '28242', '3282', '32703', '54867']"
"[0, 2]","[18, 25]","['51831', '9639', '44802', '80744', '62071']",62071,"['62071', '44802', '9639', '51831', '80744']"
"[15, 13]","[3, 17]","['20590', '24364', '42684', '34763', '38478']",38478,"['38478', '42684', '24364', '34763', '20590']"
"[15, 13]","[3, 21]","['68970', '53137', '24364', '20590', '42206']",42206,"['53137', '24364', '68970', '20590', '42206']"
"[15, 13]","[3, 16]","['20590', '42684', '53137', '34763', '63317']",63317,"['34763', '20590', '63317', '42684', '53137']"
"[0, 2]","[18, 23]","['32703', '45218', '63508', '59390', '64247']",64247,"['64247', '59390', '45218', '32703', '63508']"
"[0, 2]","[18, 23]","['44802', '48095', '43629', '63508', '61353']",61353,"['61353', '48095', '63508', '43629', '44802']"
"[7, 1]","[17, 5]","['16951', '17550', '53652', '12421', '33045']",33045,"['17550', '53652', '12421', '33045', '16951']"
"[15, 21]","[3, 26]","['20839', '7489', '3384', '13497', '19246']",19246,"['20839', '13497', '19246', '7489', '3384']"
"[0, 14]","[18, 23]","['80522', '75707', '17291', '1261', '32105']",32105,"['17291', '80522', '32105', '1261', '75707']"
"[3, 26]","[15, 13]","['49864', '18887', '50906', '40031', '20590']",20590,"['40031', '49864', '20590', '50906', '18887']"
"[3, 26]","[15, 13]","['9147', '72586', '18887', '32729', '24364']",24364,"['32729', '72586', '9147', '24364', '18887']"
"[18, 23]","[0, 2]","['37360', '78682', '26052', '59794', '28242']",28242,"['37360', '59794', '28242', '78682', '26052']"
"[3, 17]","[15, 21]","['12043', '54792', '38478', '64047', '3384']",3384,"['12043', '64047', '38478', '54792', '3384']"
"[18, 23]","[0, 0]","['67584', '78682', '26052', '59794', '28082']",28082,"['28082', '78682', '26052', '67584', '59794']"
"[3, 26]","[15, 21]","['68096', '72586', '1064', '50906', '13497']",13497,"['13497', '1064', '68096', '50906', '72586']"
"[17, 18]","[7, 3]","['66935', '66316', '31693', '6955', '61767']",61767,"['66316', '61767', '31693', '6955', '66935']"
"[18, 23]","[0, 6]","['72978', '37360', '42151', '26755', '49395']",49395,"['26755', '72978', '37360', '42151', '49395']"
"[0, 6]","[18, 23]","['43036', '41154', '49395', '75880', '15451']",15451,"['15451', '75880', '49395', '41154', '43036']"
"[17, 18]","[7, 1]","['70105', '46660', '21543', '51240', '53652']",53652,"['21543', '70105', '46660', '53652', '51240']"
"[18, 23]","[0, 2]","['20502', '78682', '25667', '72978', '51831']",51831,"['72978', '51831', '25667', '78682', '20502']"
"[3, 3]","[15, 21]","['72700', '994', '10017', '22002', '20839']",20839,"['72700', '10017', '994', '22002', '20839']"
"[17, 18]","[7, 20]","['70105', '66935', '21543', '51240', '55305']",55305,"['21543', '66935', '55305', '70105', '51240']"
"[0, 6]","[18, 23]","['43036', '41154', '49395', '59474', '61353']",61353,"['41154', '49395', '61353', '59474', '43036']"
"[0, 6]","[18, 23]","['43036', '49395', '41154', '43375', '40817']",40817,"['43036', '49395', '41154', '43375', '40817']"
"[17, 18]","[7, 20]","['31693', '51240', '70105', '66316', '2277']",2277,"['51240', '66316', '70105', '2277', '31693']"
"[0, 2]","[18, 23]","['63508', '80744', '27625', '28242', '61353']",61353,"['27625', '28242', '80744', '61353', '63508']"
"[18, 23]","[0, 0]","['42151', '61353', '20502', '64247', '8176']",8176,"['42151', '20502', '61353', '64247', '8176']"
"[15, 28]","[3, 4]","['23274', '38548', '3258', '10526', '9383']",9383,"['23274', '38548', '3258', '9383', '10526']"
"[0, 6]","[18, 23]","['43036', '41154', '43375', '59474', '25667']",25667,"['25667', '59474', '41154', '43036', '43375']"
"[3, 28]","[15, 13]","['8257', '73823', '12683', '42226', '20590']",20590,"['73823', '8257', '42226', '20590', '12683']"
"[3, 3]","[15, 13]","['22002', '994', '22487', '10017', '68970']",68970,"['10017', '994', '68970', '22002', '22487']"
"[15, 17]","[3, 26]","['11908', '47834', '60915', '1225', '50906']",50906,"['1225', '60915', '11908', '47834', '50906']"
"[15, 21]","[3, 26]","['3384', '13497', '20839', '7489', '11033']",11033,"['11033', '3384', '20839', '7489', '13497']"
"[0, 2]","[18, 25]","['45218', '43995', '43629', '44802', '25711']",25711,"['44802', '45218', '43629', '43995', '25711']"
"[7, 1]","[17, 21]","['12421', '10825', '16951', '3536', '69704']",69704,"['69704', '10825', '3536', '16951', '12421']"
"[3, 26]","[15, 21]","['68096', '72586', '9147', '40031', '3384']",3384,"['40031', '68096', '9147', '3384', '72586']"
"[18, 25]","[0, 14]","['73827', '4132', '3282', '62071', '17291']",17291,"['73827', '62071', '17291', '4132', '3282']"
"[0, 14]","[18, 25]","['17291', '39894', '1261', '42604', '25711']",25711,"['25711', '42604', '39894', '17291', '1261']"
"[17, 18]","[7, 1]","['66316', '21408', '66935', '6955', '3536']",3536,"['6955', '21408', '3536', '66935', '66316']"
"[7, 1]","[17, 21]","['12421', '53652', '3536', '10825', '69704']",69704,"['53652', '69704', '10825', '3536', '12421']"
"[3, 17]","[15, 28]","['53579', '33084', '12043', '64047', '10526']",10526,"['64047', '33084', '53579', '12043', '10526']"
"[15, 13]","[3, 3]","['42684', '20590', '24364', '53137', '72700']",72700,"['42684', '20590', '72700', '53137', '24364']"
"[15, 13]","[3, 21]","['34763', '53137', '25079', '68970', '53064']",53064,"['53137', '34763', '53064', '25079', '68970']"
"[18, 23]","[0, 24]","['10433', '5909', '6216', '14167', '37989']",37989,"['10433', '6216', '14167', '37989', '5909']"
"[0, 2]","[18, 25]","['44802', '28242', '59390', '66847', '4132']",4132,"['44802', '28242', '4132', '66847', '59390']"
"[15, 28]","[3, 26]","['38548', '10526', '23274', '67905', '32729']",32729,"['23274', '67905', '10526', '38548', '32729']"
"[0, 14]","[18, 25]","['75707', '1261', '39894', '42604', '25711']",25711,"['42604', '25711', '39894', '1261', '75707']"
"[15, 13]","[3, 12]","['20590', '25079', '42684', '68970', '20968']",20968,"['20968', '68970', '25079', '42684', '20590']"
"[0, 6]","[18, 23]","['43375', '59474', '41154', '49395', '26052']",26052,"['41154', '59474', '26052', '49395', '43375']"
"[18, 23]","[0, 6]","['72978', '20502', '72365', '64148', '75880']",75880,"['72978', '20502', '64148', '75880', '72365']"
"[15, 28]","[3, 16]","['10526', '38548', '23274', '3258', '63317']",63317,"['38548', '10526', '23274', '3258', '63317']"
"[7, 1]","[17, 5]","['12421', '12376', '53652', '10825', '33045']",33045,"['12376', '12421', '10825', '53652', '33045']"
"[18, 25]","[0, 2]","['4132', '73827', '3282', '25711', '45218']",45218,"['25711', '73827', '3282', '45218', '4132']"
"[3, 7]","[15, 17]","['19796', '37907', '30859', '19992', '47834']",47834,"['47834', '19992', '19796', '30859', '37907']"
"[7, 1]","[17, 18]","['16951', '12421', '53652', '8109', '51240']",51240,"['12421', '51240', '53652', '8109', '16951']"
"[3, 3]","[15, 13]","['10131', '72700', '22487', '22002', '42684']",42684,"['22487', '42684', '22002', '72700', '10131']"
"[3, 28]","[15, 13]","['42226', '55090', '73823', '12683', '42684']",42684,"['12683', '73823', '42684', '55090', '42226']"
"[3, 26]","[15, 28]","['11033', '72586', '34449', '1064', '3258']",3258,"['72586', '3258', '1064', '11033', '34449']"
"[0, 2]","[18, 23]","['54867', '67842', '48095', '66847', '64148']",64148,"['67842', '64148', '54867', '48095', '66847']"
"[18, 25]","[0, 2]","['62071', '3282', '25711', '73827', '48095']",48095,"['73827', '62071', '3282', '25711', '48095']"
"[7, 1]","[17, 18]","['17550', '53652', '3536', '10825', '46660']",46660,"['46660', '17550', '3536', '53652', '10825']"
"[0, 14]","[18, 25]","['17291', '37963', '42604', '1261', '25711']",25711,"['17291', '37963', '1261', '25711', '42604']"
"[3, 26]","[15, 13]","['50906', '19246', '68096', '18887', '42684']",42684,"['68096', '42684', '18887', '19246', '50906']"
"[3, 3]","[15, 28]","['30004', '10017', '22487', '994', '38548']",38548,"['994', '38548', '30004', '22487', '10017']"
"[18, 25]","[0, 14]","['62071', '25711', '73827', '3282', '80522']",80522,"['73827', '80522', '62071', '3282', '25711']"
"[17, 18]","[7, 1]","['21408', '21543', '46660', '31693', '12421']",12421,"['21408', '12421', '21543', '31693', '46660']"
"[3, 26]","[15, 13]","['18887', '19246', '40031', '68096', '20590']",20590,"['19246', '18887', '20590', '68096', '40031']"
"[15, 17]","[3, 21]","['1225', '11908', '60915', '47834', '42206']",42206,"['60915', '11908', '47834', '42206', '1225']"
"[3, 3]","[15, 28]","['994', '10017', '22002', '72700', '23274']",23274,"['10017', '23274', '994', '72700', '22002']"
"[3, 3]","[15, 17]","['10017', '22002', '30004', '994', '60915']",60915,"['22002', '60915', '10017', '994', '30004']"
"[0, 14]","[18, 23]","['17291', '80522', '1261', '42604', '15451']",15451,"['42604', '1261', '17291', '80522', '15451']"
"[3, 26]","[15, 13]","['32729', '9147', '1064', '50906', '42684']",42684,"['50906', '9147', '42684', '1064', '32729']"
"[3, 17]","[15, 13]","['12043', '38478', '54792', '53579', '34763']",34763,"['54792', '34763', '38478', '53579', '12043']"
"[3, 16]","[15, 21]","['56017', '177', '11746', '59100', '20839']",20839,"['59100', '56017', '177', '20839', '11746']"
"[3, 16]","[15, 21]","['59100', '56017', '63317', '11746', '13497']",13497,"['56017', '11746', '59100', '63317', '13497']"
"[7, 1]","[17, 21]","['17550', '12421', '53652', '10825', '78147']",78147,"['78147', '53652', '12421', '17550', '10825']"
"[0, 6]","[18, 23]","['43375', '75880', '43036', '41154', '15451']",15451,"['43375', '15451', '75880', '41154', '43036']"
"[15, 13]","[3, 3]","['24364', '34763', '53137', '42684', '72700']",72700,"['42684', '24364', '72700', '53137', '34763']"
"[3, 17]","[15, 17]","['64047', '38478', '54792', '12043', '11908']",11908,"['12043', '11908', '64047', '54792', '38478']"
"[17, 21]","[7, 22]","['40487', '69704', '62454', '9795', '40679']",40679,"['62454', '9795', '69704', '40487', '40679']"
"[18, 23]","[0, 14]","['61353', '48306', '20502', '10433', '1261']",1261,"['61353', '48306', '1261', '20502', '10433']"
"[0, 14]","[18, 25]","['37963', '39894', '17291', '1261', '73827']",73827,"['17291', '1261', '39894', '37963', '73827']"
"[3, 7]","[15, 21]","['4286', '37907', '73164', '19796', '13497']",13497,"['73164', '37907', '4286', '19796', '13497']"
"[3, 26]","[15, 21]","['72586', '50906', '18887', '1064', '3384']",3384,"['3384', '50906', '1064', '18887', '72586']"
"[0, 2]","[18, 23]","['44802', '28242', '44145', '62759', '26755']",26755,"['26755', '62759', '28242', '44145', '44802']"
"[3, 3]","[15, 13]","['22487', '72700', '30004', '10131', '42684']",42684,"['22487', '72700', '10131', '42684', '30004']"
"[7, 1]","[17, 18]","['12376', '17550', '16951', '10825', '21408']",21408,"['10825', '17550', '21408', '16951', '12376']"
"[18, 25]","[0, 7]","['4132', '3282', '62071', '25711', '15613']",15613,"['25711', '62071', '3282', '4132', '15613']"
"[0, 2]","[18, 23]","['48095', '54867', '44145', '44802', '6216']",6216,"['6216', '44145', '54867', '48095', '44802']"
"[17, 18]","[7, 20]","['66316', '21408', '6955', '31693', '54372']",54372,"['6955', '54372', '31693', '66316', '21408']"
"[18, 25]","[0, 14]","['4132', '62071', '25711', '3282', '17291']",17291,"['4132', '3282', '17291', '62071', '25711']"
"[0, 14]","[18, 25]","['1261', '42604', '17291', '80522', '4132']",4132,"['4132', '42604', '17291', '80522', '1261']"
"[7, 1]","[17, 18]","['10825', '8109', '12376', '53652', '21543']",21543,"['12376', '8109', '10825', '21543', '53652']"
"[18, 23]","[0, 2]","['5909', '64148', '32105', '78682', '80744']",80744,"['64148', '5909', '80744', '32105', '78682']"
"[0, 6]","[18, 23]","['43036', '59474', '75880', '41154', '37360']",37360,"['37360', '75880', '43036', '41154', '59474']"
"[3, 26]","[15, 28]","['19246', '32729', '11033', '18887', '67905']",67905,"['67905', '32729', '19246', '18887', '11033']"
"[0, 6]","[18, 25]","['75880', '59474', '43036', '49395', '62071']",62071,"['62071', '43036', '75880', '49395', '59474']"
"[3, 3]","[15, 17]","['72700', '10017', '10131', '22487', '60915']",60915,"['22487', '72700', '10017', '10131', '60915']"
"[18, 23]","[0, 2]","['67584', '25667', '42151', '65195', '32703']",32703,"['32703', '25667', '42151', '67584', '65195']"
"[18, 23]","[0, 0]","['61353', '10433', '12104', '6216', '8176']",8176,"['12104', '6216', '8176', '10433', '61353']"
"[7, 1]","[17, 18]","['17550', '16951', '53652', '12376', '21408']",21408,"['17550', '53652', '21408', '16951', '12376']"
"[17, 18]","[7, 1]","['66935', '70105', '31693', '51240', '12421']",12421,"['66935', '31693', '70105', '51240', '12421']"
"[17, 18]","[7, 3]","['31693', '66935', '46660', '70105', '64781']",64781,"['64781', '66935', '46660', '31693', '70105']"
"[15, 13]","[3, 26]","['25079', '20590', '53137', '42684', '40031']",40031,"['20590', '40031', '25079', '53137', '42684']"
"[3, 7]","[15, 28]","['37907', '30859', '19992', '4286', '23274']",23274,"['4286', '30859', '37907', '23274', '19992']"
"[17, 18]","[7, 1]","['66316', '21543', '51240', '70105', '8109']",8109,"['8109', '51240', '70105', '21543', '66316']"
"[17, 18]","[7, 20]","['70105', '66316', '6955', '21408', '2277']",2277,"['21408', '66316', '6955', '2277', '70105']"
"[18, 23]","[0, 24]","['14167', '26755', '32105', '67584', '31926']",31926,"['67584', '32105', '31926', '26755', '14167']"
"[15, 13]","[3, 17]","['25079', '34763', '24364', '68970', '54792']",54792,"['25079', '68970', '34763', '54792', '24364']"
"[18, 23]","[0, 24]","['15451', '72365', '72978', '67584', '37989']",37989,"['72978', '37989', '15451', '72365', '67584']"
"[3, 16]","[15, 13]","['177', '63317', '56017', '59100', '24364']",24364,"['59100', '63317', '24364', '177', '56017']"
"[17, 18]","[7, 1]","['66935', '6955', '46660', '70105', '10825']",10825,"['6955', '46660', '66935', '10825', '70105']"
"[15, 13]","[3, 21]","['25079', '34763', '24364', '68970', '14038']",14038,"['14038', '25079', '24364', '68970', '34763']"
"[18, 23]","[0, 6]","['78682', '12104', '67584', '26052', '59474']",59474,"['59474', '12104', '78682', '26052', '67584']"
"[15, 28]","[3, 4]","['23274', '67905', '38548', '10526', '35787']",35787,"['10526', '35787', '38548', '23274', '67905']"
"[17, 18]","[7, 20]","['31693', '6955', '66935', '46660', '54372']",54372,"['6955', '31693', '46660', '66935', '54372']"
"[7, 1]","[17, 21]","['17550', '8109', '12376', '12421', '69704']",69704,"['8109', '17550', '12376', '12421', '69704']"
"[3, 26]","[15, 28]","['32729', '40031', '34449', '50906', '23274']",23274,"['23274', '34449', '32729', '50906', '40031']"
"[3, 3]","[15, 21]","['10131', '10017', '994', '30004', '7489']",7489,"['994', '10017', '10131', '30004', '7489']"
"[3, 17]","[15, 13]","['54792', '53579', '12043', '64047', '25079']",25079,"['25079', '54792', '53579', '64047', '12043']"
"[3, 26]","[15, 28]","['11033', '1064', '50906', '18887', '10526']",10526,"['18887', '11033', '1064', '50906', '10526']"
"[3, 16]","[15, 28]","['177', '63317', '11746', '59100', '10526']",10526,"['59100', '177', '63317', '11746', '10526']"
"[7, 1]","[17, 5]","['3536', '12421', '10825', '17550', '50221']",50221,"['10825', '50221', '12421', '3536', '17550']"
"[15, 13]","[3, 16]","['42684', '25079', '68970', '34763', '177']",177,"['177', '68970', '34763', '42684', '25079']"
"[3, 3]","[15, 13]","['22002', '994', '22487', '30004', '25079']",25079,"['22002', '22487', '30004', '994', '25079']"
"[15, 28]","[3, 16]","['3258', '38548', '23274', '67905', '177']",177,"['67905', '23274', '177', '3258', '38548']"
"[3, 3]","[15, 28]","['22002', '10017', '72700', '994', '10526']",10526,"['10017', '10526', '72700', '994', '22002']"
"[3, 7]","[15, 21]","['4286', '19796', '19992', '30859', '20839']",20839,"['4286', '19992', '30859', '19796', '20839']"
"[15, 13]","[3, 26]","['20590', '53137', '24364', '34763', '50906']",50906,"['24364', '34763', '53137', '50906', '20590']"
"[15, 13]","[3, 16]","['34763', '68970', '25079', '20590', '59100']",59100,"['20590', '34763', '59100', '68970', '25079']"
"[3, 7]","[15, 28]","['73164', '19796', '19992', '37907', '23274']",23274,"['19796', '73164', '23274', '37907', '19992']"
"[3, 26]","[15, 21]","['72586', '18887', '32729', '50906', '20839']",20839,"['72586', '50906', '20839', '32729', '18887']"
"[7, 1]","[17, 5]","['16951', '17550', '12421', '10825', '33045']",33045,"['10825', '33045', '16951', '17550', '12421']"
"[3, 7]","[15, 13]","['4286', '19796', '19992', '37907', '68970']",68970,"['19796', '19992', '4286', '37907', '68970']"
"[0, 6]","[18, 25]","['49395', '43375', '41154', '25447', '62071']",62071,"['41154', '62071', '43375', '25447', '49395']"
"[15, 28]","[3, 3]","['23274', '38548', '67905', '3258', '22487']",22487,"['38548', '67905', '22487', '3258', '23274']"
"[0, 14]","[18, 25]","['80522', '1261', '42604', '39894', '25711']",25711,"['1261', '25711', '42604', '80522', '39894']"
"[3, 21]","[15, 21]","['42206', '57272', '14038', '53064', '13497']",13497,"['53064', '13497', '42206', '14038', '57272']"
"[0, 14]","[18, 25]","['1261', '42604', '39894', '37963', '62071']",62071,"['62071', '37963', '1261', '39894', '42604']"
"[17, 18]","[7, 22]","['21543', '70105', '51240', '66316', '79411']",79411,"['66316', '79411', '70105', '51240', '21543']"
"[0, 6]","[18, 23]","['41154', '43375', '49395', '43036', '6216']",6216,"['43375', '6216', '49395', '43036', '41154']"
"[3, 3]","[15, 21]","['10017', '10131', '72700', '22487', '7489']",7489,"['10131', '72700', '22487', '10017', '7489']"
"[0, 7]","[18, 23]","['72266', '15613', '66807', '65801', '26052']",26052,"['66807', '65801', '15613', '26052', '72266']"
"[18, 23]","[0, 2]","['42151', '72365', '67584', '12104', '48095']",48095,"['42151', '12104', '48095', '72365', '67584']"
"[0, 6]","[18, 23]","['59474', '75880', '43036', '41154', '26052']",26052,"['41154', '43036', '75880', '26052', '59474']"
"[0, 14]","[18, 23]","['37963', '39894', '42604', '80522', '59794']",59794,"['39894', '80522', '37963', '42604', '59794']"
"[3, 28]","[15, 13]","['73823', '55090', '12683', '42226', '20590']",20590,"['12683', '73823', '55090', '42226', '20590']"
"[0, 2]","[18, 23]","['48095', '66847', '9639', '43629', '6216']",6216,"['6216', '48095', '9639', '66847', '43629']"
"[3, 26]","[15, 13]","['19246', '9147', '11033', '68096', '24364']",24364,"['24364', '9147', '19246', '68096', '11033']"
"[3, 17]","[15, 13]","['54792', '38478', '33084', '64047', '34763']",34763,"['33084', '38478', '64047', '34763', '54792']"
"[3, 26]","[15, 28]","['18887', '72586', '1064', '19246', '23274']",23274,"['19246', '18887', '23274', '72586', '1064']"
"[0, 14]","[18, 23]","['80522', '42604', '75707', '39894', '32105']",32105,"['39894', '80522', '42604', '32105', '75707']"
"[0, 6]","[18, 23]","['43036', '25447', '75880', '41154', '6216']",6216,"['43036', '41154', '25447', '75880', '6216']"
"[0, 14]","[18, 25]","['37963', '42604', '1261', '75707', '25711']",25711,"['1261', '25711', '42604', '75707', '37963']"
"[3, 26]","[15, 28]","['11033', '68096', '72586', '49864', '3258']",3258,"['3258', '68096', '11033', '49864', '72586']"
"[15, 13]","[3, 17]","['68970', '24364', '25079', '53137', '53579']",53579,"['53579', '25079', '68970', '53137', '24364']"
"[0, 14]","[18, 23]","['75707', '39894', '1261', '17291', '20502']",20502,"['20502', '39894', '17291', '1261', '75707']"
"[0, 6]","[18, 25]","['41154', '49395', '43375', '59474', '25711']",25711,"['59474', '43375', '49395', '41154', '25711']"
"[0, 6]","[18, 23]","['43375', '59474', '49395', '75880', '37360']",37360,"['43375', '37360', '59474', '75880', '49395']"
"[0, 6]","[18, 25]","['49395', '43375', '43036', '41154', '62071']",62071,"['41154', '49395', '43036', '62071', '43375']"
"[0, 2]","[18, 25]","['60860', '43995', '44802', '9639', '25711']",25711,"['44802', '9639', '25711', '43995', '60860']"
"[3, 3]","[15, 21]","['10017', '994', '22487', '72700', '3384']",3384,"['72700', '10017', '994', '22487', '3384']"
"[7, 1]","[17, 5]","['12376', '16951', '53652', '10825', '72055']",72055,"['12376', '53652', '16951', '10825', '72055']"
"[15, 28]","[3, 17]","['3258', '38548', '23274', '67905', '53579']",53579,"['67905', '38548', '23274', '53579', '3258']"
"[7, 1]","[17, 18]","['16951', '8109', '3536', '17550', '70105']",70105,"['17550', '70105', '8109', '3536', '16951']"
"[17, 18]","[7, 22]","['46660', '70105', '31693', '21543', '31113']",31113,"['70105', '31693', '46660', '21543', '31113']"
"[7, 1]","[17, 18]","['12376', '12421', '53652', '3536', '51240']",51240,"['12376', '51240', '3536', '12421', '53652']"
"[17, 18]","[7, 20]","['70105', '21408', '66935', '6955', '2277']",2277,"['2277', '66935', '70105', '6955', '21408']"
"[18, 23]","[0, 2]","['20502', '14167', '26052', '32105', '59390']",59390,"['20502', '59390', '32105', '26052', '14167']"
"[7, 1]","[17, 5]","['53652', '3536', '10825', '16951', '72055']",72055,"['53652', '72055', '3536', '10825', '16951']"
"[7, 1]","[17, 18]","['8109', '16951', '53652', '3536', '46660']",46660,"['3536', '8109', '53652', '46660', '16951']"
"[0, 14]","[18, 23]","['1261', '39894', '17291', '37963', '14167']",14167,"['39894', '17291', '37963', '14167', '1261']"
"[0, 2]","[18, 25]","['44125', '70440', '44802', '80744', '4132']",4132,"['4132', '70440', '80744', '44125', '44802']"
"[15, 28]","[3, 21]","['3258', '67905', '10526', '38548', '14038']",14038,"['3258', '38548', '14038', '67905', '10526']"
"[0, 6]","[18, 23]","['49395', '43036', '59474', '43375', '25667']",25667,"['25667', '49395', '43036', '43375', '59474']"
"[15, 13]","[3, 26]","['34763', '42684', '25079', '24364', '11033']",11033,"['34763', '24364', '11033', '25079', '42684']"
"[7, 1]","[17, 18]","['17550', '53652', '8109', '16951', '66935']",66935,"['16951', '53652', '17550', '66935', '8109']"
"[0, 2]","[18, 25]","['59390', '60860', '32703', '48095', '25711']",25711,"['32703', '59390', '60860', '48095', '25711']"
"[3, 17]","[15, 17]","['33084', '54792', '53579', '12043', '1225']",1225,"['54792', '33084', '53579', '12043', '1225']"
"[7, 1]","[17, 5]","['3536', '8109', '53652', '12421', '72055']",72055,"['8109', '12421', '3536', '72055', '53652']"
"[18, 25]","[0, 14]","['4132', '25711', '3282', '62071', '37963']",37963,"['37963', '3282', '62071', '4132', '25711']"
"[3, 3]","[15, 17]","['22002', '22487', '30004', '994', '47834']",47834,"['22487', '30004', '22002', '994', '47834']"
"[17, 21]","[7, 1]","['69704', '62454', '40487', '9795', '8109']",8109,"['8109', '40487', '69704', '9795', '62454']"
"[15, 21]","[3, 21]","['7489', '13497', '3384', '20839', '53064']",53064,"['7489', '3384', '53064', '13497', '20839']"
"[17, 18]","[7, 22]","['21543', '70105', '51240', '21408', '23132']",23132,"['21543', '51240', '23132', '21408', '70105']"
"[3, 28]","[15, 13]","['42226', '12683', '73823', '55090', '53137']",53137,"['73823', '42226', '12683', '53137', '55090']"
"[0, 14]","[18, 23]","['17291', '1261', '80522', '39894', '25667']",25667,"['39894', '80522', '1261', '17291', '25667']"
"[18, 23]","[0, 7]","['12104', '6216', '25667', '64148', '10984']",10984,"['25667', '10984', '12104', '64148', '6216']"
"[3, 7]","[15, 21]","['19796', '73164', '19992', '4286', '3384']",3384,"['3384', '4286', '19796', '19992', '73164']"
"[3, 17]","[15, 13]","['38478', '33084', '54792', '53579', '53137']",53137,"['53579', '53137', '38478', '33084', '54792']"
"[18, 23]","[0, 24]","['6216', '48306', '10433', '25667', '37989']",37989,"['25667', '10433', '37989', '6216', '48306']"
"[7, 1]","[17, 5]","['12376', '16951', '12421', '3536', '72055']",72055,"['72055', '12376', '3536', '12421', '16951']"
"[18, 25]","[0, 6]","['3282', '4132', '62071', '25711', '43036']",43036,"['3282', '25711', '62071', '4132', '43036']"
"[18, 23]","[0, 2]","['32105', '26052', '64247', '64148', '60860']",60860,"['64148', '32105', '26052', '60860', '64247']"
"[18, 23]","[0, 24]","['59794', '64148', '37360', '5909', '74418']",74418,"['5909', '59794', '64148', '74418', '37360']"
"[3, 26]","[15, 28]","['50906', '19246', '40031', '1064', '10526']",10526,"['50906', '10526', '40031', '19246', '1064']"
"[3, 16]","[15, 28]","['56017', '59100', '11746', '63317', '67905']",67905,"['67905', '59100', '11746', '56017', '63317']"
"[15, 28]","[3, 3]","['67905', '23274', '10526', '3258', '30004']",30004,"['30004', '10526', '67905', '23274', '3258']"
"[15, 13]","[3, 5]","['20590', '25079', '53137', '24364', '74226']",74226,"['53137', '25079', '74226', '24364', '20590']"
"[3, 26]","[15, 13]","['72586', '19246', '11033', '40031', '53137']",53137,"['40031', '11033', '72586', '19246', '53137']"
"[18, 23]","[0, 24]","['12104', '40817', '61353', '37360', '37989']",37989,"['37360', '61353', '37989', '12104', '40817']"
"[18, 23]","[0, 2]","['72978', '26755', '10433', '61353', '44145']",44145,"['10433', '61353', '72978', '26755', '44145']"
"[18, 23]","[0, 2]","['14167', '59794', '32105', '64148', '51831']",51831,"['14167', '64148', '32105', '51831', '59794']"
"[3, 3]","[15, 28]","['22487', '10131', '72700', '22002', '38548']",38548,"['10131', '22487', '72700', '22002', '38548']"
"[0, 14]","[18, 25]","['80522', '37963', '17291', '42604', '3282']",3282,"['37963', '80522', '42604', '3282', '17291']"
"[3, 26]","[15, 13]","['72586', '49864', '50906', '40031', '53137']",53137,"['53137', '40031', '49864', '50906', '72586']"
"[3, 26]","[15, 17]","['18887', '9147', '72586', '40031', '11908']",11908,"['18887', '9147', '72586', '40031', '11908']"
"[18, 23]","[0, 0]","['14167', '61353', '42151', '72365', '14834']",14834,"['61353', '14167', '42151', '14834', '72365']"
"[15, 13]","[3, 5]","['53137', '20590', '68970', '34763', '74226']",74226,"['68970', '34763', '74226', '53137', '20590']"
"[3, 26]","[15, 13]","['40031', '49864', '11033', '18887', '53137']",53137,"['53137', '40031', '49864', '18887', '11033']"
"[7, 1]","[17, 5]","['12421', '12376', '10825', '3536', '33045']",33045,"['33045', '12376', '3536', '10825', '12421']"
"[3, 26]","[15, 28]","['50906', '9147', '68096', '72586', '23274']",23274,"['68096', '72586', '50906', '23274', '9147']"
"[17, 18]","[7, 22]","['31693', '21408', '51240', '66935', '40679']",40679,"['21408', '51240', '40679', '66935', '31693']"
"[17, 18]","[7, 3]","['46660', '21408', '31693', '51240', '64781']",64781,"['51240', '21408', '31693', '46660', '64781']"
"[18, 25]","[0, 2]","['25711', '62071', '73827', '4132', '60860']",60860,"['4132', '62071', '25711', '73827', '60860']"
"[0, 2]","[18, 23]","['44125', '59390', '66847', '62759', '15451']",15451,"['59390', '62759', '15451', '66847', '44125']"
"[0, 14]","[18, 23]","['75707', '17291', '1261', '42604', '10433']",10433,"['10433', '1261', '42604', '17291', '75707']"
"[0, 2]","[18, 23]","['48095', '44125', '45218', '9836', '61353']",61353,"['61353', '44125', '9836', '48095', '45218']"
"[3, 3]","[15, 21]","['22002', '10131', '30004', '22487', '13497']",13497,"['13497', '10131', '30004', '22487', '22002']"
"[7, 1]","[17, 21]","['16951', '3536', '12421', '8109', '62549']",62549,"['62549', '3536', '8109', '16951', '12421']"
"[18, 23]","[0, 14]","['14167', '40817', '59794', '26052', '75707']",75707,"['59794', '14167', '40817', '75707', '26052']"
"[3, 17]","[15, 28]","['12043', '38478', '64047', '53579', '38548']",38548,"['64047', '12043', '38478', '38548', '53579']"
"[0, 2]","[18, 23]","['45218', '62759', '44802', '9836', '6216']",6216,"['44802', '62759', '45218', '9836', '6216']"
"[3, 3]","[15, 21]","['994', '10017', '22487', '10131', '13497']",13497,"['10017', '13497', '22487', '994', '10131']"
"[3, 16]","[15, 28]","['59100', '56017', '11746', '63317', '23274']",23274,"['59100', '11746', '23274', '56017', '63317']"
"[0, 7]","[18, 25]","['10984', '65801', '15613', '72266', '62071']",62071,"['62071', '72266', '10984', '15613', '65801']"
"[0, 2]","[18, 23]","['59390', '67465', '44125', '80744', '61353']",61353,"['59390', '80744', '61353', '67465', '44125']"
"[0, 14]","[18, 23]","['42604', '80522', '39894', '37963', '61353']",61353,"['80522', '61353', '42604', '39894', '37963']"
"[0, 2]","[18, 23]","['43629', '45218', '44125', '67465', '72365']",72365,"['43629', '67465', '72365', '44125', '45218']"
"[0, 14]","[18, 25]","['17291', '39894', '75707', '80522', '4132']",4132,"['17291', '75707', '80522', '4132', '39894']"
"[7, 1]","[17, 5]","['53652', '3536', '17550', '8109', '50221']",50221,"['50221', '8109', '3536', '53652', '17550']"
"[3, 17]","[15, 28]","['54792', '12043', '33084', '53579', '23274']",23274,"['33084', '54792', '23274', '53579', '12043']"
"[17, 18]","[7, 1]","['46660', '66935', '31693', '70105', '53652']",53652,"['53652', '70105', '46660', '31693', '66935']"
"[15, 13]","[3, 26]","['20590', '34763', '68970', '25079', '34449']",34449,"['34763', '25079', '68970', '34449', '20590']"
"[3, 3]","[15, 28]","['10017', '10131', '994', '22487', '38548']",38548,"['10131', '994', '22487', '10017', '38548']"
"[3, 26]","[15, 17]","['18887', '32729', '50906', '49864', '60915']",60915,"['18887', '60915', '49864', '50906', '32729']"
"[7, 1]","[17, 5]","['3536', '16951', '12421', '17550', '72055']",72055,"['3536', '16951', '17550', '12421', '72055']"
"[15, 13]","[3, 17]","['25079', '34763', '42684', '24364', '38478']",38478,"['25079', '38478', '34763', '42684', '24364']"
"[15, 28]","[3, 28]","['23274', '67905', '3258', '38548', '55090']",55090,"['55090', '67905', '3258', '23274', '38548']"
"[15, 28]","[3, 5]","['3258', '38548', '67905', '23274', '12162']",12162,"['3258', '23274', '38548', '12162', '67905']"
"[7, 1]","[17, 18]","['10825', '53652', '3536', '12376', '6955']",6955,"['53652', '10825', '6955', '12376', '3536']"
"[3, 21]","[15, 13]","['14038', '42206', '57272', '53064', '20590']",20590,"['57272', '14038', '53064', '20590', '42206']"
"[17, 21]","[7, 20]","['9795', '62549', '62454', '78147', '2425']",2425,"['9795', '62454', '2425', '78147', '62549']"
"[3, 16]","[15, 13]","['177', '11746', '56017', '63317', '25079']",25079,"['63317', '177', '25079', '56017', '11746']"
"[3, 16]","[15, 28]","['63317', '177', '11746', '56017', '10526']",10526,"['10526', '63317', '11746', '56017', '177']"
"[0, 14]","[18, 23]","['1261', '75707', '37963', '80522', '78682']",78682,"['1261', '80522', '75707', '78682', '37963']"
"[3, 26]","[15, 28]","['40031', '34449', '50906', '1064', '10526']",10526,"['40031', '10526', '34449', '50906', '1064']"
"[3, 28]","[15, 13]","['42226', '55090', '73823', '12683', '34763']",34763,"['73823', '34763', '12683', '55090', '42226']"
"[0, 14]","[18, 23]","['80522', '37963', '17291', '39894', '12104']",12104,"['12104', '17291', '37963', '80522', '39894']"
"[0, 6]","[18, 25]","['41154', '59474', '25447', '75880', '4132']",4132,"['59474', '4132', '41154', '25447', '75880']"
"[0, 7]","[18, 23]","['65801', '66807', '10984', '15613', '64247']",64247,"['66807', '15613', '64247', '10984', '65801']"
"[0, 2]","[18, 25]","['43629', '66847', '51831', '9836', '25711']",25711,"['51831', '25711', '9836', '43629', '66847']"
"[0, 6]","[18, 25]","['49395', '43036', '59474', '75880', '73827']",73827,"['43036', '59474', '73827', '75880', '49395']"
"[3, 7]","[15, 13]","['30859', '19992', '37907', '19796', '24364']",24364,"['19796', '30859', '37907', '24364', '19992']"
"[15, 13]","[3, 28]","['68970', '42684', '25079', '53137', '42226']",42226,"['42226', '68970', '42684', '25079', '53137']"
"[3, 3]","[15, 21]","['30004', '10017', '22002', '10131', '7489']",7489,"['30004', '10131', '7489', '22002', '10017']"
"[3, 17]","[15, 17]","['33084', '53579', '64047', '54792', '11908']",11908,"['64047', '53579', '33084', '54792', '11908']"
"[3, 3]","[15, 28]","['22002', '994', '72700', '22487', '10526']",10526,"['22002', '72700', '10526', '994', '22487']"
"[3, 3]","[15, 28]","['22002', '72700', '10017', '994', '38548']",38548,"['22002', '994', '38548', '72700', '10017']"
"[3, 17]","[15, 28]","['53579', '33084', '12043', '64047', '3258']",3258,"['53579', '33084', '64047', '12043', '3258']"
"[15, 28]","[3, 3]","['38548', '67905', '3258', '10526', '72700']",72700,"['38548', '72700', '10526', '67905', '3258']"
"[3, 3]","[15, 17]","['10017', '10131', '994', '72700', '1225']",1225,"['10017', '994', '1225', '72700', '10131']"
"[3, 26]","[15, 28]","['19246', '49864', '32729', '9147', '10526']",10526,"['9147', '19246', '49864', '32729', '10526']"
"[3, 26]","[15, 13]","['49864', '9147', '50906', '34449', '42684']",42684,"['49864', '34449', '9147', '42684', '50906']"
"[3, 3]","[15, 17]","['10131', '22002', '22487', '30004', '60915']",60915,"['30004', '22002', '60915', '10131', '22487']"
"[17, 21]","[7, 20]","['40487', '9795', '78147', '69704', '54372']",54372,"['9795', '40487', '69704', '78147', '54372']"
"[3, 17]","[15, 21]","['38478', '54792', '64047', '33084', '13497']",13497,"['54792', '64047', '33084', '13497', '38478']"
"[15, 13]","[3, 4]","['20590', '25079', '53137', '24364', '35787']",35787,"['25079', '20590', '24364', '35787', '53137']"
"[3, 7]","[15, 28]","['73164', '4286', '30859', '19992', '10526']",10526,"['73164', '30859', '4286', '10526', '19992']"
"[17, 18]","[7, 1]","['6955', '70105', '66935', '21543', '8109']",8109,"['8109', '6955', '21543', '70105', '66935']"
"[3, 3]","[15, 17]","['22002', '22487', '10131', '72700', '60915']",60915,"['72700', '22002', '60915', '22487', '10131']"
"[3, 26]","[15, 21]","['72586', '1064', '19246', '9147', '3384']",3384,"['19246', '9147', '3384', '1064', '72586']"
"[0, 2]","[18, 25]","['63508', '44802', '54867', '67842', '4132']",4132,"['67842', '44802', '54867', '4132', '63508']"
"[0, 2]","[18, 25]","['70440', '28242', '59390', '62759', '4132']",4132,"['70440', '62759', '28242', '59390', '4132']"
"[17, 18]","[7, 1]","['21543', '66316', '46660', '66935', '53652']",53652,"['66935', '21543', '53652', '46660', '66316']"
"[7, 1]","[17, 5]","['53652', '16951', '12421', '10825', '72055']",72055,"['12421', '10825', '16951', '72055', '53652']"
"[18, 23]","[0, 2]","['15451', '10433', '37360', '40817', '60860']",60860,"['60860', '40817', '37360', '10433', '15451']"
"[17, 21]","[7, 1]","['62549', '69704', '40487', '9795', '12376']",12376,"['62549', '69704', '40487', '12376', '9795']"
"[17, 18]","[7, 20]","['66935', '46660', '66316', '31693', '54372']",54372,"['66935', '31693', '66316', '54372', '46660']"
"[7, 1]","[17, 18]","['12421', '17550', '16951', '10825', '66316']",66316,"['10825', '16951', '17550', '12421', '66316']"
"[15, 28]","[3, 3]","['38548', '10526', '67905', '23274', '30004']",30004,"['38548', '23274', '67905', '30004', '10526']"
"[3, 3]","[15, 21]","['994', '72700', '30004', '10131', '20839']",20839,"['10131', '994', '20839', '30004', '72700']"
"[3, 21]","[15, 13]","['57272', '14038', '42206', '53064', '53137']",53137,"['57272', '53064', '14038', '42206', '53137']"
"[3, 28]","[15, 13]","['8257', '42226', '55090', '73823', '42684']",42684,"['42684', '55090', '42226', '8257', '73823']"
"[15, 28]","[3, 7]","['38548', '10526', '23274', '3258', '4286']",4286,"['10526', '38548', '3258', '4286', '23274']"
"[0, 2]","[18, 23]","['44145', '44802', '60860', '27625', '26052']",26052,"['44802', '26052', '27625', '44145', '60860']"
"[7, 1]","[17, 21]","['17550', '12421', '12376', '10825', '40487']",40487,"['10825', '40487', '17550', '12421', '12376']"
"[0, 6]","[18, 23]","['25447', '41154', '59474', '75880', '59794']",59794,"['25447', '75880', '59794', '59474', '41154']"
"[3, 3]","[15, 21]","['30004', '10131', '22487', '72700', '7489']",7489,"['22487', '10131', '72700', '30004', '7489']"
"[15, 28]","[3, 7]","['3258', '38548', '23274', '10526', '73164']",73164,"['10526', '38548', '23274', '3258', '73164']"
"[17, 18]","[7, 22]","['46660', '6955', '51240', '70105', '40679']",40679,"['40679', '51240', '70105', '46660', '6955']"
"[17, 18]","[7, 22]","['70105', '31693', '66935', '21408', '23132']",23132,"['23132', '31693', '21408', '66935', '70105']"
"[3, 26]","[15, 28]","['32729', '1064', '19246', '11033', '23274']",23274,"['19246', '23274', '32729', '1064', '11033']"
"[17, 18]","[7, 3]","['21543', '51240', '31693', '66316', '64781']",64781,"['51240', '66316', '64781', '31693', '21543']"
"[15, 13]","[3, 5]","['34763', '20590', '24364', '53137', '63514']",63514,"['53137', '24364', '20590', '63514', '34763']"
"[0, 2]","[18, 23]","['51831', '67465', '66847', '9639', '59794']",59794,"['66847', '67465', '9639', '51831', '59794']"
"[17, 21]","[7, 3]","['78147', '62549', '40487', '69704', '61767']",61767,"['78147', '62549', '40487', '69704', '61767']"
"[0, 14]","[18, 23]","['17291', '37963', '42604', '80522', '59794']",59794,"['42604', '37963', '59794', '17291', '80522']"
"[0, 2]","[18, 25]","['45218', '59390', '54867', '70440', '4132']",4132,"['45218', '54867', '4132', '59390', '70440']"
"[3, 26]","[15, 13]","['18887', '32729', '1064', '50906', '20590']",20590,"['18887', '32729', '50906', '1064', '20590']"
"[3, 16]","[15, 17]","['177', '56017', '11746', '59100', '1225']",1225,"['59100', '56017', '11746', '1225', '177']"
"[3, 26]","[15, 21]","['49864', '68096', '9147', '32729', '7489']",7489,"['49864', '32729', '7489', '9147', '68096']"
"[3, 7]","[15, 28]","['19796', '30859', '37907', '73164', '10526']",10526,"['37907', '19796', '73164', '30859', '10526']"
"[3, 26]","[15, 28]","['50906', '11033', '19246', '34449', '10526']",10526,"['50906', '19246', '10526', '11033', '34449']"
"[0, 6]","[18, 23]","['43036', '75880', '59474', '43375', '40817']",40817,"['40817', '59474', '75880', '43036', '43375']"
"[15, 28]","[3, 16]","['10526', '3258', '23274', '67905', '11746']",11746,"['11746', '67905', '3258', '10526', '23274']"
"[17, 21]","[7, 1]","['69704', '62454', '40487', '78147', '12376']",12376,"['12376', '40487', '69704', '78147', '62454']"
"[17, 18]","[7, 22]","['66935', '21408', '21543', '66316', '79411']",79411,"['66935', '21543', '66316', '79411', '21408']"
"[15, 13]","[3, 4]","['25079', '24364', '68970', '20590', '35787']",35787,"['25079', '68970', '35787', '20590', '24364']"
"[3, 17]","[15, 28]","['53579', '64047', '38478', '54792', '10526']",10526,"['64047', '38478', '10526', '54792', '53579']"
"[0, 6]","[18, 25]","['41154', '43036', '75880', '49395', '62071']",62071,"['75880', '43036', '41154', '62071', '49395']"
"[17, 18]","[7, 20]","['66935', '66316', '21543', '21408', '2277']",2277,"['66316', '2277', '21408', '66935', '21543']"
"[0, 14]","[18, 23]","['75707', '80522', '39894', '37963', '12104']",12104,"['80522', '75707', '12104', '39894', '37963']"
"[3, 17]","[15, 17]","['33084', '12043', '53579', '64047', '47834']",47834,"['47834', '12043', '53579', '33084', '64047']"
"[3, 3]","[15, 28]","['22487', '30004', '994', '72700', '23274']",23274,"['23274', '72700', '30004', '994', '22487']"
"[18, 25]","[0, 0]","['4132', '3282', '62071', '73827', '78009']",78009,"['62071', '73827', '3282', '4132', '78009']"
"[0, 14]","[18, 25]","['42604', '75707', '37963', '39894', '73827']",73827,"['75707', '42604', '73827', '37963', '39894']"
"[7, 1]","[17, 18]","['10825', '12421', '8109', '17550', '51240']",51240,"['17550', '51240', '10825', '8109', '12421']"
"[0, 6]","[18, 23]","['75880', '43375', '43036', '41154', '20502']",20502,"['75880', '43036', '41154', '43375', '20502']"
"[0, 14]","[18, 25]","['37963', '42604', '75707', '17291', '3282']",3282,"['17291', '3282', '42604', '37963', '75707']"
"[3, 3]","[15, 21]","['10131', '10017', '30004', '72700', '3384']",3384,"['30004', '10017', '3384', '10131', '72700']"
"[15, 13]","[3, 28]","['53137', '24364', '34763', '25079', '8257']",8257,"['34763', '53137', '24364', '8257', '25079']"
"[15, 13]","[3, 17]","['25079', '42684', '20590', '24364', '54792']",54792,"['25079', '24364', '54792', '42684', '20590']"
"[0, 2]","[18, 25]","['44145', '59390', '51831', '43629', '73827']",73827,"['59390', '44145', '43629', '73827', '51831']"
"[3, 26]","[15, 21]","['19246', '68096', '11033', '40031', '13497']",13497,"['13497', '40031', '68096', '11033', '19246']"
"[0, 14]","[18, 25]","['39894', '80522', '17291', '1261', '4132']",4132,"['80522', '17291', '1261', '39894', '4132']"
"[0, 2]","[18, 25]","['44125', '27625', '70440', '45218', '4132']",4132,"['27625', '70440', '4132', '44125', '45218']"
"[18, 23]","[0, 0]","['12104', '42151', '15451', '14167', '78009']",78009,"['14167', '78009', '12104', '15451', '42151']"
"[0, 2]","[18, 23]","['63508', '44125', '28242', '27625', '37360']",37360,"['37360', '63508', '44125', '27625', '28242']"
"[18, 23]","[0, 7]","['59794', '37360', '12104', '65195', '72266']",72266,"['37360', '72266', '65195', '12104', '59794']"
"[3, 26]","[15, 17]","['72586', '9147', '49864', '18887', '47834']",47834,"['18887', '72586', '49864', '9147', '47834']"
"[15, 13]","[3, 12]","['53137', '25079', '24364', '68970', '37955']",37955,"['25079', '24364', '53137', '37955', '68970']"
"[0, 14]","[18, 23]","['37963', '1261', '39894', '80522', '15451']",15451,"['1261', '15451', '80522', '39894', '37963']"
"[18, 23]","[0, 6]","['59794', '15451', '64247', '48306', '41154']",41154,"['48306', '59794', '41154', '15451', '64247']"
"[17, 18]","[7, 3]","['21543', '21408', '51240', '66935', '61767']",61767,"['21408', '66935', '51240', '61767', '21543']"
"[0, 2]","[18, 25]","['43995', '67842', '45218', '67465', '73827']",73827,"['45218', '67465', '73827', '43995', '67842']"
"[18, 25]","[0, 6]","['62071', '25711', '73827', '4132', '43375']",43375,"['43375', '25711', '73827', '4132', '62071']"
"[0, 7]","[18, 23]","['72266', '10984', '66807', '15613', '72978']",72978,"['72266', '15613', '10984', '66807', '72978']"
"[0, 6]","[18, 25]","['25447', '75880', '43036', '43375', '3282']",3282,"['75880', '43375', '43036', '25447', '3282']"
"[18, 23]","[0, 14]","['15451', '20502', '42151', '14167', '1261']",1261,"['14167', '1261', '20502', '42151', '15451']"
"[3, 3]","[15, 21]","['30004', '22002', '10131', '994', '20839']",20839,"['994', '30004', '10131', '22002', '20839']"
"[3, 17]","[15, 13]","['12043', '54792', '33084', '38478', '20590']",20590,"['33084', '54792', '12043', '20590', '38478']"
"[0, 14]","[18, 23]","['75707', '37963', '39894', '42604', '12104']",12104,"['37963', '39894', '42604', '12104', '75707']"
"[3, 7]","[15, 13]","['30859', '19796', '19992', '37907', '25079']",25079,"['30859', '25079', '37907', '19796', '19992']"
"[0, 6]","[18, 25]","['75880', '59474', '49395', '43375', '73827']",73827,"['49395', '75880', '73827', '43375', '59474']"
"[3, 28]","[15, 21]","['55090', '42226', '12683', '8257', '13497']",13497,"['12683', '42226', '8257', '55090', '13497']"
"[3, 17]","[15, 17]","['64047', '54792', '38478', '33084', '60915']",60915,"['64047', '54792', '33084', '38478', '60915']"
"[18, 23]","[0, 2]","['25667', '64247', '78682', '12104', '44125']",44125,"['12104', '25667', '78682', '64247', '44125']"
"[3, 7]","[15, 13]","['73164', '19796', '4286', '30859', '24364']",24364,"['73164', '24364', '19796', '4286', '30859']"
"[3, 26]","[15, 17]","['11033', '34449', '72586', '19246', '11908']",11908,"['72586', '19246', '11908', '34449', '11033']"
"[18, 25]","[0, 2]","['73827', '3282', '4132', '62071', '43629']",43629,"['4132', '3282', '43629', '73827', '62071']"
"[3, 26]","[15, 17]","['1064', '11033', '18887', '68096', '47834']",47834,"['47834', '1064', '18887', '11033', '68096']"
"[18, 25]","[0, 2]","['25711', '3282', '62071', '4132', '44125']",44125,"['25711', '62071', '44125', '3282', '4132']"
"[15, 13]","[3, 16]","['24364', '68970', '20590', '42684', '11746']",11746,"['42684', '20590', '68970', '11746', '24364']"
"[0, 2]","[18, 23]","['48095', '43995', '62759', '54867', '12104']",12104,"['12104', '54867', '62759', '43995', '48095']"
"[3, 16]","[15, 21]","['63317', '56017', '177', '59100', '7489']",7489,"['7489', '56017', '63317', '59100', '177']"
"[17, 21]","[7, 22]","['9795', '40487', '62549', '78147', '40679']",40679,"['78147', '9795', '40679', '62549', '40487']"
"[15, 13]","[3, 26]","['68970', '53137', '24364', '42684', '72586']",72586,"['72586', '42684', '24364', '68970', '53137']"
"[17, 18]","[7, 20]","['66935', '46660', '51240', '21408', '2277']",2277,"['46660', '66935', '51240', '21408', '2277']"
"[0, 6]","[18, 23]","['49395', '43036', '75880', '43375', '12104']",12104,"['12104', '75880', '49395', '43036', '43375']"
"[0, 7]","[18, 25]","['65801', '10984', '15613', '66807', '62071']",62071,"['66807', '65801', '62071', '15613', '10984']"
"[15, 28]","[3, 5]","['67905', '38548', '3258', '10526', '12162']",12162,"['38548', '10526', '12162', '3258', '67905']"
"[17, 18]","[7, 20]","['51240', '46660', '66935', '6955', '55305']",55305,"['51240', '66935', '55305', '46660', '6955']"
"[17, 18]","[7, 22]","['51240', '66316', '70105', '21408', '23132']",23132,"['23132', '66316', '21408', '70105', '51240']"
"[3, 3]","[15, 13]","['994', '10017', '72700', '22002', '68970']",68970,"['22002', '72700', '68970', '994', '10017']"
"[17, 18]","[7, 1]","['70105', '31693', '21543', '66316', '3536']",3536,"['21543', '66316', '3536', '70105', '31693']"
"[3, 3]","[15, 21]","['72700', '10017', '30004', '22002', '3384']",3384,"['72700', '3384', '22002', '30004', '10017']"
"[3, 3]","[15, 17]","['994', '10017', '22002', '10131', '1225']",1225,"['22002', '1225', '10131', '10017', '994']"
"[3, 7]","[15, 17]","['37907', '19796', '4286', '73164', '47834']",47834,"['47834', '19796', '37907', '73164', '4286']"
"[0, 2]","[18, 23]","['60860', '45218', '9836', '44802', '78682']",78682,"['45218', '44802', '9836', '60860', '78682']"
"[17, 18]","[7, 20]","['51240', '6955', '21408', '21543', '2425']",2425,"['51240', '6955', '21543', '2425', '21408']"
"[3, 3]","[15, 17]","['994', '72700', '22487', '10017', '60915']",60915,"['72700', '994', '10017', '22487', '60915']"
"[18, 23]","[0, 14]","['14167', '20502', '25667', '64247', '37963']",37963,"['64247', '37963', '14167', '20502', '25667']"
"[3, 7]","[15, 13]","['4286', '37907', '73164', '19992', '25079']",25079,"['25079', '19992', '37907', '4286', '73164']"
"[3, 21]","[15, 28]","['57272', '47060', '53064', '42206', '23274']",23274,"['53064', '23274', '47060', '57272', '42206']"
"[3, 7]","[15, 21]","['30859', '4286', '19796', '73164', '13497']",13497,"['30859', '19796', '73164', '13497', '4286']"
"[3, 26]","[15, 17]","['1064', '49864', '72586', '68096', '47834']",47834,"['1064', '68096', '72586', '49864', '47834']"
"[0, 6]","[18, 23]","['43036', '43375', '25447', '41154', '72365']",72365,"['41154', '25447', '43375', '43036', '72365']"
"[7, 1]","[17, 18]","['12421', '17550', '16951', '8109', '21408']",21408,"['17550', '21408', '12421', '16951', '8109']"
"[0, 7]","[18, 23]","['15613', '10984', '72266', '65801', '25667']",25667,"['25667', '65801', '15613', '72266', '10984']"
"[0, 14]","[18, 23]","['42604', '80522', '39894', '37963', '72365']",72365,"['39894', '42604', '37963', '72365', '80522']"
"[0, 6]","[18, 23]","['75880', '25447', '49395', '59474', '15451']",15451,"['75880', '59474', '25447', '49395', '15451']"
"[0, 7]","[18, 23]","['15613', '65801', '10984', '66807', '64148']",64148,"['66807', '65801', '64148', '15613', '10984']"
"[17, 18]","[7, 3]","['46660', '21408', '70105', '6955', '75828']",75828,"['21408', '6955', '75828', '70105', '46660']"
"[3, 21]","[15, 13]","['57272', '42206', '47060', '53064', '53137']",53137,"['53064', '57272', '47060', '42206', '53137']"
"[3, 28]","[15, 21]","['73823', '8257', '12683', '42226', '7489']",7489,"['12683', '42226', '8257', '7489', '73823']"
"[0, 2]","[18, 25]","['62759', '43995', '44802', '32703', '3282']",3282,"['32703', '43995', '62759', '3282', '44802']"
"[7, 1]","[17, 18]","['3536', '12376', '12421', '17550', '70105']",70105,"['12421', '70105', '17550', '3536', '12376']"
"[3, 21]","[15, 13]","['42206', '14038', '57272', '47060', '42684']",42684,"['42684', '14038', '47060', '57272', '42206']"
"[0, 6]","[18, 25]","['43375', '49395', '41154', '59474', '73827']",73827,"['59474', '41154', '43375', '49395', '73827']"
"[17, 18]","[7, 20]","['70105', '66935', '31693', '51240', '2277']",2277,"['66935', '2277', '70105', '31693', '51240']"
"[0, 6]","[18, 23]","['43036', '49395', '75880', '41154', '64148']",64148,"['64148', '43036', '75880', '41154', '49395']"
"[3, 21]","[15, 17]","['47060', '57272', '14038', '53064', '1225']",1225,"['57272', '1225', '53064', '14038', '47060']"
"[0, 14]","[18, 25]","['39894', '75707', '17291', '37963', '3282']",3282,"['17291', '39894', '75707', '3282', '37963']"
"[15, 13]","[3, 17]","['24364', '53137', '34763', '25079', '12043']",12043,"['12043', '34763', '25079', '53137', '24364']"
"[0, 6]","[18, 23]","['41154', '75880', '43375', '49395', '20502']",20502,"['75880', '20502', '49395', '41154', '43375']"
"[0, 7]","[18, 23]","['15613', '65801', '66807', '10984', '32105']",32105,"['65801', '10984', '66807', '15613', '32105']"
"[3, 17]","[15, 17]","['33084', '12043', '53579', '38478', '1225']",1225,"['53579', '12043', '33084', '1225', '38478']"
"[0, 14]","[18, 25]","['80522', '37963', '1261', '17291', '4132']",4132,"['4132', '1261', '80522', '37963', '17291']"
"[3, 7]","[15, 21]","['30859', '4286', '19992', '73164', '3384']",3384,"['19992', '4286', '3384', '73164', '30859']"
"[18, 23]","[0, 24]","['25667', '37360', '64247', '20502', '74418']",74418,"['64247', '20502', '37360', '74418', '25667']"
"[7, 1]","[17, 21]","['53652', '8109', '17550', '3536', '62549']",62549,"['17550', '3536', '8109', '62549', '53652']"
"[0, 2]","[18, 25]","['43629', '48095', '44145', '67465', '3282']",3282,"['44145', '3282', '48095', '43629', '67465']"
"[7, 1]","[17, 21]","['12421', '12376', '16951', '8109', '40487']",40487,"['12376', '40487', '16951', '8109', '12421']"
"[3, 21]","[15, 13]","['57272', '47060', '42206', '14038', '68970']",68970,"['14038', '47060', '42206', '68970', '57272']"
"[0, 6]","[18, 23]","['43036', '41154', '75880', '43375', '67584']",67584,"['43375', '75880', '41154', '43036', '67584']"
"[3, 26]","[15, 21]","['68096', '9147', '49864', '72586', '3384']",3384,"['9147', '49864', '68096', '3384', '72586']"
"[17, 21]","[7, 3]","['9795', '40487', '62454', '78147', '61767']",61767,"['9795', '40487', '61767', '78147', '62454']"
"[18, 23]","[0, 0]","['25667', '10433', '40817', '12104', '78009']",78009,"['78009', '10433', '25667', '40817', '12104']"
"[17, 18]","[7, 3]","['21408', '70105', '6955', '66316', '61767']",61767,"['70105', '6955', '66316', '21408', '61767']"
"[0, 14]","[18, 25]","['37963', '17291', '1261', '75707', '25711']",25711,"['75707', '37963', '25711', '17291', '1261']"
"[15, 17]","[3, 26]","['1225', '47834', '11908', '60915', '34449']",34449,"['60915', '47834', '34449', '1225', '11908']"
"[17, 18]","[7, 22]","['21408', '6955', '31693', '51240', '79411']",79411,"['6955', '21408', '31693', '79411', '51240']"
"[15, 28]","[3, 21]","['67905', '3258', '10526', '23274', '57272']",57272,"['57272', '3258', '67905', '23274', '10526']"
"[15, 13]","[3, 16]","['42684', '34763', '25079', '20590', '63317']",63317,"['63317', '20590', '34763', '42684', '25079']"
"[15, 28]","[3, 28]","['3258', '38548', '10526', '23274', '73823']",73823,"['38548', '23274', '73823', '3258', '10526']"
"[0, 14]","[18, 25]","['75707', '80522', '39894', '1261', '62071']",62071,"['80522', '75707', '62071', '39894', '1261']"
"[7, 1]","[17, 18]","['53652', '3536', '8109', '12421', '70105']",70105,"['53652', '8109', '70105', '12421', '3536']"
"[0, 2]","[18, 23]","['32703', '27625', '9836', '80744', '64247']",64247,"['32703', '9836', '80744', '27625', '64247']"
"[17, 21]","[7, 22]","['40487', '62454', '62549', '78147', '79411']",79411,"['79411', '40487', '62454', '62549', '78147']"
"[17, 18]","[7, 3]","['31693', '66316', '66935', '51240', '64781']",64781,"['51240', '64781', '66316', '66935', '31693']"
"[3, 3]","[15, 21]","['10131', '994', '22487', '72700', '7489']",7489,"['22487', '10131', '994', '72700', '7489']"
"[18, 23]","[0, 0]","['40817', '10433', '61353', '20502', '8176']",8176,"['8176', '10433', '61353', '40817', '20502']"
"[3, 26]","[15, 17]","['11033', '34449', '40031', '19246', '60915']",60915,"['11033', '34449', '40031', '60915', '19246']"
"[3, 26]","[15, 21]","['9147', '19246', '34449', '40031', '3384']",3384,"['19246', '9147', '3384', '34449', '40031']"
"[3, 17]","[15, 13]","['53579', '38478', '33084', '64047', '53137']",53137,"['38478', '33084', '64047', '53579', '53137']"
"[0, 14]","[18, 23]","['17291', '42604', '37963', '80522', '64148']",64148,"['37963', '42604', '80522', '64148', '17291']"
"[0, 14]","[18, 25]","['75707', '37963', '17291', '1261', '4132']",4132,"['4132', '1261', '75707', '37963', '17291']"
"[3, 3]","[15, 17]","['22487', '22002', '30004', '10017', '1225']",1225,"['22002', '22487', '10017', '1225', '30004']"
"[17, 18]","[7, 1]","['21408', '70105', '46660', '66935', '16951']",16951,"['21408', '46660', '16951', '66935', '70105']"
"[0, 2]","[18, 23]","['67842', '44125', '28242', '70440', '61353']",61353,"['67842', '44125', '70440', '61353', '28242']"
"[18, 23]","[0, 2]","['26755', '64247', '26052', '78682', '44125']",44125,"['26755', '44125', '64247', '26052', '78682']"
"[7, 1]","[17, 18]","['16951', '3536', '12421', '10825', '21408']",21408,"['21408', '16951', '3536', '10825', '12421']"
"[15, 13]","[3, 21]","['42684', '25079', '53137', '34763', '42206']",42206,"['53137', '42206', '42684', '34763', '25079']"
"[0, 6]","[18, 25]","['49395', '75880', '41154', '25447', '25711']",25711,"['41154', '75880', '25447', '25711', '49395']"
"[0, 6]","[18, 23]","['43375', '43036', '75880', '59474', '6216']",6216,"['6216', '75880', '43036', '43375', '59474']"
"[17, 21]","[7, 20]","['62549', '40487', '69704', '9795', '2277']",2277,"['9795', '40487', '69704', '62549', '2277']"
"[3, 26]","[15, 13]","['9147', '1064', '19246', '49864', '24364']",24364,"['24364', '1064', '49864', '19246', '9147']"
"[0, 2]","[18, 25]","['28242', '60860', '43995', '9836', '25711']",25711,"['60860', '43995', '9836', '28242', '25711']"
"[3, 7]","[15, 17]","['4286', '30859', '37907', '19796', '1225']",1225,"['30859', '19796', '1225', '37907', '4286']"
"[17, 21]","[7, 1]","['40487', '9795', '78147', '62549', '3536']",3536,"['3536', '62549', '9795', '40487', '78147']"
"[3, 26]","[15, 17]","['19246', '72586', '18887', '68096', '11908']",11908,"['11908', '72586', '68096', '19246', '18887']"
"[0, 6]","[18, 25]","['49395', '25447', '43036', '41154', '4132']",4132,"['43036', '4132', '25447', '41154', '49395']"
"[0, 14]","[18, 23]","['1261', '17291', '37963', '42604', '12104']",12104,"['42604', '12104', '17291', '1261', '37963']"
"[18, 23]","[0, 14]","['65195', '5909', '59794', '72978', '42604']",42604,"['59794', '65195', '72978', '42604', '5909']"
"[0, 2]","[18, 25]","['44802', '48095', '9639', '43995', '25711']",25711,"['9639', '48095', '43995', '25711', '44802']"
"[17, 21]","[7, 1]","['62454', '78147', '40487', '9795', '8109']",8109,"['40487', '78147', '9795', '8109', '62454']"
"[18, 23]","[0, 2]","['37360', '42151', '67584', '26755', '28242']",28242,"['26755', '67584', '37360', '28242', '42151']"
"[0, 6]","[18, 25]","['49395', '75880', '43036', '25447', '25711']",25711,"['75880', '43036', '49395', '25447', '25711']"
"[18, 23]","[0, 6]","['25667', '78682', '72365', '5909', '43375']",43375,"['43375', '5909', '72365', '78682', '25667']"
"[0, 14]","[18, 23]","['1261', '17291', '42604', '39894', '59794']",59794,"['42604', '17291', '59794', '39894', '1261']"
"[17, 18]","[7, 22]","['66935', '21543', '70105', '31693', '31113']",31113,"['31693', '70105', '66935', '21543', '31113']"
"[0, 7]","[18, 23]","['10984', '15613', '65801', '66807', '6216']",6216,"['65801', '15613', '10984', '66807', '6216']"
"[17, 18]","[7, 20]","['66316', '70105', '51240', '21543', '54372']",54372,"['70105', '51240', '21543', '66316', '54372']"
"[3, 3]","[15, 13]","['22487', '994', '10131', '22002', '42684']",42684,"['22002', '10131', '994', '42684', '22487']"
"[17, 18]","[7, 1]","['31693', '6955', '21543', '46660', '12421']",12421,"['31693', '6955', '21543', '12421', '46660']"
"[0, 2]","[18, 23]","['9639', '67842', '80744', '27625', '59794']",59794,"['80744', '59794', '27625', '67842', '9639']"
"[0, 2]","[18, 23]","['62759', '43629', '67842', '59390', '40817']",40817,"['40817', '67842', '62759', '43629', '59390']"
"[18, 25]","[0, 2]","['3282', '62071', '4132', '25711', '54867']",54867,"['25711', '3282', '62071', '54867', '4132']"
"[7, 1]","[17, 18]","['53652', '16951', '12421', '17550', '6955']",6955,"['12421', '53652', '6955', '16951', '17550']"
"[7, 1]","[17, 5]","['10825', '3536', '12421', '53652', '50221']",50221,"['10825', '12421', '53652', '3536', '50221']"
"[15, 28]","[3, 12]","['10526', '38548', '67905', '23274', '1181']",1181,"['10526', '67905', '1181', '23274', '38548']"
"[3, 26]","[15, 13]","['9147', '19246', '68096', '72586', '24364']",24364,"['72586', '9147', '68096', '19246', '24364']"
"[0, 6]","[18, 23]","['49395', '75880', '59474', '43036', '64247']",64247,"['43036', '59474', '49395', '75880', '64247']"
"[0, 2]","[18, 25]","['43995', '27625', '70440', '80744', '73827']",73827,"['27625', '80744', '43995', '70440', '73827']"
"[0, 2]","[18, 23]","['63508', '62759', '70440', '32703', '26052']",26052,"['63508', '62759', '32703', '26052', '70440']"
"[0, 2]","[18, 23]","['67842', '43995', '60860', '80744', '15451']",15451,"['43995', '80744', '60860', '15451', '67842']"
"[18, 23]","[0, 0]","['64148', '10433', '48306', '65195', '78009']",78009,"['65195', '64148', '10433', '48306', '78009']"
"[15, 13]","[3, 12]","['53137', '34763', '42684', '24364', '37955']",37955,"['37955', '34763', '42684', '24364', '53137']"
"[0, 6]","[18, 25]","['59474', '49395', '43375', '41154', '4132']",4132,"['4132', '49395', '43375', '41154', '59474']"
"[17, 18]","[7, 1]","['46660', '31693', '21543', '51240', '53652']",53652,"['51240', '31693', '21543', '53652', '46660']"
"[17, 18]","[7, 1]","['46660', '21408', '66316', '70105', '12421']",12421,"['21408', '46660', '70105', '66316', '12421']"
"[3, 7]","[15, 13]","['37907', '30859', '73164', '19796', '53137']",53137,"['30859', '73164', '53137', '19796', '37907']"
"[15, 13]","[3, 7]","['25079', '34763', '68970', '20590', '73164']",73164,"['34763', '68970', '25079', '20590', '73164']"
"[3, 26]","[15, 13]","['1064', '11033', '49864', '32729', '24364']",24364,"['49864', '11033', '32729', '24364', '1064']"
"[0, 14]","[18, 23]","['37963', '42604', '39894', '1261', '65195']",65195,"['37963', '42604', '39894', '65195', '1261']"
"[7, 1]","[17, 5]","['12376', '3536', '16951', '12421', '33045']",33045,"['12376', '16951', '3536', '12421', '33045']"
"[3, 17]","[15, 21]","['53579', '38478', '12043', '64047', '20839']",20839,"['53579', '20839', '64047', '38478', '12043']"
"[17, 18]","[7, 20]","['31693', '46660', '70105', '21408', '2277']",2277,"['21408', '2277', '70105', '31693', '46660']"
"[3, 28]","[15, 21]","['55090', '12683', '8257', '42226', '7489']",7489,"['8257', '42226', '7489', '12683', '55090']"
"[3, 26]","[15, 21]","['49864', '34449', '72586', '32729', '13497']",13497,"['34449', '72586', '13497', '49864', '32729']"
"[3, 26]","[15, 21]","['32729', '72586', '1064', '9147', '3384']",3384,"['72586', '32729', '9147', '3384', '1064']"
"[0, 2]","[18, 25]","['60860', '54867', '63508', '43629', '62071']",62071,"['43629', '62071', '60860', '63508', '54867']"
"[3, 3]","[15, 21]","['10017', '994', '22487', '30004', '13497']",13497,"['13497', '994', '10017', '30004', '22487']"
"[7, 1]","[17, 5]","['8109', '17550', '53652', '12421', '72055']",72055,"['72055', '53652', '8109', '12421', '17550']"
"[17, 18]","[7, 3]","['46660', '21543', '66935', '66316', '64781']",64781,"['21543', '46660', '66935', '66316', '64781']"
"[0, 14]","[18, 25]","['1261', '75707', '39894', '37963', '62071']",62071,"['75707', '39894', '1261', '62071', '37963']"
"[0, 6]","[18, 23]","['49395', '25447', '41154', '43036', '72365']",72365,"['72365', '41154', '25447', '43036', '49395']"
"[15, 28]","[3, 17]","['67905', '38548', '10526', '23274', '54792']",54792,"['23274', '38548', '10526', '67905', '54792']"
"[17, 21]","[7, 1]","['40487', '9795', '78147', '62549', '17550']",17550,"['40487', '9795', '17550', '62549', '78147']"
"[17, 18]","[7, 1]","['66935', '21543', '66316', '51240', '10825']",10825,"['21543', '10825', '66935', '51240', '66316']"
"[17, 21]","[7, 1]","['69704', '40487', '78147', '62454', '10825']",10825,"['40487', '69704', '10825', '78147', '62454']"
"[3, 26]","[15, 21]","['19246', '9147', '72586', '18887', '7489']",7489,"['19246', '9147', '18887', '72586', '7489']"
"[17, 21]","[7, 22]","['62549', '78147', '69704', '62454', '40679']",40679,"['62454', '62549', '69704', '40679', '78147']"
"[0, 6]","[18, 23]","['43375', '75880', '49395', '59474', '15451']",15451,"['15451', '43375', '59474', '75880', '49395']"
"[15, 13]","[3, 12]","['24364', '53137', '20590', '42684', '1181']",1181,"['53137', '20590', '1181', '24364', '42684']"
"[0, 2]","[18, 25]","['48095', '62759', '44145', '70440', '25711']",25711,"['70440', '25711', '44145', '62759', '48095']"
"[0, 2]","[18, 25]","['44145', '67842', '67465', '9639', '3282']",3282,"['67842', '9639', '44145', '67465', '3282']"
"[7, 1]","[17, 18]","['53652', '16951', '12376', '17550', '31693']",31693,"['31693', '17550', '16951', '53652', '12376']"
"[7, 1]","[17, 21]","['12421', '12376', '3536', '17550', '78147']",78147,"['12376', '78147', '3536', '12421', '17550']"
"[7, 1]","[17, 21]","['10825', '53652', '12376', '3536', '78147']",78147,"['12376', '10825', '78147', '53652', '3536']"
"[3, 7]","[15, 17]","['19992', '37907', '4286', '30859', '60915']",60915,"['37907', '60915', '19992', '30859', '4286']"
"[0, 6]","[18, 23]","['25447', '75880', '43375', '59474', '6216']",6216,"['43375', '25447', '75880', '6216', '59474']"
"[3, 26]","[15, 28]","['72586', '18887', '50906', '32729', '23274']",23274,"['18887', '50906', '32729', '72586', '23274']"
"[0, 6]","[18, 23]","['25447', '43036', '49395', '75880', '42151']",42151,"['49395', '42151', '25447', '43036', '75880']"
"[0, 6]","[18, 23]","['43375', '75880', '43036', '59474', '72365']",72365,"['43375', '75880', '43036', '59474', '72365']"
"[3, 3]","[15, 13]","['22002', '22487', '10131', '994', '34763']",34763,"['994', '10131', '34763', '22002', '22487']"
"[0, 6]","[18, 23]","['43036', '43375', '41154', '25447', '6216']",6216,"['25447', '43375', '6216', '41154', '43036']"
"[0, 2]","[18, 23]","['9639', '45218', '70440', '27625', '5909']",5909,"['9639', '27625', '70440', '45218', '5909']"
"[3, 3]","[15, 21]","['994', '30004', '22002', '72700', '3384']",3384,"['3384', '22002', '994', '72700', '30004']"
"[17, 18]","[7, 20]","['31693', '6955', '66935', '21408', '54372']",54372,"['31693', '66935', '21408', '54372', '6955']"
"[0, 6]","[18, 23]","['75880', '43036', '49395', '25447', '26755']",26755,"['49395', '25447', '75880', '43036', '26755']"
"[3, 26]","[15, 13]","['32729', '34449', '49864', '19246', '34763']",34763,"['34763', '32729', '19246', '49864', '34449']"
"[3, 3]","[15, 28]","['994', '30004', '72700', '10131', '10526']",10526,"['30004', '72700', '994', '10526', '10131']"
"[0, 7]","[18, 23]","['10984', '66807', '15613', '65801', '78682']",78682,"['15613', '10984', '65801', '78682', '66807']"
"[0, 6]","[18, 23]","['25447', '75880', '49395', '59474', '64247']",64247,"['75880', '25447', '49395', '59474', '64247']"
"[7, 1]","[17, 5]","['17550', '12421', '53652', '8109', '7913']",7913,"['8109', '17550', '12421', '53652', '7913']"
"[15, 13]","[3, 4]","['24364', '34763', '42684', '20590', '35787']",35787,"['20590', '24364', '34763', '42684', '35787']"
"[3, 16]","[15, 21]","['56017', '11746', '63317', '177', '7489']",7489,"['11746', '7489', '177', '56017', '63317']"
"[0, 2]","[18, 23]","['80744', '28242', '32703', '63508', '6216']",6216,"['28242', '32703', '6216', '80744', '63508']"
"[3, 26]","[15, 17]","['32729', '18887', '19246', '72586', '60915']",60915,"['60915', '72586', '19246', '32729', '18887']"
"[3, 17]","[15, 17]","['64047', '12043', '38478', '54792', '47834']",47834,"['47834', '54792', '38478', '12043', '64047']"
"[3, 26]","[15, 13]","['50906', '18887', '19246', '49864', '53137']",53137,"['49864', '19246', '50906', '18887', '53137']"
"[7, 1]","[17, 5]","['8109', '53652', '17550', '3536', '72055']",72055,"['17550', '3536', '53652', '72055', '8109']"
"[3, 3]","[15, 17]","['10131', '10017', '22487', '994', '11908']",11908,"['10131', '22487', '11908', '10017', '994']"
"[18, 23]","[0, 6]","['72365', '64148', '25667', '37360', '75880']",75880,"['25667', '72365', '64148', '37360', '75880']"
"[7, 1]","[17, 5]","['53652', '12421', '8109', '10825', '72055']",72055,"['53652', '8109', '72055', '12421', '10825']"
"[0, 0]","[18, 23]","['14834', '78009', '8176', '28082', '64247']",64247,"['28082', '14834', '64247', '78009', '8176']"
"[0, 6]","[18, 25]","['75880', '43036', '59474', '25447', '4132']",4132,"['43036', '25447', '4132', '59474', '75880']"
"[3, 3]","[15, 28]","['72700', '10131', '10017', '994', '10526']",10526,"['10526', '72700', '10131', '994', '10017']"
"[15, 13]","[3, 26]","['20590', '24364', '34763', '68970', '1064']",1064,"['34763', '20590', '68970', '1064', '24364']"
"[3, 17]","[15, 13]","['38478', '53579', '64047', '33084', '25079']",25079,"['53579', '38478', '25079', '64047', '33084']"
"[17, 21]","[7, 1]","['78147', '69704', '40487', '62454', '8109']",8109,"['78147', '69704', '62454', '40487', '8109']"
"[0, 14]","[18, 23]","['37963', '17291', '42604', '80522', '26755']",26755,"['17291', '80522', '42604', '37963', '26755']"
"[7, 1]","[17, 18]","['17550', '10825', '16951', '53652', '31693']",31693,"['53652', '16951', '31693', '10825', '17550']"
"[17, 18]","[7, 22]","['31693', '70105', '21408', '51240', '40679']",40679,"['21408', '31693', '40679', '70105', '51240']"
"[17, 18]","[7, 3]","['70105', '6955', '21408', '66935', '61767']",61767,"['66935', '61767', '6955', '21408', '70105']"
"[18, 25]","[0, 2]","['62071', '73827', '3282', '25711', '63508']",63508,"['25711', '62071', '3282', '73827', '63508']"
"[17, 18]","[7, 1]","['51240', '21408', '66935', '21543', '8109']",8109,"['8109', '21408', '21543', '51240', '66935']"
"[0, 6]","[18, 23]","['75880', '49395', '25447', '43375', '64148']",64148,"['75880', '49395', '25447', '43375', '64148']"
"[7, 1]","[17, 21]","['53652', '10825', '17550', '12421', '62454']",62454,"['53652', '10825', '17550', '12421', '62454']"
"[0, 7]","[18, 23]","['15613', '10984', '66807', '72266', '40817']",40817,"['40817', '72266', '10984', '66807', '15613']"
"[0, 6]","[18, 23]","['25447', '75880', '49395', '43036', '15451']",15451,"['43036', '25447', '49395', '15451', '75880']"
"[7, 1]","[17, 5]","['17550', '8109', '10825', '53652', '33045']",33045,"['53652', '33045', '10825', '17550', '8109']"
"[17, 18]","[7, 3]","['66935', '21408', '66316', '70105', '52457']",52457,"['21408', '52457', '66935', '66316', '70105']"
"[7, 1]","[17, 18]","['53652', '8109', '12421', '10825', '6955']",6955,"['6955', '53652', '10825', '8109', '12421']"
"[18, 25]","[0, 6]","['62071', '3282', '4132', '25711', '59474']",59474,"['25711', '4132', '62071', '3282', '59474']"
"[15, 13]","[3, 4]","['25079', '34763', '24364', '42684', '20671']",20671,"['34763', '24364', '42684', '25079', '20671']"
"[0, 14]","[18, 23]","['1261', '17291', '80522', '37963', '61353']",61353,"['80522', '61353', '1261', '37963', '17291']"
"[17, 18]","[7, 20]","['6955', '46660', '51240', '31693', '2277']",2277,"['31693', '2277', '6955', '51240', '46660']"
"[0, 14]","[18, 23]","['75707', '80522', '17291', '1261', '26755']",26755,"['26755', '80522', '75707', '1261', '17291']"
"[3, 17]","[15, 13]","['54792', '12043', '33084', '53579', '34763']",34763,"['33084', '54792', '53579', '34763', '12043']"
"[17, 18]","[7, 22]","['70105', '6955', '21543', '66935', '79411']",79411,"['6955', '70105', '66935', '21543', '79411']"
"[7, 1]","[17, 5]","['3536', '12421', '8109', '10825', '7913']",7913,"['12421', '7913', '8109', '10825', '3536']"
"[3, 26]","[15, 28]","['72586', '18887', '9147', '34449', '3258']",3258,"['34449', '3258', '9147', '72586', '18887']"
"[0, 6]","[18, 25]","['43375', '49395', '25447', '43036', '62071']",62071,"['43036', '43375', '25447', '62071', '49395']"
"[15, 21]","[3, 26]","['3384', '20839', '7489', '13497', '34449']",34449,"['34449', '13497', '3384', '20839', '7489']"
"[0, 2]","[18, 25]","['32703', '62759', '44145', '60860', '4132']",4132,"['32703', '62759', '60860', '44145', '4132']"
"[18, 25]","[0, 2]","['73827', '3282', '4132', '62071', '59390']",59390,"['3282', '62071', '73827', '4132', '59390']"
"[18, 23]","[0, 14]","['40817', '12104', '5909', '67584', '17291']",17291,"['17291', '40817', '12104', '67584', '5909']"
"[0, 7]","[18, 23]","['10984', '72266', '66807', '15613', '78682']",78682,"['78682', '72266', '66807', '15613', '10984']"
"[3, 17]","[15, 17]","['33084', '38478', '64047', '12043', '11908']",11908,"['33084', '12043', '38478', '64047', '11908']"
"[7, 1]","[17, 18]","['12376', '3536', '17550', '12421', '21408']",21408,"['21408', '17550', '3536', '12376', '12421']"
"[0, 14]","[18, 23]","['37963', '75707', '1261', '39894', '67584']",67584,"['67584', '75707', '39894', '1261', '37963']"
"[7, 1]","[17, 5]","['10825', '3536', '53652', '17550', '33045']",33045,"['3536', '53652', '17550', '33045', '10825']"
"[15, 28]","[3, 17]","['3258', '67905', '10526', '23274', '33084']",33084,"['10526', '3258', '67905', '33084', '23274']"
"[17, 18]","[7, 20]","['31693', '21543', '66935', '51240', '2425']",2425,"['51240', '66935', '31693', '21543', '2425']"
"[15, 13]","[3, 16]","['53137', '42684', '68970', '34763', '56017']",56017,"['42684', '68970', '34763', '56017', '53137']"
"[3, 17]","[15, 28]","['12043', '33084', '38478', '53579', '67905']",67905,"['38478', '53579', '67905', '12043', '33084']"
"[3, 16]","[15, 13]","['177', '59100', '11746', '56017', '20590']",20590,"['59100', '11746', '56017', '177', '20590']"
"[0, 14]","[18, 23]","['42604', '37963', '75707', '17291', '78682']",78682,"['37963', '42604', '78682', '75707', '17291']"
"[7, 1]","[17, 5]","['53652', '17550', '8109', '3536', '33045']",33045,"['33045', '8109', '53652', '3536', '17550']"
"[3, 3]","[15, 28]","['994', '22487', '10017', '22002', '23274']",23274,"['10017', '994', '23274', '22487', '22002']"
"[18, 23]","[0, 0]","['12104', '10433', '15451', '26755', '78009']",78009,"['26755', '15451', '78009', '12104', '10433']"
"[15, 13]","[3, 3]","['24364', '20590', '34763', '53137', '994']",994,"['34763', '53137', '994', '20590', '24364']"
"[0, 2]","[18, 23]","['27625', '80744', '67842', '59390', '61353']",61353,"['80744', '67842', '27625', '59390', '61353']"
"[17, 18]","[7, 22]","['46660', '51240', '66935', '66316', '79411']",79411,"['46660', '66935', '51240', '66316', '79411']"
"[15, 28]","[3, 28]","['3258', '38548', '23274', '67905', '8257']",8257,"['67905', '38548', '8257', '3258', '23274']"
"[18, 25]","[0, 14]","['3282', '25711', '62071', '73827', '75707']",75707,"['62071', '25711', '75707', '73827', '3282']"
"[15, 28]","[3, 26]","['10526', '23274', '38548', '67905', '34449']",34449,"['10526', '34449', '38548', '23274', '67905']"
"[0, 14]","[18, 23]","['42604', '1261', '39894', '75707', '26755']",26755,"['1261', '39894', '42604', '75707', '26755']"
"[3, 26]","[15, 17]","['11033', '19246', '32729', '9147', '1225']",1225,"['1225', '32729', '19246', '9147', '11033']"
"[0, 2]","[18, 25]","['70440', '44125', '67842', '45218', '25711']",25711,"['67842', '25711', '70440', '44125', '45218']"
"[15, 13]","[3, 16]","['34763', '53137', '68970', '25079', '177']",177,"['177', '53137', '68970', '34763', '25079']"
"[0, 14]","[18, 25]","['37963', '17291', '75707', '1261', '73827']",73827,"['17291', '73827', '37963', '75707', '1261']"
"[3, 26]","[15, 28]","['19246', '32729', '34449', '49864', '38548']",38548,"['32729', '38548', '19246', '34449', '49864']"
"[0, 2]","[18, 23]","['60860', '43629', '9836', '28242', '72978']",72978,"['72978', '43629', '9836', '28242', '60860']"
"[17, 18]","[7, 22]","['31693', '66316', '70105', '21408', '31113']",31113,"['31113', '66316', '31693', '70105', '21408']"
"[15, 13]","[3, 26]","['68970', '53137', '25079', '20590', '32729']",32729,"['20590', '53137', '25079', '32729', '68970']"
"[15, 13]","[3, 5]","['34763', '53137', '24364', '68970', '74226']",74226,"['24364', '34763', '68970', '74226', '53137']"
"[17, 18]","[7, 1]","['21408', '6955', '46660', '70105', '3536']",3536,"['3536', '21408', '6955', '46660', '70105']"
"[18, 25]","[0, 14]","['3282', '62071', '4132', '73827', '37963']",37963,"['3282', '4132', '73827', '37963', '62071']"
"[3, 7]","[15, 28]","['4286', '19796', '73164', '37907', '67905']",67905,"['73164', '67905', '19796', '4286', '37907']"
"[3, 7]","[15, 28]","['73164', '30859', '19992', '37907', '38548']",38548,"['19992', '30859', '73164', '37907', '38548']"
"[7, 1]","[17, 21]","['53652', '17550', '10825', '3536', '62454']",62454,"['62454', '10825', '17550', '3536', '53652']"
"[18, 23]","[0, 2]","['59794', '61353', '72978', '48306', '60860']",60860,"['60860', '72978', '61353', '48306', '59794']"
"[0, 14]","[18, 23]","['42604', '80522', '1261', '37963', '10433']",10433,"['42604', '10433', '37963', '1261', '80522']"
"[0, 6]","[18, 23]","['43036', '25447', '49395', '41154', '42151']",42151,"['49395', '42151', '25447', '43036', '41154']"
"[18, 23]","[0, 7]","['64148', '72978', '65195', '15451', '66807']",66807,"['64148', '66807', '72978', '65195', '15451']"
"[17, 21]","[7, 1]","['69704', '62549', '78147', '62454', '16951']",16951,"['16951', '78147', '62549', '69704', '62454']"
"[3, 3]","[15, 21]","['994', '10017', '10131', '30004', '13497']",13497,"['30004', '994', '10131', '10017', '13497']"
"[3, 26]","[15, 17]","['68096', '50906', '34449', '40031', '60915']",60915,"['34449', '40031', '50906', '60915', '68096']"
"[0, 14]","[18, 23]","['37963', '1261', '80522', '42604', '20502']",20502,"['37963', '42604', '1261', '80522', '20502']"
"[3, 17]","[15, 21]","['12043', '64047', '53579', '33084', '7489']",7489,"['33084', '64047', '12043', '7489', '53579']"
"[17, 21]","[7, 22]","['9795', '62549', '78147', '69704', '79411']",79411,"['62549', '78147', '9795', '69704', '79411']"
"[17, 21]","[7, 3]","['78147', '62549', '69704', '9795', '61767']",61767,"['69704', '62549', '78147', '61767', '9795']"
"[18, 23]","[0, 6]","['72365', '64247', '65195', '59794', '75880']",75880,"['72365', '65195', '59794', '75880', '64247']"
"[17, 21]","[7, 22]","['9795', '69704', '40487', '78147', '23132']",23132,"['23132', '69704', '40487', '78147', '9795']"
"[17, 21]","[7, 20]","['62454', '69704', '40487', '9795', '2277']",2277,"['69704', '40487', '9795', '2277', '62454']"
"[15, 13]","[3, 5]","['34763', '42684', '20590', '25079', '74226']",74226,"['25079', '74226', '42684', '20590', '34763']"
"[0, 14]","[18, 23]","['75707', '17291', '1261', '42604', '48306']",48306,"['42604', '17291', '1261', '48306', '75707']"
"[18, 25]","[0, 6]","['62071', '25711', '3282', '73827', '43375']",43375,"['25711', '3282', '73827', '43375', '62071']"
"[0, 2]","[18, 23]","['66847', '63508', '45218', '59390', '64148']",64148,"['66847', '64148', '45218', '63508', '59390']"
"[15, 28]","[3, 26]","['23274', '3258', '10526', '38548', '34449']",34449,"['38548', '3258', '10526', '23274', '34449']"
"[0, 14]","[18, 23]","['17291', '80522', '39894', '42604', '32105']",32105,"['39894', '32105', '17291', '80522', '42604']"
"[17, 21]","[7, 20]","['62549', '40487', '62454', '9795', '55305']",55305,"['9795', '55305', '40487', '62454', '62549']"
"[3, 26]","[15, 13]","['18887', '11033', '49864', '9147', '53137']",53137,"['9147', '11033', '49864', '53137', '18887']"
"[15, 13]","[3, 7]","['53137', '68970', '24364', '34763', '19796']",19796,"['53137', '68970', '24364', '19796', '34763']"
"[18, 23]","[0, 14]","['37360', '61353', '64247', '14167', '1261']",1261,"['64247', '1261', '61353', '14167', '37360']"
"[3, 26]","[15, 28]","['32729', '40031', '18887', '72586', '38548']",38548,"['32729', '72586', '18887', '38548', '40031']"
"[0, 14]","[18, 23]","['80522', '37963', '75707', '42604', '26052']",26052,"['80522', '75707', '26052', '42604', '37963']"
"[3, 3]","[15, 17]","['30004', '994', '22002', '72700', '11908']",11908,"['22002', '994', '11908', '30004', '72700']"
"[3, 17]","[15, 13]","['64047', '53579', '12043', '33084', '24364']",24364,"['53579', '33084', '12043', '24364', '64047']"
"[18, 23]","[0, 7]","['64148', '14167', '64247', '25667', '65801']",65801,"['25667', '14167', '64148', '65801', '64247']"
"[18, 23]","[0, 6]","['64247', '64148', '40817', '72978', '59474']",59474,"['59474', '64247', '64148', '72978', '40817']"
"[17, 18]","[7, 20]","['51240', '31693', '21408', '21543', '55305']",55305,"['55305', '51240', '21543', '21408', '31693']"
"[17, 18]","[7, 1]","['21543', '46660', '51240', '6955', '8109']",8109,"['8109', '21543', '51240', '46660', '6955']"
"[17, 18]","[7, 3]","['21543', '66316', '6955', '51240', '61767']",61767,"['21543', '51240', '61767', '6955', '66316']"
"[17, 18]","[7, 20]","['66316', '46660', '70105', '6955', '2425']",2425,"['2425', '46660', '70105', '6955', '66316']"
"[3, 3]","[15, 13]","['10131', '994', '10017', '22487', '24364']",24364,"['22487', '10131', '10017', '994', '24364']"
"[3, 17]","[15, 17]","['38478', '12043', '53579', '33084', '60915']",60915,"['60915', '53579', '33084', '38478', '12043']"
"[3, 28]","[15, 17]","['12683', '8257', '42226', '73823', '47834']",47834,"['12683', '8257', '73823', '47834', '42226']"
"[0, 7]","[18, 23]","['65801', '72266', '15613', '66807', '15451']",15451,"['15613', '15451', '65801', '66807', '72266']"
"[0, 14]","[18, 25]","['17291', '42604', '75707', '39894', '3282']",3282,"['75707', '39894', '42604', '3282', '17291']"
"[3, 3]","[15, 21]","['22002', '22487', '10131', '10017', '20839']",20839,"['22002', '10017', '10131', '22487', '20839']"
"[15, 17]","[3, 7]","['47834', '60915', '1225', '11908', '19796']",19796,"['19796', '11908', '1225', '60915', '47834']"
"[17, 18]","[7, 20]","['66316', '66935', '21408', '31693', '54372']",54372,"['54372', '21408', '31693', '66316', '66935']"
"[0, 2]","[18, 25]","['44125', '59390', '51831', '67465', '25711']",25711,"['67465', '51831', '59390', '25711', '44125']"
"[3, 3]","[15, 17]","['72700', '10131', '30004', '22487', '11908']",11908,"['22487', '11908', '72700', '30004', '10131']"
"[7, 1]","[17, 18]","['12421', '53652', '3536', '12376', '70105']",70105,"['53652', '12421', '12376', '3536', '70105']"
"[15, 28]","[3, 26]","['67905', '38548', '3258', '23274', '32729']",32729,"['32729', '67905', '38548', '3258', '23274']"
"[17, 18]","[7, 1]","['21408', '70105', '51240', '31693', '3536']",3536,"['21408', '70105', '51240', '31693', '3536']"
"[3, 26]","[15, 21]","['68096', '18887', '50906', '19246', '7489']",7489,"['7489', '50906', '19246', '68096', '18887']"
"[3, 7]","[15, 21]","['4286', '30859', '73164', '19796', '3384']",3384,"['19796', '4286', '30859', '3384', '73164']"
"[3, 7]","[15, 28]","['37907', '4286', '73164', '30859', '10526']",10526,"['30859', '73164', '10526', '37907', '4286']"
"[17, 21]","[7, 22]","['62454', '62549', '69704', '78147', '23132']",23132,"['62549', '62454', '23132', '78147', '69704']"
"[18, 25]","[0, 24]","['73827', '3282', '25711', '62071', '74418']",74418,"['3282', '25711', '74418', '73827', '62071']"
"[7, 1]","[17, 5]","['10825', '3536', '8109', '16951', '7913']",7913,"['7913', '3536', '8109', '10825', '16951']"
"[3, 3]","[15, 13]","['10017', '994', '10131', '72700', '24364']",24364,"['72700', '994', '10131', '24364', '10017']"
"[7, 1]","[17, 18]","['8109', '16951', '12421', '53652', '6955']",6955,"['53652', '6955', '16951', '12421', '8109']"
"[7, 1]","[17, 5]","['3536', '17550', '16951', '53652', '7913']",7913,"['17550', '3536', '16951', '7913', '53652']"
"[0, 6]","[18, 25]","['43375', '43036', '75880', '41154', '73827']",73827,"['43036', '75880', '43375', '41154', '73827']"
"[3, 3]","[15, 17]","['10017', '994', '10131', '72700', '47834']",47834,"['10017', '994', '47834', '10131', '72700']"
"[17, 21]","[7, 1]","['62549', '62454', '69704', '78147', '17550']",17550,"['17550', '69704', '62454', '62549', '78147']"
"[18, 23]","[0, 24]","['72978', '42151', '26755', '32105', '37989']",37989,"['32105', '37989', '42151', '72978', '26755']"
"[17, 21]","[7, 22]","['9795', '62454', '78147', '62549', '31113']",31113,"['31113', '62549', '9795', '78147', '62454']"
"[17, 18]","[7, 20]","['66935', '21408', '66316', '21543', '2425']",2425,"['66316', '2425', '21543', '21408', '66935']"
"[3, 26]","[15, 17]","['11033', '40031', '49864', '19246', '11908']",11908,"['19246', '49864', '11908', '40031', '11033']"
"[18, 23]","[0, 7]","['40817', '67584', '10433', '32105', '65801']",65801,"['10433', '32105', '65801', '67584', '40817']"
"[3, 3]","[15, 21]","['10017', '30004', '22487', '22002', '20839']",20839,"['20839', '22487', '22002', '30004', '10017']"
"[17, 21]","[7, 3]","['78147', '69704', '62549', '62454', '75828']",75828,"['62549', '75828', '78147', '69704', '62454']"
"[3, 26]","[15, 21]","['18887', '49864', '72586', '19246', '3384']",3384,"['72586', '3384', '19246', '18887', '49864']"
"[3, 26]","[15, 13]","['32729', '68096', '72586', '11033', '68970']",68970,"['68096', '72586', '32729', '68970', '11033']"
"[7, 1]","[17, 21]","['10825', '12421', '16951', '8109', '9795']",9795,"['16951', '12421', '8109', '10825', '9795']"
"[17, 18]","[7, 22]","['6955', '21408', '31693', '46660', '40679']",40679,"['6955', '46660', '40679', '21408', '31693']"
"[17, 21]","[7, 20]","['9795', '40487', '69704', '62549', '55305']",55305,"['69704', '62549', '9795', '55305', '40487']"
"[0, 2]","[18, 25]","['32703', '9836', '48095', '60860', '73827']",73827,"['9836', '32703', '73827', '48095', '60860']"
"[3, 7]","[15, 13]","['19796', '30859', '73164', '19992', '20590']",20590,"['20590', '30859', '73164', '19992', '19796']"
"[17, 21]","[7, 22]","['9795', '78147', '62454', '62549', '40679']",40679,"['9795', '40679', '62454', '78147', '62549']"
"[3, 7]","[15, 13]","['4286', '19796', '73164', '37907', '42684']",42684,"['37907', '19796', '4286', '73164', '42684']"
"[0, 2]","[18, 23]","['43995', '44145', '9836', '44125', '26052']",26052,"['26052', '43995', '44125', '9836', '44145']"
"[15, 13]","[3, 26]","['42684', '25079', '24364', '53137', '1064']",1064,"['25079', '53137', '24364', '42684', '1064']"
"[0, 2]","[18, 23]","['59390', '28242', '67465', '62759', '72365']",72365,"['67465', '62759', '72365', '59390', '28242']"
"[3, 26]","[15, 21]","['50906', '32729', '11033', '9147', '13497']",13497,"['32729', '13497', '50906', '9147', '11033']"
"[3, 28]","[15, 13]","['8257', '42226', '12683', '55090', '20590']",20590,"['8257', '20590', '55090', '12683', '42226']"
"[0, 6]","[18, 25]","['41154', '43375', '43036', '75880', '3282']",3282,"['3282', '41154', '75880', '43036', '43375']"
"[3, 26]","[15, 28]","['34449', '11033', '50906', '40031', '23274']",23274,"['40031', '11033', '23274', '50906', '34449']"
"[3, 21]","[15, 17]","['42206', '57272', '47060', '53064', '47834']",47834,"['57272', '47834', '42206', '47060', '53064']"
"[3, 26]","[15, 28]","['72586', '40031', '18887', '50906', '23274']",23274,"['50906', '72586', '23274', '18887', '40031']"
"[3, 3]","[15, 17]","['10017', '30004', '994', '22487', '60915']",60915,"['60915', '10017', '22487', '994', '30004']"
"[18, 23]","[0, 24]","['65195', '72978', '12104', '5909', '37989']",37989,"['72978', '5909', '12104', '65195', '37989']"
"[15, 28]","[3, 4]","['23274', '67905', '3258', '10526', '9383']",9383,"['3258', '9383', '23274', '10526', '67905']"
"[0, 2]","[18, 23]","['27625', '43995', '44125', '62759', '65195']",65195,"['27625', '44125', '62759', '43995', '65195']"
"[3, 26]","[15, 28]","['40031', '18887', '50906', '49864', '10526']",10526,"['40031', '49864', '18887', '50906', '10526']"
"[3, 7]","[15, 21]","['37907', '4286', '30859', '19992', '3384']",3384,"['37907', '3384', '19992', '4286', '30859']"
"[3, 7]","[15, 17]","['73164', '4286', '19992', '19796', '1225']",1225,"['19796', '73164', '19992', '4286', '1225']"
"[15, 13]","[3, 12]","['34763', '20590', '68970', '42684', '1181']",1181,"['42684', '68970', '20590', '1181', '34763']"
"[3, 7]","[15, 21]","['19992', '19796', '37907', '4286', '20839']",20839,"['19992', '20839', '19796', '37907', '4286']"
"[3, 26]","[15, 28]","['40031', '68096', '49864', '11033', '23274']",23274,"['11033', '49864', '40031', '68096', '23274']"
"[17, 18]","[7, 22]","['66935', '51240', '21543', '21408', '23132']",23132,"['66935', '23132', '21408', '21543', '51240']"
"[18, 25]","[0, 6]","['25711', '4132', '3282', '73827', '25447']",25447,"['3282', '73827', '4132', '25711', '25447']"
"[0, 14]","[18, 23]","['17291', '75707', '1261', '39894', '6216']",6216,"['39894', '6216', '17291', '1261', '75707']"
"[15, 28]","[3, 3]","['3258', '67905', '23274', '10526', '72700']",72700,"['10526', '3258', '72700', '23274', '67905']"
"[3, 26]","[15, 13]","['19246', '18887', '11033', '50906', '53137']",53137,"['18887', '11033', '50906', '53137', '19246']"
"[0, 2]","[18, 25]","['45218', '63508', '62759', '54867', '25711']",25711,"['54867', '45218', '25711', '63508', '62759']"
"[18, 23]","[0, 14]","['78682', '72978', '12104', '64148', '17291']",17291,"['72978', '12104', '78682', '64148', '17291']"
"[15, 13]","[3, 17]","['24364', '53137', '25079', '20590', '12043']",12043,"['53137', '12043', '24364', '20590', '25079']"
"[15, 13]","[3, 7]","['24364', '34763', '20590', '42684', '19992']",19992,"['34763', '42684', '20590', '19992', '24364']"
"[18, 23]","[0, 6]","['64247', '12104', '5909', '48306', '43036']",43036,"['48306', '5909', '64247', '12104', '43036']"
"[3, 17]","[15, 28]","['64047', '54792', '12043', '53579', '3258']",3258,"['53579', '12043', '64047', '54792', '3258']"
"[17, 18]","[7, 20]","['70105', '21543', '21408', '66935', '55305']",55305,"['21408', '55305', '66935', '70105', '21543']"
"[17, 18]","[7, 3]","['21408', '66935', '6955', '51240', '52457']",52457,"['21408', '66935', '52457', '6955', '51240']"
"[0, 2]","[18, 25]","['66847', '32703', '44145', '67465', '73827']",73827,"['73827', '67465', '66847', '44145', '32703']"
"[3, 7]","[15, 28]","['30859', '19796', '73164', '4286', '67905']",67905,"['73164', '67905', '19796', '30859', '4286']"
"[15, 13]","[3, 16]","['24364', '68970', '25079', '34763', '11746']",11746,"['24364', '25079', '11746', '68970', '34763']"
"[0, 14]","[18, 23]","['80522', '75707', '42604', '17291', '65195']",65195,"['42604', '80522', '75707', '17291', '65195']"
"[18, 23]","[0, 24]","['78682', '72978', '64247', '59794', '37989']",37989,"['37989', '59794', '64247', '78682', '72978']"
"[18, 23]","[0, 6]","['65195', '48306', '64148', '61353', '25447']",25447,"['25447', '61353', '48306', '65195', '64148']"
"[18, 23]","[0, 6]","['40817', '64247', '15451', '64148', '41154']",41154,"['64247', '40817', '64148', '41154', '15451']"
"[17, 18]","[7, 20]","['66316', '21543', '70105', '66935', '54372']",54372,"['66935', '21543', '66316', '54372', '70105']"
"[3, 17]","[15, 28]","['33084', '53579', '64047', '12043', '38548']",38548,"['33084', '12043', '64047', '38548', '53579']"
"[0, 6]","[18, 25]","['75880', '43036', '59474', '49395', '3282']",3282,"['59474', '43036', '75880', '3282', '49395']"
"[3, 7]","[15, 21]","['37907', '19796', '73164', '30859', '7489']",7489,"['19796', '37907', '73164', '30859', '7489']"
"[17, 21]","[7, 3]","['9795', '62454', '62549', '69704', '52457']",52457,"['52457', '62549', '9795', '62454', '69704']"
"[7, 1]","[17, 18]","['16951', '10825', '3536', '8109', '31693']",31693,"['3536', '10825', '8109', '31693', '16951']"
"[17, 18]","[7, 3]","['21543', '6955', '46660', '66935', '61767']",61767,"['46660', '61767', '66935', '6955', '21543']"
"[7, 1]","[17, 18]","['16951', '12421', '17550', '3536', '46660']",46660,"['16951', '17550', '3536', '12421', '46660']"
"[18, 25]","[0, 2]","['4132', '62071', '3282', '73827', '28242']",28242,"['4132', '73827', '28242', '62071', '3282']"
"[3, 21]","[15, 13]","['14038', '57272', '42206', '47060', '25079']",25079,"['42206', '57272', '47060', '14038', '25079']"
"[15, 13]","[3, 4]","['34763', '24364', '42684', '25079', '35787']",35787,"['25079', '35787', '34763', '42684', '24364']"
"[18, 23]","[0, 2]","['15451', '5909', '20502', '72365', '9836']",9836,"['5909', '20502', '15451', '9836', '72365']"
"[3, 21]","[15, 13]","['42206', '14038', '47060', '57272', '34763']",34763,"['14038', '47060', '42206', '57272', '34763']"
"[3, 28]","[15, 21]","['42226', '73823', '55090', '12683', '13497']",13497,"['42226', '55090', '13497', '73823', '12683']"
"[3, 26]","[15, 17]","['50906', '11033', '18887', '19246', '11908']",11908,"['50906', '11033', '19246', '11908', '18887']"
"[15, 28]","[3, 4]","['3258', '10526', '38548', '23274', '11039']",11039,"['11039', '10526', '38548', '23274', '3258']"
"[0, 14]","[18, 25]","['75707', '37963', '39894', '80522', '4132']",4132,"['4132', '80522', '75707', '37963', '39894']"
"[17, 18]","[7, 20]","['66316', '6955', '46660', '51240', '2277']",2277,"['51240', '46660', '66316', '2277', '6955']"
"[15, 28]","[3, 26]","['10526', '23274', '38548', '67905', '68096']",68096,"['23274', '38548', '68096', '10526', '67905']"
"[7, 1]","[17, 18]","['12376', '12421', '16951', '8109', '46660']",46660,"['12421', '12376', '8109', '16951', '46660']"
"[15, 13]","[3, 3]","['20590', '24364', '68970', '34763', '72700']",72700,"['68970', '72700', '24364', '34763', '20590']"
"[3, 26]","[15, 17]","['18887', '1064', '40031', '32729', '1225']",1225,"['40031', '1225', '1064', '18887', '32729']"
"[3, 26]","[15, 17]","['11033', '18887', '19246', '40031', '60915']",60915,"['40031', '19246', '60915', '11033', '18887']"
"[18, 23]","[0, 24]","['48306', '59794', '26755', '64148', '31926']",31926,"['64148', '26755', '48306', '59794', '31926']"
"[0, 6]","[18, 23]","['75880', '41154', '25447', '43375', '67584']",67584,"['25447', '75880', '41154', '67584', '43375']"
"[3, 3]","[15, 21]","['994', '72700', '10017', '22487', '7489']",7489,"['994', '10017', '22487', '72700', '7489']"
"[17, 21]","[7, 3]","['62549', '78147', '9795', '62454', '64781']",64781,"['9795', '62549', '62454', '78147', '64781']"
"[0, 6]","[18, 23]","['49395', '59474', '43036', '41154', '72365']",72365,"['43036', '49395', '59474', '72365', '41154']"
"[18, 23]","[0, 6]","['72978', '48306', '20502', '32105', '43036']",43036,"['20502', '43036', '32105', '72978', '48306']"
"[0, 2]","[18, 23]","['9639', '44145', '63508', '70440', '72365']",72365,"['72365', '63508', '44145', '9639', '70440']"
"[15, 28]","[3, 21]","['3258', '23274', '67905', '38548', '47060']",47060,"['47060', '38548', '67905', '3258', '23274']"
"[17, 18]","[7, 22]","['70105', '66935', '46660', '21408', '31113']",31113,"['21408', '46660', '31113', '70105', '66935']"
"[15, 13]","[3, 17]","['25079', '24364', '20590', '53137', '33084']",33084,"['20590', '24364', '25079', '53137', '33084']"
"[17, 18]","[7, 1]","['31693', '66935', '51240', '21543', '3536']",3536,"['3536', '66935', '31693', '51240', '21543']"
"[15, 28]","[3, 21]","['3258', '38548', '23274', '10526', '42206']",42206,"['3258', '38548', '42206', '23274', '10526']"
"[0, 2]","[18, 23]","['51831', '43995', '63508', '44125', '61353']",61353,"['61353', '63508', '51831', '43995', '44125']"
"[15, 28]","[3, 12]","['67905', '3258', '23274', '10526', '1181']",1181,"['10526', '3258', '67905', '1181', '23274']"
"[0, 2]","[18, 23]","['32703', '45218', '54867', '44145', '64247']",64247,"['54867', '44145', '32703', '64247', '45218']"
"[18, 23]","[0, 24]","['72365', '42151', '26755', '72978', '74418']",74418,"['42151', '26755', '74418', '72365', '72978']"
"[15, 13]","[3, 7]","['24364', '53137', '25079', '68970', '19796']",19796,"['19796', '24364', '25079', '53137', '68970']"
"[0, 6]","[18, 25]","['43036', '75880', '49395', '41154', '25711']",25711,"['41154', '49395', '43036', '75880', '25711']"
"[3, 28]","[15, 13]","['55090', '42226', '8257', '73823', '34763']",34763,"['73823', '34763', '42226', '55090', '8257']"
"[17, 18]","[7, 1]","['21408', '46660', '66935', '21543', '17550']",17550,"['17550', '46660', '21543', '21408', '66935']"
"[0, 7]","[18, 23]","['65801', '72266', '15613', '66807', '20502']",20502,"['72266', '65801', '66807', '20502', '15613']"
"[0, 2]","[18, 25]","['80744', '60860', '45218', '44125', '3282']",3282,"['60860', '80744', '3282', '45218', '44125']"
"[0, 6]","[18, 25]","['49395', '43036', '41154', '59474', '3282']",3282,"['3282', '49395', '41154', '43036', '59474']"
"[18, 23]","[0, 6]","['59794', '10433', '48306', '6216', '75880']",75880,"['75880', '10433', '59794', '48306', '6216']"
"[3, 26]","[15, 28]","['68096', '49864', '1064', '72586', '38548']",38548,"['72586', '68096', '38548', '49864', '1064']"
"[15, 13]","[3, 4]","['34763', '25079', '42684', '68970', '35787']",35787,"['35787', '42684', '68970', '25079', '34763']"
"[3, 26]","[15, 21]","['11033', '49864', '40031', '18887', '13497']",13497,"['40031', '11033', '49864', '13497', '18887']"
"[3, 26]","[15, 17]","['49864', '11033', '68096', '34449', '11908']",11908,"['68096', '34449', '49864', '11908', '11033']"
"[0, 14]","[18, 23]","['42604', '75707', '1261', '37963', '67584']",67584,"['37963', '1261', '42604', '67584', '75707']"
"[3, 26]","[15, 21]","['68096', '19246', '40031', '1064', '3384']",3384,"['3384', '19246', '40031', '1064', '68096']"
"[0, 2]","[18, 25]","['9836', '70440', '45218', '67842', '3282']",3282,"['45218', '70440', '3282', '67842', '9836']"
"[0, 2]","[18, 25]","['45218', '44125', '67842', '9639', '73827']",73827,"['44125', '73827', '45218', '67842', '9639']"
"[3, 28]","[15, 17]","['55090', '42226', '73823', '8257', '60915']",60915,"['55090', '42226', '73823', '60915', '8257']"
"[3, 26]","[15, 28]","['1064', '32729', '72586', '40031', '67905']",67905,"['1064', '40031', '32729', '72586', '67905']"
"[0, 7]","[18, 23]","['66807', '65801', '15613', '72266', '72978']",72978,"['72978', '15613', '72266', '65801', '66807']"
"[7, 1]","[17, 21]","['8109', '53652', '12376', '3536', '62549']",62549,"['53652', '3536', '12376', '8109', '62549']"
"[15, 13]","[3, 7]","['68970', '20590', '24364', '34763', '73164']",73164,"['68970', '34763', '20590', '73164', '24364']"
"[17, 18]","[7, 3]","['51240', '6955', '21408', '66935', '75828']",75828,"['6955', '75828', '21408', '51240', '66935']"
"[0, 14]","[18, 23]","['39894', '80522', '17291', '75707', '26052']",26052,"['26052', '80522', '39894', '17291', '75707']"
"[18, 25]","[0, 2]","['62071', '73827', '3282', '4132', '67842']",67842,"['73827', '62071', '67842', '4132', '3282']"
"[3, 3]","[15, 21]","['994', '10017', '72700', '30004', '20839']",20839,"['10017', '72700', '994', '20839', '30004']"
"[3, 3]","[15, 17]","['72700', '10017', '22002', '30004', '1225']",1225,"['22002', '30004', '1225', '10017', '72700']"
"[3, 26]","[15, 17]","['32729', '9147', '50906', '11033', '1225']",1225,"['9147', '50906', '1225', '11033', '32729']"
"[3, 3]","[15, 17]","['22487', '994', '22002', '10131', '1225']",1225,"['1225', '10131', '994', '22487', '22002']"
"[0, 14]","[18, 23]","['80522', '42604', '17291', '75707', '61353']",61353,"['42604', '61353', '75707', '17291', '80522']"
"[15, 21]","[3, 21]","['13497', '3384', '20839', '7489', '42206']",42206,"['42206', '3384', '20839', '13497', '7489']"
"[18, 23]","[0, 7]","['20502', '48306', '10433', '61353', '65801']",65801,"['48306', '61353', '65801', '20502', '10433']"
"[17, 18]","[7, 22]","['21408', '51240', '70105', '31693', '79411']",79411,"['79411', '21408', '70105', '51240', '31693']"
"[3, 26]","[15, 13]","['40031', '1064', '50906', '9147', '25079']",25079,"['40031', '50906', '1064', '25079', '9147']"
"[0, 7]","[18, 23]","['65801', '15613', '10984', '66807', '67584']",67584,"['10984', '15613', '66807', '65801', '67584']"
"[3, 26]","[15, 28]","['9147', '34449', '11033', '68096', '67905']",67905,"['11033', '67905', '9147', '34449', '68096']"
"[17, 21]","[7, 3]","['40487', '9795', '62549', '62454', '61767']",61767,"['62454', '62549', '40487', '61767', '9795']"
"[0, 7]","[18, 23]","['10984', '66807', '15613', '72266', '25667']",25667,"['66807', '15613', '72266', '25667', '10984']"
"[0, 2]","[18, 25]","['70440', '28242', '80744', '43995', '62071']",62071,"['62071', '43995', '70440', '80744', '28242']"
"[0, 7]","[18, 23]","['65801', '10984', '66807', '15613', '72365']",72365,"['72365', '15613', '66807', '10984', '65801']"
"[3, 7]","[15, 13]","['30859', '4286', '19992', '19796', '68970']",68970,"['19796', '30859', '19992', '4286', '68970']"
"[17, 18]","[7, 1]","['6955', '66935', '46660', '31693', '16951']",16951,"['66935', '16951', '6955', '46660', '31693']"
"[0, 6]","[18, 23]","['43375', '43036', '25447', '75880', '14167']",14167,"['43375', '14167', '43036', '25447', '75880']"
"[18, 23]","[0, 7]","['65195', '59794', '26755', '72365', '65801']",65801,"['72365', '26755', '59794', '65195', '65801']"
"[18, 25]","[0, 14]","['3282', '4132', '73827', '62071', '39894']",39894,"['39894', '4132', '73827', '3282', '62071']"
"[15, 13]","[3, 16]","['34763', '25079', '68970', '42684', '59100']",59100,"['34763', '59100', '42684', '25079', '68970']"
"[3, 7]","[15, 17]","['4286', '30859', '73164', '37907', '60915']",60915,"['60915', '37907', '73164', '4286', '30859']"
"[0, 6]","[18, 23]","['59474', '43036', '25447', '75880', '61353']",61353,"['75880', '59474', '43036', '25447', '61353']"
"[3, 17]","[15, 28]","['64047', '38478', '53579', '33084', '10526']",10526,"['38478', '53579', '33084', '64047', '10526']"
"[7, 1]","[17, 18]","['17550', '12376', '53652', '10825', '51240']",51240,"['51240', '10825', '53652', '17550', '12376']"
"[0, 14]","[18, 25]","['75707', '42604', '37963', '39894', '62071']",62071,"['37963', '75707', '62071', '39894', '42604']"
"[3, 17]","[15, 13]","['64047', '33084', '54792', '53579', '24364']",24364,"['54792', '24364', '53579', '33084', '64047']"
"[0, 14]","[18, 23]","['42604', '37963', '75707', '39894', '78682']",78682,"['75707', '42604', '39894', '37963', '78682']"
"[7, 1]","[17, 5]","['12376', '12421', '3536', '53652', '33045']",33045,"['53652', '12376', '12421', '33045', '3536']"
"[0, 6]","[18, 25]","['43036', '59474', '41154', '43375', '3282']",3282,"['43036', '43375', '41154', '59474', '3282']"
"[15, 13]","[3, 3]","['68970', '25079', '34763', '42684', '10017']",10017,"['42684', '34763', '10017', '68970', '25079']"
"[15, 13]","[3, 21]","['24364', '25079', '53137', '34763', '47060']",47060,"['53137', '34763', '25079', '47060', '24364']"
"[7, 1]","[17, 18]","['8109', '17550', '3536', '53652', '46660']",46660,"['53652', '3536', '46660', '8109', '17550']"
"[17, 18]","[7, 20]","['70105', '66935', '21543', '31693', '55305']",55305,"['31693', '21543', '55305', '66935', '70105']"
"[7, 1]","[17, 18]","['17550', '16951', '8109', '12376', '51240']",51240,"['17550', '16951', '8109', '51240', '12376']"
"[3, 3]","[15, 17]","['10131', '10017', '30004', '22002', '60915']",60915,"['30004', '22002', '60915', '10017', '10131']"
"[3, 17]","[15, 21]","['38478', '54792', '12043', '64047', '7489']",7489,"['7489', '54792', '38478', '64047', '12043']"
"[18, 23]","[0, 2]","['72365', '42151', '14167', '10433', '80744']",80744,"['72365', '14167', '10433', '80744', '42151']"
"[15, 13]","[3, 3]","['24364', '25079', '42684', '53137', '22487']",22487,"['53137', '42684', '22487', '24364', '25079']"
"[0, 6]","[18, 23]","['49395', '59474', '43375', '75880', '10433']",10433,"['10433', '75880', '49395', '59474', '43375']"
"[0, 2]","[18, 23]","['44125', '48095', '43629', '32703', '72365']",72365,"['43629', '48095', '32703', '72365', '44125']"
"[0, 2]","[18, 25]","['62759', '44145', '54867', '27625', '4132']",4132,"['62759', '27625', '54867', '4132', '44145']"
"[15, 13]","[3, 12]","['24364', '25079', '34763', '42684', '27821']",27821,"['34763', '25079', '27821', '42684', '24364']"
"[18, 23]","[0, 24]","['37360', '20502', '42151', '14167', '48780']",48780,"['42151', '14167', '37360', '48780', '20502']"
"[7, 1]","[17, 5]","['8109', '12421', '16951', '53652', '7913']",7913,"['7913', '8109', '16951', '53652', '12421']"
"[7, 1]","[17, 18]","['8109', '12376', '12421', '53652', '66935']",66935,"['12421', '12376', '8109', '53652', '66935']"
"[7, 1]","[17, 5]","['17550', '10825', '16951', '3536', '50221']",50221,"['17550', '16951', '50221', '3536', '10825']"
"[0, 14]","[18, 23]","['80522', '17291', '75707', '39894', '10433']",10433,"['10433', '75707', '39894', '80522', '17291']"
"[3, 26]","[15, 13]","['72586', '1064', '34449', '19246', '68970']",68970,"['1064', '68970', '72586', '19246', '34449']"
"[0, 7]","[18, 23]","['10984', '65801', '72266', '66807', '59794']",59794,"['72266', '10984', '59794', '65801', '66807']"
"[18, 23]","[0, 6]","['5909', '37360', '26052', '12104', '49395']",49395,"['49395', '37360', '5909', '26052', '12104']"
"[17, 21]","[7, 1]","['69704', '62454', '78147', '62549', '12376']",12376,"['78147', '62549', '69704', '12376', '62454']"
"[17, 18]","[7, 3]","['66316', '6955', '66935', '21543', '75828']",75828,"['66935', '75828', '6955', '21543', '66316']"
"[3, 3]","[15, 21]","['22487', '72700', '994', '30004', '13497']",13497,"['13497', '30004', '994', '72700', '22487']"
"[7, 1]","[17, 18]","['8109', '17550', '12421', '3536', '70105']",70105,"['17550', '70105', '8109', '3536', '12421']"
"[18, 23]","[0, 0]","['61353', '59794', '64148', '37360', '14834']",14834,"['61353', '59794', '64148', '37360', '14834']"
"[18, 23]","[0, 0]","['64148', '40817', '12104', '65195', '14834']",14834,"['14834', '40817', '65195', '64148', '12104']"
"[3, 7]","[15, 13]","['19796', '37907', '4286', '30859', '34763']",34763,"['37907', '19796', '30859', '34763', '4286']"
"[3, 3]","[15, 28]","['22487', '22002', '30004', '994', '23274']",23274,"['30004', '994', '22487', '23274', '22002']"
"[18, 23]","[0, 24]","['20502', '64148', '12104', '40817', '37989']",37989,"['64148', '40817', '12104', '20502', '37989']"
"[15, 13]","[3, 5]","['24364', '20590', '42684', '68970', '12162']",12162,"['12162', '24364', '42684', '20590', '68970']"
"[7, 1]","[17, 21]","['10825', '3536', '12421', '17550', '62549']",62549,"['3536', '10825', '12421', '62549', '17550']"
"[17, 18]","[7, 22]","['66935', '66316', '31693', '6955', '23132']",23132,"['31693', '66935', '6955', '66316', '23132']"
"[0, 2]","[18, 25]","['51831', '44802', '67465', '43629', '3282']",3282,"['67465', '43629', '51831', '3282', '44802']"
"[3, 17]","[15, 21]","['12043', '53579', '64047', '33084', '20839']",20839,"['53579', '64047', '33084', '20839', '12043']"
"[0, 2]","[18, 25]","['28242', '67842', '44125', '43995', '25711']",25711,"['67842', '43995', '28242', '44125', '25711']"
"[0, 6]","[18, 25]","['59474', '49395', '41154', '75880', '73827']",73827,"['41154', '59474', '49395', '75880', '73827']"
"[3, 3]","[15, 13]","['22487', '30004', '72700', '994', '20590']",20590,"['72700', '22487', '30004', '994', '20590']"
"[17, 21]","[7, 1]","['62454', '9795', '78147', '62549', '3536']",3536,"['62454', '78147', '9795', '62549', '3536']"
"[15, 13]","[3, 28]","['34763', '25079', '53137', '24364', '42226']",42226,"['34763', '42226', '25079', '24364', '53137']"
"[3, 16]","[15, 21]","['56017', '59100', '63317', '177', '13497']",13497,"['56017', '63317', '59100', '177', '13497']"
"[0, 2]","[18, 25]","['59390', '63508', '44802', '28242', '25711']",25711,"['25711', '63508', '59390', '28242', '44802']"
"[0, 6]","[18, 25]","['43375', '41154', '43036', '49395', '25711']",25711,"['43375', '25711', '43036', '49395', '41154']"
"[15, 28]","[3, 12]","['23274', '10526', '3258', '67905', '27821']",27821,"['3258', '10526', '67905', '27821', '23274']"
"[0, 6]","[18, 23]","['41154', '25447', '49395', '59474', '26052']",26052,"['26052', '59474', '41154', '25447', '49395']"
"[18, 23]","[0, 14]","['72978', '65195', '26755', '32105', '1261']",1261,"['72978', '65195', '1261', '32105', '26755']"
"[7, 1]","[17, 21]","['8109', '53652', '3536', '17550', '78147']",78147,"['3536', '17550', '53652', '78147', '8109']"
"[0, 6]","[18, 23]","['49395', '25447', '75880', '43375', '67584']",67584,"['25447', '49395', '43375', '67584', '75880']"
"[3, 3]","[15, 13]","['72700', '22487', '10017', '22002', '25079']",25079,"['22487', '72700', '22002', '10017', '25079']"
"[3, 3]","[15, 28]","['994', '10131', '22487', '72700', '23274']",23274,"['22487', '10131', '72700', '23274', '994']"
"[0, 2]","[18, 23]","['27625', '66847', '48095', '67842', '40817']",40817,"['40817', '66847', '67842', '27625', '48095']"
"[15, 28]","[3, 21]","['67905', '3258', '10526', '38548', '53064']",53064,"['67905', '3258', '10526', '38548', '53064']"
"[18, 25]","[0, 24]","['4132', '3282', '73827', '25711', '31926']",31926,"['25711', '3282', '73827', '4132', '31926']"
"[0, 6]","[18, 25]","['25447', '43375', '49395', '41154', '3282']",3282,"['41154', '25447', '43375', '49395', '3282']"
"[0, 6]","[18, 25]","['49395', '25447', '41154', '59474', '62071']",62071,"['49395', '59474', '41154', '62071', '25447']"
"[18, 23]","[0, 6]","['42151', '14167', '25667', '72978', '41154']",41154,"['72978', '42151', '14167', '41154', '25667']"
"[0, 6]","[18, 25]","['25447', '75880', '41154', '43036', '73827']",73827,"['43036', '25447', '75880', '73827', '41154']"
"[18, 25]","[0, 24]","['73827', '62071', '4132', '3282', '74418']",74418,"['73827', '74418', '62071', '3282', '4132']"
"[17, 18]","[7, 3]","['70105', '51240', '21543', '31693', '52457']",52457,"['70105', '31693', '52457', '51240', '21543']"
"[7, 1]","[17, 18]","['16951', '53652', '12421', '12376', '46660']",46660,"['12421', '12376', '53652', '46660', '16951']"
"[18, 23]","[0, 0]","['20502', '10433', '48306', '15451', '78009']",78009,"['15451', '48306', '20502', '78009', '10433']"
"[18, 23]","[0, 6]","['37360', '32105', '48306', '40817', '59474']",59474,"['37360', '40817', '59474', '48306', '32105']"
"[0, 7]","[18, 23]","['66807', '15613', '72266', '10984', '32105']",32105,"['66807', '72266', '15613', '10984', '32105']"
"[17, 18]","[7, 1]","['6955', '51240', '31693', '66316', '12376']",12376,"['6955', '66316', '51240', '31693', '12376']"
"[18, 23]","[0, 6]","['12104', '65195', '15451', '78682', '41154']",41154,"['78682', '15451', '41154', '65195', '12104']"
"[3, 26]","[15, 17]","['11033', '18887', '1064', '68096', '1225']",1225,"['11033', '1225', '1064', '18887', '68096']"
"[7, 1]","[17, 18]","['3536', '12376', '10825', '53652', '31693']",31693,"['31693', '10825', '53652', '12376', '3536']"
"[18, 23]","[0, 2]","['72978', '26052', '61353', '59794', '45218']",45218,"['45218', '72978', '61353', '59794', '26052']"
"[0, 14]","[18, 23]","['80522', '17291', '39894', '1261', '26052']",26052,"['26052', '80522', '1261', '39894', '17291']"
"[3, 3]","[15, 13]","['10131', '72700', '10017', '22487', '24364']",24364,"['22487', '10131', '10017', '72700', '24364']"
"[0, 7]","[18, 23]","['15613', '66807', '10984', '65801', '72978']",72978,"['66807', '72978', '15613', '65801', '10984']"
"[15, 13]","[3, 17]","['20590', '25079', '24364', '42684', '53579']",53579,"['20590', '24364', '25079', '53579', '42684']"
"[0, 2]","[18, 25]","['54867', '44802', '51831', '70440', '25711']",25711,"['44802', '25711', '51831', '70440', '54867']"
"[3, 3]","[15, 17]","['22487', '994', '30004', '22002', '11908']",11908,"['11908', '30004', '994', '22487', '22002']"
"[18, 25]","[0, 6]","['62071', '4132', '3282', '73827', '59474']",59474,"['73827', '62071', '4132', '59474', '3282']"
"[17, 21]","[7, 1]","['78147', '9795', '69704', '62549', '16951']",16951,"['69704', '62549', '16951', '78147', '9795']"
"[0, 14]","[18, 23]","['37963', '17291', '75707', '39894', '26052']",26052,"['75707', '37963', '17291', '39894', '26052']"
"[17, 21]","[7, 1]","['78147', '9795', '40487', '69704', '17550']",17550,"['9795', '40487', '78147', '17550', '69704']"
"[18, 23]","[0, 24]","['65195', '12104', '61353', '26052', '74418']",74418,"['26052', '65195', '74418', '12104', '61353']"
"[15, 13]","[3, 4]","['34763', '42684', '20590', '25079', '35787']",35787,"['34763', '35787', '20590', '25079', '42684']"
"[18, 23]","[0, 0]","['15451', '5909', '64247', '32105', '14834']",14834,"['5909', '15451', '64247', '14834', '32105']"
"[3, 3]","[15, 17]","['72700', '22002', '10017', '22487', '1225']",1225,"['72700', '22002', '1225', '10017', '22487']"
"[0, 14]","[18, 25]","['75707', '1261', '80522', '42604', '25711']",25711,"['75707', '42604', '1261', '25711', '80522']"
"[15, 13]","[3, 21]","['53137', '34763', '68970', '42684', '57272']",57272,"['57272', '68970', '42684', '34763', '53137']"
"[0, 2]","[18, 23]","['80744', '59390', '9836', '48095', '14167']",14167,"['14167', '9836', '59390', '80744', '48095']"
"[0, 14]","[18, 25]","['1261', '75707', '80522', '42604', '62071']",62071,"['80522', '42604', '1261', '62071', '75707']"
"[17, 18]","[7, 22]","['6955', '31693', '46660', '21408', '79411']",79411,"['21408', '79411', '6955', '31693', '46660']"
"[0, 14]","[18, 23]","['39894', '1261', '42604', '80522', '65195']",65195,"['42604', '1261', '65195', '80522', '39894']"
"[17, 21]","[7, 3]","['40487', '69704', '62549', '62454', '75828']",75828,"['62549', '40487', '75828', '62454', '69704']"
"[0, 2]","[18, 25]","['60860', '70440', '59390', '80744', '4132']",4132,"['70440', '59390', '4132', '80744', '60860']"
"[17, 18]","[7, 22]","['6955', '66316', '21408', '31693', '31113']",31113,"['31693', '31113', '66316', '6955', '21408']"
"[7, 1]","[17, 21]","['12376', '53652', '16951', '3536', '69704']",69704,"['3536', '53652', '69704', '16951', '12376']"
"[0, 14]","[18, 23]","['37963', '39894', '75707', '80522', '64247']",64247,"['75707', '64247', '37963', '39894', '80522']"
"[0, 2]","[18, 23]","['63508', '44802', '48095', '32703', '20502']",20502,"['63508', '20502', '32703', '44802', '48095']"
"[3, 26]","[15, 13]","['40031', '19246', '72586', '32729', '20590']",20590,"['72586', '19246', '40031', '20590', '32729']"
"[3, 3]","[15, 21]","['30004', '994', '10017', '10131', '20839']",20839,"['30004', '994', '10131', '20839', '10017']"
"[18, 23]","[0, 24]","['65195', '14167', '61353', '48306', '74418']",74418,"['48306', '14167', '61353', '65195', '74418']"
"[0, 14]","[18, 25]","['1261', '17291', '37963', '39894', '62071']",62071,"['17291', '1261', '62071', '39894', '37963']"
"[15, 13]","[3, 5]","['68970', '25079', '24364', '34763', '63514']",63514,"['34763', '24364', '68970', '63514', '25079']"
"[3, 26]","[15, 17]","['11033', '18887', '40031', '19246', '11908']",11908,"['19246', '11033', '11908', '40031', '18887']"
"[3, 3]","[15, 28]","['10017', '994', '22002', '72700', '3258']",3258,"['994', '10017', '22002', '3258', '72700']"
"[3, 26]","[15, 13]","['49864', '11033', '1064', '72586', '68970']",68970,"['49864', '68970', '11033', '1064', '72586']"
"[3, 26]","[15, 17]","['18887', '9147', '68096', '32729', '11908']",11908,"['32729', '11908', '18887', '9147', '68096']"
"[17, 21]","[7, 20]","['62454', '69704', '78147', '40487', '54372']",54372,"['78147', '40487', '62454', '54372', '69704']"
"[0, 14]","[18, 23]","['17291', '80522', '1261', '75707', '25667']",25667,"['25667', '17291', '75707', '80522', '1261']"
"[3, 26]","[15, 17]","['19246', '11033', '9147', '72586', '47834']",47834,"['19246', '9147', '47834', '72586', '11033']"
"[0, 7]","[18, 23]","['15613', '10984', '66807', '72266', '61353']",61353,"['61353', '72266', '15613', '10984', '66807']"
"[0, 7]","[18, 23]","['72266', '65801', '15613', '10984', '6216']",6216,"['72266', '65801', '6216', '10984', '15613']"
"[18, 23]","[0, 14]","['10433', '26755', '59794', '14167', '39894']",39894,"['14167', '26755', '10433', '39894', '59794']"
"[7, 1]","[17, 21]","['53652', '16951', '12421', '17550', '9795']",9795,"['9795', '12421', '16951', '53652', '17550']"
"[15, 28]","[3, 4]","['38548', '10526', '23274', '67905', '11039']",11039,"['11039', '67905', '23274', '10526', '38548']"
"[0, 2]","[18, 23]","['63508', '60860', '48095', '27625', '59794']",59794,"['63508', '59794', '48095', '27625', '60860']"
"[18, 23]","[0, 0]","['72978', '48306', '37360', '67584', '8176']",8176,"['8176', '48306', '67584', '37360', '72978']"
"[18, 23]","[0, 0]","['42151', '40817', '59794', '6216', '8176']",8176,"['8176', '42151', '6216', '40817', '59794']"
"[0, 14]","[18, 23]","['37963', '17291', '39894', '75707', '61353']",61353,"['61353', '37963', '17291', '75707', '39894']"
"[7, 1]","[17, 18]","['12376', '53652', '17550', '3536', '31693']",31693,"['3536', '53652', '17550', '31693', '12376']"
"[17, 18]","[7, 3]","['66316', '46660', '21408', '66935', '75828']",75828,"['66316', '66935', '46660', '21408', '75828']"
"[0, 7]","[18, 23]","['66807', '72266', '15613', '10984', '48306']",48306,"['72266', '15613', '66807', '48306', '10984']"
"[3, 3]","[15, 13]","['10017', '10131', '22487', '22002', '68970']",68970,"['68970', '22487', '22002', '10017', '10131']"
"[0, 2]","[18, 23]","['28242', '51831', '45218', '27625', '32105']",32105,"['28242', '27625', '32105', '51831', '45218']"
"[18, 23]","[0, 24]","['25667', '72365', '61353', '26755', '31926']",31926,"['61353', '31926', '26755', '25667', '72365']"
"[3, 26]","[15, 28]","['49864', '32729', '11033', '68096', '10526']",10526,"['11033', '32729', '49864', '10526', '68096']"
"[7, 1]","[17, 5]","['17550', '12421', '53652', '10825', '7913']",7913,"['10825', '17550', '53652', '12421', '7913']"
"[7, 1]","[17, 5]","['3536', '12376', '53652', '12421', '50221']",50221,"['3536', '53652', '12376', '12421', '50221']"
"[3, 7]","[15, 13]","['19796', '19992', '73164', '4286', '25079']",25079,"['25079', '73164', '19992', '4286', '19796']"
"[0, 6]","[18, 23]","['49395', '25447', '41154', '75880', '78682']",78682,"['75880', '78682', '41154', '25447', '49395']"
"[3, 16]","[15, 28]","['56017', '177', '11746', '59100', '23274']",23274,"['11746', '23274', '56017', '177', '59100']"
"[3, 7]","[15, 21]","['73164', '19796', '4286', '37907', '7489']",7489,"['4286', '19796', '37907', '73164', '7489']"
"[18, 23]","[0, 7]","['26052', '32105', '37360', '72365', '10984']",10984,"['72365', '26052', '32105', '10984', '37360']"
"[0, 14]","[18, 23]","['42604', '17291', '80522', '75707', '26052']",26052,"['26052', '75707', '42604', '80522', '17291']"
"[3, 26]","[15, 21]","['32729', '50906', '18887', '34449', '7489']",7489,"['18887', '34449', '7489', '50906', '32729']"
"[0, 2]","[18, 23]","['28242', '43995', '44802', '80744', '37360']",37360,"['80744', '44802', '43995', '37360', '28242']"
"[18, 23]","[0, 7]","['40817', '61353', '42151', '67584', '72266']",72266,"['61353', '72266', '40817', '42151', '67584']"
"[3, 3]","[15, 13]","['30004', '22487', '994', '10017', '68970']",68970,"['994', '30004', '10017', '68970', '22487']"
"[7, 1]","[17, 18]","['10825', '16951', '8109', '17550', '21408']",21408,"['17550', '8109', '16951', '10825', '21408']"
"[0, 6]","[18, 23]","['25447', '49395', '75880', '59474', '26755']",26755,"['49395', '59474', '75880', '25447', '26755']"
"[3, 3]","[15, 17]","['22002', '22487', '72700', '10131', '1225']",1225,"['72700', '22002', '22487', '1225', '10131']"
"[15, 13]","[3, 28]","['24364', '42684', '34763', '20590', '8257']",8257,"['24364', '42684', '20590', '8257', '34763']"
"[15, 13]","[3, 3]","['68970', '53137', '24364', '20590', '10131']",10131,"['24364', '68970', '53137', '20590', '10131']"
"[0, 6]","[18, 25]","['43036', '49395', '59474', '25447', '25711']",25711,"['43036', '25711', '59474', '25447', '49395']"
"[3, 26]","[15, 28]","['9147', '34449', '32729', '19246', '3258']",3258,"['34449', '32729', '3258', '19246', '9147']"
"[18, 25]","[0, 14]","['73827', '25711', '4132', '62071', '17291']",17291,"['17291', '73827', '4132', '62071', '25711']"
"[0, 2]","[18, 23]","['62759', '59390', '67465', '44145', '14167']",14167,"['67465', '14167', '62759', '44145', '59390']"
"[18, 23]","[0, 7]","['72978', '42151', '20502', '5909', '65801']",65801,"['5909', '65801', '72978', '20502', '42151']"
"[7, 1]","[17, 21]","['8109', '16951', '12376', '10825', '9795']",9795,"['8109', '10825', '16951', '9795', '12376']"
"[3, 26]","[15, 17]","['72586', '49864', '9147', '19246', '1225']",1225,"['72586', '9147', '1225', '19246', '49864']"
"[18, 25]","[0, 7]","['73827', '3282', '25711', '4132', '72266']",72266,"['73827', '3282', '72266', '25711', '4132']"
"[3, 26]","[15, 13]","['72586', '50906', '1064', '32729', '53137']",53137,"['72586', '32729', '53137', '50906', '1064']"
"[3, 16]","[15, 17]","['56017', '63317', '59100', '11746', '60915']",60915,"['56017', '11746', '59100', '63317', '60915']"
"[18, 23]","[0, 24]","['10433', '25667', '40817', '72365', '37989']",37989,"['72365', '37989', '10433', '40817', '25667']"
"[7, 1]","[17, 18]","['10825', '17550', '12421', '53652', '70105']",70105,"['17550', '53652', '10825', '12421', '70105']"
"[0, 14]","[18, 25]","['80522', '42604', '37963', '75707', '3282']",3282,"['3282', '42604', '75707', '80522', '37963']"
"[18, 25]","[0, 6]","['73827', '25711', '62071', '3282', '59474']",59474,"['73827', '59474', '62071', '3282', '25711']"
"[18, 23]","[0, 2]","['25667', '26755', '12104', '37360', '60860']",60860,"['37360', '26755', '25667', '12104', '60860']"
"[0, 2]","[18, 23]","['59390', '28242', '51831', '62759', '61353']",61353,"['28242', '59390', '62759', '51831', '61353']"
"[3, 3]","[15, 17]","['72700', '22002', '10131', '22487', '11908']",11908,"['10131', '22487', '72700', '11908', '22002']"
"[0, 6]","[18, 23]","['59474', '43036', '75880', '25447', '42151']",42151,"['43036', '42151', '59474', '75880', '25447']"
"[3, 3]","[15, 28]","['30004', '10131', '22487', '10017', '67905']",67905,"['30004', '10131', '10017', '22487', '67905']"
"[0, 2]","[18, 25]","['70440', '45218', '66847', '32703', '3282']",3282,"['3282', '45218', '70440', '32703', '66847']"
"[15, 13]","[3, 3]","['42684', '20590', '53137', '34763', '72700']",72700,"['53137', '34763', '72700', '42684', '20590']"
"[0, 7]","[18, 23]","['65801', '66807', '72266', '10984', '26755']",26755,"['66807', '72266', '65801', '10984', '26755']"
"[3, 26]","[15, 28]","['72586', '34449', '49864', '50906', '3258']",3258,"['72586', '50906', '34449', '49864', '3258']"
"[3, 26]","[15, 21]","['18887', '50906', '72586', '9147', '3384']",3384,"['18887', '50906', '3384', '9147', '72586']"
"[3, 3]","[15, 28]","['72700', '22002', '10131', '30004', '3258']",3258,"['22002', '3258', '72700', '10131', '30004']"
"[0, 14]","[18, 23]","['42604', '1261', '39894', '37963', '64247']",64247,"['1261', '42604', '39894', '37963', '64247']"
"[0, 7]","[18, 23]","['10984', '65801', '66807', '72266', '25667']",25667,"['66807', '72266', '65801', '25667', '10984']"
"[0, 2]","[18, 23]","['60860', '44125', '27625', '62759', '32105']",32105,"['32105', '62759', '60860', '27625', '44125']"
"[17, 18]","[7, 20]","['21408', '66316', '46660', '51240', '54372']",54372,"['66316', '54372', '21408', '51240', '46660']"
"[3, 3]","[15, 13]","['10131', '72700', '22002', '30004', '53137']",53137,"['10131', '53137', '22002', '30004', '72700']"
"[17, 18]","[7, 1]","['46660', '51240', '6955', '66935', '17550']",17550,"['17550', '51240', '66935', '6955', '46660']"
"[17, 18]","[7, 22]","['46660', '6955', '51240', '21408', '31113']",31113,"['21408', '46660', '51240', '6955', '31113']"
"[3, 3]","[15, 13]","['22002', '72700', '10017', '30004', '42684']",42684,"['10017', '30004', '72700', '42684', '22002']"
"[0, 14]","[18, 23]","['42604', '1261', '75707', '80522', '72978']",72978,"['42604', '80522', '75707', '72978', '1261']"
"[0, 2]","[18, 23]","['70440', '43629', '59390', '67465', '64247']",64247,"['59390', '64247', '43629', '67465', '70440']"
"[0, 2]","[18, 23]","['32703', '63508', '54867', '28242', '65195']",65195,"['54867', '32703', '63508', '28242', '65195']"
"[0, 2]","[18, 25]","['66847', '45218', '59390', '67465', '62071']",62071,"['59390', '45218', '62071', '66847', '67465']"
"[0, 2]","[18, 25]","['27625', '9836', '67465', '67842', '62071']",62071,"['67465', '27625', '67842', '9836', '62071']"
"[0, 7]","[18, 23]","['66807', '72266', '10984', '65801', '10433']",10433,"['72266', '66807', '10433', '10984', '65801']"
"[7, 1]","[17, 18]","['16951', '10825', '53652', '12376', '6955']",6955,"['6955', '53652', '16951', '10825', '12376']"
"[17, 21]","[7, 1]","['9795', '62549', '78147', '69704', '12376']",12376,"['78147', '62549', '12376', '69704', '9795']"
"[15, 28]","[3, 26]","['38548', '23274', '10526', '67905', '50906']",50906,"['10526', '38548', '50906', '23274', '67905']"
"[3, 26]","[15, 28]","['18887', '32729', '72586', '19246', '10526']",10526,"['72586', '18887', '19246', '10526', '32729']"
"[17, 18]","[7, 1]","['70105', '21408', '66935', '21543', '12376']",12376,"['21543', '70105', '21408', '12376', '66935']"
"[18, 23]","[0, 7]","['25667', '12104', '32105', '42151', '65801']",65801,"['12104', '32105', '25667', '65801', '42151']"
"[7, 1]","[17, 5]","['53652', '17550', '16951', '12376', '50221']",50221,"['17550', '16951', '12376', '53652', '50221']"
"[3, 17]","[15, 21]","['33084', '53579', '54792', '64047', '3384']",3384,"['33084', '54792', '53579', '64047', '3384']"
"[0, 14]","[18, 25]","['80522', '37963', '75707', '1261', '62071']",62071,"['75707', '62071', '80522', '37963', '1261']"
"[0, 6]","[18, 23]","['59474', '43036', '43375', '75880', '10433']",10433,"['43375', '75880', '59474', '10433', '43036']"
"[3, 26]","[15, 21]","['18887', '72586', '11033', '19246', '3384']",3384,"['18887', '72586', '3384', '19246', '11033']"
"[3, 17]","[15, 21]","['54792', '33084', '12043', '38478', '20839']",20839,"['54792', '12043', '38478', '20839', '33084']"
"[17, 18]","[7, 20]","['66935', '31693', '6955', '21408', '2277']",2277,"['31693', '66935', '2277', '6955', '21408']"
"[0, 2]","[18, 23]","['27625', '51831', '59390', '44125', '40817']",40817,"['40817', '44125', '51831', '59390', '27625']"
"[7, 1]","[17, 5]","['53652', '17550', '16951', '10825', '7913']",7913,"['17550', '7913', '16951', '53652', '10825']"
"[7, 1]","[17, 5]","['17550', '53652', '16951', '10825', '33045']",33045,"['53652', '10825', '16951', '17550', '33045']"
"[3, 26]","[15, 21]","['11033', '9147', '34449', '32729', '7489']",7489,"['32729', '34449', '7489', '9147', '11033']"
"[0, 2]","[18, 25]","['66847', '80744', '44802', '62759', '25711']",25711,"['66847', '80744', '44802', '25711', '62759']"
"[0, 7]","[18, 23]","['10984', '72266', '15613', '66807', '14167']",14167,"['10984', '72266', '14167', '15613', '66807']"
"[3, 7]","[15, 13]","['4286', '30859', '19992', '37907', '42684']",42684,"['4286', '19992', '30859', '42684', '37907']"
"[3, 26]","[15, 21]","['49864', '32729', '40031', '19246', '7489']",7489,"['19246', '7489', '32729', '40031', '49864']"
"[0, 6]","[18, 23]","['59474', '43036', '49395', '43375', '26755']",26755,"['59474', '26755', '43036', '43375', '49395']"
"[3, 26]","[15, 28]","['32729', '19246', '72586', '18887', '23274']",23274,"['72586', '18887', '23274', '32729', '19246']"
"[3, 7]","[15, 28]","['73164', '19796', '37907', '19992', '3258']",3258,"['37907', '3258', '19796', '73164', '19992']"
"[15, 28]","[3, 26]","['38548', '10526', '3258', '23274', '32729']",32729,"['10526', '32729', '38548', '3258', '23274']"
"[15, 13]","[3, 12]","['20590', '53137', '24364', '68970', '1181']",1181,"['68970', '20590', '24364', '53137', '1181']"
"[3, 26]","[15, 17]","['19246', '32729', '40031', '34449', '1225']",1225,"['34449', '40031', '19246', '1225', '32729']"
"[15, 13]","[3, 7]","['68970', '20590', '34763', '24364', '4286']",4286,"['68970', '20590', '4286', '24364', '34763']"
"[3, 28]","[15, 17]","['73823', '8257', '12683', '42226', '60915']",60915,"['73823', '60915', '42226', '8257', '12683']"
"[18, 23]","[0, 24]","['64247', '5909', '6216', '72978', '74418']",74418,"['74418', '6216', '5909', '72978', '64247']"
"[0, 2]","[18, 23]","['70440', '66847', '43629', '60860', '26755']",26755,"['43629', '70440', '60860', '66847', '26755']"
"[17, 18]","[7, 20]","['70105', '21408', '21543', '6955', '2277']",2277,"['70105', '2277', '21408', '6955', '21543']"
"[0, 6]","[18, 25]","['49395', '41154', '59474', '75880', '25711']",25711,"['49395', '41154', '59474', '75880', '25711']"
"[3, 26]","[15, 28]","['1064', '72586', '50906', '32729', '23274']",23274,"['72586', '23274', '50906', '32729', '1064']"
"[17, 18]","[7, 3]","['31693', '21543', '46660', '21408', '75828']",75828,"['21543', '31693', '21408', '46660', '75828']"
"[18, 23]","[0, 14]","['72978', '20502', '67584', '12104', '75707']",75707,"['72978', '12104', '67584', '75707', '20502']"
"[7, 1]","[17, 21]","['8109', '53652', '10825', '12376', '62549']",62549,"['10825', '8109', '53652', '62549', '12376']"
"[3, 28]","[15, 28]","['12683', '55090', '8257', '42226', '23274']",23274,"['23274', '8257', '55090', '42226', '12683']"
"[18, 25]","[0, 2]","['3282', '62071', '25711', '4132', '9639']",9639,"['62071', '9639', '3282', '4132', '25711']"
"[3, 3]","[15, 13]","['72700', '10131', '22487', '994', '20590']",20590,"['994', '22487', '10131', '72700', '20590']"
"[7, 1]","[17, 18]","['10825', '53652', '3536', '17550', '70105']",70105,"['3536', '17550', '70105', '53652', '10825']"
"[15, 13]","[3, 16]","['24364', '25079', '68970', '20590', '56017']",56017,"['20590', '68970', '24364', '25079', '56017']"
"[3, 26]","[15, 21]","['49864', '1064', '11033', '19246', '3384']",3384,"['3384', '1064', '49864', '19246', '11033']"
"[17, 18]","[7, 3]","['31693', '46660', '6955', '51240', '64781']",64781,"['6955', '31693', '51240', '64781', '46660']"
"[0, 2]","[18, 25]","['27625', '62759', '44125', '67842', '62071']",62071,"['62759', '67842', '44125', '62071', '27625']"
"[18, 23]","[0, 2]","['20502', '78682', '15451', '6216', '70440']",70440,"['20502', '15451', '6216', '78682', '70440']"
"[15, 28]","[3, 17]","['23274', '10526', '67905', '38548', '64047']",64047,"['10526', '64047', '67905', '23274', '38548']"
"[15, 13]","[3, 26]","['34763', '53137', '68970', '42684', '9147']",9147,"['9147', '53137', '42684', '68970', '34763']"
"[3, 17]","[15, 28]","['64047', '38478', '53579', '33084', '38548']",38548,"['38548', '53579', '38478', '64047', '33084']"
"[18, 25]","[0, 2]","['62071', '3282', '4132', '25711', '9836']",9836,"['4132', '62071', '25711', '9836', '3282']"
"[0, 14]","[18, 25]","['17291', '80522', '39894', '42604', '25711']",25711,"['39894', '25711', '42604', '17291', '80522']"
"[7, 1]","[17, 21]","['8109', '12421', '17550', '53652', '62549']",62549,"['12421', '8109', '53652', '17550', '62549']"
"[3, 17]","[15, 28]","['33084', '64047', '12043', '38478', '67905']",67905,"['64047', '67905', '38478', '33084', '12043']"
"[3, 26]","[15, 13]","['40031', '49864', '9147', '19246', '42684']",42684,"['19246', '49864', '40031', '42684', '9147']"
"[3, 17]","[15, 21]","['53579', '33084', '38478', '54792', '3384']",3384,"['53579', '3384', '33084', '38478', '54792']"
"[3, 3]","[15, 13]","['22487', '10017', '22002', '30004', '42684']",42684,"['42684', '22487', '10017', '30004', '22002']"
"[3, 17]","[15, 13]","['38478', '64047', '12043', '54792', '53137']",53137,"['53137', '54792', '64047', '38478', '12043']"
"[15, 28]","[3, 12]","['3258', '38548', '10526', '23274', '37955']",37955,"['37955', '23274', '3258', '10526', '38548']"
"[15, 13]","[3, 28]","['24364', '20590', '68970', '53137', '55090']",55090,"['20590', '24364', '68970', '55090', '53137']"
"[18, 23]","[0, 14]","['14167', '20502', '26052', '72365', '75707']",75707,"['75707', '26052', '14167', '72365', '20502']"
"[15, 13]","[3, 16]","['24364', '25079', '20590', '42684', '56017']",56017,"['25079', '24364', '56017', '20590', '42684']"
"[3, 26]","[15, 28]","['1064', '68096', '50906', '34449', '38548']",38548,"['1064', '50906', '38548', '34449', '68096']"
"[17, 21]","[7, 20]","['9795', '62454', '78147', '40487', '2277']",2277,"['9795', '78147', '2277', '62454', '40487']"
"[0, 2]","[18, 23]","['67842', '44145', '63508', '66847', '12104']",12104,"['67842', '66847', '12104', '63508', '44145']"
"[0, 6]","[18, 25]","['41154', '59474', '43036', '25447', '3282']",3282,"['43036', '59474', '25447', '41154', '3282']"
"[0, 2]","[18, 25]","['66847', '43629', '9639', '60860', '62071']",62071,"['43629', '66847', '9639', '62071', '60860']"
"[17, 21]","[7, 22]","['62549', '69704', '9795', '78147', '31113']",31113,"['78147', '62549', '9795', '69704', '31113']"
"[7, 1]","[17, 5]","['12376', '3536', '53652', '8109', '7913']",7913,"['12376', '3536', '53652', '8109', '7913']"
"[17, 18]","[7, 20]","['70105', '51240', '21543', '21408', '2425']",2425,"['2425', '21543', '21408', '70105', '51240']"
"[3, 26]","[15, 13]","['68096', '1064', '11033', '9147', '68970']",68970,"['11033', '68970', '9147', '68096', '1064']"
"[3, 28]","[15, 13]","['42226', '12683', '73823', '8257', '34763']",34763,"['8257', '12683', '34763', '73823', '42226']"
"[18, 23]","[0, 14]","['40817', '37360', '15451', '72365', '37963']",37963,"['15451', '37963', '37360', '40817', '72365']"
"[0, 6]","[18, 23]","['59474', '25447', '41154', '43036', '10433']",10433,"['10433', '25447', '43036', '41154', '59474']"
"[15, 13]","[3, 7]","['24364', '25079', '53137', '20590', '37907']",37907,"['53137', '37907', '24364', '20590', '25079']"
"[17, 21]","[7, 1]","['69704', '9795', '40487', '62549', '10825']",10825,"['40487', '10825', '9795', '69704', '62549']"
"[15, 13]","[3, 5]","['20590', '34763', '53137', '25079', '63514']",63514,"['34763', '63514', '53137', '20590', '25079']"
"[18, 25]","[0, 14]","['3282', '4132', '25711', '73827', '17291']",17291,"['3282', '4132', '25711', '73827', '17291']"
"[3, 3]","[15, 28]","['22487', '10017', '994', '22002', '10526']",10526,"['10526', '22002', '10017', '22487', '994']"
"[15, 13]","[3, 12]","['24364', '42684', '68970', '34763', '20968']",20968,"['20968', '68970', '42684', '34763', '24364']"
"[3, 3]","[15, 17]","['994', '72700', '10017', '22002', '1225']",1225,"['22002', '1225', '994', '10017', '72700']"
"[17, 21]","[7, 3]","['69704', '40487', '9795', '78147', '75828']",75828,"['9795', '75828', '78147', '40487', '69704']"
"[3, 26]","[15, 28]","['49864', '32729', '19246', '50906', '67905']",67905,"['49864', '50906', '32729', '19246', '67905']"
"[0, 6]","[18, 23]","['75880', '59474', '49395', '41154', '64247']",64247,"['49395', '75880', '64247', '59474', '41154']"
"[0, 2]","[18, 23]","['59390', '80744', '62759', '43995', '6216']",6216,"['62759', '43995', '6216', '59390', '80744']"
"[3, 26]","[15, 13]","['50906', '40031', '49864', '19246', '20590']",20590,"['49864', '19246', '20590', '40031', '50906']"
"[15, 13]","[3, 5]","['25079', '68970', '53137', '24364', '63514']",63514,"['68970', '25079', '24364', '63514', '53137']"
"[17, 21]","[7, 1]","['69704', '62549', '9795', '62454', '12376']",12376,"['9795', '12376', '69704', '62549', '62454']"
"[0, 2]","[18, 23]","['62759', '43629', '28242', '27625', '61353']",61353,"['43629', '61353', '28242', '27625', '62759']"
"[3, 26]","[15, 28]","['19246', '9147', '68096', '1064', '23274']",23274,"['9147', '19246', '68096', '1064', '23274']"
"[18, 25]","[0, 6]","['3282', '62071', '4132', '25711', '25447']",25447,"['62071', '4132', '25711', '25447', '3282']"
"[3, 26]","[15, 17]","['50906', '72586', '18887', '32729', '60915']",60915,"['18887', '32729', '50906', '60915', '72586']"
"[15, 13]","[3, 12]","['25079', '34763', '42684', '20590', '27821']",27821,"['20590', '34763', '25079', '27821', '42684']"
"[0, 14]","[18, 25]","['1261', '37963', '39894', '75707', '4132']",4132,"['39894', '75707', '37963', '4132', '1261']"
"[0, 6]","[18, 23]","['41154', '49395', '43375', '25447', '61353']",61353,"['25447', '61353', '49395', '41154', '43375']"
"[15, 28]","[3, 26]","['3258', '23274', '38548', '67905', '50906']",50906,"['3258', '23274', '67905', '50906', '38548']"
"[15, 13]","[3, 3]","['42684', '25079', '20590', '24364', '10017']",10017,"['42684', '10017', '20590', '24364', '25079']"
"[17, 18]","[7, 1]","['66316', '6955', '66935', '51240', '12376']",12376,"['51240', '66935', '66316', '12376', '6955']"
"[15, 28]","[3, 5]","['3258', '67905', '38548', '23274', '74226']",74226,"['23274', '3258', '67905', '74226', '38548']"
"[0, 14]","[18, 25]","['75707', '80522', '17291', '1261', '62071']",62071,"['75707', '80522', '17291', '62071', '1261']"
"[17, 18]","[7, 20]","['51240', '66935', '70105', '31693', '2425']",2425,"['66935', '2425', '31693', '51240', '70105']"
"[15, 13]","[3, 5]","['42684', '34763', '20590', '68970', '64']",64,"['34763', '42684', '64', '20590', '68970']"
"[0, 2]","[18, 23]","['43629', '80744', '27625', '9836', '15451']",15451,"['80744', '43629', '15451', '9836', '27625']"
"[7, 1]","[17, 18]","['53652', '17550', '10825', '8109', '6955']",6955,"['8109', '53652', '10825', '6955', '17550']"
"[15, 13]","[3, 4]","['53137', '42684', '25079', '24364', '20671']",20671,"['25079', '42684', '24364', '20671', '53137']"
"[3, 3]","[15, 17]","['30004', '10131', '72700', '994', '60915']",60915,"['72700', '60915', '30004', '994', '10131']"
"[17, 18]","[7, 1]","['21543', '66935', '31693', '46660', '3536']",3536,"['31693', '21543', '46660', '3536', '66935']"
"[17, 21]","[7, 22]","['62549', '9795', '40487', '78147', '79411']",79411,"['9795', '40487', '62549', '78147', '79411']"
"[17, 18]","[7, 22]","['21408', '21543', '31693', '66935', '23132']",23132,"['21408', '23132', '66935', '31693', '21543']"
"[3, 3]","[15, 21]","['994', '22002', '72700', '10131', '20839']",20839,"['10131', '22002', '72700', '994', '20839']"
"[18, 23]","[0, 7]","['64148', '59794', '6216', '42151', '72266']",72266,"['6216', '42151', '64148', '72266', '59794']"
"[0, 14]","[18, 25]","['1261', '75707', '17291', '39894', '73827']",73827,"['17291', '1261', '73827', '75707', '39894']"
"[7, 1]","[17, 21]","['12376', '10825', '16951', '3536', '69704']",69704,"['69704', '3536', '16951', '10825', '12376']"
"[0, 2]","[18, 23]","['44145', '70440', '27625', '51831', '64247']",64247,"['51831', '44145', '27625', '64247', '70440']"
"[3, 26]","[15, 13]","['32729', '1064', '19246', '9147', '53137']",53137,"['53137', '19246', '1064', '9147', '32729']"
"[3, 17]","[15, 17]","['64047', '38478', '33084', '54792', '47834']",47834,"['33084', '47834', '54792', '64047', '38478']"
"[3, 3]","[15, 28]","['72700', '10131', '994', '30004', '23274']",23274,"['72700', '23274', '30004', '994', '10131']"
"[17, 18]","[7, 22]","['66935', '6955', '21543', '21408', '23132']",23132,"['23132', '21408', '6955', '66935', '21543']"
"[18, 23]","[0, 24]","['64247', '65195', '72978', '15451', '48780']",48780,"['64247', '15451', '48780', '72978', '65195']"
"[0, 14]","[18, 23]","['42604', '39894', '80522', '1261', '37360']",37360,"['80522', '42604', '37360', '1261', '39894']"
"[0, 2]","[18, 25]","['44802', '80744', '63508', '44145', '25711']",25711,"['63508', '25711', '44802', '44145', '80744']"
"[0, 14]","[18, 25]","['80522', '42604', '39894', '37963', '3282']",3282,"['39894', '37963', '3282', '42604', '80522']"
"[17, 18]","[7, 1]","['70105', '46660', '66935', '66316', '3536']",3536,"['3536', '70105', '66935', '66316', '46660']"
"[15, 13]","[3, 28]","['53137', '25079', '68970', '20590', '55090']",55090,"['53137', '68970', '25079', '20590', '55090']"
"[3, 16]","[15, 13]","['11746', '63317', '177', '59100', '25079']",25079,"['59100', '63317', '25079', '11746', '177']"
"[15, 21]","[3, 26]","['13497', '3384', '20839', '7489', '50906']",50906,"['20839', '50906', '7489', '13497', '3384']"
"[7, 1]","[17, 18]","['16951', '3536', '53652', '17550', '51240']",51240,"['53652', '51240', '17550', '16951', '3536']"
"[7, 1]","[17, 18]","['16951', '53652', '12421', '10825', '70105']",70105,"['53652', '10825', '70105', '16951', '12421']"
"[15, 13]","[3, 21]","['20590', '24364', '25079', '53137', '53064']",53064,"['25079', '53064', '20590', '53137', '24364']"
"[3, 26]","[15, 17]","['11033', '72586', '1064', '32729', '1225']",1225,"['1064', '11033', '32729', '72586', '1225']"
"[18, 23]","[0, 7]","['25667', '42151', '59794', '40817', '15613']",15613,"['42151', '25667', '40817', '59794', '15613']"
"[0, 14]","[18, 25]","['1261', '80522', '37963', '42604', '3282']",3282,"['42604', '3282', '37963', '80522', '1261']"
"[3, 26]","[15, 13]","['9147', '72586', '1064', '11033', '68970']",68970,"['68970', '9147', '72586', '11033', '1064']"
"[3, 7]","[15, 21]","['30859', '37907', '73164', '19796', '13497']",13497,"['30859', '13497', '73164', '37907', '19796']"
"[0, 14]","[18, 25]","['80522', '39894', '1261', '17291', '62071']",62071,"['1261', '17291', '62071', '80522', '39894']"
"[7, 1]","[17, 18]","['8109', '17550', '53652', '16951', '21543']",21543,"['21543', '8109', '17550', '16951', '53652']"
"[3, 26]","[15, 13]","['72586', '49864', '50906', '1064', '68970']",68970,"['1064', '49864', '68970', '72586', '50906']"
"[0, 2]","[18, 25]","['54867', '67842', '63508', '80744', '62071']",62071,"['67842', '54867', '80744', '62071', '63508']"
"[17, 21]","[7, 3]","['40487', '69704', '9795', '62549', '52457']",52457,"['52457', '40487', '62549', '69704', '9795']"
"[3, 26]","[15, 13]","['40031', '34449', '32729', '1064', '68970']",68970,"['1064', '40031', '68970', '32729', '34449']"
"[3, 26]","[15, 13]","['40031', '68096', '49864', '11033', '34763']",34763,"['34763', '11033', '49864', '68096', '40031']"
"[3, 3]","[15, 13]","['22002', '10017', '994', '10131', '24364']",24364,"['994', '10131', '22002', '10017', '24364']"
"[3, 26]","[15, 13]","['50906', '11033', '68096', '72586', '25079']",25079,"['11033', '25079', '72586', '68096', '50906']"
"[0, 2]","[18, 23]","['27625', '67842', '60860', '45218', '61353']",61353,"['61353', '27625', '60860', '67842', '45218']"
"[0, 14]","[18, 23]","['80522', '17291', '75707', '39894', '67584']",67584,"['17291', '39894', '75707', '80522', '67584']"
"[17, 18]","[7, 22]","['21408', '66935', '51240', '66316', '23132']",23132,"['21408', '66316', '66935', '51240', '23132']"
"[18, 23]","[0, 2]","['64247', '26755', '32105', '14167', '54867']",54867,"['26755', '32105', '54867', '64247', '14167']"
"[0, 2]","[18, 25]","['60860', '51831', '63508', '67842', '62071']",62071,"['60860', '67842', '62071', '51831', '63508']"
"[17, 21]","[7, 22]","['78147', '40487', '9795', '69704', '31113']",31113,"['78147', '9795', '40487', '31113', '69704']"
"[0, 6]","[18, 25]","['25447', '75880', '59474', '43375', '73827']",73827,"['25447', '43375', '59474', '75880', '73827']"
"[18, 23]","[0, 6]","['14167', '6216', '37360', '72365', '25447']",25447,"['14167', '6216', '37360', '25447', '72365']"
"[0, 2]","[18, 23]","['43995', '45218', '80744', '51831', '40817']",40817,"['45218', '40817', '43995', '51831', '80744']"
"[3, 17]","[15, 21]","['38478', '54792', '12043', '33084', '3384']",3384,"['54792', '38478', '3384', '33084', '12043']"
"[18, 23]","[0, 2]","['5909', '64148', '64247', '12104', '44145']",44145,"['44145', '5909', '12104', '64148', '64247']"
"[17, 21]","[7, 3]","['9795', '69704', '40487', '78147', '61767']",61767,"['9795', '78147', '40487', '69704', '61767']"
"[0, 2]","[18, 25]","['44145', '51831', '70440', '44125', '3282']",3282,"['70440', '51831', '3282', '44145', '44125']"
"[0, 6]","[18, 23]","['41154', '49395', '43375', '59474', '15451']",15451,"['43375', '59474', '49395', '15451', '41154']"
"[18, 25]","[0, 6]","['73827', '4132', '3282', '62071', '43375']",43375,"['62071', '43375', '73827', '4132', '3282']"
"[0, 2]","[18, 23]","['80744', '28242', '48095', '44802', '61353']",61353,"['48095', '80744', '28242', '44802', '61353']"
"[15, 28]","[3, 3]","['10526', '23274', '38548', '3258', '22487']",22487,"['3258', '23274', '38548', '22487', '10526']"
"[0, 14]","[18, 25]","['17291', '42604', '1261', '75707', '3282']",3282,"['17291', '1261', '42604', '75707', '3282']"
"[0, 2]","[18, 25]","['67465', '67842', '48095', '43629', '3282']",3282,"['43629', '48095', '67842', '3282', '67465']"
"[17, 18]","[7, 22]","['66316', '21408', '70105', '31693', '23132']",23132,"['70105', '21408', '66316', '31693', '23132']"
"[0, 7]","[18, 23]","['65801', '72266', '10984', '15613', '26755']",26755,"['72266', '65801', '15613', '10984', '26755']"
"[3, 3]","[15, 13]","['30004', '72700', '10017', '22002', '53137']",53137,"['22002', '10017', '30004', '72700', '53137']"
"[0, 14]","[18, 23]","['17291', '42604', '37963', '80522', '10433']",10433,"['17291', '37963', '42604', '80522', '10433']"
"[3, 26]","[15, 17]","['11033', '1064', '9147', '40031', '1225']",1225,"['1225', '11033', '9147', '40031', '1064']"
"[3, 16]","[15, 28]","['177', '63317', '56017', '59100', '10526']",10526,"['59100', '10526', '177', '56017', '63317']"
"[7, 1]","[17, 21]","['8109', '3536', '12421', '16951', '62454']",62454,"['3536', '62454', '16951', '8109', '12421']"
"[3, 17]","[15, 21]","['12043', '53579', '38478', '54792', '3384']",3384,"['54792', '53579', '12043', '38478', '3384']"
"[7, 1]","[17, 21]","['12376', '17550', '8109', '10825', '69704']",69704,"['69704', '12376', '8109', '10825', '17550']"
"[3, 3]","[15, 28]","['22487', '22002', '30004', '994', '3258']",3258,"['22002', '3258', '22487', '994', '30004']"
"[0, 2]","[18, 25]","['43995', '59390', '44125', '45218', '25711']",25711,"['44125', '25711', '43995', '45218', '59390']"
"[3, 17]","[15, 21]","['12043', '54792', '38478', '53579', '7489']",7489,"['12043', '53579', '7489', '54792', '38478']"
"[18, 23]","[0, 0]","['72365', '65195', '26755', '72978', '8176']",8176,"['72978', '8176', '26755', '72365', '65195']"
"[0, 6]","[18, 25]","['75880', '25447', '41154', '59474', '25711']",25711,"['59474', '41154', '25711', '75880', '25447']"
"[0, 6]","[18, 23]","['43036', '59474', '25447', '43375', '67584']",67584,"['43036', '67584', '43375', '59474', '25447']"
"[17, 18]","[7, 1]","['21543', '51240', '66316', '31693', '8109']",8109,"['51240', '66316', '31693', '21543', '8109']"
"[17, 18]","[7, 20]","['51240', '6955', '21543', '66935', '2277']",2277,"['6955', '21543', '2277', '51240', '66935']"
"[17, 18]","[7, 1]","['21408', '6955', '46660', '66935', '10825']",10825,"['46660', '21408', '66935', '10825', '6955']"
"[17, 18]","[7, 3]","['66935', '46660', '21543', '51240', '64781']",64781,"['64781', '21543', '46660', '66935', '51240']"
"[17, 21]","[7, 1]","['62549', '40487', '69704', '78147', '8109']",8109,"['78147', '40487', '62549', '69704', '8109']"
"[3, 16]","[15, 17]","['63317', '59100', '11746', '56017', '1225']",1225,"['56017', '63317', '59100', '1225', '11746']"
"[3, 26]","[15, 28]","['18887', '1064', '68096', '32729', '23274']",23274,"['68096', '23274', '18887', '32729', '1064']"
"[0, 14]","[18, 23]","['17291', '80522', '1261', '37963', '42151']",42151,"['42151', '80522', '17291', '37963', '1261']"
"[0, 2]","[18, 25]","['48095', '9836', '66847', '51831', '4132']",4132,"['51831', '4132', '48095', '66847', '9836']"
"[0, 2]","[18, 23]","['67842', '63508', '54867', '9836', '32105']",32105,"['63508', '32105', '54867', '67842', '9836']"
"[17, 18]","[7, 1]","['6955', '51240', '66935', '21543', '12376']",12376,"['21543', '66935', '12376', '51240', '6955']"
"[3, 26]","[15, 17]","['9147', '19246', '40031', '32729', '11908']",11908,"['32729', '40031', '9147', '19246', '11908']"
"[15, 13]","[3, 7]","['68970', '25079', '53137', '20590', '37907']",37907,"['68970', '37907', '25079', '53137', '20590']"
"[0, 14]","[18, 23]","['42604', '17291', '1261', '37963', '48306']",48306,"['48306', '37963', '1261', '42604', '17291']"
"[3, 26]","[15, 17]","['68096', '40031', '50906', '34449', '11908']",11908,"['40031', '34449', '11908', '50906', '68096']"
"[15, 13]","[3, 21]","['25079', '42684', '24364', '20590', '57272']",57272,"['25079', '20590', '24364', '42684', '57272']"
"[3, 26]","[15, 21]","['9147', '72586', '19246', '18887', '20839']",20839,"['9147', '72586', '20839', '19246', '18887']"
"[15, 28]","[3, 12]","['23274', '38548', '10526', '3258', '27821']",27821,"['27821', '3258', '38548', '23274', '10526']"
"[17, 21]","[7, 1]","['40487', '9795', '78147', '62454', '17550']",17550,"['78147', '62454', '9795', '40487', '17550']"
"[0, 6]","[18, 25]","['41154', '43036', '25447', '59474', '62071']",62071,"['41154', '62071', '59474', '25447', '43036']"
"[15, 13]","[3, 17]","['24364', '53137', '20590', '42684', '64047']",64047,"['64047', '53137', '20590', '24364', '42684']"
"[3, 7]","[15, 17]","['73164', '19992', '4286', '19796', '60915']",60915,"['73164', '60915', '19992', '4286', '19796']"
"[17, 18]","[7, 3]","['31693', '21543', '70105', '6955', '52457']",52457,"['6955', '31693', '21543', '52457', '70105']"
"[0, 2]","[18, 23]","['43629', '32703', '70440', '60860', '14167']",14167,"['43629', '70440', '32703', '60860', '14167']"
"[3, 26]","[15, 28]","['40031', '50906', '49864', '11033', '10526']",10526,"['10526', '11033', '40031', '50906', '49864']"
"[18, 25]","[0, 6]","['3282', '4132', '25711', '62071', '41154']",41154,"['41154', '62071', '25711', '4132', '3282']"
"[3, 3]","[15, 17]","['10131', '22487', '994', '10017', '1225']",1225,"['1225', '22487', '10017', '994', '10131']"
"[15, 13]","[3, 3]","['34763', '42684', '20590', '53137', '10017']",10017,"['20590', '10017', '42684', '53137', '34763']"
"[0, 14]","[18, 23]","['17291', '42604', '39894', '37963', '10433']",10433,"['37963', '39894', '17291', '42604', '10433']"
"[7, 1]","[17, 21]","['8109', '17550', '10825', '12421', '9795']",9795,"['9795', '10825', '17550', '12421', '8109']"
"[15, 13]","[3, 4]","['20590', '53137', '34763', '42684', '11039']",11039,"['11039', '20590', '34763', '53137', '42684']"
"[3, 26]","[15, 28]","['11033', '19246', '34449', '68096', '67905']",67905,"['19246', '68096', '34449', '67905', '11033']"
"[0, 6]","[18, 25]","['75880', '43036', '59474', '25447', '25711']",25711,"['59474', '25711', '43036', '75880', '25447']"
"[17, 18]","[7, 1]","['66316', '6955', '21408', '66935', '8109']",8109,"['66316', '6955', '8109', '66935', '21408']"
"[0, 2]","[18, 25]","['70440', '66847', '51831', '62759', '25711']",25711,"['51831', '25711', '70440', '66847', '62759']"
"[0, 6]","[18, 25]","['25447', '75880', '43375', '43036', '4132']",4132,"['25447', '75880', '43036', '43375', '4132']"
"[18, 23]","[0, 24]","['72365', '40817', '78682', '26052', '48780']",48780,"['40817', '26052', '48780', '78682', '72365']"
"[15, 13]","[3, 7]","['68970', '25079', '20590', '34763', '30859']",30859,"['30859', '25079', '34763', '20590', '68970']"
"[0, 14]","[18, 23]","['42604', '80522', '1261', '37963', '37360']",37360,"['42604', '1261', '80522', '37360', '37963']"
"[15, 28]","[3, 16]","['67905', '10526', '38548', '23274', '11746']",11746,"['10526', '11746', '67905', '38548', '23274']"
"[7, 1]","[17, 5]","['53652', '3536', '8109', '16951', '72055']",72055,"['3536', '53652', '16951', '8109', '72055']"
"[15, 13]","[3, 17]","['20590', '34763', '42684', '24364', '64047']",64047,"['20590', '64047', '42684', '24364', '34763']"
"[3, 7]","[15, 13]","['19992', '30859', '73164', '19796', '24364']",24364,"['24364', '73164', '30859', '19992', '19796']"
"[15, 28]","[3, 12]","['3258', '67905', '10526', '38548', '1181']",1181,"['10526', '1181', '67905', '3258', '38548']"
"[17, 18]","[7, 1]","['66935', '70105', '66316', '6955', '3536']",3536,"['70105', '6955', '66316', '3536', '66935']"
"[0, 2]","[18, 23]","['44125', '43995', '66847', '67842', '14167']",14167,"['14167', '66847', '67842', '43995', '44125']"
"[7, 1]","[17, 21]","['8109', '3536', '17550', '12421', '62549']",62549,"['8109', '17550', '3536', '12421', '62549']"
"[15, 13]","[3, 16]","['24364', '68970', '53137', '25079', '63317']",63317,"['63317', '25079', '68970', '24364', '53137']"
"[15, 13]","[3, 21]","['20590', '68970', '34763', '53137', '57272']",57272,"['34763', '20590', '53137', '68970', '57272']"
"[15, 13]","[3, 7]","['53137', '34763', '24364', '20590', '19796']",19796,"['24364', '19796', '20590', '53137', '34763']"
"[3, 26]","[15, 17]","['1064', '68096', '40031', '72586', '11908']",11908,"['68096', '11908', '1064', '40031', '72586']"
"[3, 7]","[15, 13]","['37907', '19796', '19992', '4286', '53137']",53137,"['19796', '19992', '4286', '53137', '37907']"
"[0, 2]","[18, 25]","['62759', '67842', '80744', '51831', '4132']",4132,"['4132', '62759', '80744', '67842', '51831']"
"[15, 28]","[3, 16]","['67905', '38548', '10526', '23274', '63317']",63317,"['38548', '63317', '23274', '67905', '10526']"
"[3, 26]","[15, 28]","['11033', '49864', '68096', '19246', '10526']",10526,"['49864', '68096', '11033', '19246', '10526']"
"[3, 28]","[15, 13]","['12683', '55090', '42226', '8257', '34763']",34763,"['34763', '42226', '12683', '8257', '55090']"
"[15, 13]","[3, 28]","['42684', '53137', '68970', '34763', '73823']",73823,"['53137', '73823', '42684', '34763', '68970']"
"[7, 1]","[17, 18]","['12421', '8109', '10825', '12376', '66316']",66316,"['12421', '8109', '12376', '10825', '66316']"
"[0, 7]","[18, 23]","['66807', '72266', '15613', '10984', '12104']",12104,"['12104', '72266', '15613', '10984', '66807']"
"[18, 23]","[0, 7]","['72365', '20502', '12104', '78682', '66807']",66807,"['66807', '78682', '12104', '72365', '20502']"
"[17, 21]","[7, 20]","['62454', '62549', '78147', '40487', '54372']",54372,"['54372', '40487', '62549', '78147', '62454']"
"[0, 14]","[18, 23]","['80522', '39894', '75707', '37963', '40817']",40817,"['80522', '75707', '40817', '39894', '37963']"
"[17, 18]","[7, 22]","['21408', '51240', '31693', '21543', '23132']",23132,"['31693', '21408', '51240', '21543', '23132']"
"[3, 3]","[15, 17]","['10131', '30004', '22487', '72700', '1225']",1225,"['22487', '1225', '10131', '30004', '72700']"
"[7, 1]","[17, 21]","['53652', '10825', '12376', '16951', '62454']",62454,"['10825', '62454', '53652', '16951', '12376']"
"[3, 3]","[15, 28]","['10131', '22002', '22487', '30004', '3258']",3258,"['30004', '10131', '22487', '22002', '3258']"
"[0, 2]","[18, 25]","['44145', '54867', '66847', '43995', '73827']",73827,"['54867', '66847', '73827', '44145', '43995']"
"[7, 1]","[17, 18]","['8109', '10825', '17550', '53652', '46660']",46660,"['17550', '8109', '10825', '53652', '46660']"
"[3, 3]","[15, 13]","['994', '30004', '22487', '10017', '42684']",42684,"['30004', '10017', '994', '22487', '42684']"
"[0, 2]","[18, 23]","['48095', '9639', '70440', '27625', '64247']",64247,"['48095', '9639', '27625', '70440', '64247']"
"[7, 1]","[17, 18]","['8109', '53652', '10825', '17550', '21408']",21408,"['8109', '21408', '17550', '53652', '10825']"
"[3, 17]","[15, 28]","['33084', '53579', '64047', '38478', '67905']",67905,"['67905', '33084', '38478', '64047', '53579']"
"[0, 2]","[18, 23]","['51831', '28242', '9836', '27625', '12104']",12104,"['9836', '27625', '28242', '51831', '12104']"
"[17, 18]","[7, 22]","['21543', '21408', '66316', '6955', '23132']",23132,"['21543', '23132', '66316', '21408', '6955']"
"[18, 23]","[0, 6]","['67584', '42151', '26052', '14167', '43036']",43036,"['42151', '26052', '67584', '43036', '14167']"
"[3, 17]","[15, 28]","['54792', '33084', '64047', '53579', '23274']",23274,"['23274', '33084', '54792', '53579', '64047']"
"[0, 14]","[18, 25]","['42604', '75707', '39894', '37963', '25711']",25711,"['75707', '37963', '42604', '39894', '25711']"
"[17, 21]","[7, 1]","['9795', '78147', '62549', '62454', '8109']",8109,"['62549', '78147', '9795', '62454', '8109']"
"[15, 13]","[3, 5]","['42684', '34763', '25079', '24364', '12162']",12162,"['25079', '42684', '34763', '12162', '24364']"
"[7, 1]","[17, 21]","['8109', '12421', '10825', '16951', '62549']",62549,"['8109', '12421', '10825', '62549', '16951']"
"[18, 23]","[0, 7]","['64148', '65195', '25667', '59794', '66807']",66807,"['65195', '66807', '64148', '25667', '59794']"
"[3, 26]","[15, 28]","['49864', '72586', '32729', '34449', '67905']",67905,"['72586', '32729', '49864', '67905', '34449']"
"[15, 13]","[3, 7]","['25079', '53137', '24364', '42684', '30859']",30859,"['30859', '24364', '53137', '42684', '25079']"
"[3, 26]","[15, 21]","['11033', '1064', '32729', '49864', '13497']",13497,"['13497', '1064', '32729', '11033', '49864']"
"[7, 1]","[17, 18]","['3536', '8109', '12421', '10825', '66935']",66935,"['3536', '10825', '8109', '12421', '66935']"
"[0, 14]","[18, 23]","['80522', '1261', '42604', '39894', '32105']",32105,"['32105', '39894', '80522', '42604', '1261']"
"[0, 6]","[18, 23]","['59474', '49395', '25447', '41154', '72365']",72365,"['49395', '41154', '25447', '72365', '59474']"
"[17, 18]","[7, 1]","['70105', '21408', '31693', '51240', '8109']",8109,"['31693', '21408', '70105', '8109', '51240']"
"[0, 2]","[18, 23]","['43629', '70440', '80744', '67465', '42151']",42151,"['42151', '67465', '80744', '43629', '70440']"
"[0, 2]","[18, 23]","['27625', '70440', '66847', '45218', '32105']",32105,"['70440', '45218', '66847', '32105', '27625']"
"[3, 26]","[15, 21]","['50906', '72586', '49864', '9147', '13497']",13497,"['13497', '9147', '72586', '50906', '49864']"
"[7, 1]","[17, 21]","['53652', '16951', '10825', '8109', '40487']",40487,"['16951', '8109', '40487', '53652', '10825']"
"[0, 7]","[18, 23]","['65801', '10984', '15613', '66807', '65195']",65195,"['15613', '65195', '66807', '65801', '10984']"
"[15, 28]","[3, 12]","['67905', '23274', '38548', '3258', '37955']",37955,"['3258', '67905', '37955', '23274', '38548']"
"[3, 26]","[15, 13]","['32729', '40031', '50906', '11033', '34763']",34763,"['34763', '50906', '40031', '11033', '32729']"
"[7, 1]","[17, 18]","['16951', '10825', '53652', '3536', '21408']",21408,"['16951', '10825', '21408', '3536', '53652']"
"[18, 23]","[0, 0]","['15451', '72365', '26755', '40817', '78009']",78009,"['78009', '15451', '40817', '26755', '72365']"
"[7, 1]","[17, 5]","['17550', '3536', '12421', '16951', '33045']",33045,"['3536', '16951', '33045', '17550', '12421']"
"[3, 3]","[15, 13]","['10131', '22487', '10017', '22002', '53137']",53137,"['22002', '22487', '53137', '10131', '10017']"
"[18, 23]","[0, 24]","['40817', '20502', '25667', '26052', '37989']",37989,"['20502', '26052', '40817', '25667', '37989']"
"[17, 18]","[7, 20]","['21408', '66935', '70105', '51240', '55305']",55305,"['66935', '55305', '21408', '70105', '51240']"
"[3, 3]","[15, 13]","['72700', '994', '22002', '10131', '42684']",42684,"['994', '42684', '10131', '22002', '72700']"
"[17, 18]","[7, 3]","['31693', '66316', '21408', '66935', '75828']",75828,"['31693', '21408', '66316', '66935', '75828']"
"[15, 13]","[3, 5]","['34763', '24364', '53137', '25079', '12162']",12162,"['12162', '34763', '25079', '53137', '24364']"
"[17, 18]","[7, 1]","['6955', '31693', '46660', '21408', '17550']",17550,"['46660', '31693', '17550', '6955', '21408']"
"[7, 1]","[17, 5]","['53652', '3536', '10825', '16951', '33045']",33045,"['53652', '10825', '33045', '16951', '3536']"
"[18, 23]","[0, 6]","['10433', '72978', '26755', '6216', '59474']",59474,"['72978', '59474', '26755', '6216', '10433']"
"[3, 26]","[15, 28]","['19246', '9147', '32729', '72586', '67905']",67905,"['19246', '67905', '72586', '9147', '32729']"
"[3, 3]","[15, 28]","['30004', '10017', '22002', '994', '3258']",3258,"['10017', '994', '30004', '3258', '22002']"
"[18, 23]","[0, 6]","['26755', '32105', '72365', '26052', '49395']",49395,"['72365', '26755', '26052', '32105', '49395']"
"[18, 23]","[0, 24]","['25667', '72365', '26052', '65195', '74418']",74418,"['72365', '74418', '65195', '25667', '26052']"
"[0, 2]","[18, 23]","['59390', '63508', '9639', '51831', '72365']",72365,"['59390', '9639', '72365', '51831', '63508']"
"[17, 18]","[7, 1]","['31693', '46660', '21543', '6955', '53652']",53652,"['21543', '46660', '6955', '31693', '53652']"
"[3, 3]","[15, 13]","['22002', '22487', '72700', '10131', '25079']",25079,"['22002', '25079', '72700', '10131', '22487']"
"[18, 23]","[0, 24]","['6216', '26755', '64247', '78682', '48780']",48780,"['64247', '26755', '78682', '6216', '48780']"
"[18, 23]","[0, 2]","['14167', '61353', '48306', '26052', '28242']",28242,"['48306', '26052', '61353', '14167', '28242']"
"[0, 2]","[18, 23]","['60860', '44802', '45218', '44125', '40817']",40817,"['40817', '45218', '44802', '44125', '60860']"
"[3, 7]","[15, 28]","['19992', '4286', '37907', '19796', '10526']",10526,"['37907', '19796', '4286', '19992', '10526']"
"[17, 21]","[7, 3]","['69704', '78147', '62549', '62454', '61767']",61767,"['78147', '62549', '69704', '61767', '62454']"
"[18, 23]","[0, 7]","['72978', '15451', '10433', '20502', '66807']",66807,"['15451', '20502', '72978', '10433', '66807']"
"[17, 18]","[7, 1]","['31693', '46660', '66316', '51240', '12376']",12376,"['12376', '46660', '66316', '51240', '31693']"
"[18, 25]","[0, 2]","['3282', '62071', '73827', '4132', '54867']",54867,"['62071', '54867', '4132', '3282', '73827']"
"[0, 14]","[18, 23]","['37963', '17291', '75707', '1261', '5909']",5909,"['5909', '17291', '37963', '1261', '75707']"
"[3, 7]","[15, 28]","['73164', '19796', '30859', '37907', '67905']",67905,"['37907', '67905', '30859', '19796', '73164']"
"[0, 2]","[18, 23]","['48095', '27625', '51831', '43995', '61353']",61353,"['51831', '48095', '43995', '27625', '61353']"
"[17, 21]","[7, 20]","['40487', '62549', '9795', '69704', '2425']",2425,"['2425', '62549', '40487', '69704', '9795']"
"[3, 26]","[15, 13]","['49864', '34449', '32729', '18887', '53137']",53137,"['53137', '49864', '34449', '18887', '32729']"
"[7, 1]","[17, 18]","['16951', '10825', '3536', '8109', '70105']",70105,"['16951', '3536', '70105', '8109', '10825']"
"[3, 3]","[15, 13]","['994', '72700', '22487', '22002', '20590']",20590,"['22002', '72700', '22487', '994', '20590']"
"[3, 26]","[15, 17]","['9147', '32729', '49864', '1064', '11908']",11908,"['49864', '11908', '9147', '32729', '1064']"
"[15, 13]","[3, 17]","['34763', '68970', '24364', '53137', '38478']",38478,"['68970', '34763', '53137', '24364', '38478']"
"[7, 1]","[17, 18]","['12376', '17550', '3536', '8109', '6955']",6955,"['3536', '6955', '12376', '17550', '8109']"
"[0, 6]","[18, 23]","['43036', '75880', '49395', '43375', '14167']",14167,"['75880', '43036', '14167', '43375', '49395']"
"[0, 2]","[18, 25]","['43995', '67842', '63508', '43629', '25711']",25711,"['43629', '25711', '43995', '67842', '63508']"
"[3, 26]","[15, 17]","['9147', '18887', '11033', '50906', '1225']",1225,"['50906', '11033', '1225', '18887', '9147']"
"[15, 28]","[3, 16]","['10526', '38548', '3258', '67905', '56017']",56017,"['38548', '67905', '3258', '56017', '10526']"
"[3, 26]","[15, 21]","['72586', '68096', '19246', '1064', '3384']",3384,"['19246', '1064', '68096', '3384', '72586']"
"[3, 17]","[15, 28]","['54792', '33084', '53579', '38478', '23274']",23274,"['53579', '23274', '33084', '54792', '38478']"
"[3, 26]","[15, 21]","['49864', '19246', '9147', '68096', '3384']",3384,"['9147', '19246', '68096', '49864', '3384']"
"[15, 28]","[3, 5]","['23274', '3258', '67905', '10526', '64']",64,"['67905', '64', '10526', '3258', '23274']"
"[3, 17]","[15, 17]","['64047', '38478', '53579', '33084', '47834']",47834,"['47834', '33084', '53579', '38478', '64047']"
"[17, 18]","[7, 3]","['46660', '21543', '6955', '31693', '52457']",52457,"['31693', '21543', '6955', '52457', '46660']"
"[15, 13]","[3, 21]","['25079', '20590', '34763', '24364', '42206']",42206,"['25079', '24364', '34763', '42206', '20590']"
"[0, 7]","[18, 23]","['65801', '72266', '15613', '66807', '5909']",5909,"['65801', '5909', '72266', '15613', '66807']"
"[3, 26]","[15, 13]","['11033', '72586', '68096', '50906', '53137']",53137,"['72586', '53137', '50906', '68096', '11033']"
"[0, 14]","[18, 23]","['17291', '42604', '1261', '39894', '10433']",10433,"['42604', '10433', '1261', '17291', '39894']"
"[3, 3]","[15, 21]","['30004', '72700', '22487', '994', '3384']",3384,"['72700', '22487', '3384', '994', '30004']"
"[3, 26]","[15, 13]","['32729', '34449', '68096', '72586', '24364']",24364,"['68096', '72586', '34449', '24364', '32729']"
"[0, 14]","[18, 23]","['75707', '37963', '1261', '39894', '65195']",65195,"['39894', '65195', '1261', '37963', '75707']"
"[7, 1]","[17, 18]","['3536', '16951', '17550', '12421', '51240']",51240,"['17550', '12421', '16951', '51240', '3536']"
"[17, 18]","[7, 20]","['21408', '70105', '46660', '51240', '55305']",55305,"['51240', '70105', '21408', '46660', '55305']"
"[3, 3]","[15, 17]","['22487', '30004', '72700', '994', '60915']",60915,"['72700', '994', '30004', '60915', '22487']"
"[7, 1]","[17, 18]","['16951', '10825', '3536', '8109', '46660']",46660,"['46660', '8109', '3536', '10825', '16951']"
"[17, 18]","[7, 3]","['46660', '66316', '31693', '21408', '52457']",52457,"['21408', '52457', '66316', '31693', '46660']"
"[3, 7]","[15, 21]","['73164', '4286', '37907', '19992', '13497']",13497,"['37907', '13497', '73164', '19992', '4286']"
"[7, 1]","[17, 18]","['17550', '12376', '53652', '12421', '6955']",6955,"['53652', '12421', '17550', '12376', '6955']"
"[15, 13]","[3, 16]","['53137', '25079', '24364', '20590', '56017']",56017,"['24364', '53137', '25079', '20590', '56017']"
"[3, 26]","[15, 21]","['1064', '49864', '18887', '32729', '20839']",20839,"['18887', '20839', '32729', '1064', '49864']"
"[0, 14]","[18, 23]","['1261', '17291', '37963', '80522', '64148']",64148,"['80522', '17291', '37963', '1261', '64148']"
"[15, 17]","[3, 26]","['1225', '60915', '47834', '11908', '11033']",11033,"['60915', '11033', '47834', '11908', '1225']"
"[0, 2]","[18, 25]","['67465', '80744', '44145', '27625', '25711']",25711,"['80744', '44145', '25711', '27625', '67465']"
"[3, 17]","[15, 28]","['54792', '53579', '64047', '12043', '67905']",67905,"['12043', '64047', '54792', '53579', '67905']"
"[7, 1]","[17, 18]","['12376', '53652', '17550', '8109', '6955']",6955,"['8109', '6955', '12376', '17550', '53652']"
"[18, 23]","[0, 6]","['64148', '14167', '72365', '67584', '43375']",43375,"['43375', '67584', '72365', '64148', '14167']"
"[3, 26]","[15, 17]","['49864', '18887', '68096', '50906', '47834']",47834,"['50906', '47834', '68096', '49864', '18887']"
"[0, 14]","[18, 23]","['39894', '80522', '37963', '75707', '5909']",5909,"['75707', '37963', '5909', '39894', '80522']"
"[0, 14]","[18, 25]","['42604', '1261', '39894', '80522', '73827']",73827,"['80522', '42604', '39894', '1261', '73827']"
"[18, 23]","[0, 2]","['64148', '78682', '14167', '64247', '32703']",32703,"['14167', '32703', '64247', '78682', '64148']"
"[3, 28]","[15, 28]","['42226', '12683', '8257', '73823', '23274']",23274,"['73823', '42226', '8257', '23274', '12683']"
"[17, 18]","[7, 3]","['6955', '66316', '66935', '51240', '75828']",75828,"['66316', '66935', '6955', '75828', '51240']"
"[15, 13]","[3, 28]","['20590', '68970', '42684', '25079', '73823']",73823,"['73823', '42684', '20590', '68970', '25079']"
"[0, 6]","[18, 25]","['41154', '59474', '43036', '75880', '3282']",3282,"['59474', '75880', '41154', '43036', '3282']"
"[3, 26]","[15, 17]","['11033', '50906', '34449', '9147', '60915']",60915,"['11033', '50906', '9147', '34449', '60915']"
"[0, 2]","[18, 25]","['28242', '80744', '43995', '62759', '73827']",73827,"['28242', '43995', '80744', '73827', '62759']"
"[18, 23]","[0, 24]","['67584', '37360', '25667', '72978', '48780']",48780,"['25667', '72978', '48780', '67584', '37360']"
"[0, 2]","[18, 25]","['32703', '27625', '59390', '44145', '62071']",62071,"['59390', '62071', '27625', '44145', '32703']"
"[0, 6]","[18, 23]","['43036', '59474', '49395', '41154', '5909']",5909,"['49395', '5909', '43036', '41154', '59474']"
"[18, 25]","[0, 2]","['25711', '62071', '73827', '4132', '43629']",43629,"['62071', '25711', '4132', '43629', '73827']"
"[18, 23]","[0, 0]","['72365', '12104', '5909', '6216', '14834']",14834,"['14834', '12104', '5909', '72365', '6216']"
"[3, 26]","[15, 28]","['19246', '1064', '11033', '50906', '3258']",3258,"['50906', '1064', '3258', '19246', '11033']"
"[7, 1]","[17, 21]","['12376', '16951', '8109', '12421', '62454']",62454,"['8109', '12376', '62454', '12421', '16951']"
"[15, 13]","[3, 3]","['34763', '42684', '53137', '25079', '22487']",22487,"['22487', '25079', '34763', '42684', '53137']"
"[0, 6]","[18, 23]","['41154', '43036', '49395', '75880', '10433']",10433,"['49395', '41154', '10433', '75880', '43036']"
"[18, 23]","[0, 14]","['37360', '64247', '40817', '20502', '39894']",39894,"['20502', '37360', '64247', '40817', '39894']"
"[0, 14]","[18, 23]","['42604', '1261', '17291', '75707', '67584']",67584,"['17291', '75707', '1261', '42604', '67584']"
"[0, 2]","[18, 23]","['48095', '54867', '51831', '43629', '26052']",26052,"['26052', '54867', '43629', '48095', '51831']"
"[17, 18]","[7, 20]","['21408', '70105', '31693', '66935', '55305']",55305,"['66935', '31693', '70105', '55305', '21408']"
"[17, 18]","[7, 1]","['46660', '21543', '66316', '21408', '8109']",8109,"['21408', '66316', '46660', '8109', '21543']"
"[0, 7]","[18, 23]","['65801', '66807', '72266', '15613', '78682']",78682,"['15613', '78682', '65801', '72266', '66807']"
"[17, 18]","[7, 1]","['31693', '70105', '21408', '66935', '17550']",17550,"['66935', '70105', '21408', '31693', '17550']"
"[18, 23]","[0, 0]","['26052', '6216', '5909', '26755', '28082']",28082,"['26755', '28082', '5909', '26052', '6216']"
"[0, 14]","[18, 23]","['39894', '42604', '75707', '17291', '37360']",37360,"['17291', '37360', '75707', '42604', '39894']"
"[3, 26]","[15, 28]","['9147', '68096', '11033', '49864', '38548']",38548,"['49864', '38548', '9147', '11033', '68096']"
"[18, 23]","[0, 14]","['25667', '61353', '64148', '10433', '75707']",75707,"['61353', '64148', '25667', '75707', '10433']"
"[0, 6]","[18, 23]","['59474', '43375', '25447', '43036', '5909']",5909,"['5909', '59474', '43036', '25447', '43375']"
"[17, 18]","[7, 1]","['21408', '31693', '66935', '70105', '16951']",16951,"['66935', '31693', '21408', '16951', '70105']"
"[7, 1]","[17, 5]","['12421', '10825', '16951', '17550', '72055']",72055,"['16951', '72055', '12421', '17550', '10825']"
"[3, 26]","[15, 13]","['32729', '40031', '68096', '72586', '25079']",25079,"['68096', '25079', '72586', '40031', '32729']"
"[0, 2]","[18, 23]","['32703', '9639', '43995', '51831', '64247']",64247,"['9639', '64247', '43995', '32703', '51831']"
"[0, 14]","[18, 25]","['37963', '39894', '1261', '80522', '4132']",4132,"['1261', '39894', '4132', '37963', '80522']"
"[17, 21]","[7, 3]","['62549', '62454', '9795', '69704', '61767']",61767,"['61767', '62454', '9795', '62549', '69704']"
"[0, 2]","[18, 23]","['80744', '9836', '48095', '66847', '20502']",20502,"['48095', '20502', '80744', '66847', '9836']"
"[3, 28]","[15, 28]","['8257', '73823', '42226', '12683', '10526']",10526,"['73823', '12683', '42226', '10526', '8257']"
"[17, 18]","[7, 1]","['21408', '66935', '70105', '66316', '16951']",16951,"['16951', '21408', '70105', '66316', '66935']"
"[3, 3]","[15, 17]","['10017', '72700', '22487', '994', '11908']",11908,"['994', '11908', '10017', '22487', '72700']"
"[17, 18]","[7, 1]","['46660', '51240', '70105', '31693', '17550']",17550,"['51240', '70105', '31693', '17550', '46660']"
"[18, 25]","[0, 2]","['62071', '25711', '4132', '3282', '43629']",43629,"['3282', '62071', '43629', '4132', '25711']"
"[7, 1]","[17, 21]","['3536', '53652', '16951', '17550', '62549']",62549,"['3536', '53652', '16951', '62549', '17550']"
"[17, 18]","[7, 1]","['51240', '66316', '21408', '70105', '12421']",12421,"['66316', '12421', '21408', '70105', '51240']"
"[0, 2]","[18, 25]","['44802', '48095', '9836', '60860', '73827']",73827,"['73827', '48095', '9836', '44802', '60860']"
"[0, 7]","[18, 23]","['65801', '10984', '66807', '72266', '5909']",5909,"['65801', '10984', '5909', '66807', '72266']"
"[0, 2]","[18, 23]","['44145', '80744', '28242', '67842', '67584']",67584,"['28242', '44145', '67584', '67842', '80744']"
"[17, 18]","[7, 1]","['21408', '6955', '31693', '51240', '17550']",17550,"['51240', '17550', '6955', '21408', '31693']"
"[18, 23]","[0, 2]","['25667', '6216', '64148', '61353', '66847']",66847,"['6216', '25667', '66847', '61353', '64148']"
"[3, 17]","[15, 21]","['53579', '12043', '54792', '64047', '13497']",13497,"['13497', '64047', '54792', '53579', '12043']"
"[17, 18]","[7, 22]","['51240', '66316', '21543', '66935', '23132']",23132,"['66935', '51240', '23132', '21543', '66316']"
"[15, 13]","[3, 3]","['25079', '34763', '42684', '53137', '30004']",30004,"['30004', '34763', '25079', '42684', '53137']"
"[17, 21]","[7, 22]","['9795', '78147', '40487', '62549', '31113']",31113,"['62549', '40487', '9795', '78147', '31113']"
"[0, 14]","[18, 23]","['42604', '37963', '75707', '17291', '67584']",67584,"['75707', '17291', '42604', '67584', '37963']"
"[15, 13]","[3, 12]","['25079', '53137', '20590', '34763', '27821']",27821,"['20590', '34763', '27821', '25079', '53137']"
"[18, 23]","[0, 2]","['64148', '14167', '61353', '26052', '44802']",44802,"['26052', '14167', '44802', '64148', '61353']"
"[17, 18]","[7, 3]","['66316', '21543', '70105', '46660', '52457']",52457,"['46660', '70105', '66316', '21543', '52457']"
"[15, 13]","[3, 12]","['24364', '25079', '20590', '34763', '27821']",27821,"['34763', '24364', '27821', '25079', '20590']"
"[18, 25]","[0, 6]","['25711', '62071', '73827', '4132', '41154']",41154,"['25711', '62071', '41154', '73827', '4132']"
"[18, 25]","[0, 2]","['73827', '4132', '25711', '3282', '62759']",62759,"['73827', '3282', '25711', '4132', '62759']"
"[15, 28]","[3, 26]","['3258', '23274', '10526', '38548', '72586']",72586,"['23274', '10526', '38548', '3258', '72586']"
"[3, 17]","[15, 13]","['64047', '38478', '33084', '12043', '34763']",34763,"['38478', '12043', '34763', '33084', '64047']"
"[17, 21]","[7, 20]","['78147', '62549', '40487', '9795', '54372']",54372,"['40487', '78147', '54372', '9795', '62549']"
"[18, 25]","[0, 2]","['73827', '4132', '25711', '62071', '44802']",44802,"['73827', '25711', '4132', '44802', '62071']"
"[3, 7]","[15, 17]","['19796', '19992', '4286', '37907', '60915']",60915,"['19796', '19992', '37907', '4286', '60915']"
"[18, 25]","[0, 6]","['73827', '25711', '62071', '4132', '25447']",25447,"['62071', '25711', '73827', '4132', '25447']"
"[17, 18]","[7, 22]","['21543', '46660', '21408', '70105', '31113']",31113,"['21543', '46660', '70105', '31113', '21408']"
"[15, 28]","[3, 7]","['10526', '23274', '38548', '3258', '19992']",19992,"['19992', '38548', '23274', '10526', '3258']"
"[3, 28]","[15, 28]","['12683', '42226', '8257', '73823', '67905']",67905,"['8257', '12683', '67905', '42226', '73823']"
"[3, 17]","[15, 13]","['12043', '38478', '33084', '54792', '25079']",25079,"['33084', '54792', '38478', '12043', '25079']"
"[0, 14]","[18, 25]","['75707', '80522', '17291', '1261', '3282']",3282,"['1261', '17291', '3282', '80522', '75707']"
"[15, 28]","[3, 3]","['38548', '10526', '3258', '23274', '994']",994,"['23274', '994', '10526', '3258', '38548']"
"[3, 7]","[15, 13]","['19796', '4286', '30859', '73164', '34763']",34763,"['19796', '34763', '73164', '30859', '4286']"
"[0, 2]","[18, 23]","['67465', '9836', '63508', '70440', '20502']",20502,"['9836', '63508', '67465', '20502', '70440']"
"[0, 2]","[18, 23]","['9836', '48095', '60860', '51831', '64247']",64247,"['51831', '48095', '64247', '9836', '60860']"
"[3, 7]","[15, 13]","['73164', '19992', '30859', '37907', '24364']",24364,"['30859', '37907', '19992', '73164', '24364']"
"[3, 26]","[15, 21]","['11033', '19246', '32729', '68096', '7489']",7489,"['7489', '68096', '11033', '19246', '32729']"
"[7, 1]","[17, 21]","['16951', '8109', '10825', '3536', '69704']",69704,"['16951', '69704', '10825', '3536', '8109']"
"[0, 2]","[18, 23]","['44125', '44802', '59390', '51831', '48306']",48306,"['44125', '48306', '59390', '44802', '51831']"
"[3, 3]","[15, 17]","['72700', '22002', '10017', '10131', '1225']",1225,"['1225', '22002', '10017', '72700', '10131']"
"[0, 6]","[18, 23]","['49395', '43375', '25447', '75880', '65195']",65195,"['49395', '43375', '25447', '75880', '65195']"
"[0, 6]","[18, 23]","['41154', '59474', '43036', '25447', '72365']",72365,"['43036', '25447', '41154', '59474', '72365']"
"[3, 26]","[15, 17]","['18887', '68096', '1064', '49864', '11908']",11908,"['11908', '49864', '1064', '68096', '18887']"
"[3, 26]","[15, 17]","['19246', '32729', '72586', '9147', '47834']",47834,"['9147', '47834', '19246', '72586', '32729']"
"[3, 17]","[15, 28]","['33084', '54792', '12043', '53579', '67905']",67905,"['67905', '53579', '12043', '33084', '54792']"
"[0, 6]","[18, 23]","['43375', '75880', '49395', '25447', '26052']",26052,"['26052', '25447', '43375', '49395', '75880']"
"[17, 21]","[7, 1]","['62454', '9795', '62549', '69704', '3536']",3536,"['3536', '62549', '62454', '9795', '69704']"
"[18, 25]","[0, 14]","['3282', '73827', '62071', '25711', '17291']",17291,"['3282', '25711', '17291', '73827', '62071']"
"[0, 2]","[18, 23]","['66847', '43995', '32703', '44802', '64148']",64148,"['32703', '44802', '43995', '66847', '64148']"
"[18, 23]","[0, 6]","['32105', '37360', '59794', '25667', '75880']",75880,"['59794', '32105', '75880', '37360', '25667']"
"[3, 17]","[15, 13]","['38478', '54792', '33084', '64047', '25079']",25079,"['64047', '38478', '54792', '33084', '25079']"
"[17, 21]","[7, 1]","['62549', '40487', '9795', '69704', '12421']",12421,"['40487', '12421', '69704', '9795', '62549']"
"[0, 6]","[18, 25]","['59474', '41154', '43036', '49395', '25711']",25711,"['25711', '49395', '43036', '41154', '59474']"
"[3, 26]","[15, 28]","['68096', '50906', '32729', '49864', '38548']",38548,"['49864', '68096', '38548', '32729', '50906']"
"[15, 13]","[3, 26]","['20590', '53137', '68970', '42684', '1064']",1064,"['53137', '20590', '1064', '42684', '68970']"
"[0, 2]","[18, 25]","['43995', '60860', '66847', '32703', '73827']",73827,"['73827', '66847', '32703', '60860', '43995']"
"[15, 13]","[3, 28]","['34763', '25079', '24364', '20590', '55090']",55090,"['24364', '34763', '25079', '55090', '20590']"
"[3, 7]","[15, 13]","['73164', '4286', '19796', '37907', '25079']",25079,"['4286', '73164', '37907', '19796', '25079']"
"[15, 13]","[3, 12]","['34763', '20590', '68970', '25079', '27821']",27821,"['68970', '25079', '20590', '34763', '27821']"
"[0, 6]","[18, 23]","['59474', '43036', '49395', '75880', '37360']",37360,"['43036', '75880', '49395', '59474', '37360']"
"[15, 28]","[3, 7]","['67905', '38548', '3258', '23274', '19992']",19992,"['19992', '67905', '38548', '23274', '3258']"
"[7, 1]","[17, 18]","['17550', '12421', '8109', '3536', '51240']",51240,"['8109', '3536', '12421', '17550', '51240']"
"[0, 6]","[18, 23]","['59474', '25447', '43036', '49395', '12104']",12104,"['25447', '12104', '49395', '59474', '43036']"
"[3, 26]","[15, 13]","['72586', '18887', '32729', '34449', '68970']",68970,"['18887', '32729', '68970', '72586', '34449']"
"[7, 1]","[17, 21]","['17550', '12376', '8109', '16951', '40487']",40487,"['40487', '8109', '16951', '17550', '12376']"
"[17, 18]","[7, 1]","['46660', '51240', '21543', '6955', '10825']",10825,"['6955', '21543', '10825', '51240', '46660']"
"[17, 18]","[7, 22]","['66935', '21408', '46660', '70105', '40679']",40679,"['40679', '46660', '21408', '70105', '66935']"
"[18, 23]","[0, 0]","['37360', '65195', '6216', '32105', '28082']",28082,"['65195', '32105', '6216', '28082', '37360']"
"[18, 23]","[0, 24]","['26755', '26052', '48306', '78682', '74418']",74418,"['26052', '78682', '26755', '74418', '48306']"
"[3, 7]","[15, 13]","['4286', '19992', '30859', '73164', '42684']",42684,"['30859', '4286', '42684', '73164', '19992']"
"[18, 25]","[0, 2]","['62071', '4132', '73827', '25711', '66847']",66847,"['73827', '62071', '25711', '4132', '66847']"
"[15, 13]","[3, 3]","['20590', '25079', '68970', '24364', '10017']",10017,"['10017', '20590', '25079', '24364', '68970']"
"[3, 3]","[15, 17]","['10131', '22487', '994', '30004', '47834']",47834,"['22487', '994', '10131', '30004', '47834']"
"[15, 13]","[3, 16]","['42684', '20590', '34763', '25079', '177']",177,"['25079', '34763', '177', '42684', '20590']"
"[7, 1]","[17, 18]","['53652', '17550', '12376', '16951', '46660']",46660,"['46660', '17550', '12376', '53652', '16951']"
"[7, 1]","[17, 5]","['16951', '12376', '17550', '12421', '72055']",72055,"['12421', '17550', '16951', '72055', '12376']"
"[0, 6]","[18, 23]","['43375', '59474', '43036', '49395', '64247']",64247,"['43036', '43375', '49395', '64247', '59474']"
"[17, 21]","[7, 3]","['62454', '69704', '62549', '9795', '64781']",64781,"['62454', '9795', '69704', '62549', '64781']"
"[3, 26]","[15, 21]","['50906', '32729', '1064', '40031', '13497']",13497,"['40031', '50906', '32729', '13497', '1064']"
"[15, 13]","[3, 17]","['42684', '24364', '34763', '53137', '53579']",53579,"['42684', '34763', '53137', '24364', '53579']"
"[0, 14]","[18, 23]","['80522', '42604', '1261', '37963', '14167']",14167,"['80522', '37963', '14167', '1261', '42604']"
"[15, 13]","[3, 3]","['34763', '42684', '53137', '20590', '22487']",22487,"['42684', '20590', '22487', '34763', '53137']"
"[3, 26]","[15, 13]","['68096', '50906', '18887', '40031', '42684']",42684,"['40031', '50906', '68096', '42684', '18887']"
"[17, 18]","[7, 22]","['66316', '21408', '51240', '66935', '40679']",40679,"['66316', '40679', '51240', '66935', '21408']"
"[15, 28]","[3, 28]","['10526', '67905', '23274', '3258', '12683']",12683,"['10526', '12683', '23274', '67905', '3258']"
"[17, 18]","[7, 3]","['46660', '66935', '21543', '31693', '75828']",75828,"['66935', '31693', '46660', '75828', '21543']"
"[17, 21]","[7, 1]","['78147', '62454', '69704', '62549', '8109']",8109,"['8109', '69704', '62549', '78147', '62454']"
"[0, 2]","[18, 23]","['48095', '80744', '44802', '28242', '26755']",26755,"['28242', '80744', '44802', '48095', '26755']"
"[15, 13]","[3, 17]","['68970', '24364', '34763', '25079', '33084']",33084,"['24364', '68970', '25079', '34763', '33084']"
"[0, 14]","[18, 23]","['75707', '1261', '80522', '39894', '72978']",72978,"['1261', '80522', '75707', '72978', '39894']"
"[7, 1]","[17, 18]","['12376', '3536', '10825', '17550', '46660']",46660,"['3536', '46660', '12376', '10825', '17550']"
"[15, 13]","[3, 17]","['20590', '68970', '42684', '34763', '38478']",38478,"['38478', '42684', '68970', '34763', '20590']"
"[17, 18]","[7, 22]","['70105', '51240', '46660', '31693', '40679']",40679,"['70105', '51240', '31693', '40679', '46660']"
"[0, 2]","[18, 25]","['62759', '9639', '32703', '27625', '25711']",25711,"['27625', '62759', '9639', '25711', '32703']"
"[3, 26]","[15, 28]","['19246', '34449', '18887', '40031', '23274']",23274,"['34449', '19246', '40031', '23274', '18887']"
"[18, 23]","[0, 24]","['72365', '42151', '64247', '14167', '74418']",74418,"['64247', '72365', '74418', '42151', '14167']"
"[15, 13]","[3, 16]","['24364', '42684', '34763', '53137', '63317']",63317,"['53137', '63317', '42684', '34763', '24364']"
"[17, 21]","[7, 3]","['62454', '9795', '40487', '69704', '75828']",75828,"['62454', '75828', '69704', '9795', '40487']"
"[18, 23]","[0, 2]","['64247', '59794', '61353', '10433', '9639']",9639,"['61353', '9639', '64247', '10433', '59794']"
"[18, 23]","[0, 6]","['40817', '72365', '10433', '6216', '75880']",75880,"['40817', '6216', '10433', '75880', '72365']"
"[15, 13]","[3, 4]","['68970', '20590', '24364', '53137', '9383']",9383,"['20590', '9383', '24364', '68970', '53137']"
"[0, 2]","[18, 25]","['44125', '28242', '60860', '80744', '25711']",25711,"['25711', '60860', '44125', '80744', '28242']"
"[0, 14]","[18, 23]","['37963', '42604', '17291', '80522', '37360']",37360,"['37360', '37963', '17291', '80522', '42604']"
"[3, 7]","[15, 17]","['19796', '37907', '30859', '73164', '60915']",60915,"['60915', '37907', '30859', '73164', '19796']"
"[0, 2]","[18, 25]","['9639', '51831', '63508', '27625', '3282']",3282,"['27625', '3282', '63508', '9639', '51831']"
"[0, 6]","[18, 23]","['75880', '43375', '41154', '59474', '72978']",72978,"['59474', '72978', '41154', '75880', '43375']"
"[3, 26]","[15, 13]","['49864', '72586', '19246', '18887', '24364']",24364,"['24364', '18887', '72586', '19246', '49864']"
"[7, 1]","[17, 18]","['8109', '17550', '10825', '12376', '70105']",70105,"['70105', '10825', '8109', '12376', '17550']"
"[3, 3]","[15, 28]","['72700', '22002', '30004', '10017', '10526']",10526,"['10526', '30004', '10017', '72700', '22002']"
"[3, 7]","[15, 17]","['73164', '37907', '4286', '19992', '60915']",60915,"['73164', '19992', '60915', '37907', '4286']"
"[17, 21]","[7, 3]","['9795', '69704', '40487', '78147', '64781']",64781,"['64781', '78147', '9795', '69704', '40487']"
"[15, 13]","[3, 5]","['68970', '24364', '34763', '25079', '74226']",74226,"['25079', '74226', '68970', '34763', '24364']"
"[0, 2]","[18, 25]","['44145', '48095', '67842', '9639', '3282']",3282,"['3282', '48095', '67842', '44145', '9639']"
"[17, 18]","[7, 22]","['66316', '46660', '21408', '6955', '79411']",79411,"['79411', '6955', '21408', '66316', '46660']"
"[18, 23]","[0, 14]","['42151', '26052', '25667', '48306', '39894']",39894,"['25667', '48306', '39894', '26052', '42151']"
"[3, 17]","[15, 13]","['38478', '53579', '64047', '12043', '24364']",24364,"['24364', '38478', '12043', '53579', '64047']"
"[0, 7]","[18, 23]","['72266', '65801', '10984', '15613', '26052']",26052,"['65801', '15613', '26052', '10984', '72266']"
"[15, 13]","[3, 16]","['68970', '24364', '53137', '42684', '56017']",56017,"['53137', '56017', '68970', '24364', '42684']"
"[0, 2]","[18, 23]","['66847', '32703', '45218', '70440', '48306']",48306,"['48306', '70440', '66847', '32703', '45218']"
"[3, 26]","[15, 28]","['1064', '19246', '32729', '34449', '3258']",3258,"['34449', '3258', '19246', '1064', '32729']"
"[0, 2]","[18, 23]","['45218', '44125', '51831', '28242', '37360']",37360,"['45218', '37360', '51831', '44125', '28242']"
"[3, 3]","[15, 28]","['22487', '72700', '10131', '994', '3258']",3258,"['10131', '22487', '72700', '3258', '994']"
"[7, 1]","[17, 18]","['8109', '3536', '17550', '16951', '66316']",66316,"['17550', '8109', '66316', '3536', '16951']"
"[0, 2]","[18, 25]","['67465', '9836', '32703', '63508', '62071']",62071,"['9836', '32703', '67465', '62071', '63508']"
"[0, 6]","[18, 23]","['49395', '75880', '25447', '43375', '32105']",32105,"['43375', '25447', '49395', '32105', '75880']"
"[3, 7]","[15, 17]","['37907', '19796', '73164', '19992', '11908']",11908,"['11908', '37907', '19796', '73164', '19992']"
"[7, 1]","[17, 18]","['16951', '12376', '3536', '10825', '66935']",66935,"['3536', '66935', '10825', '16951', '12376']"
"[18, 25]","[0, 2]","['62071', '4132', '3282', '25711', '66847']",66847,"['62071', '25711', '3282', '4132', '66847']"
"[17, 18]","[7, 1]","['21408', '46660', '31693', '66935', '3536']",3536,"['3536', '66935', '21408', '31693', '46660']"
"[3, 21]","[15, 13]","['42206', '57272', '14038', '47060', '24364']",24364,"['47060', '57272', '14038', '42206', '24364']"
"[15, 13]","[3, 16]","['68970', '53137', '24364', '25079', '11746']",11746,"['24364', '53137', '11746', '68970', '25079']"
"[17, 18]","[7, 20]","['31693', '21408', '70105', '6955', '54372']",54372,"['31693', '54372', '6955', '70105', '21408']"
"[0, 2]","[18, 23]","['60860', '54867', '70440', '9639', '64247']",64247,"['54867', '64247', '70440', '9639', '60860']"
"[3, 7]","[15, 28]","['19796', '4286', '30859', '19992', '3258']",3258,"['3258', '19992', '19796', '30859', '4286']"
"[15, 13]","[3, 4]","['68970', '25079', '34763', '20590', '9383']",9383,"['9383', '20590', '25079', '34763', '68970']"
"[0, 2]","[18, 23]","['59390', '63508', '80744', '43629', '37360']",37360,"['63508', '59390', '80744', '43629', '37360']"
"[3, 26]","[15, 13]","['11033', '49864', '72586', '18887', '20590']",20590,"['72586', '11033', '49864', '18887', '20590']"
"[0, 14]","[18, 23]","['39894', '37963', '42604', '75707', '20502']",20502,"['20502', '75707', '39894', '42604', '37963']"
"[15, 13]","[3, 5]","['53137', '68970', '42684', '34763', '63514']",63514,"['53137', '68970', '34763', '63514', '42684']"
"[0, 2]","[18, 25]","['43995', '28242', '32703', '54867', '73827']",73827,"['73827', '28242', '32703', '43995', '54867']"
"[7, 1]","[17, 18]","['12421', '8109', '17550', '53652', '51240']",51240,"['12421', '8109', '51240', '53652', '17550']"
"[3, 21]","[15, 28]","['42206', '57272', '14038', '53064', '10526']",10526,"['42206', '53064', '14038', '10526', '57272']"
"[0, 14]","[18, 23]","['37963', '1261', '80522', '39894', '12104']",12104,"['39894', '12104', '1261', '80522', '37963']"
"[0, 6]","[18, 23]","['59474', '43036', '49395', '75880', '5909']",5909,"['75880', '5909', '43036', '59474', '49395']"
"[3, 17]","[15, 17]","['53579', '54792', '12043', '64047', '1225']",1225,"['54792', '12043', '53579', '1225', '64047']"
"[17, 18]","[7, 3]","['6955', '21543', '66935', '70105', '52457']",52457,"['70105', '52457', '21543', '6955', '66935']"
"[3, 7]","[15, 17]","['73164', '4286', '19992', '37907', '1225']",1225,"['73164', '1225', '37907', '19992', '4286']"
"[15, 13]","[3, 7]","['34763', '42684', '53137', '25079', '19796']",19796,"['53137', '19796', '42684', '25079', '34763']"
"[3, 3]","[15, 17]","['72700', '10017', '22002', '994', '47834']",47834,"['47834', '994', '22002', '10017', '72700']"
"[18, 23]","[0, 6]","['25667', '6216', '64247', '14167', '75880']",75880,"['25667', '75880', '6216', '14167', '64247']"
"[17, 21]","[7, 1]","['40487', '9795', '62549', '78147', '8109']",8109,"['8109', '9795', '40487', '62549', '78147']"
"[17, 18]","[7, 22]","['51240', '66316', '6955', '21543', '40679']",40679,"['66316', '40679', '6955', '51240', '21543']"
"[0, 14]","[18, 23]","['37963', '42604', '1261', '80522', '72978']",72978,"['42604', '37963', '1261', '80522', '72978']"
"[3, 3]","[15, 28]","['10131', '10017', '72700', '22002', '23274']",23274,"['72700', '10131', '22002', '10017', '23274']"
"[15, 28]","[3, 4]","['23274', '3258', '67905', '10526', '20671']",20671,"['3258', '23274', '10526', '67905', '20671']"
"[3, 3]","[15, 13]","['994', '10131', '10017', '72700', '20590']",20590,"['10131', '20590', '72700', '994', '10017']"
"[18, 23]","[0, 24]","['78682', '48306', '15451', '32105', '48780']",48780,"['48780', '32105', '78682', '48306', '15451']"
"[7, 1]","[17, 5]","['12421', '10825', '12376', '53652', '50221']",50221,"['12376', '10825', '53652', '50221', '12421']"
"[17, 21]","[7, 22]","['69704', '62549', '9795', '78147', '40679']",40679,"['9795', '69704', '62549', '78147', '40679']"
"[15, 13]","[3, 26]","['20590', '68970', '34763', '24364', '72586']",72586,"['68970', '24364', '20590', '72586', '34763']"
"[17, 18]","[7, 22]","['6955', '66935', '70105', '51240', '23132']",23132,"['6955', '51240', '23132', '70105', '66935']"
"[15, 13]","[3, 12]","['68970', '34763', '20590', '53137', '37955']",37955,"['37955', '34763', '53137', '20590', '68970']"
"[0, 14]","[18, 25]","['42604', '75707', '1261', '39894', '73827']",73827,"['39894', '75707', '42604', '1261', '73827']"
"[3, 3]","[15, 28]","['10131', '72700', '30004', '10017', '38548']",38548,"['72700', '10017', '30004', '10131', '38548']"
"[18, 23]","[0, 24]","['72365', '64247', '26052', '32105', '37989']",37989,"['26052', '72365', '64247', '37989', '32105']"
"[0, 2]","[18, 25]","['9836', '67465', '44145', '28242', '4132']",4132,"['9836', '67465', '44145', '28242', '4132']"
"[3, 26]","[15, 28]","['34449', '49864', '68096', '18887', '10526']",10526,"['68096', '18887', '49864', '34449', '10526']"
"[0, 6]","[18, 23]","['43036', '41154', '59474', '43375', '64247']",64247,"['43375', '43036', '59474', '41154', '64247']"
"[15, 28]","[3, 17]","['3258', '10526', '23274', '38548', '54792']",54792,"['54792', '3258', '23274', '10526', '38548']"
"[18, 23]","[0, 2]","['5909', '59794', '6216', '37360', '51831']",51831,"['59794', '5909', '6216', '37360', '51831']"
"[3, 3]","[15, 21]","['994', '10131', '22487', '10017', '20839']",20839,"['10131', '994', '22487', '20839', '10017']"
"[18, 23]","[0, 14]","['78682', '5909', '6216', '72365', '17291']",17291,"['6216', '78682', '5909', '17291', '72365']"
"[0, 2]","[18, 23]","['51831', '44145', '70440', '63508', '26052']",26052,"['70440', '63508', '44145', '51831', '26052']"
"[18, 23]","[0, 0]","['64148', '15451', '64247', '40817', '28082']",28082,"['64148', '40817', '64247', '15451', '28082']"
"[0, 14]","[18, 25]","['17291', '42604', '1261', '80522', '73827']",73827,"['1261', '42604', '73827', '80522', '17291']"
"[3, 26]","[15, 13]","['72586', '11033', '19246', '40031', '68970']",68970,"['40031', '19246', '68970', '11033', '72586']"
"[0, 14]","[18, 23]","['39894', '17291', '80522', '75707', '61353']",61353,"['17291', '75707', '80522', '61353', '39894']"
"[15, 13]","[3, 17]","['42684', '24364', '20590', '68970', '33084']",33084,"['20590', '42684', '68970', '24364', '33084']"
"[17, 18]","[7, 3]","['21543', '66316', '70105', '66935', '75828']",75828,"['70105', '66316', '75828', '66935', '21543']"
"[15, 13]","[3, 28]","['20590', '25079', '34763', '68970', '73823']",73823,"['20590', '34763', '25079', '68970', '73823']"
"[18, 23]","[0, 2]","['61353', '26755', '78682', '72978', '9836']",9836,"['26755', '72978', '78682', '9836', '61353']"
"[17, 21]","[7, 1]","['62454', '78147', '40487', '69704', '53652']",53652,"['62454', '53652', '40487', '78147', '69704']"
"[18, 23]","[0, 24]","['64148', '15451', '61353', '5909', '74418']",74418,"['5909', '64148', '61353', '74418', '15451']"
"[18, 23]","[0, 2]","['25667', '64247', '15451', '10433', '44125']",44125,"['64247', '15451', '10433', '25667', '44125']"
"[0, 2]","[18, 25]","['67465', '60860', '43995', '80744', '4132']",4132,"['60860', '67465', '4132', '80744', '43995']"
"[0, 2]","[18, 23]","['28242', '43629', '27625', '62759', '48306']",48306,"['62759', '27625', '43629', '28242', '48306']"
"[3, 21]","[15, 28]","['47060', '53064', '57272', '42206', '10526']",10526,"['47060', '57272', '53064', '42206', '10526']"
"[17, 18]","[7, 3]","['66935', '66316', '46660', '21543', '75828']",75828,"['46660', '21543', '75828', '66316', '66935']"
"[17, 18]","[7, 22]","['51240', '31693', '46660', '21543', '40679']",40679,"['46660', '40679', '21543', '31693', '51240']"
"[3, 26]","[15, 28]","['68096', '18887', '72586', '11033', '67905']",67905,"['68096', '72586', '67905', '11033', '18887']"
"[0, 2]","[18, 25]","['67842', '51831', '54867', '44125', '4132']",4132,"['51831', '54867', '4132', '44125', '67842']"
"[15, 13]","[3, 5]","['68970', '25079', '34763', '42684', '12162']",12162,"['34763', '25079', '12162', '42684', '68970']"
"[17, 18]","[7, 1]","['21543', '70105', '51240', '21408', '16951']",16951,"['21408', '16951', '51240', '70105', '21543']"
"[17, 18]","[7, 20]","['66935', '6955', '46660', '66316', '54372']",54372,"['6955', '46660', '66935', '54372', '66316']"
"[18, 23]","[0, 7]","['42151', '61353', '64247', '65195', '66807']",66807,"['66807', '42151', '61353', '64247', '65195']"
"[0, 2]","[18, 23]","['43629', '63508', '9836', '80744', '25667']",25667,"['9836', '25667', '63508', '80744', '43629']"
"[7, 1]","[17, 18]","['3536', '16951', '53652', '12421', '31693']",31693,"['53652', '16951', '31693', '12421', '3536']"
"[15, 13]","[3, 26]","['68970', '24364', '25079', '34763', '49864']",49864,"['68970', '34763', '25079', '49864', '24364']"
"[3, 26]","[15, 21]","['68096', '40031', '19246', '72586', '20839']",20839,"['72586', '40031', '68096', '20839', '19246']"
"[0, 14]","[18, 23]","['80522', '75707', '1261', '17291', '64247']",64247,"['75707', '17291', '64247', '1261', '80522']"
"[15, 28]","[3, 3]","['23274', '3258', '38548', '10526', '30004']",30004,"['10526', '23274', '38548', '30004', '3258']"
"[3, 26]","[15, 28]","['19246', '11033', '18887', '34449', '3258']",3258,"['19246', '18887', '11033', '3258', '34449']"
"[17, 18]","[7, 20]","['66935', '21543', '46660', '51240', '2425']",2425,"['51240', '21543', '66935', '2425', '46660']"
"[3, 3]","[15, 17]","['10131', '10017', '30004', '22487', '47834']",47834,"['30004', '22487', '47834', '10131', '10017']"
"[3, 3]","[15, 21]","['10017', '22487', '72700', '10131', '13497']",13497,"['22487', '10017', '72700', '10131', '13497']"
"[7, 1]","[17, 18]","['17550', '10825', '3536', '53652', '21408']",21408,"['53652', '17550', '3536', '21408', '10825']"
"[3, 21]","[15, 13]","['42206', '47060', '53064', '14038', '34763']",34763,"['42206', '53064', '34763', '47060', '14038']"
"[0, 6]","[18, 23]","['75880', '59474', '49395', '43036', '64148']",64148,"['64148', '59474', '49395', '43036', '75880']"
"[7, 1]","[17, 18]","['12421', '12376', '3536', '8109', '70105']",70105,"['70105', '8109', '12376', '12421', '3536']"
"[3, 3]","[15, 13]","['10017', '22487', '22002', '30004', '34763']",34763,"['22002', '34763', '30004', '22487', '10017']"
"[18, 23]","[0, 2]","['26052', '6216', '32105', '65195', '63508']",63508,"['26052', '32105', '63508', '65195', '6216']"
"[17, 18]","[7, 20]","['6955', '51240', '66316', '46660', '55305']",55305,"['51240', '66316', '6955', '46660', '55305']"
"[3, 26]","[15, 28]","['34449', '68096', '32729', '9147', '3258']",3258,"['32729', '34449', '3258', '68096', '9147']"
"[3, 3]","[15, 28]","['10131', '994', '22487', '22002', '10526']",10526,"['22002', '22487', '10131', '994', '10526']"
"[15, 13]","[3, 17]","['53137', '68970', '20590', '24364', '53579']",53579,"['68970', '20590', '53579', '53137', '24364']"
"[3, 26]","[15, 28]","['34449', '18887', '50906', '72586', '23274']",23274,"['23274', '34449', '18887', '72586', '50906']"
"[15, 28]","[3, 17]","['23274', '3258', '10526', '38548', '12043']",12043,"['23274', '12043', '10526', '3258', '38548']"
"[3, 26]","[15, 28]","['72586', '1064', '49864', '40031', '23274']",23274,"['40031', '23274', '1064', '49864', '72586']"
"[7, 1]","[17, 21]","['53652', '12421', '3536', '8109', '78147']",78147,"['3536', '78147', '53652', '8109', '12421']"
"[15, 21]","[3, 16]","['13497', '3384', '7489', '20839', '59100']",59100,"['7489', '59100', '13497', '3384', '20839']"
"[3, 7]","[15, 13]","['37907', '4286', '19992', '73164', '20590']",20590,"['19992', '4286', '37907', '20590', '73164']"
"[17, 18]","[7, 20]","['66316', '46660', '31693', '6955', '55305']",55305,"['46660', '66316', '6955', '31693', '55305']"
"[0, 2]","[18, 25]","['63508', '27625', '60860', '32703', '73827']",73827,"['60860', '32703', '63508', '27625', '73827']"
"[3, 26]","[15, 28]","['34449', '9147', '19246', '11033', '23274']",23274,"['34449', '19246', '11033', '9147', '23274']"
"[15, 28]","[3, 3]","['10526', '3258', '67905', '23274', '10131']",10131,"['10131', '10526', '67905', '3258', '23274']"
"[3, 26]","[15, 13]","['11033', '34449', '19246', '18887', '20590']",20590,"['34449', '20590', '19246', '18887', '11033']"
"[0, 6]","[18, 23]","['41154', '49395', '43036', '43375', '25667']",25667,"['43036', '49395', '43375', '41154', '25667']"
"[3, 3]","[15, 13]","['10017', '72700', '994', '22487', '25079']",25079,"['25079', '72700', '10017', '22487', '994']"
"[7, 1]","[17, 18]","['16951', '10825', '17550', '53652', '70105']",70105,"['10825', '70105', '53652', '16951', '17550']"
"[3, 3]","[15, 21]","['22002', '994', '72700', '22487', '7489']",7489,"['72700', '7489', '994', '22002', '22487']"
"[3, 26]","[15, 28]","['1064', '50906', '9147', '49864', '10526']",10526,"['10526', '1064', '49864', '50906', '9147']"
"[15, 13]","[3, 26]","['25079', '68970', '24364', '34763', '72586']",72586,"['68970', '24364', '25079', '72586', '34763']"
"[18, 25]","[0, 2]","['73827', '3282', '4132', '62071', '60860']",60860,"['73827', '3282', '4132', '62071', '60860']"
"[17, 18]","[7, 3]","['51240', '66316', '6955', '31693', '52457']",52457,"['31693', '66316', '51240', '6955', '52457']"
"[17, 18]","[7, 3]","['46660', '70105', '51240', '6955', '75828']",75828,"['70105', '75828', '51240', '6955', '46660']"
"[18, 25]","[0, 2]","['25711', '4132', '62071', '3282', '28242']",28242,"['4132', '62071', '3282', '28242', '25711']"
"[15, 13]","[3, 5]","['25079', '34763', '20590', '24364', '12162']",12162,"['24364', '20590', '12162', '25079', '34763']"
"[17, 21]","[7, 1]","['69704', '62454', '40487', '78147', '16951']",16951,"['78147', '40487', '69704', '16951', '62454']"
"[0, 2]","[18, 25]","['80744', '32703', '44145', '66847', '3282']",3282,"['44145', '3282', '66847', '80744', '32703']"
"[18, 23]","[0, 0]","['15451', '6216', '65195', '64247', '14834']",14834,"['6216', '64247', '15451', '14834', '65195']"
"[7, 1]","[17, 5]","['17550', '12421', '16951', '3536', '50221']",50221,"['50221', '3536', '12421', '16951', '17550']"
"[7, 1]","[17, 18]","['10825', '17550', '53652', '16951', '66935']",66935,"['10825', '66935', '16951', '53652', '17550']"
"[3, 26]","[15, 13]","['49864', '18887', '68096', '11033', '24364']",24364,"['24364', '11033', '68096', '49864', '18887']"
"[15, 13]","[3, 28]","['68970', '24364', '25079', '34763', '12683']",12683,"['24364', '12683', '34763', '25079', '68970']"
"[3, 17]","[15, 28]","['64047', '33084', '54792', '12043', '23274']",23274,"['54792', '23274', '33084', '12043', '64047']"
"[17, 21]","[7, 1]","['62454', '69704', '40487', '9795', '53652']",53652,"['62454', '9795', '40487', '69704', '53652']"
"[3, 17]","[15, 21]","['53579', '38478', '64047', '12043', '13497']",13497,"['13497', '12043', '64047', '53579', '38478']"
"[3, 3]","[15, 13]","['72700', '22487', '10131', '30004', '24364']",24364,"['22487', '72700', '24364', '10131', '30004']"
"[15, 13]","[3, 17]","['68970', '53137', '25079', '42684', '12043']",12043,"['68970', '25079', '53137', '42684', '12043']"
"[3, 26]","[15, 21]","['32729', '18887', '40031', '50906', '7489']",7489,"['50906', '40031', '18887', '32729', '7489']"
"[3, 7]","[15, 21]","['19992', '19796', '37907', '30859', '20839']",20839,"['19992', '30859', '19796', '20839', '37907']"
"[3, 26]","[15, 17]","['40031', '34449', '72586', '32729', '60915']",60915,"['60915', '32729', '72586', '34449', '40031']"
"[0, 2]","[18, 23]","['44802', '51831', '9836', '62759', '6216']",6216,"['9836', '62759', '51831', '6216', '44802']"
"[18, 23]","[0, 2]","['72365', '20502', '32105', '10433', '45218']",45218,"['10433', '72365', '45218', '20502', '32105']"
"[3, 7]","[15, 17]","['19796', '73164', '19992', '30859', '11908']",11908,"['73164', '11908', '19796', '30859', '19992']"
"[3, 3]","[15, 17]","['22487', '10131', '994', '72700', '47834']",47834,"['47834', '22487', '10131', '72700', '994']"
"[3, 26]","[15, 21]","['9147', '1064', '19246', '50906', '7489']",7489,"['50906', '7489', '1064', '9147', '19246']"
"[18, 25]","[0, 2]","['62071', '4132', '73827', '25711', '44145']",44145,"['25711', '44145', '73827', '4132', '62071']"
"[7, 1]","[17, 18]","['53652', '12421', '3536', '16951', '21543']",21543,"['21543', '16951', '12421', '3536', '53652']"
"[18, 23]","[0, 7]","['64247', '67584', '14167', '72978', '72266']",72266,"['14167', '72978', '64247', '67584', '72266']"
"[3, 3]","[15, 28]","['72700', '22487', '10017', '30004', '10526']",10526,"['30004', '22487', '10526', '10017', '72700']"
"[0, 6]","[18, 25]","['41154', '43375', '25447', '49395', '25711']",25711,"['25447', '25711', '43375', '49395', '41154']"
"[17, 18]","[7, 22]","['66316', '31693', '51240', '66935', '31113']",31113,"['66316', '51240', '66935', '31113', '31693']"
"[17, 18]","[7, 20]","['66316', '66935', '70105', '31693', '55305']",55305,"['55305', '31693', '70105', '66935', '66316']"
"[0, 2]","[18, 23]","['44125', '66847', '44802', '43629', '26052']",26052,"['43629', '44125', '66847', '44802', '26052']"
"[0, 6]","[18, 25]","['49395', '43375', '25447', '59474', '25711']",25711,"['43375', '59474', '49395', '25447', '25711']"
"[15, 13]","[3, 21]","['24364', '25079', '53137', '34763', '57272']",57272,"['34763', '53137', '57272', '25079', '24364']"
"[0, 14]","[18, 23]","['17291', '37963', '80522', '42604', '26052']",26052,"['37963', '17291', '42604', '26052', '80522']"
"[15, 28]","[3, 12]","['10526', '67905', '38548', '3258', '20968']",20968,"['67905', '3258', '38548', '20968', '10526']"
"[3, 26]","[15, 17]","['11033', '50906', '68096', '34449', '1225']",1225,"['11033', '34449', '68096', '1225', '50906']"
"[3, 7]","[15, 21]","['19796', '4286', '73164', '19992', '7489']",7489,"['4286', '19992', '7489', '19796', '73164']"
"[3, 26]","[15, 13]","['68096', '40031', '18887', '11033', '25079']",25079,"['11033', '18887', '40031', '25079', '68096']"
"[17, 21]","[7, 1]","['69704', '40487', '62549', '78147', '10825']",10825,"['78147', '40487', '69704', '10825', '62549']"
"[17, 18]","[7, 3]","['66316', '70105', '31693', '66935', '61767']",61767,"['66316', '66935', '31693', '70105', '61767']"
"[18, 23]","[0, 0]","['48306', '26755', '64148', '25667', '78009']",78009,"['48306', '64148', '78009', '26755', '25667']"
"[3, 26]","[15, 28]","['40031', '49864', '19246', '11033', '38548']",38548,"['40031', '38548', '11033', '19246', '49864']"
"[18, 23]","[0, 0]","['40817', '15451', '14167', '26052', '8176']",8176,"['15451', '40817', '14167', '8176', '26052']"
"[17, 18]","[7, 22]","['66316', '21543', '6955', '46660', '79411']",79411,"['6955', '66316', '21543', '46660', '79411']"
"[7, 1]","[17, 21]","['16951', '12421', '17550', '8109', '40487']",40487,"['12421', '8109', '17550', '40487', '16951']"
"[17, 18]","[7, 1]","['6955', '66935', '70105', '21408', '8109']",8109,"['70105', '21408', '8109', '66935', '6955']"
"[3, 17]","[15, 21]","['54792', '33084', '12043', '53579', '7489']",7489,"['54792', '33084', '7489', '12043', '53579']"
"[15, 13]","[3, 4]","['68970', '53137', '42684', '20590', '9383']",9383,"['42684', '68970', '53137', '9383', '20590']"
"[0, 14]","[18, 25]","['1261', '75707', '80522', '39894', '25711']",25711,"['1261', '80522', '25711', '39894', '75707']"
"[18, 23]","[0, 14]","['12104', '78682', '59794', '72365', '75707']",75707,"['75707', '72365', '59794', '78682', '12104']"
"[17, 21]","[7, 1]","['9795', '40487', '69704', '62549', '17550']",17550,"['9795', '69704', '62549', '40487', '17550']"
"[18, 23]","[0, 24]","['42151', '26755', '72978', '5909', '31926']",31926,"['26755', '42151', '72978', '31926', '5909']"
"[18, 23]","[0, 0]","['48306', '26755', '12104', '32105', '14834']",14834,"['32105', '48306', '26755', '12104', '14834']"
"[18, 25]","[0, 2]","['4132', '73827', '62071', '3282', '51831']",51831,"['3282', '4132', '73827', '51831', '62071']"
"[7, 1]","[17, 5]","['12376', '3536', '17550', '12421', '7913']",7913,"['3536', '12421', '7913', '12376', '17550']"
"[0, 14]","[18, 23]","['80522', '1261', '42604', '37963', '32105']",32105,"['42604', '1261', '32105', '37963', '80522']"
"[18, 25]","[0, 2]","['62071', '3282', '4132', '25711', '80744']",80744,"['62071', '25711', '80744', '3282', '4132']"
"[3, 26]","[15, 13]","['40031', '68096', '34449', '11033', '24364']",24364,"['40031', '68096', '24364', '11033', '34449']"
"[0, 14]","[18, 23]","['17291', '42604', '39894', '37963', '67584']",67584,"['37963', '39894', '17291', '67584', '42604']"
"[3, 17]","[15, 21]","['12043', '38478', '64047', '53579', '3384']",3384,"['38478', '3384', '12043', '53579', '64047']"
"[3, 7]","[15, 21]","['37907', '19796', '4286', '30859', '13497']",13497,"['13497', '19796', '37907', '4286', '30859']"
"[15, 13]","[3, 17]","['20590', '68970', '34763', '53137', '64047']",64047,"['68970', '20590', '53137', '34763', '64047']"
"[15, 13]","[3, 3]","['53137', '68970', '24364', '42684', '22487']",22487,"['22487', '24364', '42684', '68970', '53137']"
"[7, 1]","[17, 21]","['8109', '3536', '12421', '12376', '62454']",62454,"['12421', '62454', '8109', '3536', '12376']"
"[7, 1]","[17, 18]","['16951', '3536', '8109', '12421', '66316']",66316,"['12421', '66316', '3536', '16951', '8109']"
"[17, 21]","[7, 1]","['62454', '78147', '69704', '9795', '16951']",16951,"['16951', '9795', '78147', '69704', '62454']"
"[15, 28]","[3, 26]","['67905', '10526', '3258', '38548', '9147']",9147,"['38548', '9147', '67905', '10526', '3258']"
"[0, 2]","[18, 25]","['63508', '48095', '32703', '70440', '73827']",73827,"['63508', '48095', '73827', '32703', '70440']"
"[3, 26]","[15, 28]","['9147', '72586', '32729', '1064', '10526']",10526,"['1064', '72586', '10526', '9147', '32729']"
"[3, 17]","[15, 28]","['38478', '64047', '12043', '54792', '67905']",67905,"['38478', '64047', '67905', '12043', '54792']"
"[0, 2]","[18, 23]","['60860', '48095', '63508', '51831', '6216']",6216,"['48095', '6216', '51831', '60860', '63508']"
"[0, 2]","[18, 23]","['44802', '45218', '67465', '32703', '67584']",67584,"['67584', '67465', '32703', '45218', '44802']"
"[17, 18]","[7, 1]","['46660', '6955', '66316', '70105', '8109']",8109,"['70105', '46660', '6955', '66316', '8109']"
"[18, 23]","[0, 0]","['25667', '67584', '72365', '72978', '14834']",14834,"['72365', '67584', '14834', '72978', '25667']"
"[17, 18]","[7, 22]","['51240', '21543', '6955', '66316', '23132']",23132,"['21543', '23132', '6955', '66316', '51240']"
"[7, 1]","[17, 5]","['53652', '12421', '10825', '17550', '72055']",72055,"['12421', '10825', '72055', '53652', '17550']"
"[15, 13]","[3, 7]","['53137', '24364', '25079', '34763', '73164']",73164,"['53137', '24364', '25079', '34763', '73164']"
"[15, 13]","[3, 3]","['34763', '42684', '68970', '53137', '72700']",72700,"['42684', '34763', '68970', '53137', '72700']"
"[3, 3]","[15, 13]","['72700', '994', '10017', '22487', '68970']",68970,"['10017', '994', '22487', '68970', '72700']"
"[0, 2]","[18, 23]","['62759', '44145', '43629', '80744', '59794']",59794,"['59794', '62759', '80744', '44145', '43629']"
"[3, 26]","[15, 17]","['11033', '9147', '40031', '50906', '47834']",47834,"['50906', '11033', '47834', '40031', '9147']"
"[15, 13]","[3, 26]","['20590', '34763', '42684', '24364', '9147']",9147,"['20590', '9147', '24364', '42684', '34763']"
"[0, 6]","[18, 23]","['49395', '59474', '43375', '75880', '20502']",20502,"['20502', '75880', '49395', '43375', '59474']"
"[18, 23]","[0, 2]","['25667', '64148', '64247', '59794', '43629']",43629,"['64148', '59794', '64247', '43629', '25667']"
"[3, 26]","[15, 17]","['50906', '11033', '19246', '18887', '47834']",47834,"['50906', '18887', '47834', '11033', '19246']"
"[0, 2]","[18, 23]","['60860', '67465', '44145', '80744', '26755']",26755,"['60860', '26755', '67465', '44145', '80744']"
"[3, 26]","[15, 13]","['40031', '18887', '34449', '1064', '20590']",20590,"['40031', '1064', '34449', '18887', '20590']"
"[18, 23]","[0, 7]","['61353', '10433', '20502', '6216', '72266']",72266,"['20502', '61353', '6216', '10433', '72266']"
"[15, 13]","[3, 3]","['53137', '42684', '20590', '68970', '10131']",10131,"['53137', '20590', '10131', '42684', '68970']"
"[7, 1]","[17, 5]","['12376', '17550', '10825', '12421', '72055']",72055,"['12376', '72055', '10825', '12421', '17550']"
"[7, 1]","[17, 18]","['16951', '3536', '12376', '8109', '51240']",51240,"['12376', '16951', '51240', '3536', '8109']"
"[18, 23]","[0, 6]","['6216', '14167', '32105', '61353', '43036']",43036,"['14167', '32105', '6216', '61353', '43036']"
"[3, 3]","[15, 28]","['10017', '30004', '72700', '22002', '67905']",67905,"['72700', '22002', '67905', '30004', '10017']"
"[15, 13]","[3, 28]","['34763', '20590', '53137', '24364', '55090']",55090,"['34763', '24364', '55090', '53137', '20590']"
"[0, 2]","[18, 25]","['51831', '59390', '67465', '27625', '73827']",73827,"['67465', '27625', '51831', '73827', '59390']"
"[3, 16]","[15, 13]","['11746', '56017', '63317', '177', '53137']",53137,"['11746', '63317', '56017', '53137', '177']"
"[7, 1]","[17, 18]","['12376', '16951', '12421', '17550', '31693']",31693,"['16951', '31693', '17550', '12376', '12421']"
"[3, 17]","[15, 13]","['53579', '64047', '33084', '38478', '24364']",24364,"['53579', '38478', '24364', '33084', '64047']"
"[15, 13]","[3, 3]","['20590', '53137', '42684', '68970', '22487']",22487,"['42684', '22487', '53137', '20590', '68970']"
"[15, 13]","[3, 3]","['42684', '53137', '25079', '34763', '10017']",10017,"['53137', '42684', '25079', '10017', '34763']"
"[17, 18]","[7, 3]","['70105', '21408', '6955', '31693', '52457']",52457,"['21408', '6955', '70105', '31693', '52457']"
"[7, 1]","[17, 18]","['8109', '12421', '16951', '12376', '70105']",70105,"['16951', '12421', '12376', '70105', '8109']"
"[0, 2]","[18, 25]","['59390', '51831', '9639', '70440', '3282']",3282,"['59390', '9639', '70440', '51831', '3282']"
"[17, 21]","[7, 22]","['40487', '62549', '78147', '62454', '31113']",31113,"['78147', '62454', '40487', '62549', '31113']"
"[3, 26]","[15, 17]","['1064', '72586', '50906', '18887', '1225']",1225,"['18887', '1064', '1225', '72586', '50906']"
"[3, 26]","[15, 28]","['1064', '50906', '11033', '9147', '38548']",38548,"['11033', '1064', '9147', '50906', '38548']"
"[0, 14]","[18, 23]","['37963', '1261', '17291', '75707', '25667']",25667,"['17291', '1261', '75707', '25667', '37963']"
"[15, 28]","[3, 3]","['23274', '38548', '67905', '3258', '72700']",72700,"['3258', '67905', '23274', '38548', '72700']"
"[7, 1]","[17, 18]","['16951', '10825', '8109', '12376', '66316']",66316,"['12376', '8109', '66316', '10825', '16951']"
"[17, 18]","[7, 3]","['70105', '66316', '31693', '66935', '64781']",64781,"['64781', '66935', '31693', '70105', '66316']"
"[0, 14]","[18, 23]","['80522', '1261', '17291', '39894', '5909']",5909,"['17291', '80522', '1261', '39894', '5909']"
"[3, 26]","[15, 17]","['72586', '11033', '32729', '19246', '47834']",47834,"['72586', '11033', '19246', '47834', '32729']"
"[0, 7]","[18, 23]","['10984', '72266', '15613', '66807', '67584']",67584,"['10984', '67584', '66807', '15613', '72266']"
"[0, 2]","[18, 23]","['28242', '48095', '80744', '43995', '5909']",5909,"['80744', '5909', '43995', '28242', '48095']"
"[3, 26]","[15, 17]","['9147', '18887', '32729', '49864', '47834']",47834,"['18887', '9147', '49864', '47834', '32729']"
"[0, 6]","[18, 23]","['25447', '59474', '43036', '75880', '72365']",72365,"['72365', '59474', '25447', '75880', '43036']"
"[0, 6]","[18, 23]","['43375', '43036', '75880', '49395', '6216']",6216,"['6216', '43036', '75880', '49395', '43375']"
"[7, 1]","[17, 21]","['16951', '53652', '12376', '3536', '62549']",62549,"['16951', '62549', '12376', '53652', '3536']"
"[3, 7]","[15, 13]","['73164', '19796', '30859', '19992', '68970']",68970,"['30859', '68970', '73164', '19992', '19796']"
"[3, 28]","[15, 21]","['42226', '73823', '8257', '12683', '3384']",3384,"['3384', '42226', '73823', '8257', '12683']"
"[3, 7]","[15, 21]","['19992', '73164', '19796', '37907', '20839']",20839,"['20839', '19796', '37907', '73164', '19992']"
"[7, 1]","[17, 5]","['16951', '12376', '17550', '10825', '7913']",7913,"['7913', '16951', '17550', '10825', '12376']"
"[7, 1]","[17, 18]","['8109', '16951', '53652', '3536', '6955']",6955,"['3536', '53652', '8109', '6955', '16951']"
"[18, 23]","[0, 24]","['59794', '72365', '12104', '61353', '74418']",74418,"['72365', '12104', '59794', '74418', '61353']"
"[17, 18]","[7, 20]","['66935', '70105', '66316', '21543', '2277']",2277,"['70105', '21543', '66316', '2277', '66935']"
"[0, 14]","[18, 23]","['17291', '1261', '42604', '80522', '10433']",10433,"['1261', '17291', '80522', '10433', '42604']"
"[3, 3]","[15, 13]","['10017', '994', '22002', '30004', '53137']",53137,"['22002', '10017', '30004', '53137', '994']"
"[18, 23]","[0, 6]","['20502', '15451', '6216', '72365', '49395']",49395,"['49395', '72365', '15451', '6216', '20502']"
"[18, 25]","[0, 2]","['25711', '62071', '73827', '4132', '62759']",62759,"['62759', '25711', '4132', '73827', '62071']"
"[3, 17]","[15, 28]","['38478', '64047', '54792', '53579', '67905']",67905,"['54792', '67905', '38478', '64047', '53579']"
"[17, 18]","[7, 22]","['31693', '6955', '46660', '70105', '31113']",31113,"['6955', '46660', '31693', '70105', '31113']"
"[15, 13]","[3, 16]","['34763', '24364', '68970', '53137', '56017']",56017,"['68970', '34763', '56017', '53137', '24364']"
"[3, 26]","[15, 21]","['1064', '9147', '19246', '49864', '20839']",20839,"['9147', '19246', '1064', '20839', '49864']"
"[15, 13]","[3, 3]","['25079', '24364', '34763', '53137', '30004']",30004,"['25079', '30004', '53137', '24364', '34763']"
"[3, 26]","[15, 21]","['19246', '68096', '40031', '11033', '3384']",3384,"['11033', '68096', '19246', '3384', '40031']"
"[7, 1]","[17, 5]","['12421', '16951', '8109', '10825', '50221']",50221,"['50221', '12421', '16951', '8109', '10825']"
"[0, 2]","[18, 23]","['44802', '32703', '80744', '44145', '10433']",10433,"['44802', '44145', '10433', '80744', '32703']"
"[15, 13]","[3, 16]","['42684', '24364', '53137', '34763', '177']",177,"['42684', '53137', '24364', '177', '34763']"
"[7, 1]","[17, 5]","['12421', '10825', '8109', '17550', '33045']",33045,"['10825', '8109', '17550', '12421', '33045']"
"[3, 26]","[15, 28]","['1064', '49864', '19246', '34449', '3258']",3258,"['1064', '34449', '19246', '49864', '3258']"
"[15, 13]","[3, 3]","['68970', '25079', '53137', '42684', '72700']",72700,"['68970', '42684', '53137', '25079', '72700']"
"[3, 26]","[15, 17]","['32729', '72586', '1064', '34449', '47834']",47834,"['72586', '34449', '47834', '32729', '1064']"
"[17, 18]","[7, 1]","['46660', '51240', '66316', '21408', '53652']",53652,"['21408', '66316', '53652', '46660', '51240']"
"[0, 2]","[18, 25]","['9836', '9639', '66847', '43629', '3282']",3282,"['66847', '9639', '9836', '43629', '3282']"
"[17, 18]","[7, 1]","['66935', '21543', '66316', '70105', '53652']",53652,"['66935', '70105', '53652', '21543', '66316']"
"[0, 7]","[18, 23]","['10984', '72266', '15613', '66807', '42151']",42151,"['10984', '72266', '66807', '15613', '42151']"
"[3, 7]","[15, 13]","['4286', '73164', '30859', '37907', '34763']",34763,"['73164', '34763', '4286', '30859', '37907']"
"[0, 14]","[18, 23]","['39894', '17291', '1261', '37963', '67584']",67584,"['17291', '37963', '39894', '1261', '67584']"
"[3, 7]","[15, 17]","['19992', '37907', '4286', '73164', '11908']",11908,"['19992', '4286', '11908', '73164', '37907']"
"[15, 13]","[3, 5]","['20590', '34763', '53137', '68970', '63514']",63514,"['68970', '53137', '63514', '34763', '20590']"
"[3, 26]","[15, 17]","['18887', '9147', '11033', '34449', '60915']",60915,"['11033', '9147', '34449', '60915', '18887']"
"[0, 2]","[18, 23]","['43629', '44125', '27625', '45218', '26755']",26755,"['26755', '45218', '43629', '44125', '27625']"
"[15, 13]","[3, 12]","['24364', '20590', '68970', '42684', '27821']",27821,"['20590', '68970', '24364', '42684', '27821']"
"[3, 7]","[15, 13]","['19992', '30859', '73164', '19796', '42684']",42684,"['30859', '19992', '42684', '73164', '19796']"
"[7, 1]","[17, 18]","['8109', '3536', '12421', '53652', '21408']",21408,"['53652', '21408', '3536', '8109', '12421']"
"[3, 21]","[15, 17]","['57272', '42206', '14038', '47060', '1225']",1225,"['47060', '14038', '42206', '57272', '1225']"
"[3, 26]","[15, 17]","['19246', '49864', '9147', '18887', '11908']",11908,"['19246', '49864', '18887', '11908', '9147']"
"[17, 18]","[7, 1]","['21408', '70105', '66316', '21543', '12376']",12376,"['70105', '21408', '66316', '12376', '21543']"
"[3, 26]","[15, 28]","['18887', '32729', '11033', '40031', '10526']",10526,"['10526', '40031', '11033', '18887', '32729']"
"[15, 28]","[3, 7]","['23274', '67905', '10526', '3258', '19992']",19992,"['10526', '67905', '19992', '3258', '23274']"
"[15, 13]","[3, 12]","['25079', '24364', '20590', '42684', '20968']",20968,"['20968', '24364', '25079', '20590', '42684']"
"[18, 25]","[0, 2]","['73827', '62071', '4132', '3282', '80744']",80744,"['3282', '73827', '80744', '4132', '62071']"
"[3, 17]","[15, 21]","['54792', '12043', '53579', '33084', '13497']",13497,"['54792', '53579', '33084', '13497', '12043']"
"[3, 17]","[15, 13]","['33084', '64047', '53579', '54792', '42684']",42684,"['54792', '33084', '64047', '42684', '53579']"
"[3, 26]","[15, 13]","['11033', '34449', '40031', '49864', '53137']",53137,"['11033', '49864', '34449', '53137', '40031']"
"[15, 13]","[3, 5]","['24364', '42684', '25079', '34763', '63514']",63514,"['25079', '42684', '63514', '34763', '24364']"
"[3, 7]","[15, 13]","['19796', '19992', '4286', '37907', '24364']",24364,"['4286', '37907', '24364', '19992', '19796']"
"[3, 7]","[15, 13]","['19992', '73164', '37907', '19796', '24364']",24364,"['19796', '19992', '73164', '24364', '37907']"
"[15, 13]","[3, 26]","['24364', '53137', '20590', '25079', '1064']",1064,"['20590', '25079', '53137', '1064', '24364']"
"[18, 23]","[0, 14]","['42151', '12104', '72978', '26052', '80522']",80522,"['12104', '80522', '26052', '72978', '42151']"
"[0, 2]","[18, 25]","['80744', '45218', '9639', '43629', '3282']",3282,"['80744', '43629', '3282', '45218', '9639']"
"[3, 26]","[15, 28]","['40031', '19246', '49864', '72586', '3258']",3258,"['3258', '19246', '40031', '49864', '72586']"
"[15, 28]","[3, 28]","['38548', '67905', '3258', '10526', '73823']",73823,"['73823', '3258', '38548', '10526', '67905']"
"[3, 16]","[15, 21]","['63317', '177', '56017', '59100', '20839']",20839,"['59100', '56017', '63317', '177', '20839']"
"[3, 3]","[15, 17]","['22002', '30004', '72700', '10017', '60915']",60915,"['22002', '60915', '30004', '72700', '10017']"
"[0, 2]","[18, 25]","['62759', '28242', '27625', '43629', '62071']",62071,"['43629', '62759', '27625', '62071', '28242']"
"[0, 2]","[18, 23]","['80744', '44802', '45218', '60860', '40817']",40817,"['80744', '44802', '40817', '45218', '60860']"
"[3, 7]","[15, 28]","['37907', '4286', '19796', '30859', '3258']",3258,"['4286', '19796', '30859', '37907', '3258']"
"[3, 3]","[15, 21]","['72700', '10017', '22002', '30004', '13497']",13497,"['22002', '10017', '72700', '13497', '30004']"
"[3, 26]","[15, 13]","['11033', '72586', '40031', '34449', '34763']",34763,"['11033', '34763', '34449', '40031', '72586']"
"[3, 3]","[15, 21]","['10017', '72700', '994', '22487', '13497']",13497,"['10017', '72700', '994', '22487', '13497']"
"[17, 18]","[7, 1]","['51240', '21543', '21408', '66935', '12421']",12421,"['66935', '21543', '21408', '12421', '51240']"
"[3, 26]","[15, 17]","['68096', '9147', '72586', '18887', '60915']",60915,"['9147', '60915', '68096', '72586', '18887']"
"[3, 26]","[15, 17]","['19246', '68096', '9147', '50906', '1225']",1225,"['68096', '19246', '9147', '50906', '1225']"
"[18, 23]","[0, 14]","['20502', '61353', '12104', '26755', '42604']",42604,"['61353', '20502', '42604', '12104', '26755']"
"[3, 26]","[15, 28]","['72586', '49864', '50906', '9147', '10526']",10526,"['49864', '10526', '72586', '50906', '9147']"
"[18, 23]","[0, 0]","['5909', '15451', '65195', '67584', '8176']",8176,"['5909', '8176', '67584', '65195', '15451']"
"[3, 26]","[15, 21]","['1064', '19246', '40031', '50906', '13497']",13497,"['40031', '19246', '1064', '50906', '13497']"
"[0, 14]","[18, 23]","['75707', '39894', '37963', '1261', '5909']",5909,"['1261', '5909', '39894', '75707', '37963']"
"[15, 13]","[3, 7]","['34763', '42684', '24364', '25079', '19992']",19992,"['24364', '19992', '42684', '34763', '25079']"
"[3, 28]","[15, 13]","['42226', '55090', '12683', '73823', '24364']",24364,"['55090', '73823', '24364', '42226', '12683']"
"[3, 21]","[15, 17]","['42206', '53064', '47060', '14038', '47834']",47834,"['53064', '42206', '47834', '14038', '47060']"
"[17, 18]","[7, 20]","['6955', '51240', '66935', '70105', '55305']",55305,"['6955', '66935', '55305', '51240', '70105']"
"[18, 23]","[0, 7]","['37360', '6216', '67584', '32105', '10984']",10984,"['6216', '37360', '67584', '10984', '32105']"
"[18, 23]","[0, 2]","['59794', '72978', '25667', '67584', '9836']",9836,"['72978', '25667', '59794', '9836', '67584']"
"[0, 14]","[18, 23]","['17291', '75707', '1261', '42604', '26755']",26755,"['1261', '17291', '75707', '42604', '26755']"
"[3, 26]","[15, 17]","['68096', '40031', '11033', '18887', '47834']",47834,"['47834', '11033', '40031', '68096', '18887']"
"[18, 23]","[0, 14]","['15451', '72978', '48306', '25667', '42604']",42604,"['42604', '15451', '72978', '25667', '48306']"
"[15, 13]","[3, 26]","['53137', '42684', '24364', '68970', '19246']",19246,"['53137', '68970', '19246', '42684', '24364']"
"[17, 21]","[7, 1]","['62549', '9795', '78147', '62454', '12421']",12421,"['78147', '9795', '62454', '62549', '12421']"
"[3, 3]","[15, 13]","['10017', '72700', '994', '22487', '24364']",24364,"['22487', '10017', '994', '24364', '72700']"
"[3, 3]","[15, 17]","['10131', '22487', '10017', '22002', '1225']",1225,"['22002', '1225', '22487', '10017', '10131']"
"[0, 24]","[18, 23]","['48780', '37989', '31926', '74418', '78682']",78682,"['48780', '31926', '74418', '78682', '37989']"
"[0, 6]","[18, 25]","['25447', '75880', '59474', '43036', '3282']",3282,"['43036', '59474', '25447', '75880', '3282']"
"[15, 13]","[3, 3]","['53137', '68970', '42684', '24364', '72700']",72700,"['72700', '53137', '42684', '24364', '68970']"
"[18, 23]","[0, 6]","['72978', '42151', '59794', '10433', '59474']",59474,"['72978', '10433', '42151', '59474', '59794']"
"[0, 2]","[18, 23]","['70440', '44125', '9836', '43629', '12104']",12104,"['43629', '12104', '70440', '9836', '44125']"
"[3, 3]","[15, 28]","['22487', '22002', '72700', '30004', '10526']",10526,"['72700', '22002', '22487', '30004', '10526']"
"[18, 23]","[0, 2]","['64148', '20502', '6216', '42151', '44145']",44145,"['44145', '42151', '20502', '64148', '6216']"
"[0, 2]","[18, 25]","['70440', '44145', '51831', '62759', '4132']",4132,"['44145', '62759', '70440', '51831', '4132']"
"[7, 1]","[17, 5]","['53652', '17550', '12376', '8109', '72055']",72055,"['12376', '8109', '17550', '53652', '72055']"
"[15, 28]","[3, 17]","['10526', '23274', '38548', '67905', '38478']",38478,"['38548', '10526', '67905', '38478', '23274']"
"[15, 13]","[3, 5]","['42684', '25079', '53137', '20590', '63514']",63514,"['25079', '20590', '63514', '53137', '42684']"
"[15, 13]","[3, 4]","['20590', '53137', '25079', '42684', '11039']",11039,"['42684', '25079', '11039', '53137', '20590']"
"[15, 28]","[3, 7]","['3258', '67905', '23274', '38548', '73164']",73164,"['38548', '67905', '23274', '73164', '3258']"
"[3, 3]","[15, 13]","['10017', '22487', '30004', '22002', '20590']",20590,"['20590', '22487', '30004', '10017', '22002']"
"[0, 14]","[18, 25]","['37963', '1261', '17291', '42604', '4132']",4132,"['42604', '17291', '4132', '37963', '1261']"
"[3, 17]","[15, 17]","['54792', '33084', '12043', '53579', '60915']",60915,"['54792', '33084', '60915', '12043', '53579']"
"[0, 6]","[18, 25]","['25447', '75880', '43036', '49395', '62071']",62071,"['75880', '49395', '62071', '25447', '43036']"
"[7, 1]","[17, 5]","['53652', '12421', '12376', '3536', '72055']",72055,"['53652', '12376', '12421', '3536', '72055']"
"[0, 14]","[18, 25]","['75707', '42604', '39894', '17291', '73827']",73827,"['39894', '73827', '42604', '17291', '75707']"
"[3, 26]","[15, 17]","['19246', '11033', '72586', '32729', '60915']",60915,"['60915', '72586', '32729', '11033', '19246']"
"[15, 13]","[3, 17]","['34763', '68970', '24364', '20590', '64047']",64047,"['68970', '34763', '24364', '20590', '64047']"
"[3, 17]","[15, 13]","['38478', '33084', '12043', '53579', '25079']",25079,"['33084', '53579', '38478', '12043', '25079']"
"[18, 25]","[0, 7]","['73827', '3282', '62071', '25711', '66807']",66807,"['3282', '25711', '62071', '66807', '73827']"
"[18, 23]","[0, 2]","['10433', '32105', '78682', '20502', '66847']",66847,"['10433', '66847', '78682', '32105', '20502']"
"[15, 28]","[3, 4]","['23274', '38548', '67905', '10526', '20671']",20671,"['67905', '38548', '23274', '20671', '10526']"
"[0, 14]","[18, 23]","['42604', '75707', '37963', '17291', '72978']",72978,"['75707', '42604', '72978', '37963', '17291']"
"[17, 18]","[7, 22]","['21543', '51240', '21408', '66316', '40679']",40679,"['21543', '40679', '21408', '51240', '66316']"
"[15, 13]","[3, 12]","['34763', '42684', '24364', '53137', '1181']",1181,"['1181', '34763', '24364', '53137', '42684']"
"[0, 6]","[18, 23]","['43036', '43375', '49395', '59474', '5909']",5909,"['59474', '43375', '5909', '43036', '49395']"
"[7, 1]","[17, 18]","['53652', '12421', '16951', '3536', '51240']",51240,"['51240', '53652', '3536', '12421', '16951']"
"[15, 13]","[3, 21]","['34763', '42684', '24364', '53137', '14038']",14038,"['42684', '14038', '53137', '34763', '24364']"
"[0, 2]","[18, 25]","['66847', '67465', '44145', '67842', '25711']",25711,"['67465', '67842', '44145', '25711', '66847']"
"[0, 2]","[18, 23]","['63508', '32703', '48095', '62759', '14167']",14167,"['32703', '63508', '62759', '48095', '14167']"
"[7, 1]","[17, 5]","['8109', '17550', '53652', '12376', '33045']",33045,"['17550', '53652', '33045', '8109', '12376']"
"[15, 13]","[3, 28]","['34763', '68970', '42684', '20590', '55090']",55090,"['20590', '34763', '68970', '42684', '55090']"
"[0, 6]","[18, 23]","['59474', '75880', '41154', '49395', '10433']",10433,"['49395', '75880', '59474', '41154', '10433']"
"[15, 13]","[3, 7]","['24364', '20590', '68970', '53137', '30859']",30859,"['20590', '53137', '30859', '24364', '68970']"
"[3, 26]","[15, 28]","['1064', '18887', '40031', '32729', '10526']",10526,"['40031', '18887', '1064', '32729', '10526']"
"[3, 26]","[15, 28]","['32729', '72586', '11033', '19246', '3258']",3258,"['32729', '11033', '19246', '3258', '72586']"
"[3, 26]","[15, 17]","['18887', '50906', '40031', '11033', '47834']",47834,"['40031', '47834', '50906', '18887', '11033']"
"[18, 23]","[0, 6]","['20502', '14167', '64148', '10433', '49395']",49395,"['64148', '10433', '49395', '14167', '20502']"
"[0, 2]","[18, 25]","['70440', '63508', '9836', '43629', '4132']",4132,"['43629', '9836', '63508', '4132', '70440']"
"[17, 21]","[7, 22]","['62454', '69704', '78147', '40487', '79411']",79411,"['78147', '69704', '62454', '79411', '40487']"
"[3, 17]","[15, 13]","['53579', '12043', '38478', '64047', '34763']",34763,"['12043', '53579', '64047', '34763', '38478']"
"[0, 14]","[18, 23]","['17291', '1261', '75707', '37963', '6216']",6216,"['17291', '1261', '6216', '75707', '37963']"
"[3, 26]","[15, 28]","['40031', '1064', '18887', '34449', '23274']",23274,"['18887', '1064', '34449', '23274', '40031']"
"[3, 7]","[15, 21]","['73164', '30859', '19992', '4286', '20839']",20839,"['73164', '4286', '20839', '30859', '19992']"
"[7, 1]","[17, 5]","['12376', '8109', '53652', '3536', '50221']",50221,"['50221', '8109', '53652', '3536', '12376']"
"[18, 23]","[0, 24]","['37360', '10433', '26052', '6216', '31926']",31926,"['10433', '31926', '6216', '26052', '37360']"
"[15, 13]","[3, 26]","['42684', '24364', '68970', '25079', '72586']",72586,"['68970', '72586', '42684', '25079', '24364']"
"[0, 6]","[18, 23]","['59474', '41154', '75880', '43036', '72978']",72978,"['72978', '43036', '41154', '59474', '75880']"
"[3, 3]","[15, 21]","['30004', '994', '10131', '22002', '13497']",13497,"['13497', '30004', '22002', '994', '10131']"
"[0, 2]","[18, 23]","['28242', '44145', '32703', '80744', '42151']",42151,"['80744', '32703', '28242', '42151', '44145']"
"[18, 23]","[0, 6]","['61353', '78682', '25667', '26755', '75880']",75880,"['78682', '75880', '61353', '26755', '25667']"
"[0, 6]","[18, 23]","['25447', '43036', '41154', '49395', '10433']",10433,"['25447', '41154', '10433', '43036', '49395']"
"[3, 26]","[15, 17]","['68096', '18887', '50906', '11033', '47834']",47834,"['50906', '18887', '68096', '11033', '47834']"
"[15, 13]","[3, 4]","['34763', '24364', '20590', '25079', '11039']",11039,"['24364', '34763', '11039', '20590', '25079']"
"[0, 2]","[18, 23]","['60860', '51831', '63508', '59390', '12104']",12104,"['12104', '51831', '63508', '60860', '59390']"
"[7, 1]","[17, 5]","['3536', '10825', '17550', '16951', '72055']",72055,"['16951', '3536', '72055', '10825', '17550']"
"[3, 17]","[15, 13]","['64047', '54792', '33084', '12043', '42684']",42684,"['64047', '33084', '42684', '12043', '54792']"
"[7, 1]","[17, 21]","['10825', '12421', '16951', '8109', '78147']",78147,"['10825', '12421', '78147', '8109', '16951']"
"[7, 1]","[17, 21]","['53652', '12421', '10825', '3536', '78147']",78147,"['78147', '12421', '53652', '3536', '10825']"
"[17, 18]","[7, 20]","['51240', '70105', '66935', '31693', '55305']",55305,"['31693', '66935', '51240', '70105', '55305']"
"[15, 28]","[3, 26]","['3258', '23274', '10526', '67905', '34449']",34449,"['34449', '3258', '23274', '67905', '10526']"
"[17, 18]","[7, 3]","['46660', '66316', '21543', '6955', '75828']",75828,"['46660', '21543', '66316', '6955', '75828']"
"[15, 13]","[3, 12]","['20590', '34763', '25079', '24364', '37955']",37955,"['25079', '20590', '34763', '24364', '37955']"
"[18, 23]","[0, 6]","['61353', '65195', '48306', '20502', '43036']",43036,"['43036', '61353', '48306', '65195', '20502']"
"[3, 26]","[15, 28]","['1064', '34449', '19246', '11033', '10526']",10526,"['34449', '1064', '19246', '11033', '10526']"
"[17, 18]","[7, 22]","['46660', '6955', '31693', '66935', '31113']",31113,"['31113', '46660', '66935', '6955', '31693']"
"[3, 3]","[15, 13]","['72700', '994', '10131', '22487', '53137']",53137,"['53137', '22487', '994', '10131', '72700']"
"[0, 14]","[18, 23]","['42604', '39894', '75707', '37963', '48306']",48306,"['42604', '39894', '75707', '37963', '48306']"
"[18, 23]","[0, 0]","['26755', '59794', '64148', '72978', '8176']",8176,"['64148', '26755', '59794', '8176', '72978']"
"[0, 6]","[18, 23]","['49395', '75880', '43375', '25447', '10433']",10433,"['25447', '75880', '43375', '49395', '10433']"
"[7, 1]","[17, 5]","['53652', '12421', '3536', '17550', '7913']",7913,"['7913', '12421', '3536', '17550', '53652']"
"[0, 6]","[18, 23]","['75880', '25447', '49395', '43375', '14167']",14167,"['49395', '25447', '14167', '75880', '43375']"
"[15, 13]","[3, 12]","['20590', '24364', '25079', '68970', '27821']",27821,"['20590', '25079', '68970', '27821', '24364']"
"[17, 18]","[7, 1]","['70105', '46660', '51240', '21408', '17550']",17550,"['46660', '21408', '17550', '51240', '70105']"
"[3, 3]","[15, 13]","['22487', '22002', '72700', '994', '68970']",68970,"['72700', '994', '22487', '68970', '22002']"
"[0, 14]","[18, 25]","['42604', '1261', '80522', '39894', '4132']",4132,"['42604', '80522', '39894', '4132', '1261']"
"[18, 25]","[0, 7]","['3282', '4132', '73827', '62071', '15613']",15613,"['73827', '62071', '4132', '15613', '3282']"
"[15, 28]","[3, 17]","['38548', '67905', '3258', '10526', '12043']",12043,"['10526', '12043', '3258', '67905', '38548']"
"[3, 26]","[15, 17]","['19246', '72586', '32729', '40031', '60915']",60915,"['40031', '60915', '72586', '19246', '32729']"
"[3, 26]","[15, 13]","['19246', '11033', '49864', '32729', '68970']",68970,"['32729', '49864', '11033', '19246', '68970']"
"[18, 23]","[0, 24]","['10433', '64148', '5909', '65195', '31926']",31926,"['5909', '10433', '64148', '31926', '65195']"
"[7, 1]","[17, 18]","['17550', '12421', '12376', '53652', '21408']",21408,"['12376', '17550', '53652', '12421', '21408']"
"[3, 3]","[15, 21]","['22002', '72700', '10017', '994', '13497']",13497,"['994', '10017', '13497', '72700', '22002']"
"[17, 21]","[7, 20]","['9795', '40487', '62549', '62454', '2425']",2425,"['62549', '2425', '9795', '40487', '62454']"
"[3, 3]","[15, 17]","['10017', '10131', '30004', '22002', '11908']",11908,"['10017', '22002', '30004', '11908', '10131']"
"[3, 26]","[15, 17]","['34449', '50906', '68096', '72586', '1225']",1225,"['1225', '34449', '72586', '50906', '68096']"
"[3, 26]","[15, 17]","['72586', '50906', '11033', '49864', '47834']",47834,"['11033', '50906', '72586', '47834', '49864']"
"[0, 6]","[18, 23]","['49395', '25447', '59474', '43375', '64148']",64148,"['43375', '59474', '64148', '25447', '49395']"
"[0, 2]","[18, 23]","['43629', '9836', '70440', '59390', '40817']",40817,"['40817', '59390', '70440', '9836', '43629']"
"[3, 26]","[15, 28]","['72586', '1064', '34449', '19246', '23274']",23274,"['72586', '1064', '19246', '34449', '23274']"
"[3, 17]","[15, 28]","['64047', '12043', '54792', '33084', '67905']",67905,"['12043', '54792', '67905', '64047', '33084']"
"[3, 17]","[15, 17]","['64047', '12043', '53579', '38478', '60915']",60915,"['64047', '60915', '38478', '53579', '12043']"
"[18, 23]","[0, 0]","['40817', '67584', '20502', '72978', '14834']",14834,"['72978', '40817', '14834', '20502', '67584']"
"[18, 23]","[0, 7]","['25667', '64247', '78682', '59794', '65801']",65801,"['59794', '25667', '65801', '78682', '64247']"
"[17, 18]","[7, 1]","['21408', '31693', '66935', '66316', '8109']",8109,"['21408', '66316', '8109', '31693', '66935']"
"[17, 18]","[7, 20]","['46660', '31693', '66316', '21543', '55305']",55305,"['21543', '46660', '55305', '31693', '66316']"
"[18, 23]","[0, 24]","['5909', '6216', '72365', '15451', '74418']",74418,"['74418', '5909', '72365', '15451', '6216']"
"[15, 13]","[3, 21]","['34763', '20590', '25079', '53137', '42206']",42206,"['20590', '42206', '25079', '34763', '53137']"
"[3, 26]","[15, 21]","['50906', '19246', '11033', '40031', '20839']",20839,"['50906', '11033', '20839', '19246', '40031']"
"[3, 26]","[15, 28]","['11033', '32729', '50906', '40031', '23274']",23274,"['50906', '40031', '11033', '23274', '32729']"
"[3, 26]","[15, 28]","['1064', '50906', '9147', '72586', '10526']",10526,"['10526', '50906', '9147', '72586', '1064']"
"[0, 6]","[18, 25]","['49395', '43036', '59474', '41154', '73827']",73827,"['49395', '43036', '41154', '59474', '73827']"
"[18, 23]","[0, 6]","['32105', '67584', '15451', '59794', '59474']",59474,"['67584', '59794', '32105', '59474', '15451']"
"[7, 1]","[17, 18]","['12421', '8109', '17550', '53652', '21543']",21543,"['21543', '17550', '12421', '8109', '53652']"
"[15, 28]","[3, 17]","['38548', '3258', '67905', '23274', '64047']",64047,"['67905', '38548', '23274', '3258', '64047']"
"[0, 14]","[18, 23]","['39894', '42604', '17291', '75707', '65195']",65195,"['17291', '65195', '42604', '75707', '39894']"
"[0, 6]","[18, 23]","['43375', '49395', '59474', '25447', '40817']",40817,"['40817', '59474', '25447', '43375', '49395']"
"[3, 17]","[15, 28]","['38478', '12043', '53579', '64047', '10526']",10526,"['53579', '10526', '38478', '64047', '12043']"
"[17, 18]","[7, 20]","['21543', '21408', '66316', '46660', '2425']",2425,"['2425', '66316', '21408', '46660', '21543']"
"[17, 18]","[7, 3]","['31693', '21543', '6955', '51240', '75828']",75828,"['31693', '75828', '51240', '21543', '6955']"
"[0, 6]","[18, 25]","['41154', '75880', '43375', '43036', '62071']",62071,"['62071', '43036', '75880', '41154', '43375']"
"[18, 23]","[0, 24]","['48306', '12104', '59794', '32105', '74418']",74418,"['32105', '48306', '59794', '74418', '12104']"
"[15, 13]","[3, 12]","['68970', '53137', '34763', '25079', '20968']",20968,"['68970', '20968', '34763', '25079', '53137']"
"[3, 26]","[15, 17]","['11033', '72586', '32729', '50906', '1225']",1225,"['11033', '50906', '1225', '32729', '72586']"
"[3, 26]","[15, 28]","['1064', '19246', '18887', '40031', '3258']",3258,"['19246', '40031', '18887', '1064', '3258']"
"[17, 21]","[7, 3]","['78147', '62549', '40487', '62454', '52457']",52457,"['78147', '62454', '62549', '40487', '52457']"
"[17, 18]","[7, 3]","['31693', '51240', '66316', '21408', '61767']",61767,"['61767', '66316', '51240', '31693', '21408']"
"[3, 3]","[15, 13]","['22487', '10131', '994', '10017', '25079']",25079,"['10131', '22487', '994', '10017', '25079']"
"[15, 13]","[3, 26]","['68970', '42684', '25079', '20590', '1064']",1064,"['68970', '1064', '42684', '20590', '25079']"
"[15, 28]","[3, 12]","['67905', '3258', '23274', '38548', '20968']",20968,"['38548', '3258', '23274', '67905', '20968']"
"[17, 18]","[7, 20]","['46660', '70105', '31693', '6955', '2425']",2425,"['70105', '2425', '46660', '31693', '6955']"
"[17, 18]","[7, 20]","['31693', '51240', '66316', '46660', '55305']",55305,"['55305', '46660', '51240', '66316', '31693']"
"[0, 6]","[18, 23]","['59474', '43375', '49395', '43036', '6216']",6216,"['43036', '49395', '6216', '43375', '59474']"
"[17, 18]","[7, 20]","['21408', '51240', '31693', '6955', '55305']",55305,"['21408', '55305', '51240', '31693', '6955']"
"[0, 2]","[18, 23]","['51831', '9639', '63508', '80744', '64247']",64247,"['80744', '64247', '63508', '9639', '51831']"
"[0, 2]","[18, 23]","['54867', '44125', '48095', '80744', '14167']",14167,"['80744', '14167', '44125', '48095', '54867']"
"[0, 6]","[18, 25]","['25447', '43036', '49395', '43375', '4132']",4132,"['49395', '25447', '43036', '43375', '4132']"
"[7, 1]","[17, 21]","['10825', '8109', '12421', '17550', '78147']",78147,"['78147', '8109', '12421', '17550', '10825']"
"[3, 3]","[15, 28]","['72700', '22487', '30004', '10131', '23274']",23274,"['23274', '22487', '10131', '72700', '30004']"
"[18, 25]","[0, 2]","['73827', '3282', '4132', '25711', '9836']",9836,"['4132', '3282', '9836', '73827', '25711']"
"[0, 6]","[18, 23]","['75880', '43375', '25447', '59474', '10433']",10433,"['10433', '43375', '59474', '25447', '75880']"
"[7, 1]","[17, 5]","['12376', '53652', '10825', '3536', '33045']",33045,"['12376', '3536', '10825', '53652', '33045']"
"[0, 2]","[18, 23]","['51831', '70440', '59390', '27625', '48306']",48306,"['70440', '51831', '59390', '27625', '48306']"
"[0, 6]","[18, 23]","['43375', '25447', '75880', '41154', '72978']",72978,"['25447', '72978', '43375', '41154', '75880']"
"[3, 7]","[15, 28]","['4286', '19796', '30859', '19992', '23274']",23274,"['30859', '19992', '19796', '23274', '4286']"
"[0, 2]","[18, 25]","['32703', '80744', '62759', '59390', '73827']",73827,"['59390', '80744', '62759', '32703', '73827']"
"[18, 23]","[0, 7]","['15451', '42151', '61353', '65195', '15613']",15613,"['42151', '61353', '65195', '15451', '15613']"
"[0, 2]","[18, 23]","['48095', '9836', '59390', '43629', '40817']",40817,"['48095', '40817', '59390', '43629', '9836']"
"[7, 1]","[17, 18]","['53652', '12376', '16951', '12421', '66935']",66935,"['53652', '12376', '12421', '16951', '66935']"
"[7, 1]","[17, 18]","['12421', '10825', '16951', '8109', '66316']",66316,"['16951', '12421', '8109', '66316', '10825']"
"[0, 2]","[18, 23]","['9639', '44145', '62759', '51831', '10433']",10433,"['62759', '10433', '44145', '51831', '9639']"
"[0, 14]","[18, 23]","['75707', '80522', '1261', '42604', '78682']",78682,"['1261', '42604', '80522', '75707', '78682']"
"[18, 25]","[0, 6]","['3282', '73827', '4132', '25711', '59474']",59474,"['73827', '59474', '25711', '3282', '4132']"
"[18, 23]","[0, 6]","['37360', '64247', '15451', '32105', '43036']",43036,"['32105', '15451', '43036', '64247', '37360']"
"[0, 14]","[18, 25]","['37963', '1261', '17291', '39894', '3282']",3282,"['37963', '17291', '3282', '39894', '1261']"
"[18, 25]","[0, 2]","['3282', '62071', '25711', '73827', '54867']",54867,"['3282', '54867', '62071', '25711', '73827']"
"[18, 23]","[0, 2]","['59794', '26052', '42151', '65195', '28242']",28242,"['28242', '42151', '59794', '65195', '26052']"
"[17, 18]","[7, 20]","['70105', '31693', '21408', '46660', '2425']",2425,"['31693', '70105', '21408', '2425', '46660']"
"[17, 18]","[7, 22]","['21408', '66935', '46660', '6955', '23132']",23132,"['21408', '23132', '66935', '46660', '6955']"
"[15, 28]","[3, 28]","['10526', '67905', '38548', '3258', '55090']",55090,"['55090', '3258', '10526', '67905', '38548']"
"[7, 1]","[17, 21]","['10825', '12376', '53652', '16951', '78147']",78147,"['12376', '78147', '53652', '16951', '10825']"
"[0, 6]","[18, 23]","['75880', '43375', '43036', '49395', '64148']",64148,"['43375', '43036', '75880', '64148', '49395']"
"[3, 26]","[15, 28]","['72586', '68096', '11033', '1064', '23274']",23274,"['68096', '23274', '1064', '72586', '11033']"
"[0, 14]","[18, 23]","['37963', '17291', '1261', '39894', '78682']",78682,"['17291', '1261', '78682', '37963', '39894']"
"[3, 17]","[15, 17]","['54792', '38478', '53579', '12043', '1225']",1225,"['38478', '12043', '54792', '53579', '1225']"
"[3, 26]","[15, 28]","['34449', '72586', '68096', '18887', '67905']",67905,"['18887', '72586', '34449', '67905', '68096']"
"[0, 2]","[18, 23]","['51831', '80744', '70440', '48095', '72978']",72978,"['48095', '80744', '70440', '72978', '51831']"
"[18, 23]","[0, 24]","['78682', '25667', '64247', '67584', '37989']",37989,"['37989', '25667', '67584', '78682', '64247']"
"[0, 2]","[18, 23]","['32703', '60860', '43629', '62759', '78682']",78682,"['32703', '43629', '78682', '62759', '60860']"
"[7, 1]","[17, 5]","['16951', '12376', '53652', '12421', '33045']",33045,"['33045', '12421', '12376', '53652', '16951']"
"[3, 3]","[15, 28]","['30004', '72700', '10131', '22002', '23274']",23274,"['30004', '22002', '10131', '23274', '72700']"
"[0, 2]","[18, 25]","['66847', '44125', '62759', '54867', '73827']",73827,"['44125', '73827', '66847', '62759', '54867']"
"[15, 13]","[3, 21]","['68970', '53137', '34763', '24364', '42206']",42206,"['53137', '68970', '34763', '42206', '24364']"
"[17, 18]","[7, 3]","['70105', '46660', '6955', '66935', '64781']",64781,"['70105', '6955', '46660', '64781', '66935']"
"[17, 18]","[7, 20]","['21408', '46660', '6955', '21543', '55305']",55305,"['21408', '55305', '21543', '46660', '6955']"
"[3, 7]","[15, 21]","['19796', '30859', '19992', '73164', '3384']",3384,"['30859', '19992', '3384', '73164', '19796']"
"[3, 26]","[15, 17]","['9147', '32729', '40031', '50906', '47834']",47834,"['47834', '50906', '32729', '9147', '40031']"
"[17, 18]","[7, 3]","['51240', '66316', '70105', '31693', '64781']",64781,"['31693', '51240', '66316', '70105', '64781']"
"[18, 23]","[0, 2]","['14167', '10433', '26052', '64247', '28242']",28242,"['28242', '14167', '10433', '64247', '26052']"
"[3, 26]","[15, 28]","['11033', '72586', '9147', '32729', '23274']",23274,"['32729', '72586', '11033', '9147', '23274']"
"[18, 23]","[0, 7]","['65195', '48306', '61353', '26052', '65801']",65801,"['26052', '61353', '65195', '65801', '48306']"
"[0, 6]","[18, 25]","['43375', '43036', '75880', '25447', '62071']",62071,"['25447', '43375', '43036', '75880', '62071']"
"[0, 14]","[18, 23]","['17291', '42604', '39894', '37963', '15451']",15451,"['17291', '37963', '15451', '39894', '42604']"
"[0, 2]","[18, 23]","['32703', '28242', '70440', '67842', '37360']",37360,"['32703', '67842', '37360', '28242', '70440']"
"[18, 23]","[0, 14]","['42151', '64247', '15451', '59794', '37963']",37963,"['59794', '64247', '42151', '37963', '15451']"
"[3, 3]","[15, 21]","['30004', '22487', '72700', '994', '7489']",7489,"['72700', '30004', '22487', '994', '7489']"
"[3, 7]","[15, 13]","['73164', '19992', '37907', '19796', '20590']",20590,"['19992', '19796', '73164', '37907', '20590']"
"[3, 21]","[15, 13]","['42206', '57272', '53064', '47060', '34763']",34763,"['47060', '34763', '53064', '42206', '57272']"
"[3, 26]","[15, 13]","['9147', '68096', '32729', '34449', '53137']",53137,"['9147', '32729', '34449', '68096', '53137']"
"[17, 18]","[7, 1]","['31693', '21408', '6955', '46660', '16951']",16951,"['46660', '6955', '16951', '21408', '31693']"
"[17, 21]","[7, 3]","['9795', '78147', '69704', '62549', '75828']",75828,"['62549', '75828', '69704', '78147', '9795']"
"[7, 1]","[17, 18]","['53652', '17550', '8109', '12421', '31693']",31693,"['31693', '8109', '12421', '53652', '17550']"
"[17, 18]","[7, 1]","['31693', '66316', '21543', '46660', '10825']",10825,"['21543', '31693', '66316', '46660', '10825']"
"[18, 23]","[0, 2]","['72978', '14167', '65195', '6216', '28242']",28242,"['6216', '72978', '65195', '28242', '14167']"
"[18, 23]","[0, 14]","['15451', '64148', '78682', '61353', '1261']",1261,"['78682', '15451', '64148', '61353', '1261']"
"[7, 1]","[17, 21]","['12421', '53652', '8109', '10825', '40487']",40487,"['53652', '10825', '40487', '8109', '12421']"
"[0, 14]","[18, 25]","['75707', '17291', '1261', '39894', '4132']",4132,"['17291', '39894', '1261', '75707', '4132']"
"[0, 6]","[18, 23]","['75880', '25447', '49395', '59474', '65195']",65195,"['75880', '65195', '59474', '49395', '25447']"
"[3, 7]","[15, 21]","['4286', '19796', '73164', '19992', '20839']",20839,"['4286', '19992', '20839', '19796', '73164']"
"[18, 23]","[0, 2]","['14167', '72365', '12104', '72978', '43995']",43995,"['72978', '12104', '72365', '14167', '43995']"
"[3, 17]","[15, 28]","['38478', '12043', '53579', '64047', '67905']",67905,"['38478', '12043', '64047', '67905', '53579']"
"[3, 3]","[15, 28]","['10017', '22002', '10131', '72700', '67905']",67905,"['10131', '10017', '72700', '22002', '67905']"
"[0, 2]","[18, 23]","['67842', '32703', '43629', '9836', '10433']",10433,"['67842', '9836', '10433', '32703', '43629']"
"[0, 2]","[18, 23]","['66847', '62759', '51831', '63508', '72978']",72978,"['66847', '63508', '51831', '72978', '62759']"
"[0, 2]","[18, 25]","['67465', '67842', '45218', '70440', '62071']",62071,"['67465', '67842', '70440', '62071', '45218']"
"[3, 26]","[15, 13]","['40031', '11033', '50906', '18887', '20590']",20590,"['40031', '20590', '18887', '50906', '11033']"
"[0, 2]","[18, 23]","['32703', '27625', '48095', '28242', '26052']",26052,"['32703', '48095', '28242', '27625', '26052']"
"[17, 18]","[7, 22]","['66316', '66935', '31693', '70105', '40679']",40679,"['31693', '40679', '70105', '66316', '66935']"
"[3, 7]","[15, 17]","['19992', '19796', '4286', '37907', '47834']",47834,"['37907', '4286', '47834', '19992', '19796']"
"[15, 13]","[3, 16]","['24364', '34763', '25079', '68970', '59100']",59100,"['24364', '34763', '68970', '59100', '25079']"
"[3, 26]","[15, 13]","['19246', '68096', '50906', '32729', '34763']",34763,"['50906', '34763', '19246', '68096', '32729']"
"[15, 13]","[3, 4]","['25079', '34763', '24364', '20590', '35787']",35787,"['24364', '35787', '34763', '25079', '20590']"
"[0, 6]","[18, 23]","['49395', '59474', '43375', '43036', '67584']",67584,"['43375', '43036', '67584', '59474', '49395']"
"[15, 13]","[3, 28]","['34763', '24364', '53137', '42684', '42226']",42226,"['24364', '34763', '42226', '42684', '53137']"
"[18, 23]","[0, 6]","['78682', '65195', '26052', '25667', '25447']",25447,"['25667', '78682', '65195', '26052', '25447']"
"[15, 28]","[3, 16]","['23274', '3258', '38548', '67905', '56017']",56017,"['67905', '56017', '3258', '38548', '23274']"
"[3, 3]","[15, 21]","['994', '72700', '30004', '10131', '3384']",3384,"['994', '72700', '3384', '10131', '30004']"
"[3, 26]","[15, 13]","['68096', '18887', '32729', '40031', '20590']",20590,"['18887', '32729', '40031', '20590', '68096']"
"[3, 17]","[15, 21]","['54792', '53579', '12043', '64047', '7489']",7489,"['64047', '54792', '7489', '12043', '53579']"
"[0, 14]","[18, 23]","['17291', '75707', '37963', '42604', '48306']",48306,"['42604', '17291', '48306', '75707', '37963']"
"[18, 23]","[0, 2]","['10433', '65195', '12104', '6216', '28242']",28242,"['6216', '12104', '65195', '10433', '28242']"
"[18, 23]","[0, 7]","['64148', '6216', '67584', '72365', '15613']",15613,"['64148', '72365', '15613', '6216', '67584']"
"[3, 26]","[15, 17]","['68096', '50906', '11033', '40031', '1225']",1225,"['40031', '1225', '11033', '50906', '68096']"
"[7, 1]","[17, 5]","['17550', '10825', '8109', '12376', '72055']",72055,"['17550', '10825', '8109', '12376', '72055']"
"[17, 18]","[7, 1]","['46660', '70105', '6955', '31693', '16951']",16951,"['70105', '16951', '6955', '46660', '31693']"
"[0, 7]","[18, 23]","['72266', '66807', '65801', '15613', '65195']",65195,"['15613', '65801', '65195', '66807', '72266']"
"[3, 3]","[15, 28]","['30004', '10017', '22487', '72700', '3258']",3258,"['72700', '10017', '30004', '22487', '3258']"
"[3, 26]","[15, 28]","['49864', '9147', '50906', '18887', '23274']",23274,"['50906', '18887', '23274', '49864', '9147']"
"[18, 25]","[0, 7]","['73827', '3282', '25711', '4132', '66807']",66807,"['3282', '4132', '66807', '25711', '73827']"
"[17, 18]","[7, 1]","['70105', '21543', '66316', '51240', '3536']",3536,"['3536', '21543', '51240', '66316', '70105']"
"[0, 6]","[18, 23]","['43036', '75880', '59474', '43375', '15451']",15451,"['43375', '15451', '75880', '59474', '43036']"
"[3, 3]","[15, 17]","['22487', '22002', '994', '10017', '11908']",11908,"['22487', '11908', '994', '22002', '10017']"
"[18, 23]","[0, 2]","['42151', '26052', '67584', '72978', '32703']",32703,"['32703', '72978', '26052', '42151', '67584']"
"[17, 21]","[7, 1]","['40487', '62549', '62454', '69704', '12376']",12376,"['69704', '12376', '40487', '62549', '62454']"
"[3, 3]","[15, 28]","['22002', '994', '30004', '10017', '38548']",38548,"['22002', '994', '38548', '10017', '30004']"
"[0, 6]","[18, 23]","['75880', '59474', '43375', '41154', '5909']",5909,"['43375', '5909', '75880', '41154', '59474']"
"[18, 23]","[0, 24]","['25667', '5909', '67584', '64247', '74418']",74418,"['64247', '5909', '74418', '25667', '67584']"
"[18, 23]","[0, 0]","['25667', '64247', '48306', '26052', '78009']",78009,"['64247', '48306', '78009', '26052', '25667']"
"[17, 18]","[7, 22]","['51240', '66935', '31693', '21408', '31113']",31113,"['21408', '66935', '31113', '51240', '31693']"
"[7, 1]","[17, 18]","['10825', '8109', '16951', '53652', '66316']",66316,"['53652', '8109', '66316', '16951', '10825']"
"[18, 23]","[0, 14]","['42151', '67584', '6216', '65195', '1261']",1261,"['67584', '1261', '6216', '42151', '65195']"
"[3, 26]","[15, 21]","['68096', '9147', '72586', '40031', '7489']",7489,"['40031', '7489', '72586', '9147', '68096']"
"[15, 13]","[3, 7]","['20590', '25079', '53137', '34763', '19796']",19796,"['34763', '25079', '19796', '53137', '20590']"
"[18, 23]","[0, 6]","['61353', '12104', '6216', '48306', '59474']",59474,"['61353', '6216', '48306', '59474', '12104']"
"[15, 28]","[3, 3]","['67905', '38548', '3258', '23274', '994']",994,"['38548', '994', '23274', '3258', '67905']"
"[7, 1]","[17, 18]","['8109', '16951', '10825', '3536', '51240']",51240,"['3536', '10825', '8109', '51240', '16951']"
"[3, 26]","[15, 21]","['50906', '32729', '40031', '72586', '3384']",3384,"['3384', '32729', '72586', '50906', '40031']"
"[0, 14]","[18, 25]","['42604', '37963', '39894', '17291', '3282']",3282,"['3282', '42604', '37963', '17291', '39894']"
"[3, 26]","[15, 28]","['34449', '11033', '32729', '40031', '67905']",67905,"['32729', '40031', '34449', '67905', '11033']"
"[3, 26]","[15, 17]","['9147', '49864', '68096', '50906', '11908']",11908,"['11908', '50906', '49864', '9147', '68096']"
"[15, 13]","[3, 28]","['68970', '25079', '20590', '53137', '12683']",12683,"['68970', '25079', '53137', '12683', '20590']"
"[7, 1]","[17, 21]","['17550', '12421', '53652', '10825', '62549']",62549,"['12421', '10825', '17550', '62549', '53652']"
"[17, 21]","[7, 22]","['40487', '9795', '69704', '62454', '23132']",23132,"['23132', '62454', '69704', '9795', '40487']"
"[3, 17]","[15, 28]","['12043', '54792', '53579', '33084', '3258']",3258,"['12043', '54792', '53579', '3258', '33084']"
"[0, 6]","[18, 23]","['43375', '49395', '25447', '41154', '59794']",59794,"['49395', '43375', '41154', '59794', '25447']"
"[15, 13]","[3, 5]","['25079', '24364', '42684', '20590', '74226']",74226,"['25079', '74226', '20590', '42684', '24364']"
"[18, 23]","[0, 0]","['10433', '42151', '12104', '65195', '78009']",78009,"['10433', '12104', '42151', '65195', '78009']"
"[7, 1]","[17, 21]","['10825', '12421', '8109', '12376', '78147']",78147,"['10825', '8109', '12376', '78147', '12421']"
"[15, 28]","[3, 21]","['67905', '10526', '23274', '38548', '47060']",47060,"['67905', '10526', '23274', '47060', '38548']"
"[7, 1]","[17, 18]","['17550', '8109', '12376', '3536', '51240']",51240,"['51240', '8109', '17550', '12376', '3536']"
"[18, 25]","[0, 7]","['73827', '3282', '62071', '4132', '66807']",66807,"['62071', '66807', '3282', '4132', '73827']"
"[0, 6]","[18, 25]","['59474', '43036', '49395', '41154', '4132']",4132,"['49395', '4132', '43036', '41154', '59474']"
"[0, 6]","[18, 23]","['75880', '25447', '49395', '43375', '64247']",64247,"['64247', '25447', '43375', '75880', '49395']"
"[3, 26]","[15, 21]","['1064', '72586', '9147', '11033', '3384']",3384,"['11033', '1064', '3384', '72586', '9147']"
"[15, 13]","[3, 12]","['20590', '25079', '53137', '68970', '1181']",1181,"['68970', '25079', '53137', '20590', '1181']"
"[7, 1]","[17, 18]","['53652', '12376', '3536', '10825', '66935']",66935,"['53652', '3536', '66935', '12376', '10825']"
"[7, 1]","[17, 21]","['10825', '16951', '12376', '3536', '78147']",78147,"['12376', '10825', '3536', '78147', '16951']"
"[0, 14]","[18, 23]","['75707', '17291', '1261', '37963', '14167']",14167,"['14167', '75707', '17291', '37963', '1261']"
"[0, 2]","[18, 23]","['9639', '66847', '60860', '70440', '67584']",67584,"['67584', '9639', '60860', '66847', '70440']"
"[15, 13]","[3, 17]","['42684', '20590', '53137', '34763', '12043']",12043,"['42684', '34763', '20590', '12043', '53137']"
"[15, 28]","[3, 3]","['67905', '38548', '10526', '3258', '30004']",30004,"['3258', '30004', '10526', '67905', '38548']"
"[3, 7]","[15, 13]","['73164', '37907', '4286', '19992', '34763']",34763,"['37907', '34763', '19992', '73164', '4286']"
"[3, 26]","[15, 28]","['19246', '32729', '34449', '1064', '67905']",67905,"['32729', '1064', '34449', '19246', '67905']"
"[3, 17]","[15, 28]","['53579', '33084', '64047', '38478', '3258']",3258,"['53579', '38478', '3258', '33084', '64047']"
"[15, 13]","[3, 3]","['20590', '24364', '25079', '68970', '30004']",30004,"['25079', '20590', '68970', '24364', '30004']"
"[0, 2]","[18, 25]","['9836', '44802', '9639', '80744', '3282']",3282,"['9639', '9836', '44802', '80744', '3282']"
"[15, 13]","[3, 21]","['24364', '68970', '25079', '53137', '14038']",14038,"['68970', '14038', '25079', '53137', '24364']"
"[3, 7]","[15, 21]","['19796', '4286', '73164', '37907', '3384']",3384,"['73164', '19796', '37907', '4286', '3384']"
"[18, 25]","[0, 6]","['73827', '3282', '62071', '4132', '41154']",41154,"['73827', '41154', '3282', '4132', '62071']"
"[7, 1]","[17, 5]","['53652', '10825', '16951', '17550', '50221']",50221,"['50221', '16951', '53652', '17550', '10825']"
"[17, 18]","[7, 3]","['31693', '6955', '21543', '66316', '52457']",52457,"['6955', '31693', '66316', '21543', '52457']"
"[17, 18]","[7, 1]","['6955', '51240', '70105', '66316', '10825']",10825,"['10825', '70105', '66316', '51240', '6955']"
"[15, 13]","[3, 4]","['34763', '68970', '20590', '53137', '20671']",20671,"['20590', '68970', '53137', '34763', '20671']"
"[18, 25]","[0, 24]","['73827', '62071', '25711', '4132', '48780']",48780,"['73827', '62071', '48780', '4132', '25711']"
"[3, 17]","[15, 13]","['33084', '64047', '38478', '12043', '53137']",53137,"['64047', '33084', '53137', '38478', '12043']"
"[15, 28]","[3, 7]","['3258', '67905', '23274', '38548', '30859']",30859,"['38548', '23274', '3258', '30859', '67905']"
"[18, 23]","[0, 24]","['78682', '72978', '64247', '15451', '37989']",37989,"['64247', '72978', '15451', '37989', '78682']"
"[0, 2]","[18, 25]","['67842', '27625', '45218', '80744', '4132']",4132,"['45218', '80744', '27625', '4132', '67842']"
"[3, 17]","[15, 17]","['38478', '53579', '64047', '33084', '11908']",11908,"['33084', '11908', '38478', '64047', '53579']"
"[0, 14]","[18, 23]","['80522', '1261', '39894', '42604', '20502']",20502,"['42604', '20502', '80522', '39894', '1261']"
"[3, 16]","[15, 13]","['56017', '177', '59100', '63317', '34763']",34763,"['177', '56017', '34763', '59100', '63317']"
"[18, 23]","[0, 24]","['40817', '15451', '48306', '20502', '31926']",31926,"['48306', '31926', '20502', '15451', '40817']"
"[17, 18]","[7, 1]","['31693', '21408', '66935', '66316', '12421']",12421,"['66316', '12421', '31693', '21408', '66935']"
"[0, 6]","[18, 25]","['59474', '25447', '75880', '49395', '3282']",3282,"['49395', '59474', '75880', '3282', '25447']"
"[0, 2]","[18, 23]","['43995', '62759', '54867', '43629', '48306']",48306,"['62759', '54867', '43629', '43995', '48306']"
"[7, 1]","[17, 5]","['53652', '10825', '16951', '12376', '33045']",33045,"['12376', '16951', '10825', '53652', '33045']"
"[0, 14]","[18, 23]","['80522', '42604', '75707', '39894', '20502']",20502,"['20502', '42604', '39894', '75707', '80522']"
"[17, 18]","[7, 3]","['66935', '21408', '6955', '66316', '64781']",64781,"['66316', '6955', '66935', '21408', '64781']"
"[3, 26]","[15, 17]","['68096', '1064', '9147', '72586', '47834']",47834,"['72586', '9147', '68096', '1064', '47834']"
"[0, 2]","[18, 25]","['32703', '44145', '28242', '44125', '25711']",25711,"['32703', '25711', '44125', '44145', '28242']"
"[18, 23]","[0, 6]","['48306', '64247', '15451', '10433', '75880']",75880,"['48306', '15451', '64247', '10433', '75880']"
"[0, 2]","[18, 23]","['44145', '59390', '44802', '32703', '64148']",64148,"['32703', '64148', '59390', '44802', '44145']"
"[3, 7]","[15, 21]","['37907', '30859', '19796', '73164', '3384']",3384,"['30859', '19796', '37907', '3384', '73164']"
"[3, 3]","[15, 21]","['30004', '22487', '10131', '22002', '3384']",3384,"['10131', '3384', '22002', '30004', '22487']"
"[17, 18]","[7, 22]","['51240', '31693', '6955', '66935', '23132']",23132,"['31693', '23132', '66935', '51240', '6955']"
"[0, 14]","[18, 23]","['80522', '75707', '39894', '37963', '65195']",65195,"['65195', '75707', '37963', '39894', '80522']"
"[0, 14]","[18, 23]","['39894', '80522', '75707', '17291', '72978']",72978,"['39894', '75707', '80522', '17291', '72978']"
"[15, 13]","[3, 28]","['42684', '34763', '20590', '53137', '55090']",55090,"['53137', '42684', '34763', '55090', '20590']"
"[3, 3]","[15, 21]","['22487', '72700', '994', '10131', '3384']",3384,"['3384', '994', '72700', '22487', '10131']"
"[18, 23]","[0, 2]","['64148', '40817', '67584', '65195', '51831']",51831,"['64148', '40817', '67584', '51831', '65195']"
"[0, 14]","[18, 23]","['39894', '17291', '75707', '80522', '12104']",12104,"['12104', '75707', '17291', '80522', '39894']"
"[3, 26]","[15, 17]","['18887', '49864', '32729', '34449', '60915']",60915,"['49864', '60915', '18887', '34449', '32729']"
"[17, 18]","[7, 22]","['66316', '46660', '21543', '21408', '40679']",40679,"['21543', '66316', '21408', '46660', '40679']"
"[0, 6]","[18, 23]","['59474', '25447', '49395', '43036', '78682']",78682,"['43036', '59474', '49395', '78682', '25447']"
"[15, 13]","[3, 5]","['42684', '24364', '20590', '68970', '64']",64,"['64', '20590', '24364', '68970', '42684']"
"[0, 6]","[18, 23]","['25447', '75880', '43036', '41154', '26052']",26052,"['43036', '41154', '26052', '25447', '75880']"
"[17, 18]","[7, 1]","['66935', '66316', '21543', '21408', '12376']",12376,"['21408', '12376', '21543', '66935', '66316']"
"[7, 1]","[17, 21]","['12376', '3536', '16951', '12421', '62454']",62454,"['12376', '3536', '16951', '12421', '62454']"
"[3, 3]","[15, 21]","['22002', '10131', '994', '10017', '13497']",13497,"['994', '13497', '22002', '10017', '10131']"
"[0, 2]","[18, 23]","['59390', '60860', '27625', '28242', '6216']",6216,"['28242', '59390', '60860', '27625', '6216']"
"[3, 28]","[15, 13]","['8257', '12683', '55090', '73823', '53137']",53137,"['12683', '53137', '73823', '55090', '8257']"
"[7, 1]","[17, 21]","['16951', '8109', '12376', '3536', '62454']",62454,"['16951', '8109', '3536', '62454', '12376']"
"[7, 1]","[17, 21]","['8109', '3536', '10825', '16951', '62549']",62549,"['62549', '16951', '10825', '3536', '8109']"
"[0, 14]","[18, 23]","['42604', '37963', '17291', '1261', '61353']",61353,"['37963', '42604', '61353', '1261', '17291']"
"[7, 1]","[17, 5]","['3536', '12376', '17550', '10825', '7913']",7913,"['12376', '17550', '3536', '10825', '7913']"
"[0, 2]","[18, 23]","['62759', '67842', '27625', '43995', '48306']",48306,"['67842', '43995', '27625', '48306', '62759']"
"[3, 26]","[15, 21]","['68096', '72586', '32729', '18887', '3384']",3384,"['32729', '18887', '68096', '3384', '72586']"
"[7, 1]","[17, 21]","['12376', '3536', '17550', '10825', '78147']",78147,"['12376', '3536', '17550', '78147', '10825']"
"[17, 21]","[7, 3]","['40487', '62454', '78147', '69704', '75828']",75828,"['78147', '75828', '40487', '62454', '69704']"
"[18, 23]","[0, 2]","['10433', '72978', '15451', '40817', '70440']",70440,"['10433', '15451', '72978', '70440', '40817']"
"[17, 21]","[7, 22]","['69704', '62454', '62549', '9795', '23132']",23132,"['62454', '62549', '23132', '9795', '69704']"
"[15, 13]","[3, 12]","['68970', '20590', '34763', '25079', '20968']",20968,"['20590', '68970', '25079', '34763', '20968']"
"[0, 6]","[18, 23]","['59474', '25447', '49395', '43036', '37360']",37360,"['49395', '25447', '43036', '59474', '37360']"
"[18, 23]","[0, 7]","['67584', '26755', '10433', '37360', '10984']",10984,"['26755', '10433', '37360', '67584', '10984']"
"[3, 3]","[15, 13]","['10017', '22002', '10131', '22487', '24364']",24364,"['22487', '10131', '24364', '22002', '10017']"
"[17, 18]","[7, 22]","['6955', '31693', '21408', '66316', '79411']",79411,"['21408', '66316', '6955', '79411', '31693']"
"[17, 21]","[7, 20]","['40487', '9795', '62549', '62454', '2277']",2277,"['2277', '40487', '9795', '62454', '62549']"
"[15, 13]","[3, 21]","['68970', '34763', '25079', '24364', '53064']",53064,"['25079', '34763', '24364', '53064', '68970']"
"[18, 23]","[0, 14]","['78682', '64148', '6216', '59794', '17291']",17291,"['59794', '17291', '64148', '78682', '6216']"
"[7, 1]","[17, 21]","['3536', '10825', '12421', '12376', '69704']",69704,"['10825', '69704', '12421', '12376', '3536']"
"[0, 14]","[18, 25]","['37963', '80522', '39894', '75707', '3282']",3282,"['80522', '75707', '37963', '39894', '3282']"
"[0, 2]","[18, 25]","['32703', '44145', '66847', '80744', '25711']",25711,"['32703', '25711', '80744', '66847', '44145']"
"[17, 18]","[7, 22]","['21543', '46660', '21408', '66935', '40679']",40679,"['46660', '21543', '66935', '40679', '21408']"
"[7, 1]","[17, 5]","['12376', '3536', '10825', '16951', '72055']",72055,"['72055', '10825', '12376', '16951', '3536']"
"[15, 13]","[3, 16]","['20590', '25079', '24364', '34763', '11746']",11746,"['24364', '34763', '20590', '11746', '25079']"
"[3, 16]","[15, 17]","['59100', '11746', '177', '56017', '47834']",47834,"['177', '47834', '59100', '56017', '11746']"
"[3, 17]","[15, 13]","['64047', '53579', '38478', '33084', '68970']",68970,"['64047', '53579', '68970', '38478', '33084']"
"[18, 23]","[0, 24]","['25667', '65195', '64148', '12104', '48780']",48780,"['65195', '12104', '48780', '25667', '64148']"
"[7, 1]","[17, 21]","['3536', '53652', '16951', '10825', '9795']",9795,"['3536', '9795', '53652', '10825', '16951']"
"[0, 2]","[18, 25]","['44802', '67842', '32703', '44145', '4132']",4132,"['44145', '4132', '44802', '32703', '67842']"
"[0, 2]","[18, 23]","['51831', '67465', '44145', '48095', '15451']",15451,"['48095', '44145', '67465', '51831', '15451']"
"[0, 14]","[18, 23]","['17291', '42604', '37963', '1261', '14167']",14167,"['14167', '1261', '17291', '37963', '42604']"
"[0, 6]","[18, 23]","['75880', '59474', '41154', '49395', '72365']",72365,"['75880', '72365', '41154', '49395', '59474']"
"[3, 17]","[15, 28]","['12043', '54792', '64047', '53579', '38548']",38548,"['38548', '54792', '12043', '53579', '64047']"
"[18, 23]","[0, 24]","['59794', '26755', '12104', '72365', '74418']",74418,"['26755', '12104', '72365', '59794', '74418']"
"[3, 3]","[15, 13]","['10017', '30004', '994', '22002', '24364']",24364,"['994', '10017', '22002', '24364', '30004']"
"[3, 17]","[15, 17]","['64047', '38478', '54792', '53579', '47834']",47834,"['38478', '64047', '54792', '47834', '53579']"
"[17, 21]","[7, 3]","['62549', '78147', '62454', '9795', '61767']",61767,"['9795', '78147', '62549', '61767', '62454']"
"[15, 28]","[3, 16]","['3258', '38548', '23274', '67905', '59100']",59100,"['38548', '67905', '23274', '59100', '3258']"
"[15, 13]","[3, 26]","['34763', '20590', '53137', '42684', '18887']",18887,"['42684', '53137', '20590', '18887', '34763']"
"[0, 2]","[18, 23]","['67842', '63508', '43629', '9836', '64148']",64148,"['64148', '63508', '9836', '43629', '67842']"
"[3, 3]","[15, 13]","['30004', '10017', '22487', '72700', '34763']",34763,"['10017', '72700', '34763', '22487', '30004']"
"[15, 13]","[3, 7]","['42684', '53137', '24364', '34763', '19992']",19992,"['24364', '53137', '42684', '19992', '34763']"
"[17, 21]","[7, 1]","['9795', '62454', '69704', '62549', '10825']",10825,"['62454', '69704', '10825', '62549', '9795']"
"[3, 26]","[15, 28]","['9147', '1064', '19246', '49864', '3258']",3258,"['19246', '3258', '1064', '9147', '49864']"
"[15, 13]","[3, 26]","['68970', '42684', '53137', '20590', '32729']",32729,"['68970', '32729', '42684', '20590', '53137']"
"[15, 13]","[3, 7]","['34763', '53137', '68970', '25079', '19796']",19796,"['34763', '53137', '68970', '25079', '19796']"
"[0, 14]","[18, 25]","['39894', '17291', '75707', '1261', '25711']",25711,"['17291', '25711', '1261', '39894', '75707']"
"[3, 26]","[15, 28]","['34449', '49864', '18887', '11033', '10526']",10526,"['49864', '18887', '10526', '34449', '11033']"
"[17, 21]","[7, 3]","['78147', '9795', '62549', '69704', '64781']",64781,"['69704', '62549', '78147', '9795', '64781']"
"[15, 13]","[3, 7]","['42684', '20590', '25079', '34763', '30859']",30859,"['30859', '42684', '20590', '34763', '25079']"
"[18, 25]","[0, 2]","['4132', '3282', '73827', '25711', '48095']",48095,"['4132', '48095', '25711', '3282', '73827']"
"[15, 13]","[3, 3]","['25079', '42684', '34763', '53137', '994']",994,"['42684', '994', '53137', '25079', '34763']"
"[3, 26]","[15, 13]","['50906', '1064', '49864', '11033', '25079']",25079,"['1064', '25079', '49864', '11033', '50906']"
"[0, 2]","[18, 25]","['9639', '48095', '67465', '9836', '25711']",25711,"['25711', '48095', '9836', '67465', '9639']"
"[3, 26]","[15, 17]","['1064', '40031', '11033', '34449', '60915']",60915,"['60915', '1064', '34449', '40031', '11033']"
"[0, 14]","[18, 25]","['1261', '75707', '37963', '42604', '3282']",3282,"['42604', '75707', '37963', '3282', '1261']"
"[3, 3]","[15, 13]","['10131', '72700', '994', '10017', '53137']",53137,"['53137', '994', '10131', '72700', '10017']"
"[18, 23]","[0, 0]","['37360', '20502', '67584', '26755', '14834']",14834,"['67584', '14834', '37360', '20502', '26755']"
"[3, 3]","[15, 13]","['30004', '22487', '72700', '10131', '53137']",53137,"['30004', '10131', '22487', '72700', '53137']"
"[3, 26]","[15, 13]","['34449', '40031', '9147', '18887', '20590']",20590,"['18887', '20590', '9147', '40031', '34449']"
"[0, 14]","[18, 25]","['42604', '17291', '37963', '1261', '73827']",73827,"['17291', '1261', '73827', '42604', '37963']"
"[0, 6]","[18, 23]","['49395', '75880', '43036', '41154', '26052']",26052,"['26052', '75880', '43036', '41154', '49395']"
"[17, 18]","[7, 1]","['21408', '66316', '31693', '21543', '16951']",16951,"['21408', '31693', '16951', '66316', '21543']"
"[3, 3]","[15, 17]","['10131', '22002', '30004', '72700', '1225']",1225,"['1225', '72700', '10131', '22002', '30004']"
"[0, 2]","[18, 25]","['60860', '63508', '9836', '80744', '73827']",73827,"['80744', '9836', '63508', '60860', '73827']"
"[3, 3]","[15, 17]","['72700', '994', '22002', '22487', '1225']",1225,"['994', '22487', '1225', '22002', '72700']"
"[0, 14]","[18, 23]","['37963', '80522', '1261', '17291', '59794']",59794,"['37963', '80522', '59794', '1261', '17291']"
"[15, 13]","[3, 7]","['42684', '20590', '68970', '34763', '73164']",73164,"['34763', '73164', '20590', '42684', '68970']"
"[7, 1]","[17, 5]","['12421', '3536', '10825', '53652', '72055']",72055,"['53652', '12421', '10825', '72055', '3536']"
"[17, 21]","[7, 3]","['9795', '69704', '62549', '40487', '61767']",61767,"['69704', '61767', '9795', '40487', '62549']"
"[0, 6]","[18, 23]","['41154', '43036', '25447', '59474', '5909']",5909,"['41154', '25447', '43036', '5909', '59474']"
"[18, 23]","[0, 0]","['6216', '67584', '32105', '25667', '28082']",28082,"['25667', '28082', '67584', '32105', '6216']"
"[15, 13]","[3, 4]","['25079', '53137', '24364', '42684', '9383']",9383,"['25079', '9383', '53137', '24364', '42684']"
"[18, 23]","[0, 6]","['61353', '6216', '78682', '65195', '75880']",75880,"['75880', '6216', '78682', '61353', '65195']"
"[3, 3]","[15, 17]","['22002', '10131', '994', '22487', '47834']",47834,"['22002', '10131', '994', '22487', '47834']"
"[18, 23]","[0, 6]","['61353', '78682', '64247', '72978', '43036']",43036,"['64247', '43036', '78682', '61353', '72978']"
"[3, 3]","[15, 13]","['72700', '10017', '22487', '10131', '20590']",20590,"['72700', '10017', '10131', '22487', '20590']"
"[0, 2]","[18, 23]","['27625', '43629', '44145', '59390', '26755']",26755,"['27625', '26755', '44145', '43629', '59390']"
"[3, 26]","[15, 17]","['9147', '68096', '11033', '72586', '11908']",11908,"['68096', '11033', '72586', '9147', '11908']"
"[0, 14]","[18, 23]","['37963', '42604', '75707', '39894', '37360']",37360,"['37963', '39894', '42604', '75707', '37360']"
"[17, 18]","[7, 22]","['6955', '51240', '21408', '31693', '40679']",40679,"['31693', '40679', '21408', '51240', '6955']"
"[18, 23]","[0, 7]","['6216', '59794', '32105', '64148', '66807']",66807,"['59794', '66807', '32105', '64148', '6216']"
"[3, 3]","[15, 13]","['30004', '72700', '22002', '10131', '34763']",34763,"['34763', '30004', '22002', '10131', '72700']"
"[0, 2]","[18, 25]","['43995', '63508', '67465', '62759', '25711']",25711,"['25711', '67465', '63508', '43995', '62759']"
"[3, 17]","[15, 13]","['33084', '12043', '38478', '64047', '20590']",20590,"['64047', '33084', '38478', '20590', '12043']"
"[0, 2]","[18, 25]","['48095', '9836', '51831', '44145', '25711']",25711,"['9836', '25711', '51831', '44145', '48095']"
"[18, 25]","[0, 0]","['25711', '62071', '73827', '3282', '8176']",8176,"['8176', '62071', '3282', '73827', '25711']"
"[18, 23]","[0, 7]","['64148', '67584', '61353', '72978', '72266']",72266,"['72978', '64148', '72266', '67584', '61353']"
"[0, 2]","[18, 23]","['67465', '44802', '45218', '44145', '12104']",12104,"['44802', '67465', '12104', '45218', '44145']"
"[15, 28]","[3, 28]","['23274', '10526', '67905', '38548', '8257']",8257,"['38548', '67905', '8257', '10526', '23274']"
"[3, 7]","[15, 17]","['19796', '30859', '73164', '4286', '11908']",11908,"['30859', '4286', '11908', '19796', '73164']"
"[15, 28]","[3, 21]","['3258', '38548', '10526', '23274', '57272']",57272,"['38548', '23274', '10526', '57272', '3258']"
"[7, 1]","[17, 5]","['3536', '10825', '17550', '53652', '7913']",7913,"['3536', '53652', '7913', '10825', '17550']"
"[17, 21]","[7, 20]","['40487', '62454', '62549', '69704', '55305']",55305,"['62549', '62454', '69704', '55305', '40487']"
"[3, 7]","[15, 13]","['30859', '4286', '19992', '73164', '25079']",25079,"['30859', '73164', '4286', '19992', '25079']"
"[15, 13]","[3, 5]","['34763', '68970', '25079', '42684', '74226']",74226,"['34763', '42684', '74226', '25079', '68970']"
"[0, 6]","[18, 23]","['41154', '43375', '43036', '49395', '37360']",37360,"['49395', '37360', '41154', '43375', '43036']"
"[3, 17]","[15, 28]","['54792', '38478', '64047', '33084', '10526']",10526,"['10526', '38478', '33084', '54792', '64047']"
"[0, 2]","[18, 23]","['48095', '32703', '60860', '27625', '64148']",64148,"['48095', '60860', '32703', '64148', '27625']"
"[15, 13]","[3, 5]","['53137', '68970', '25079', '34763', '64']",64,"['34763', '25079', '53137', '68970', '64']"
"[0, 14]","[18, 25]","['80522', '17291', '39894', '75707', '73827']",73827,"['75707', '17291', '39894', '73827', '80522']"
"[7, 1]","[17, 21]","['10825', '16951', '3536', '8109', '40487']",40487,"['8109', '16951', '10825', '40487', '3536']"
"[0, 6]","[18, 23]","['75880', '41154', '49395', '59474', '67584']",67584,"['67584', '41154', '49395', '75880', '59474']"
"[3, 26]","[15, 13]","['19246', '32729', '9147', '68096', '20590']",20590,"['32729', '20590', '9147', '68096', '19246']"
"[7, 1]","[17, 18]","['12421', '16951', '17550', '10825', '21408']",21408,"['17550', '10825', '16951', '21408', '12421']"
"[15, 28]","[3, 3]","['38548', '67905', '10526', '23274', '10017']",10017,"['67905', '38548', '10526', '10017', '23274']"
"[17, 21]","[7, 3]","['69704', '62454', '9795', '78147', '52457']",52457,"['62454', '78147', '69704', '9795', '52457']"
"[17, 18]","[7, 1]","['66316', '6955', '21543', '70105', '53652']",53652,"['6955', '70105', '21543', '66316', '53652']"
"[3, 3]","[15, 21]","['10131', '22487', '72700', '30004', '13497']",13497,"['10131', '13497', '30004', '22487', '72700']"
"[15, 13]","[3, 21]","['42684', '20590', '24364', '68970', '53064']",53064,"['42684', '68970', '20590', '24364', '53064']"
"[18, 23]","[0, 7]","['42151', '6216', '14167', '20502', '10984']",10984,"['10984', '42151', '20502', '14167', '6216']"
"[17, 18]","[7, 22]","['66316', '51240', '46660', '66935', '40679']",40679,"['40679', '46660', '66316', '66935', '51240']"
"[0, 14]","[18, 25]","['42604', '17291', '80522', '75707', '73827']",73827,"['80522', '73827', '75707', '17291', '42604']"
"[15, 21]","[3, 26]","['20839', '7489', '13497', '3384', '1064']",1064,"['13497', '7489', '3384', '1064', '20839']"
"[3, 7]","[15, 17]","['30859', '19992', '4286', '19796', '1225']",1225,"['1225', '4286', '30859', '19992', '19796']"
"[0, 6]","[18, 25]","['75880', '59474', '49395', '25447', '73827']",73827,"['25447', '73827', '75880', '49395', '59474']"
"[17, 18]","[7, 3]","['31693', '51240', '66316', '46660', '75828']",75828,"['51240', '75828', '31693', '66316', '46660']"
"[3, 17]","[15, 17]","['64047', '33084', '12043', '38478', '47834']",47834,"['33084', '64047', '12043', '38478', '47834']"
"[3, 3]","[15, 28]","['30004', '22002', '10131', '72700', '67905']",67905,"['30004', '67905', '10131', '72700', '22002']"
"[0, 2]","[18, 25]","['44125', '28242', '9639', '9836', '4132']",4132,"['4132', '9639', '9836', '44125', '28242']"
"[7, 1]","[17, 5]","['12421', '53652', '3536', '17550', '33045']",33045,"['3536', '53652', '33045', '12421', '17550']"
"[18, 23]","[0, 7]","['64247', '65195', '20502', '42151', '10984']",10984,"['20502', '42151', '64247', '65195', '10984']"
"[15, 28]","[3, 7]","['67905', '38548', '10526', '23274', '37907']",37907,"['10526', '38548', '37907', '67905', '23274']"
"[15, 13]","[3, 28]","['25079', '53137', '20590', '24364', '55090']",55090,"['53137', '24364', '55090', '25079', '20590']"
"[17, 21]","[7, 1]","['40487', '62454', '78147', '62549', '12421']",12421,"['62549', '12421', '40487', '62454', '78147']"
"[17, 21]","[7, 1]","['9795', '62549', '62454', '40487', '10825']",10825,"['62549', '40487', '10825', '9795', '62454']"
"[0, 2]","[18, 25]","['51831', '9639', '67842', '9836', '62071']",62071,"['67842', '9836', '51831', '62071', '9639']"
"[18, 23]","[0, 14]","['15451', '48306', '67584', '59794', '75707']",75707,"['48306', '67584', '15451', '75707', '59794']"
"[15, 13]","[3, 16]","['53137', '68970', '24364', '20590', '177']",177,"['24364', '20590', '53137', '68970', '177']"
"[15, 13]","[3, 17]","['68970', '42684', '53137', '24364', '54792']",54792,"['68970', '24364', '42684', '53137', '54792']"
"[18, 23]","[0, 6]","['72365', '20502', '14167', '42151', '59474']",59474,"['14167', '59474', '20502', '42151', '72365']"
"[0, 14]","[18, 23]","['42604', '39894', '75707', '80522', '6216']",6216,"['39894', '6216', '80522', '75707', '42604']"
"[3, 7]","[15, 28]","['19796', '37907', '30859', '4286', '67905']",67905,"['19796', '4286', '30859', '67905', '37907']"
"[0, 14]","[18, 25]","['75707', '39894', '17291', '37963', '4132']",4132,"['39894', '75707', '4132', '17291', '37963']"
"[3, 26]","[15, 13]","['50906', '18887', '9147', '68096', '68970']",68970,"['68096', '18887', '9147', '68970', '50906']"
"[3, 17]","[15, 13]","['64047', '54792', '33084', '38478', '24364']",24364,"['38478', '33084', '54792', '64047', '24364']"
"[0, 14]","[18, 23]","['1261', '37963', '39894', '17291', '26755']",26755,"['26755', '39894', '37963', '1261', '17291']"
"[3, 3]","[15, 28]","['30004', '994', '10017', '10131', '67905']",67905,"['10131', '10017', '30004', '67905', '994']"
"[0, 6]","[18, 23]","['25447', '41154', '49395', '43375', '6216']",6216,"['6216', '49395', '43375', '25447', '41154']"
"[17, 18]","[7, 22]","['31693', '46660', '21408', '21543', '79411']",79411,"['21543', '31693', '46660', '79411', '21408']"
"[0, 2]","[18, 25]","['80744', '44145', '63508', '44802', '4132']",4132,"['63508', '44802', '4132', '44145', '80744']"
"[7, 1]","[17, 18]","['3536', '8109', '53652', '12376', '21543']",21543,"['21543', '3536', '53652', '12376', '8109']"
"[0, 14]","[18, 25]","['1261', '80522', '42604', '17291', '25711']",25711,"['25711', '1261', '17291', '80522', '42604']"
"[0, 14]","[18, 23]","['75707', '37963', '42604', '39894', '72365']",72365,"['37963', '42604', '72365', '39894', '75707']"
"[0, 6]","[18, 23]","['49395', '59474', '43036', '75880', '67584']",67584,"['43036', '59474', '75880', '67584', '49395']"
"[0, 14]","[18, 25]","['39894', '75707', '17291', '37963', '73827']",73827,"['75707', '73827', '17291', '37963', '39894']"
"[3, 26]","[15, 17]","['1064', '19246', '11033', '72586', '60915']",60915,"['11033', '1064', '60915', '72586', '19246']"
"[17, 21]","[7, 22]","['62549', '78147', '69704', '9795', '23132']",23132,"['62549', '9795', '23132', '78147', '69704']"
"[17, 18]","[7, 3]","['46660', '51240', '21408', '66316', '64781']",64781,"['64781', '51240', '21408', '66316', '46660']"
"[7, 1]","[17, 18]","['10825', '53652', '12376', '12421', '66935']",66935,"['10825', '12421', '66935', '53652', '12376']"
"[3, 3]","[15, 13]","['30004', '10017', '10131', '22002', '24364']",24364,"['10017', '24364', '22002', '30004', '10131']"
"[17, 18]","[7, 1]","['21543', '21408', '66935', '6955', '8109']",8109,"['21543', '66935', '8109', '21408', '6955']"
"[18, 23]","[0, 6]","['37360', '40817', '42151', '20502', '59474']",59474,"['37360', '42151', '59474', '20502', '40817']"
"[0, 6]","[18, 23]","['25447', '43036', '43375', '41154', '10433']",10433,"['10433', '25447', '43036', '41154', '43375']"
"[0, 14]","[18, 23]","['17291', '42604', '37963', '39894', '25667']",25667,"['39894', '25667', '37963', '17291', '42604']"
"[3, 3]","[15, 28]","['30004', '994', '72700', '10131', '67905']",67905,"['72700', '30004', '994', '67905', '10131']"
"[15, 13]","[3, 16]","['25079', '24364', '68970', '42684', '56017']",56017,"['25079', '42684', '68970', '56017', '24364']"
"[15, 13]","[3, 26]","['24364', '68970', '53137', '34763', '18887']",18887,"['68970', '24364', '18887', '34763', '53137']"
"[18, 23]","[0, 6]","['64148', '26755', '59794', '64247', '59474']",59474,"['26755', '59474', '64247', '59794', '64148']"
"[3, 26]","[15, 13]","['49864', '34449', '9147', '18887', '24364']",24364,"['24364', '49864', '9147', '18887', '34449']"
"[3, 26]","[15, 13]","['49864', '9147', '50906', '72586', '53137']",53137,"['50906', '9147', '72586', '49864', '53137']"
"[7, 1]","[17, 5]","['12421', '53652', '3536', '17550', '72055']",72055,"['17550', '72055', '3536', '12421', '53652']"
"[0, 2]","[18, 25]","['67465', '59390', '54867', '9639', '3282']",3282,"['67465', '59390', '9639', '54867', '3282']"
"[17, 18]","[7, 1]","['70105', '6955', '21543', '21408', '12376']",12376,"['6955', '12376', '70105', '21543', '21408']"
"[7, 1]","[17, 5]","['17550', '8109', '16951', '12376', '50221']",50221,"['50221', '8109', '16951', '12376', '17550']"
"[3, 26]","[15, 21]","['11033', '40031', '32729', '1064', '7489']",7489,"['1064', '32729', '40031', '7489', '11033']"
"[17, 18]","[7, 22]","['6955', '66316', '51240', '31693', '23132']",23132,"['51240', '6955', '23132', '31693', '66316']"
"[17, 18]","[7, 22]","['21408', '66316', '46660', '51240', '40679']",40679,"['51240', '46660', '66316', '21408', '40679']"
"[0, 2]","[18, 25]","['62759', '32703', '44125', '51831', '73827']",73827,"['51831', '44125', '73827', '32703', '62759']"
"[15, 28]","[3, 26]","['10526', '38548', '23274', '67905', '11033']",11033,"['10526', '11033', '67905', '38548', '23274']"
"[17, 18]","[7, 22]","['21543', '31693', '70105', '51240', '23132']",23132,"['70105', '21543', '23132', '31693', '51240']"
"[0, 2]","[18, 25]","['9639', '67842', '28242', '66847', '3282']",3282,"['9639', '28242', '3282', '67842', '66847']"
"[0, 14]","[18, 23]","['75707', '42604', '37963', '39894', '5909']",5909,"['42604', '75707', '39894', '5909', '37963']"
"[3, 26]","[15, 21]","['40031', '9147', '34449', '19246', '20839']",20839,"['20839', '34449', '19246', '9147', '40031']"
"[18, 23]","[0, 0]","['20502', '14167', '12104', '6216', '14834']",14834,"['14834', '20502', '14167', '12104', '6216']"
"[18, 23]","[0, 7]","['20502', '42151', '59794', '37360', '66807']",66807,"['42151', '66807', '59794', '37360', '20502']"
"[3, 26]","[15, 28]","['68096', '11033', '19246', '40031', '10526']",10526,"['40031', '11033', '10526', '19246', '68096']"
"[3, 7]","[15, 13]","['73164', '19992', '19796', '30859', '34763']",34763,"['73164', '19992', '34763', '19796', '30859']"
"[0, 14]","[18, 25]","['80522', '42604', '1261', '37963', '73827']",73827,"['73827', '80522', '1261', '37963', '42604']"
"[0, 2]","[18, 25]","['80744', '70440', '27625', '62759', '25711']",25711,"['27625', '25711', '70440', '80744', '62759']"
"[0, 2]","[18, 25]","['70440', '51831', '63508', '28242', '62071']",62071,"['62071', '28242', '51831', '70440', '63508']"
"[7, 1]","[17, 21]","['3536', '12376', '17550', '8109', '9795']",9795,"['3536', '12376', '8109', '9795', '17550']"
"[17, 21]","[7, 20]","['69704', '78147', '62549', '62454', '2277']",2277,"['69704', '62549', '78147', '62454', '2277']"
"[15, 13]","[3, 7]","['25079', '34763', '68970', '42684', '19992']",19992,"['42684', '68970', '34763', '19992', '25079']"
"[0, 6]","[18, 23]","['41154', '25447', '43375', '75880', '10433']",10433,"['41154', '75880', '25447', '43375', '10433']"
"[17, 18]","[7, 3]","['46660', '66935', '6955', '31693', '75828']",75828,"['75828', '46660', '6955', '31693', '66935']"
"[3, 7]","[15, 13]","['19992', '30859', '73164', '37907', '20590']",20590,"['19992', '73164', '30859', '20590', '37907']"
"[7, 1]","[17, 18]","['3536', '53652', '16951', '12421', '21408']",21408,"['21408', '3536', '53652', '12421', '16951']"
"[3, 3]","[15, 28]","['10131', '30004', '22487', '72700', '3258']",3258,"['72700', '22487', '3258', '30004', '10131']"
"[15, 13]","[3, 26]","['20590', '68970', '24364', '34763', '19246']",19246,"['34763', '68970', '19246', '20590', '24364']"
"[7, 1]","[17, 21]","['16951', '8109', '53652', '17550', '9795']",9795,"['8109', '9795', '17550', '16951', '53652']"
"[17, 18]","[7, 20]","['66935', '66316', '21408', '6955', '54372']",54372,"['6955', '66316', '21408', '54372', '66935']"
"[7, 1]","[17, 18]","['53652', '12421', '3536', '17550', '21408']",21408,"['3536', '53652', '12421', '21408', '17550']"
"[15, 13]","[3, 17]","['24364', '42684', '25079', '68970', '33084']",33084,"['42684', '25079', '33084', '24364', '68970']"
"[3, 26]","[15, 13]","['11033', '49864', '9147', '68096', '68970']",68970,"['49864', '68096', '9147', '11033', '68970']"
"[3, 26]","[15, 17]","['32729', '1064', '9147', '11033', '47834']",47834,"['47834', '32729', '1064', '9147', '11033']"
"[0, 2]","[18, 23]","['60860', '9639', '80744', '28242', '32105']",32105,"['80744', '60860', '9639', '28242', '32105']"
"[3, 3]","[15, 28]","['30004', '72700', '10017', '22487', '38548']",38548,"['72700', '22487', '30004', '10017', '38548']"
"[17, 21]","[7, 1]","['40487', '62549', '62454', '9795', '17550']",17550,"['9795', '17550', '62454', '62549', '40487']"
"[3, 26]","[15, 28]","['50906', '72586', '49864', '34449', '23274']",23274,"['72586', '50906', '23274', '49864', '34449']"
"[17, 21]","[7, 20]","['40487', '78147', '69704', '62454', '2425']",2425,"['62454', '69704', '2425', '78147', '40487']"
"[18, 23]","[0, 7]","['6216', '32105', '15451', '67584', '65801']",65801,"['67584', '32105', '15451', '65801', '6216']"
"[17, 18]","[7, 22]","['21408', '46660', '70105', '6955', '79411']",79411,"['6955', '70105', '21408', '46660', '79411']"
"[0, 6]","[18, 23]","['41154', '43036', '59474', '75880', '5909']",5909,"['43036', '75880', '59474', '41154', '5909']"
"[0, 2]","[18, 23]","['67465', '32703', '28242', '27625', '48306']",48306,"['48306', '32703', '67465', '28242', '27625']"
"[3, 7]","[15, 21]","['19992', '30859', '73164', '37907', '13497']",13497,"['19992', '30859', '13497', '73164', '37907']"
"[3, 26]","[15, 17]","['1064', '68096', '18887', '19246', '1225']",1225,"['68096', '1225', '18887', '1064', '19246']"
"[3, 26]","[15, 21]","['68096', '50906', '34449', '11033', '13497']",13497,"['68096', '11033', '13497', '50906', '34449']"
"[18, 25]","[0, 2]","['62071', '3282', '25711', '4132', '51831']",51831,"['25711', '51831', '4132', '62071', '3282']"
"[7, 1]","[17, 21]","['3536', '8109', '10825', '12376', '9795']",9795,"['8109', '3536', '10825', '12376', '9795']"
"[15, 13]","[3, 28]","['25079', '53137', '42684', '20590', '12683']",12683,"['12683', '42684', '25079', '20590', '53137']"
"[7, 1]","[17, 21]","['12421', '53652', '17550', '8109', '62454']",62454,"['62454', '53652', '12421', '17550', '8109']"
"[7, 1]","[17, 18]","['53652', '12421', '12376', '10825', '51240']",51240,"['12376', '51240', '12421', '10825', '53652']"
"[15, 13]","[3, 21]","['20590', '42684', '34763', '53137', '14038']",14038,"['42684', '14038', '34763', '53137', '20590']"
"[17, 18]","[7, 20]","['66316', '21543', '51240', '46660', '55305']",55305,"['21543', '55305', '46660', '51240', '66316']"
"[15, 13]","[3, 7]","['24364', '42684', '20590', '53137', '30859']",30859,"['30859', '53137', '24364', '20590', '42684']"
"[0, 14]","[18, 23]","['37963', '1261', '80522', '42604', '64148']",64148,"['64148', '42604', '37963', '1261', '80522']"
"[18, 23]","[0, 7]","['65195', '61353', '78682', '40817', '66807']",66807,"['65195', '78682', '61353', '66807', '40817']"
"[0, 2]","[18, 25]","['67842', '28242', '44802', '44125', '4132']",4132,"['4132', '67842', '44125', '28242', '44802']"
"[17, 21]","[7, 20]","['69704', '9795', '62549', '78147', '2425']",2425,"['69704', '62549', '9795', '78147', '2425']"
"[17, 21]","[7, 1]","['78147', '62549', '9795', '62454', '16951']",16951,"['78147', '9795', '62454', '62549', '16951']"
"[17, 18]","[7, 1]","['66316', '70105', '21408', '21543', '3536']",3536,"['3536', '21408', '21543', '70105', '66316']"
"[0, 14]","[18, 23]","['17291', '37963', '39894', '42604', '32105']",32105,"['32105', '17291', '42604', '37963', '39894']"
"[18, 23]","[0, 0]","['59794', '67584', '5909', '42151', '8176']",8176,"['67584', '42151', '8176', '5909', '59794']"
"[18, 25]","[0, 2]","['62071', '73827', '3282', '4132', '9639']",9639,"['4132', '9639', '62071', '73827', '3282']"
"[3, 3]","[15, 28]","['10131', '72700', '994', '10017', '23274']",23274,"['72700', '10131', '10017', '994', '23274']"
"[3, 3]","[15, 17]","['22487', '10131', '994', '72700', '11908']",11908,"['994', '22487', '72700', '11908', '10131']"
"[7, 1]","[17, 18]","['10825', '8109', '16951', '12421', '70105']",70105,"['70105', '8109', '10825', '12421', '16951']"
"[3, 26]","[15, 17]","['19246', '1064', '9147', '72586', '1225']",1225,"['9147', '1225', '72586', '19246', '1064']"
"[7, 1]","[17, 18]","['3536', '16951', '10825', '53652', '6955']",6955,"['6955', '53652', '3536', '10825', '16951']"
"[0, 2]","[18, 25]","['48095', '54867', '66847', '45218', '4132']",4132,"['45218', '4132', '54867', '66847', '48095']"
"[17, 18]","[7, 1]","['70105', '31693', '66316', '6955', '12421']",12421,"['70105', '66316', '31693', '12421', '6955']"
"[18, 23]","[0, 2]","['40817', '64247', '65195', '12104', '43995']",43995,"['40817', '43995', '65195', '64247', '12104']"
"[7, 1]","[17, 21]","['17550', '53652', '12376', '3536', '78147']",78147,"['12376', '53652', '3536', '78147', '17550']"
"[17, 18]","[7, 22]","['6955', '70105', '51240', '46660', '31113']",31113,"['6955', '70105', '51240', '46660', '31113']"
"[7, 1]","[17, 21]","['53652', '12421', '3536', '8109', '62549']",62549,"['62549', '3536', '12421', '8109', '53652']"
"[0, 6]","[18, 25]","['43375', '43036', '59474', '25447', '62071']",62071,"['43036', '25447', '59474', '62071', '43375']"
"[3, 26]","[15, 13]","['50906', '19246', '34449', '32729', '53137']",53137,"['50906', '53137', '34449', '32729', '19246']"
"[15, 13]","[3, 28]","['24364', '68970', '53137', '34763', '42226']",42226,"['68970', '24364', '34763', '53137', '42226']"
"[0, 2]","[18, 23]","['9836', '44802', '66847', '45218', '20502']",20502,"['9836', '45218', '66847', '20502', '44802']"
"[0, 2]","[18, 25]","['70440', '80744', '32703', '45218', '25711']",25711,"['80744', '25711', '45218', '32703', '70440']"
"[15, 13]","[3, 16]","['24364', '34763', '20590', '53137', '56017']",56017,"['56017', '53137', '24364', '34763', '20590']"
"[7, 1]","[17, 5]","['8109', '16951', '17550', '3536', '50221']",50221,"['8109', '17550', '16951', '50221', '3536']"
"[0, 2]","[18, 25]","['28242', '9836', '66847', '60860', '62071']",62071,"['62071', '9836', '60860', '28242', '66847']"
"[0, 2]","[18, 23]","['60860', '45218', '44125', '28242', '64148']",64148,"['28242', '64148', '60860', '45218', '44125']"
"[15, 13]","[3, 16]","['53137', '68970', '20590', '34763', '11746']",11746,"['20590', '11746', '34763', '68970', '53137']"
"[18, 23]","[0, 6]","['26755', '48306', '42151', '5909', '43036']",43036,"['42151', '48306', '26755', '43036', '5909']"
"[18, 23]","[0, 14]","['6216', '65195', '64148', '48306', '42604']",42604,"['65195', '42604', '64148', '6216', '48306']"
"[7, 1]","[17, 18]","['3536', '10825', '8109', '16951', '66316']",66316,"['8109', '16951', '3536', '66316', '10825']"
"[3, 17]","[15, 17]","['53579', '38478', '33084', '54792', '1225']",1225,"['1225', '53579', '38478', '33084', '54792']"
"[0, 2]","[18, 25]","['66847', '54867', '43995', '44125', '62071']",62071,"['62071', '54867', '43995', '66847', '44125']"
"[7, 1]","[17, 18]","['53652', '10825', '17550', '16951', '21543']",21543,"['53652', '16951', '17550', '10825', '21543']"
"[15, 28]","[3, 26]","['67905', '38548', '10526', '23274', '49864']",49864,"['10526', '38548', '23274', '49864', '67905']"
"[17, 18]","[7, 3]","['66935', '46660', '21408', '31693', '52457']",52457,"['21408', '52457', '66935', '46660', '31693']"
"[18, 25]","[0, 6]","['3282', '73827', '25711', '62071', '25447']",25447,"['25447', '3282', '25711', '73827', '62071']"
"[18, 23]","[0, 14]","['37360', '10433', '72365', '14167', '37963']",37963,"['14167', '10433', '37963', '72365', '37360']"
"[0, 14]","[18, 23]","['17291', '42604', '80522', '1261', '25667']",25667,"['25667', '17291', '1261', '80522', '42604']"
"[3, 17]","[15, 21]","['64047', '12043', '53579', '33084', '3384']",3384,"['64047', '33084', '12043', '53579', '3384']"
"[18, 23]","[0, 0]","['26755', '32105', '78682', '59794', '8176']",8176,"['8176', '32105', '26755', '78682', '59794']"
"[3, 26]","[15, 21]","['19246', '68096', '18887', '32729', '7489']",7489,"['68096', '32729', '19246', '7489', '18887']"
"[15, 13]","[3, 12]","['24364', '53137', '34763', '68970', '20968']",20968,"['68970', '34763', '24364', '20968', '53137']"
"[17, 18]","[7, 1]","['21543', '6955', '66935', '31693', '12376']",12376,"['12376', '6955', '31693', '21543', '66935']"
"[17, 18]","[7, 22]","['46660', '31693', '66935', '21543', '40679']",40679,"['21543', '31693', '46660', '66935', '40679']"
"[3, 3]","[15, 21]","['10131', '72700', '22002', '994', '7489']",7489,"['994', '72700', '10131', '22002', '7489']"
"[0, 7]","[18, 23]","['66807', '72266', '15613', '10984', '5909']",5909,"['10984', '5909', '15613', '66807', '72266']"
"[18, 23]","[0, 14]","['10433', '14167', '40817', '59794', '17291']",17291,"['59794', '17291', '40817', '10433', '14167']"
"[17, 18]","[7, 3]","['51240', '46660', '21408', '70105', '52457']",52457,"['46660', '70105', '51240', '52457', '21408']"
"[0, 2]","[18, 23]","['48095', '27625', '9639', '66847', '20502']",20502,"['66847', '27625', '48095', '20502', '9639']"
"[15, 13]","[3, 7]","['34763', '20590', '25079', '68970', '19992']",19992,"['25079', '34763', '19992', '20590', '68970']"
"[0, 6]","[18, 23]","['75880', '41154', '25447', '43036', '42151']",42151,"['41154', '25447', '75880', '43036', '42151']"
"[0, 6]","[18, 25]","['25447', '49395', '41154', '43036', '73827']",73827,"['41154', '49395', '73827', '25447', '43036']"
"[0, 2]","[18, 23]","['9639', '43995', '67842', '51831', '65195']",65195,"['9639', '43995', '51831', '65195', '67842']"
"[18, 23]","[0, 14]","['5909', '26755', '37360', '15451', '17291']",17291,"['5909', '26755', '17291', '37360', '15451']"
"[18, 23]","[0, 2]","['67584', '64148', '61353', '72365', '32703']",32703,"['64148', '32703', '61353', '72365', '67584']"
"[0, 14]","[18, 23]","['39894', '37963', '75707', '1261', '32105']",32105,"['1261', '75707', '32105', '39894', '37963']"
"[3, 26]","[15, 28]","['72586', '11033', '40031', '68096', '38548']",38548,"['68096', '11033', '72586', '40031', '38548']"
"[3, 7]","[15, 13]","['37907', '19796', '30859', '19992', '20590']",20590,"['20590', '30859', '19992', '19796', '37907']"
"[7, 1]","[17, 5]","['12421', '16951', '17550', '3536', '7913']",7913,"['7913', '3536', '12421', '17550', '16951']"
"[15, 13]","[3, 21]","['25079', '24364', '42684', '34763', '42206']",42206,"['24364', '42206', '34763', '42684', '25079']"
"[0, 2]","[18, 25]","['32703', '80744', '51831', '59390', '25711']",25711,"['25711', '51831', '59390', '32703', '80744']"
"[18, 25]","[0, 14]","['62071', '73827', '25711', '3282', '37963']",37963,"['73827', '62071', '37963', '3282', '25711']"
"[15, 28]","[3, 3]","['23274', '67905', '3258', '38548', '10131']",10131,"['10131', '3258', '67905', '38548', '23274']"
"[0, 14]","[18, 23]","['42604', '75707', '39894', '1261', '72365']",72365,"['75707', '42604', '39894', '1261', '72365']"
"[3, 26]","[15, 21]","['50906', '68096', '19246', '9147', '7489']",7489,"['68096', '19246', '7489', '9147', '50906']"
"[18, 23]","[0, 14]","['26755', '5909', '40817', '64247', '1261']",1261,"['26755', '5909', '40817', '1261', '64247']"
"[17, 21]","[7, 3]","['69704', '9795', '62454', '40487', '61767']",61767,"['40487', '62454', '61767', '69704', '9795']"
"[18, 23]","[0, 6]","['32105', '64247', '65195', '61353', '49395']",49395,"['49395', '32105', '64247', '61353', '65195']"
"[3, 3]","[15, 13]","['994', '22487', '22002', '10131', '53137']",53137,"['22487', '53137', '22002', '994', '10131']"
"[3, 26]","[15, 13]","['49864', '1064', '40031', '34449', '24364']",24364,"['49864', '1064', '24364', '40031', '34449']"
"[15, 28]","[3, 3]","['10526', '38548', '67905', '23274', '10131']",10131,"['67905', '38548', '10526', '23274', '10131']"
"[18, 23]","[0, 2]","['48306', '12104', '40817', '72978', '80744']",80744,"['12104', '40817', '72978', '80744', '48306']"
"[0, 2]","[18, 25]","['9639', '45218', '32703', '28242', '62071']",62071,"['62071', '28242', '9639', '32703', '45218']"
"[3, 3]","[15, 13]","['10131', '994', '30004', '22002', '53137']",53137,"['53137', '10131', '994', '22002', '30004']"
"[3, 26]","[15, 21]","['18887', '49864', '72586', '11033', '7489']",7489,"['11033', '49864', '18887', '72586', '7489']"
"[0, 2]","[18, 23]","['43629', '66847', '67465', '28242', '42151']",42151,"['28242', '42151', '67465', '43629', '66847']"
"[15, 13]","[3, 7]","['20590', '68970', '42684', '53137', '19992']",19992,"['42684', '19992', '53137', '68970', '20590']"
"[15, 13]","[3, 17]","['34763', '53137', '68970', '20590', '12043']",12043,"['20590', '53137', '68970', '12043', '34763']"
"[3, 26]","[15, 28]","['34449', '9147', '49864', '19246', '10526']",10526,"['34449', '9147', '49864', '10526', '19246']"
"[0, 14]","[18, 23]","['17291', '39894', '42604', '37963', '59794']",59794,"['42604', '39894', '37963', '59794', '17291']"
"[17, 18]","[7, 22]","['66935', '70105', '6955', '46660', '79411']",79411,"['70105', '6955', '66935', '46660', '79411']"
"[0, 2]","[18, 25]","['44125', '43629', '44802', '67465', '3282']",3282,"['67465', '44802', '44125', '3282', '43629']"
"[3, 26]","[15, 17]","['9147', '68096', '1064', '19246', '1225']",1225,"['9147', '1064', '19246', '68096', '1225']"
"[15, 13]","[3, 21]","['24364', '34763', '25079', '20590', '47060']",47060,"['24364', '47060', '34763', '25079', '20590']"
"[3, 21]","[15, 17]","['57272', '42206', '47060', '53064', '11908']",11908,"['47060', '42206', '11908', '57272', '53064']"
"[3, 7]","[15, 13]","['19796', '19992', '30859', '37907', '34763']",34763,"['19796', '19992', '30859', '34763', '37907']"
"[3, 26]","[15, 28]","['11033', '32729', '34449', '68096', '3258']",3258,"['3258', '34449', '11033', '32729', '68096']"
"[15, 13]","[3, 5]","['53137', '34763', '20590', '68970', '64']",64,"['20590', '68970', '53137', '64', '34763']"
"[3, 26]","[15, 28]","['50906', '11033', '9147', '18887', '67905']",67905,"['50906', '11033', '9147', '67905', '18887']"
"[7, 1]","[17, 21]","['12376', '16951', '3536', '53652', '62454']",62454,"['53652', '16951', '62454', '3536', '12376']"
"[0, 2]","[18, 23]","['60860', '48095', '54867', '44802', '26052']",26052,"['60860', '44802', '26052', '48095', '54867']"
"[3, 3]","[15, 21]","['10131', '30004', '72700', '22002', '13497']",13497,"['22002', '30004', '72700', '13497', '10131']"
"[0, 6]","[18, 25]","['49395', '43036', '25447', '43375', '3282']",3282,"['43375', '3282', '43036', '49395', '25447']"
"[18, 23]","[0, 2]","['25667', '64247', '65195', '20502', '43995']",43995,"['65195', '43995', '20502', '64247', '25667']"
"[7, 1]","[17, 21]","['3536', '8109', '12421', '10825', '9795']",9795,"['8109', '9795', '10825', '12421', '3536']"
"[0, 14]","[18, 23]","['39894', '37963', '1261', '75707', '12104']",12104,"['1261', '39894', '75707', '12104', '37963']"
"[17, 18]","[7, 1]","['46660', '66316', '66935', '21408', '10825']",10825,"['46660', '66316', '10825', '66935', '21408']"
"[3, 26]","[15, 28]","['19246', '50906', '18887', '32729', '67905']",67905,"['50906', '18887', '19246', '67905', '32729']"
"[0, 2]","[18, 23]","['9639', '43995', '43629', '60860', '59794']",59794,"['59794', '60860', '9639', '43995', '43629']"
"[17, 21]","[7, 1]","['9795', '78147', '40487', '69704', '53652']",53652,"['40487', '53652', '78147', '9795', '69704']"
"[18, 23]","[0, 7]","['72365', '40817', '15451', '67584', '72266']",72266,"['72365', '72266', '15451', '67584', '40817']"
"[0, 2]","[18, 23]","['63508', '54867', '27625', '43629', '64247']",64247,"['43629', '63508', '54867', '27625', '64247']"
"[3, 26]","[15, 28]","['9147', '18887', '50906', '72586', '67905']",67905,"['67905', '9147', '50906', '72586', '18887']"
"[17, 21]","[7, 3]","['9795', '62454', '78147', '62549', '75828']",75828,"['75828', '62454', '78147', '9795', '62549']"
"[0, 2]","[18, 25]","['45218', '9639', '67465', '67842', '4132']",4132,"['4132', '9639', '67465', '45218', '67842']"
"[3, 26]","[15, 21]","['49864', '68096', '11033', '40031', '7489']",7489,"['49864', '68096', '7489', '11033', '40031']"
"[3, 17]","[15, 17]","['53579', '33084', '54792', '64047', '47834']",47834,"['53579', '47834', '33084', '54792', '64047']"
"[15, 13]","[3, 16]","['42684', '24364', '34763', '20590', '11746']",11746,"['11746', '20590', '34763', '24364', '42684']"
"[0, 6]","[18, 25]","['49395', '43036', '25447', '75880', '73827']",73827,"['25447', '73827', '49395', '43036', '75880']"
"[15, 17]","[3, 26]","['60915', '47834', '11908', '1225', '68096']",68096,"['1225', '68096', '47834', '60915', '11908']"
"[0, 2]","[18, 23]","['63508', '60860', '44802', '66847', '26755']",26755,"['60860', '44802', '26755', '66847', '63508']"
"[17, 18]","[7, 22]","['6955', '66316', '66935', '70105', '23132']",23132,"['23132', '70105', '6955', '66316', '66935']"
"[15, 13]","[3, 12]","['68970', '53137', '25079', '20590', '27821']",27821,"['25079', '53137', '68970', '20590', '27821']"
"[0, 7]","[18, 23]","['15613', '65801', '66807', '72266', '10433']",10433,"['65801', '10433', '66807', '15613', '72266']"
"[3, 3]","[15, 13]","['72700', '22002', '10017', '10131', '42684']",42684,"['42684', '72700', '10017', '22002', '10131']"
"[17, 18]","[7, 1]","['46660', '51240', '6955', '21408', '53652']",53652,"['6955', '21408', '46660', '53652', '51240']"
"[15, 13]","[3, 4]","['53137', '68970', '25079', '42684', '9383']",9383,"['9383', '25079', '42684', '68970', '53137']"
"[0, 6]","[18, 25]","['49395', '25447', '41154', '43036', '25711']",25711,"['25447', '43036', '25711', '49395', '41154']"
"[15, 13]","[3, 5]","['42684', '20590', '68970', '25079', '12162']",12162,"['68970', '20590', '12162', '42684', '25079']"
"[15, 13]","[3, 4]","['42684', '20590', '53137', '25079', '35787']",35787,"['35787', '20590', '42684', '25079', '53137']"
"[18, 23]","[0, 24]","['26755', '12104', '67584', '20502', '74418']",74418,"['67584', '12104', '26755', '20502', '74418']"
"[18, 25]","[0, 2]","['3282', '25711', '62071', '4132', '32703']",32703,"['62071', '3282', '4132', '25711', '32703']"
"[18, 23]","[0, 7]","['61353', '26052', '65195', '64247', '66807']",66807,"['64247', '61353', '66807', '26052', '65195']"
"[7, 1]","[17, 21]","['12376', '10825', '3536', '53652', '62549']",62549,"['3536', '62549', '10825', '12376', '53652']"
"[18, 23]","[0, 2]","['37360', '32105', '64148', '78682', '59390']",59390,"['37360', '64148', '59390', '78682', '32105']"
"[18, 23]","[0, 24]","['64247', '37360', '67584', '61353', '74418']",74418,"['67584', '61353', '37360', '64247', '74418']"
"[17, 18]","[7, 22]","['70105', '21408', '21543', '31693', '23132']",23132,"['23132', '31693', '70105', '21408', '21543']"
"[15, 13]","[3, 12]","['53137', '34763', '24364', '42684', '27821']",27821,"['42684', '34763', '24364', '27821', '53137']"
"[7, 1]","[17, 21]","['17550', '12421', '3536', '10825', '78147']",78147,"['10825', '17550', '12421', '78147', '3536']"
"[3, 26]","[15, 28]","['34449', '19246', '49864', '11033', '10526']",10526,"['11033', '34449', '10526', '19246', '49864']"
"[3, 16]","[15, 13]","['56017', '177', '59100', '63317', '20590']",20590,"['59100', '20590', '63317', '56017', '177']"
"[3, 3]","[15, 28]","['72700', '30004', '994', '22487', '3258']",3258,"['72700', '994', '30004', '22487', '3258']"
"[3, 3]","[15, 17]","['30004', '10131', '10017', '72700', '11908']",11908,"['10131', '30004', '10017', '11908', '72700']"
"[0, 2]","[18, 25]","['60860', '44145', '32703', '62759', '3282']",3282,"['62759', '44145', '60860', '3282', '32703']"
"[17, 18]","[7, 20]","['6955', '21543', '70105', '66935', '2425']",2425,"['6955', '21543', '70105', '66935', '2425']"
"[7, 1]","[17, 18]","['12421', '3536', '12376', '53652', '21543']",21543,"['3536', '21543', '12421', '12376', '53652']"
"[0, 2]","[18, 23]","['66847', '67842', '80744', '67465', '37360']",37360,"['66847', '80744', '37360', '67465', '67842']"
"[0, 6]","[18, 23]","['41154', '43375', '59474', '49395', '72365']",72365,"['72365', '59474', '41154', '43375', '49395']"
"[0, 6]","[18, 25]","['49395', '25447', '59474', '75880', '25711']",25711,"['49395', '25447', '25711', '59474', '75880']"
"[15, 13]","[3, 3]","['20590', '24364', '34763', '68970', '10017']",10017,"['24364', '20590', '68970', '10017', '34763']"
"[0, 2]","[18, 23]","['48095', '44125', '44802', '45218', '40817']",40817,"['48095', '44125', '44802', '40817', '45218']"
"[3, 3]","[15, 28]","['10017', '22487', '72700', '994', '3258']",3258,"['22487', '10017', '994', '72700', '3258']"
"[0, 14]","[18, 23]","['1261', '39894', '37963', '80522', '64247']",64247,"['80522', '39894', '37963', '1261', '64247']"
"[15, 13]","[3, 17]","['25079', '20590', '53137', '68970', '38478']",38478,"['53137', '25079', '38478', '68970', '20590']"
"[3, 26]","[15, 28]","['19246', '49864', '34449', '11033', '3258']",3258,"['19246', '34449', '11033', '3258', '49864']"
"[18, 23]","[0, 0]","['14167', '26052', '64247', '59794', '28082']",28082,"['64247', '14167', '26052', '59794', '28082']"
"[18, 23]","[0, 7]","['78682', '48306', '61353', '72978', '65801']",65801,"['72978', '48306', '61353', '65801', '78682']"
"[3, 17]","[15, 13]","['53579', '64047', '54792', '38478', '42684']",42684,"['53579', '38478', '42684', '54792', '64047']"
"[0, 2]","[18, 25]","['67842', '44145', '66847', '44125', '73827']",73827,"['44125', '67842', '73827', '44145', '66847']"
"[15, 28]","[3, 26]","['10526', '3258', '38548', '23274', '1064']",1064,"['23274', '38548', '1064', '10526', '3258']"
"[3, 3]","[15, 17]","['30004', '10017', '994', '10131', '60915']",60915,"['10017', '10131', '994', '60915', '30004']"
"[3, 26]","[15, 13]","['50906', '18887', '40031', '72586', '20590']",20590,"['72586', '40031', '50906', '18887', '20590']"
