base_cluster,other_cluster,group,outlier_id,options
"[3, 17]","[19, 18]","['64047', '38478', '33084', '54792', '41277']",41277,"['33084', '38478', '64047', '41277', '54792']"
"[15, 28]","[9, 11]","['23274', '10526', '67905', '3258', '335']",335,"['67905', '3258', '335', '23274', '10526']"
"[19, 13]","[9, 11]","['42612', '35479', '43396', '26354', '335']",335,"['43396', '35479', '26354', '335', '42612']"
"[15, 28]","[19, 18]","['3258', '67905', '10526', '38548', '74633']",74633,"['3258', '10526', '38548', '74633', '67905']"
"[19, 10]","[9, 26]","['25168', '73023', '21540', '55791', '50181']",50181,"['55791', '50181', '25168', '21540', '73023']"
"[0, 2]","[3, 28]","['59390', '67842', '80744', '44125', '42226']",42226,"['59390', '67842', '44125', '80744', '42226']"
"[19, 5]","[3, 7]","['72346', '63902', '55314', '59952', '4286']",4286,"['59952', '55314', '63902', '72346', '4286']"
"[19, 5]","[5, 22]","['76431', '59952', '55314', '17017', '57572']",57572,"['57572', '76431', '17017', '59952', '55314']"
"[14, 9]","[3, 4]","['26506', '40550', '6508', '14102', '9383']",9383,"['14102', '26506', '9383', '6508', '40550']"
"[14, 8]","[0, 6]","['40877', '39691', '28694', '28732', '41154']",41154,"['41154', '40877', '39691', '28694', '28732']"
"[14, 7]","[3, 12]","['25607', '77045', '51393', '38835', '1181']",1181,"['38835', '51393', '77045', '25607', '1181']"
"[17, 21]","[15, 17]","['78147', '9795', '40487', '62454', '47834']",47834,"['40487', '78147', '9795', '47834', '62454']"
"[7, 1]","[3, 3]","['12376', '53652', '17550', '8109', '22487']",22487,"['12376', '53652', '22487', '17550', '8109']"
"[3, 4]","[9, 26]","['20671', '11039', '9383', '35787', '7474']",7474,"['11039', '20671', '35787', '7474', '9383']"
"[3, 5]","[19, 28]","['63514', '12162', '74226', '64', '55589']",55589,"['55589', '74226', '64', '12162', '63514']"
"[19, 28]","[4, 27]","['42272', '40111', '43363', '23197', '70239']",70239,"['70239', '23197', '43363', '42272', '40111']"
"[7, 3]","[18, 23]","['64781', '75828', '52457', '61767', '26052']",26052,"['64781', '26052', '75828', '61767', '52457']"
"[19, 18]","[3, 7]","['35149', '58616', '41277', '49556', '37907']",37907,"['35149', '41277', '58616', '49556', '37907']"
"[9, 4]","[19, 14]","['50510', '79413', '64614', '80219', '26372']",26372,"['80219', '26372', '64614', '50510', '79413']"
"[0, 0]","[14, 8]","['28082', '14834', '78009', '8176', '39691']",39691,"['14834', '8176', '78009', '39691', '28082']"
"[3, 21]","[19, 13]","['42206', '14038', '57272', '47060', '42612']",42612,"['42612', '42206', '47060', '57272', '14038']"
"[19, 18]","[9, 4]","['49556', '55086', '74633', '58616', '50510']",50510,"['49556', '50510', '74633', '58616', '55086']"
"[3, 3]","[0, 6]","['10017', '72700', '22487', '30004', '25447']",25447,"['22487', '30004', '10017', '25447', '72700']"
"[5, 19]","[9, 4]","['60473', '77183', '35619', '51211', '79413']",79413,"['79413', '77183', '51211', '60473', '35619']"
"[3, 26]","[19, 25]","['40031', '49864', '19246', '1064', '47247']",47247,"['47247', '19246', '40031', '49864', '1064']"
"[19, 5]","[9, 4]","['63902', '32569', '17017', '59952', '80219']",80219,"['17017', '32569', '80219', '63902', '59952']"
"[4, 27]","[19, 14]","['77515', '70239', '12888', '5222', '26703']",26703,"['12888', '77515', '5222', '26703', '70239']"
"[19, 28]","[14, 8]","['23197', '43363', '55589', '40111', '46039']",46039,"['46039', '23197', '43363', '55589', '40111']"
"[14, 8]","[4, 27]","['28732', '46039', '28694', '40877', '5222']",5222,"['40877', '5222', '28694', '46039', '28732']"
"[18, 25]","[3, 16]","['25711', '73827', '4132', '3282', '177']",177,"['3282', '4132', '73827', '25711', '177']"
"[7, 22]","[19, 25]","['40679', '23132', '31113', '79411', '74532']",74532,"['23132', '40679', '79411', '31113', '74532']"
"[9, 26]","[3, 7]","['7474', '6759', '23716', '50181', '19992']",19992,"['23716', '6759', '19992', '50181', '7474']"
"[3, 7]","[19, 13]","['19992', '73164', '19796', '30859', '37914']",37914,"['19796', '30859', '37914', '73164', '19992']"
"[14, 7]","[7, 20]","['77045', '25607', '67483', '38835', '55305']",55305,"['38835', '77045', '67483', '25607', '55305']"
"[3, 26]","[14, 9]","['19246', '40031', '72586', '50906', '6508']",6508,"['40031', '19246', '50906', '72586', '6508']"
"[5, 19]","[3, 12]","['60473', '54232', '35619', '53655', '1181']",1181,"['53655', '54232', '60473', '35619', '1181']"
"[3, 26]","[19, 10]","['18887', '68096', '9147', '72586', '73023']",73023,"['73023', '68096', '72586', '18887', '9147']"
"[17, 18]","[19, 8]","['46660', '6955', '21543', '70105', '71082']",71082,"['6955', '70105', '21543', '46660', '71082']"
"[19, 25]","[3, 28]","['59747', '47247', '26994', '74532', '42226']",42226,"['47247', '59747', '26994', '42226', '74532']"
"[3, 16]","[19, 13]","['59100', '56017', '63317', '177', '43396']",43396,"['177', '59100', '43396', '63317', '56017']"
"[3, 5]","[7, 22]","['63514', '12162', '74226', '64', '79411']",79411,"['74226', '12162', '79411', '63514', '64']"
"[3, 5]","[0, 24]","['74226', '12162', '63514', '64', '37989']",37989,"['12162', '37989', '74226', '63514', '64']"
"[19, 8]","[14, 9]","['6777', '71082', '19346', '36396', '39708']",39708,"['36396', '71082', '19346', '39708', '6777']"
"[0, 14]","[9, 11]","['80522', '42604', '39894', '37963', '4186']",4186,"['42604', '4186', '37963', '39894', '80522']"
"[19, 18]","[15, 17]","['55086', '41277', '30721', '29042', '47834']",47834,"['30721', '41277', '47834', '55086', '29042']"
"[3, 17]","[17, 18]","['53579', '33084', '38478', '64047', '66935']",66935,"['53579', '66935', '33084', '64047', '38478']"
"[14, 7]","[3, 21]","['51393', '25607', '38835', '67483', '14038']",14038,"['25607', '38835', '14038', '67483', '51393']"
"[3, 26]","[0, 2]","['50906', '9147', '34449', '40031', '48095']",48095,"['40031', '48095', '9147', '50906', '34449']"
"[19, 25]","[0, 24]","['74532', '33749', '59747', '26994', '74418']",74418,"['26994', '33749', '74532', '59747', '74418']"
"[9, 4]","[0, 2]","['64614', '50510', '79413', '80219', '60860']",60860,"['80219', '60860', '50510', '79413', '64614']"
"[15, 28]","[19, 18]","['23274', '3258', '67905', '38548', '58616']",58616,"['58616', '23274', '3258', '67905', '38548']"
"[14, 7]","[15, 21]","['67483', '38835', '25607', '77045', '3384']",3384,"['77045', '25607', '67483', '3384', '38835']"
"[15, 28]","[7, 22]","['10526', '38548', '3258', '23274', '79411']",79411,"['23274', '38548', '79411', '10526', '3258']"
"[3, 4]","[19, 14]","['20671', '9383', '11039', '35787', '26372']",26372,"['20671', '11039', '35787', '9383', '26372']"
"[19, 10]","[3, 16]","['73023', '25168', '21540', '25618', '11746']",11746,"['73023', '11746', '21540', '25618', '25168']"
"[7, 20]","[5, 22]","['2277', '2425', '55305', '54372', '57572']",57572,"['55305', '54372', '57572', '2425', '2277']"
"[7, 20]","[0, 0]","['2425', '55305', '2277', '54372', '78009']",78009,"['54372', '2277', '55305', '2425', '78009']"
"[9, 3]","[3, 5]","['9662', '64671', '74662', '1268', '63514']",63514,"['64671', '63514', '1268', '74662', '9662']"
"[5, 29]","[15, 13]","['52548', '18711', '57316', '51743', '42684']",42684,"['51743', '57316', '52548', '18711', '42684']"
"[3, 17]","[19, 18]","['33084', '53579', '12043', '38478', '30721']",30721,"['38478', '30721', '12043', '33084', '53579']"
"[17, 5]","[3, 17]","['50221', '72055', '7913', '33045', '64047']",64047,"['72055', '50221', '33045', '64047', '7913']"
"[0, 7]","[19, 25]","['65801', '15613', '10984', '66807', '47247']",47247,"['47247', '65801', '10984', '15613', '66807']"
"[3, 26]","[7, 3]","['32729', '34449', '9147', '11033', '64781']",64781,"['11033', '9147', '32729', '34449', '64781']"
"[19, 18]","[17, 21]","['55086', '49556', '41277', '36535', '69704']",69704,"['55086', '41277', '49556', '69704', '36535']"
"[5, 19]","[3, 28]","['35619', '54232', '63077', '49189', '12683']",12683,"['12683', '54232', '63077', '35619', '49189']"
"[14, 7]","[19, 25]","['77045', '25607', '51393', '38835', '74532']",74532,"['74532', '77045', '25607', '51393', '38835']"
"[3, 17]","[7, 22]","['53579', '54792', '38478', '33084', '79411']",79411,"['33084', '79411', '54792', '38478', '53579']"
"[9, 11]","[0, 24]","['41897', '4186', '15606', '335', '31926']",31926,"['335', '15606', '4186', '31926', '41897']"
"[15, 21]","[0, 0]","['13497', '20839', '3384', '7489', '8176']",8176,"['20839', '8176', '3384', '13497', '7489']"
"[15, 28]","[19, 5]","['67905', '10526', '38548', '3258', '72346']",72346,"['10526', '38548', '3258', '72346', '67905']"
"[0, 14]","[15, 21]","['17291', '42604', '1261', '80522', '3384']",3384,"['3384', '42604', '80522', '1261', '17291']"
"[4, 27]","[9, 4]","['12888', '5222', '70239', '77515', '50510']",50510,"['50510', '77515', '5222', '12888', '70239']"
"[15, 21]","[17, 18]","['13497', '3384', '7489', '20839', '70105']",70105,"['70105', '7489', '20839', '3384', '13497']"
"[3, 7]","[19, 18]","['73164', '19796', '37907', '4286', '36535']",36535,"['4286', '19796', '36535', '73164', '37907']"
"[19, 10]","[5, 22]","['73023', '21540', '55791', '25168', '7217']",7217,"['55791', '25168', '21540', '73023', '7217']"
"[7, 22]","[0, 2]","['31113', '79411', '40679', '23132', '43995']",43995,"['40679', '31113', '79411', '43995', '23132']"
"[0, 6]","[19, 8]","['43375', '41154', '59474', '43036', '6777']",6777,"['6777', '43375', '41154', '43036', '59474']"
"[7, 22]","[3, 26]","['23132', '40679', '79411', '31113', '19246']",19246,"['40679', '31113', '23132', '19246', '79411']"
"[0, 2]","[3, 4]","['48095', '44802', '44145', '9836', '11039']",11039,"['9836', '44145', '11039', '48095', '44802']"
"[3, 26]","[18, 23]","['18887', '9147', '50906', '32729', '61353']",61353,"['50906', '18887', '61353', '32729', '9147']"
"[3, 4]","[14, 9]","['35787', '9383', '20671', '11039', '6508']",6508,"['35787', '9383', '6508', '11039', '20671']"
"[17, 5]","[5, 19]","['50221', '33045', '72055', '7913', '51211']",51211,"['50221', '72055', '33045', '7913', '51211']"
"[3, 7]","[5, 29]","['4286', '73164', '37907', '19992', '52548']",52548,"['4286', '52548', '37907', '19992', '73164']"
"[0, 7]","[3, 4]","['72266', '15613', '10984', '65801', '11039']",11039,"['15613', '10984', '72266', '11039', '65801']"
"[5, 4]","[3, 28]","['51114', '62609', '53032', '35725', '8257']",8257,"['8257', '35725', '62609', '51114', '53032']"
"[3, 21]","[18, 23]","['42206', '53064', '14038', '57272', '78682']",78682,"['14038', '57272', '78682', '42206', '53064']"
"[3, 16]","[9, 4]","['56017', '59100', '11746', '177', '80219']",80219,"['59100', '80219', '177', '11746', '56017']"
"[19, 8]","[3, 7]","['36396', '19346', '71082', '6777', '19992']",19992,"['6777', '36396', '71082', '19992', '19346']"
"[0, 14]","[19, 25]","['75707', '37963', '17291', '42604', '59747']",59747,"['17291', '75707', '59747', '37963', '42604']"
"[19, 13]","[5, 22]","['43396', '43324', '37914', '35479', '77349']",77349,"['35479', '43324', '77349', '37914', '43396']"
"[19, 10]","[7, 1]","['25618', '25168', '55791', '21540', '8109']",8109,"['21540', '55791', '8109', '25618', '25168']"
"[15, 17]","[0, 14]","['11908', '60915', '1225', '47834', '42604']",42604,"['47834', '42604', '1225', '60915', '11908']"
"[3, 21]","[19, 14]","['47060', '42206', '14038', '57272', '26372']",26372,"['42206', '47060', '26372', '14038', '57272']"
"[5, 22]","[17, 21]","['77349', '57572', '40863', '48795', '78147']",78147,"['57572', '78147', '77349', '40863', '48795']"
"[9, 11]","[19, 28]","['335', '52758', '61914', '4186', '40111']",40111,"['61914', '4186', '335', '52758', '40111']"
"[3, 4]","[19, 14]","['20671', '35787', '9383', '11039', '26703']",26703,"['9383', '20671', '11039', '35787', '26703']"
"[3, 28]","[17, 5]","['12683', '73823', '8257', '42226', '72055']",72055,"['12683', '73823', '42226', '72055', '8257']"
"[15, 21]","[4, 27]","['3384', '13497', '20839', '7489', '12888']",12888,"['20839', '3384', '12888', '7489', '13497']"
"[5, 22]","[15, 21]","['40863', '7217', '77349', '57572', '7489']",7489,"['57572', '7489', '7217', '40863', '77349']"
"[14, 9]","[0, 7]","['6508', '26678', '26506', '39708', '10984']",10984,"['26678', '26506', '6508', '10984', '39708']"
"[15, 21]","[5, 22]","['7489', '13497', '3384', '20839', '77349']",77349,"['3384', '7489', '77349', '20839', '13497']"
"[15, 13]","[5, 29]","['34763', '68970', '53137', '24364', '51743']",51743,"['34763', '24364', '53137', '68970', '51743']"
"[9, 3]","[14, 9]","['14914', '64671', '1268', '9662', '40550']",40550,"['40550', '9662', '14914', '1268', '64671']"
"[9, 3]","[7, 22]","['14914', '1268', '74662', '64671', '31113']",31113,"['31113', '14914', '74662', '1268', '64671']"
"[19, 28]","[9, 26]","['43363', '42272', '40111', '23197', '7474']",7474,"['23197', '7474', '40111', '42272', '43363']"
"[19, 18]","[18, 23]","['41277', '55086', '36535', '58616', '26755']",26755,"['55086', '41277', '58616', '36535', '26755']"
"[19, 13]","[5, 19]","['37914', '42612', '35479', '26354', '60473']",60473,"['60473', '42612', '35479', '37914', '26354']"
"[15, 28]","[14, 9]","['67905', '10526', '3258', '23274', '14102']",14102,"['67905', '3258', '14102', '23274', '10526']"
"[3, 7]","[18, 23]","['30859', '19992', '4286', '19796', '37360']",37360,"['19796', '37360', '4286', '30859', '19992']"
"[19, 10]","[14, 7]","['73023', '25618', '25168', '21540', '38835']",38835,"['73023', '38835', '21540', '25618', '25168']"
"[3, 21]","[4, 27]","['14038', '53064', '42206', '57272', '70239']",70239,"['14038', '42206', '70239', '53064', '57272']"
"[19, 25]","[3, 7]","['74532', '59747', '26994', '33749', '19992']",19992,"['33749', '74532', '19992', '26994', '59747']"
"[15, 21]","[9, 11]","['13497', '3384', '7489', '20839', '30907']",30907,"['13497', '3384', '30907', '7489', '20839']"
"[0, 7]","[5, 29]","['10984', '66807', '65801', '15613', '52548']",52548,"['15613', '66807', '52548', '65801', '10984']"
"[19, 14]","[15, 21]","['64729', '26372', '26703', '72517', '3384']",3384,"['26703', '72517', '3384', '64729', '26372']"
"[3, 12]","[0, 0]","['1181', '20968', '27821', '37955', '14834']",14834,"['37955', '14834', '1181', '20968', '27821']"
"[3, 26]","[0, 2]","['49864', '40031', '50906', '9147', '32703']",32703,"['40031', '9147', '49864', '50906', '32703']"
"[19, 8]","[3, 3]","['6777', '71082', '19346', '36396', '994']",994,"['36396', '19346', '6777', '994', '71082']"
"[14, 7]","[19, 5]","['38835', '77045', '25607', '51393', '59952']",59952,"['51393', '59952', '38835', '25607', '77045']"
"[7, 20]","[19, 8]","['2425', '55305', '2277', '54372', '36396']",36396,"['2425', '54372', '36396', '55305', '2277']"
"[7, 1]","[0, 24]","['12421', '8109', '10825', '17550', '31926']",31926,"['10825', '17550', '12421', '8109', '31926']"
"[19, 5]","[9, 11]","['17017', '72346', '63902', '59952', '78534']",78534,"['78534', '59952', '63902', '72346', '17017']"
"[3, 17]","[17, 5]","['38478', '12043', '54792', '64047', '33045']",33045,"['38478', '64047', '54792', '12043', '33045']"
"[9, 11]","[5, 29]","['335', '15606', '52758', '4186', '52548']",52548,"['4186', '15606', '52548', '52758', '335']"
"[19, 18]","[0, 7]","['74633', '29042', '41277', '30721', '66807']",66807,"['29042', '66807', '30721', '74633', '41277']"
"[9, 4]","[19, 13]","['79413', '64614', '80219', '50510', '37914']",37914,"['79413', '50510', '80219', '37914', '64614']"
"[15, 21]","[5, 19]","['7489', '13497', '20839', '3384', '63077']",63077,"['3384', '13497', '20839', '7489', '63077']"
"[4, 27]","[7, 22]","['77515', '5222', '12888', '70239', '79411']",79411,"['5222', '12888', '70239', '79411', '77515']"
"[7, 20]","[3, 12]","['2425', '54372', '55305', '2277', '37955']",37955,"['2425', '37955', '55305', '2277', '54372']"
"[14, 7]","[5, 4]","['25607', '67483', '51393', '38835', '70560']",70560,"['38835', '67483', '25607', '51393', '70560']"
"[3, 3]","[5, 19]","['10017', '30004', '994', '22487', '35619']",35619,"['10017', '994', '30004', '22487', '35619']"
"[3, 21]","[19, 13]","['42206', '53064', '57272', '47060', '42612']",42612,"['53064', '42206', '47060', '42612', '57272']"
"[0, 14]","[19, 28]","['39894', '17291', '42604', '80522', '55589']",55589,"['42604', '39894', '55589', '17291', '80522']"
"[0, 14]","[3, 21]","['1261', '42604', '75707', '37963', '14038']",14038,"['1261', '14038', '42604', '75707', '37963']"
"[5, 19]","[15, 21]","['63077', '49189', '35619', '77183', '3384']",3384,"['3384', '63077', '35619', '49189', '77183']"
"[3, 7]","[7, 22]","['37907', '19992', '19796', '73164', '79411']",79411,"['37907', '73164', '19992', '79411', '19796']"
"[14, 9]","[15, 21]","['14102', '26506', '6508', '39708', '3384']",3384,"['26506', '14102', '6508', '39708', '3384']"
"[7, 20]","[0, 24]","['55305', '2277', '54372', '2425', '74418']",74418,"['74418', '54372', '2425', '2277', '55305']"
"[7, 22]","[19, 10]","['31113', '40679', '23132', '79411', '25618']",25618,"['31113', '23132', '25618', '79411', '40679']"
"[19, 13]","[5, 4]","['43324', '37914', '42612', '43396', '2004']",2004,"['37914', '2004', '43396', '42612', '43324']"
"[14, 8]","[15, 28]","['46039', '40877', '28732', '28694', '38548']",38548,"['28732', '28694', '40877', '38548', '46039']"
"[0, 0]","[3, 12]","['28082', '14834', '78009', '8176', '37955']",37955,"['8176', '14834', '78009', '28082', '37955']"
"[15, 13]","[19, 10]","['34763', '25079', '68970', '42684', '55791']",55791,"['68970', '25079', '34763', '42684', '55791']"
"[3, 17]","[0, 24]","['54792', '33084', '38478', '53579', '74418']",74418,"['74418', '38478', '53579', '54792', '33084']"
"[3, 16]","[0, 6]","['59100', '177', '56017', '63317', '41154']",41154,"['56017', '41154', '177', '59100', '63317']"
"[15, 28]","[0, 2]","['10526', '38548', '23274', '67905', '9639']",9639,"['23274', '9639', '38548', '10526', '67905']"
"[4, 27]","[17, 21]","['12888', '5222', '70239', '77515', '62454']",62454,"['12888', '77515', '70239', '62454', '5222']"
"[0, 0]","[9, 26]","['8176', '78009', '28082', '14834', '27788']",27788,"['8176', '28082', '14834', '78009', '27788']"
"[7, 22]","[19, 8]","['40679', '23132', '79411', '31113', '36396']",36396,"['36396', '23132', '79411', '40679', '31113']"
"[9, 3]","[5, 22]","['14914', '1268', '74662', '64671', '40863']",40863,"['64671', '74662', '1268', '40863', '14914']"
"[19, 10]","[0, 24]","['25618', '55791', '25168', '21540', '31926']",31926,"['55791', '31926', '25618', '21540', '25168']"
"[9, 11]","[3, 5]","['4186', '52758', '335', '78534', '63514']",63514,"['4186', '335', '63514', '52758', '78534']"
"[17, 21]","[18, 25]","['78147', '40487', '9795', '62549', '25711']",25711,"['9795', '78147', '25711', '40487', '62549']"
"[15, 13]","[19, 28]","['68970', '34763', '24364', '25079', '42272']",42272,"['24364', '34763', '42272', '68970', '25079']"
"[19, 5]","[7, 20]","['59952', '72346', '17017', '76431', '2425']",2425,"['17017', '59952', '2425', '76431', '72346']"
"[15, 28]","[17, 18]","['3258', '10526', '23274', '67905', '70105']",70105,"['3258', '10526', '67905', '23274', '70105']"
"[0, 0]","[19, 13]","['78009', '14834', '28082', '8176', '35479']",35479,"['14834', '78009', '28082', '35479', '8176']"
"[3, 28]","[0, 24]","['8257', '73823', '42226', '12683', '31926']",31926,"['73823', '42226', '8257', '12683', '31926']"
"[7, 22]","[19, 25]","['40679', '23132', '31113', '79411', '47247']",47247,"['31113', '47247', '79411', '40679', '23132']"
"[7, 1]","[0, 2]","['17550', '12421', '16951', '10825', '54867']",54867,"['17550', '54867', '16951', '12421', '10825']"
"[3, 7]","[4, 27]","['30859', '19796', '37907', '73164', '70239']",70239,"['73164', '70239', '19796', '37907', '30859']"
"[3, 17]","[19, 5]","['12043', '38478', '54792', '33084', '72346']",72346,"['33084', '12043', '54792', '38478', '72346']"
"[19, 5]","[15, 28]","['59952', '17017', '55314', '76431', '38548']",38548,"['76431', '38548', '55314', '17017', '59952']"
"[14, 9]","[3, 4]","['14102', '26506', '40550', '26678', '35787']",35787,"['26506', '14102', '40550', '26678', '35787']"
"[17, 21]","[4, 27]","['69704', '62549', '78147', '9795', '5222']",5222,"['5222', '9795', '62549', '78147', '69704']"
"[0, 14]","[9, 4]","['42604', '39894', '1261', '37963', '79413']",79413,"['37963', '39894', '1261', '79413', '42604']"
"[3, 4]","[7, 20]","['9383', '20671', '11039', '35787', '54372']",54372,"['11039', '9383', '54372', '35787', '20671']"
"[4, 27]","[3, 7]","['70239', '12888', '77515', '5222', '73164']",73164,"['5222', '77515', '73164', '70239', '12888']"
"[15, 28]","[5, 19]","['67905', '10526', '23274', '38548', '53655']",53655,"['38548', '53655', '10526', '23274', '67905']"
"[17, 5]","[15, 21]","['72055', '50221', '33045', '7913', '3384']",3384,"['7913', '72055', '3384', '50221', '33045']"
"[19, 25]","[18, 23]","['47247', '59747', '26994', '74532', '25667']",25667,"['74532', '47247', '59747', '25667', '26994']"
"[3, 26]","[18, 23]","['9147', '11033', '40031', '72586', '10433']",10433,"['40031', '9147', '11033', '72586', '10433']"
"[3, 12]","[4, 27]","['20968', '37955', '27821', '1181', '77515']",77515,"['77515', '1181', '20968', '37955', '27821']"
"[14, 9]","[19, 8]","['40550', '39708', '26678', '14102', '6777']",6777,"['40550', '39708', '6777', '14102', '26678']"
"[9, 11]","[4, 27]","['78534', '52758', '4186', '41897', '77515']",77515,"['4186', '52758', '77515', '41897', '78534']"
"[3, 21]","[19, 14]","['57272', '14038', '53064', '47060', '26703']",26703,"['26703', '53064', '57272', '14038', '47060']"
"[4, 27]","[7, 22]","['5222', '70239', '77515', '12888', '31113']",31113,"['70239', '77515', '12888', '31113', '5222']"
"[3, 28]","[0, 6]","['12683', '73823', '55090', '42226', '41154']",41154,"['55090', '12683', '41154', '42226', '73823']"
"[7, 20]","[9, 11]","['54372', '2277', '55305', '2425', '335']",335,"['2277', '335', '55305', '2425', '54372']"
"[7, 3]","[18, 23]","['75828', '64781', '61767', '52457', '12104']",12104,"['12104', '61767', '52457', '75828', '64781']"
"[19, 13]","[9, 26]","['35479', '26354', '43396', '42612', '7474']",7474,"['7474', '42612', '43396', '35479', '26354']"
"[0, 24]","[7, 1]","['48780', '74418', '37989', '31926', '12376']",12376,"['37989', '74418', '31926', '48780', '12376']"
"[9, 3]","[3, 17]","['74662', '9662', '1268', '14914', '64047']",64047,"['9662', '64047', '74662', '1268', '14914']"
"[3, 26]","[9, 4]","['32729', '19246', '40031', '1064', '64614']",64614,"['19246', '1064', '40031', '64614', '32729']"
"[3, 12]","[19, 18]","['37955', '20968', '1181', '27821', '36535']",36535,"['36535', '20968', '27821', '37955', '1181']"
"[19, 5]","[14, 7]","['59952', '17017', '32569', '72346', '77045']",77045,"['32569', '72346', '77045', '17017', '59952']"
"[9, 3]","[0, 14]","['14914', '64671', '1268', '9662', '39894']",39894,"['14914', '64671', '39894', '9662', '1268']"
"[19, 18]","[3, 12]","['55086', '49556', '74633', '41277', '1181']",1181,"['49556', '55086', '1181', '41277', '74633']"
"[7, 20]","[19, 25]","['55305', '2425', '54372', '2277', '74532']",74532,"['74532', '2277', '55305', '54372', '2425']"
"[18, 23]","[3, 28]","['65195', '12104', '42151', '72978', '73823']",73823,"['12104', '73823', '65195', '42151', '72978']"
"[17, 18]","[9, 3]","['21543', '46660', '51240', '70105', '14914']",14914,"['14914', '51240', '70105', '46660', '21543']"
"[5, 22]","[19, 14]","['77349', '40863', '57572', '7217', '72517']",72517,"['77349', '57572', '7217', '40863', '72517']"
"[18, 23]","[4, 27]","['42151', '59794', '72978', '10433', '5222']",5222,"['10433', '59794', '42151', '5222', '72978']"
"[3, 4]","[18, 23]","['9383', '20671', '11039', '35787', '48306']",48306,"['11039', '20671', '9383', '35787', '48306']"
"[0, 6]","[3, 17]","['49395', '41154', '59474', '43375', '38478']",38478,"['41154', '43375', '59474', '49395', '38478']"
"[18, 23]","[3, 12]","['59794', '14167', '5909', '64148', '37955']",37955,"['14167', '5909', '59794', '64148', '37955']"
"[17, 21]","[9, 4]","['40487', '78147', '9795', '62549', '80219']",80219,"['9795', '78147', '62549', '40487', '80219']"
"[7, 22]","[19, 28]","['40679', '23132', '79411', '31113', '42272']",42272,"['23132', '79411', '31113', '40679', '42272']"
"[9, 11]","[19, 10]","['41897', '15606', '335', '52758', '55791']",55791,"['335', '15606', '55791', '52758', '41897']"
"[0, 24]","[3, 17]","['74418', '31926', '37989', '48780', '54792']",54792,"['74418', '54792', '31926', '48780', '37989']"
"[19, 18]","[7, 1]","['29042', '74633', '55086', '35149', '12421']",12421,"['35149', '12421', '55086', '74633', '29042']"
"[0, 24]","[3, 17]","['74418', '37989', '48780', '31926', '38478']",38478,"['31926', '38478', '37989', '48780', '74418']"
"[17, 18]","[9, 26]","['21408', '51240', '21543', '46660', '6759']",6759,"['21543', '21408', '51240', '6759', '46660']"
"[19, 18]","[9, 4]","['58616', '30721', '35149', '29042', '50510']",50510,"['35149', '29042', '30721', '50510', '58616']"
"[3, 12]","[9, 26]","['20968', '1181', '27821', '37955', '7474']",7474,"['1181', '7474', '27821', '20968', '37955']"
"[5, 4]","[7, 20]","['2004', '62609', '27706', '63485', '2277']",2277,"['62609', '2004', '27706', '2277', '63485']"
"[7, 22]","[0, 0]","['31113', '79411', '23132', '40679', '14834']",14834,"['23132', '40679', '79411', '14834', '31113']"
"[17, 21]","[9, 4]","['40487', '69704', '78147', '9795', '64614']",64614,"['9795', '40487', '78147', '69704', '64614']"
"[3, 17]","[0, 6]","['38478', '53579', '12043', '64047', '59474']",59474,"['59474', '64047', '38478', '53579', '12043']"
"[9, 4]","[19, 14]","['79413', '80219', '64614', '50510', '26703']",26703,"['64614', '80219', '50510', '79413', '26703']"
"[3, 7]","[19, 13]","['4286', '73164', '37907', '19992', '26354']",26354,"['26354', '73164', '37907', '4286', '19992']"
"[5, 19]","[3, 17]","['77183', '51211', '63077', '10743', '38478']",38478,"['51211', '77183', '10743', '63077', '38478']"
"[7, 1]","[3, 21]","['16951', '53652', '17550', '12376', '47060']",47060,"['53652', '47060', '17550', '16951', '12376']"
"[0, 24]","[19, 28]","['31926', '74418', '37989', '48780', '55589']",55589,"['37989', '55589', '31926', '48780', '74418']"
"[0, 14]","[19, 10]","['37963', '39894', '80522', '17291', '25168']",25168,"['37963', '17291', '39894', '80522', '25168']"
"[5, 4]","[7, 3]","['35725', '27706', '51114', '2004', '64781']",64781,"['2004', '27706', '64781', '51114', '35725']"
"[3, 26]","[17, 18]","['50906', '19246', '68096', '34449', '31693']",31693,"['50906', '34449', '68096', '31693', '19246']"
"[7, 1]","[19, 5]","['8109', '17550', '16951', '3536', '76431']",76431,"['76431', '3536', '8109', '17550', '16951']"
"[0, 0]","[3, 5]","['78009', '14834', '8176', '28082', '63514']",63514,"['63514', '28082', '78009', '14834', '8176']"
"[9, 26]","[3, 17]","['23716', '7474', '27788', '50181', '12043']",12043,"['12043', '50181', '7474', '23716', '27788']"
"[4, 27]","[19, 25]","['70239', '12888', '77515', '5222', '74532']",74532,"['70239', '77515', '5222', '74532', '12888']"
"[3, 28]","[0, 14]","['8257', '42226', '73823', '55090', '75707']",75707,"['73823', '75707', '8257', '55090', '42226']"
"[0, 0]","[5, 19]","['28082', '8176', '78009', '14834', '51211']",51211,"['51211', '78009', '14834', '8176', '28082']"
"[17, 5]","[0, 7]","['7913', '33045', '50221', '72055', '66807']",66807,"['72055', '7913', '33045', '66807', '50221']"
"[17, 5]","[0, 2]","['72055', '50221', '33045', '7913', '59390']",59390,"['33045', '59390', '7913', '50221', '72055']"
"[15, 13]","[9, 26]","['20590', '42684', '68970', '24364', '7474']",7474,"['24364', '20590', '68970', '7474', '42684']"
"[19, 28]","[18, 23]","['40111', '43363', '55589', '23197', '72978']",72978,"['43363', '72978', '55589', '40111', '23197']"
"[3, 17]","[5, 22]","['12043', '64047', '54792', '33084', '40863']",40863,"['40863', '64047', '12043', '54792', '33084']"
"[7, 3]","[19, 28]","['75828', '61767', '64781', '52457', '43363']",43363,"['64781', '52457', '75828', '43363', '61767']"
"[17, 21]","[3, 26]","['62549', '78147', '40487', '62454', '40031']",40031,"['40487', '62454', '62549', '78147', '40031']"
"[18, 23]","[5, 19]","['59794', '5909', '26052', '37360', '54232']",54232,"['54232', '59794', '37360', '26052', '5909']"
"[19, 18]","[15, 21]","['41277', '36535', '74633', '35149', '13497']",13497,"['13497', '74633', '35149', '36535', '41277']"
"[19, 10]","[3, 17]","['73023', '25618', '55791', '25168', '64047']",64047,"['25618', '64047', '25168', '73023', '55791']"
"[3, 7]","[4, 27]","['4286', '19796', '30859', '37907', '77515']",77515,"['30859', '4286', '37907', '77515', '19796']"
"[5, 4]","[19, 5]","['62609', '70560', '2004', '27706', '32569']",32569,"['27706', '70560', '62609', '32569', '2004']"
"[9, 3]","[5, 29]","['64671', '9662', '14914', '74662', '55950']",55950,"['9662', '55950', '74662', '64671', '14914']"
"[19, 13]","[14, 8]","['26354', '35479', '43396', '37914', '39691']",39691,"['26354', '35479', '39691', '37914', '43396']"
"[3, 16]","[0, 24]","['63317', '177', '11746', '56017', '74418']",74418,"['177', '11746', '63317', '56017', '74418']"
"[7, 22]","[0, 0]","['79411', '31113', '40679', '23132', '78009']",78009,"['78009', '23132', '31113', '79411', '40679']"
"[17, 5]","[14, 8]","['50221', '7913', '33045', '72055', '46039']",46039,"['72055', '46039', '33045', '7913', '50221']"
"[19, 5]","[14, 9]","['32569', '17017', '59952', '72346', '26506']",26506,"['59952', '17017', '72346', '32569', '26506']"
"[15, 17]","[0, 24]","['1225', '11908', '60915', '47834', '48780']",48780,"['60915', '47834', '11908', '1225', '48780']"
"[19, 18]","[18, 23]","['58616', '49556', '41277', '35149', '64247']",64247,"['35149', '64247', '49556', '58616', '41277']"
"[14, 7]","[7, 20]","['25607', '51393', '38835', '67483', '54372']",54372,"['67483', '25607', '51393', '38835', '54372']"
"[14, 9]","[0, 24]","['6508', '26678', '39708', '26506', '48780']",48780,"['6508', '26678', '39708', '48780', '26506']"
"[3, 7]","[0, 0]","['37907', '73164', '4286', '19796', '28082']",28082,"['19796', '37907', '28082', '4286', '73164']"
"[5, 22]","[7, 20]","['57572', '77349', '7217', '40863', '2277']",2277,"['2277', '77349', '7217', '40863', '57572']"
"[3, 26]","[0, 7]","['50906', '49864', '68096', '18887', '10984']",10984,"['10984', '49864', '50906', '68096', '18887']"
"[3, 16]","[19, 18]","['63317', '177', '59100', '11746', '35149']",35149,"['177', '63317', '59100', '35149', '11746']"
"[4, 27]","[19, 28]","['5222', '77515', '70239', '12888', '23197']",23197,"['5222', '77515', '12888', '23197', '70239']"
"[3, 12]","[17, 21]","['27821', '20968', '1181', '37955', '9795']",9795,"['20968', '1181', '27821', '9795', '37955']"
"[0, 0]","[5, 22]","['8176', '78009', '28082', '14834', '77349']",77349,"['8176', '78009', '28082', '77349', '14834']"
"[3, 17]","[14, 7]","['38478', '53579', '64047', '12043', '25607']",25607,"['12043', '53579', '64047', '38478', '25607']"
"[18, 25]","[14, 7]","['25711', '4132', '73827', '3282', '25607']",25607,"['73827', '25711', '4132', '3282', '25607']"
"[0, 7]","[15, 13]","['15613', '66807', '65801', '72266', '24364']",24364,"['15613', '72266', '66807', '24364', '65801']"
"[3, 3]","[5, 22]","['30004', '22002', '10131', '994', '77349']",77349,"['22002', '77349', '994', '10131', '30004']"
"[5, 19]","[7, 3]","['49189', '10743', '60473', '35619', '75828']",75828,"['49189', '75828', '10743', '60473', '35619']"
"[0, 14]","[7, 1]","['1261', '75707', '37963', '42604', '17550']",17550,"['17550', '75707', '1261', '42604', '37963']"
"[19, 10]","[3, 16]","['21540', '55791', '25168', '73023', '59100']",59100,"['59100', '73023', '25168', '55791', '21540']"
"[17, 18]","[19, 28]","['66316', '46660', '21543', '51240', '42272']",42272,"['51240', '21543', '46660', '42272', '66316']"
"[9, 3]","[0, 7]","['74662', '14914', '1268', '64671', '15613']",15613,"['64671', '1268', '15613', '74662', '14914']"
"[5, 4]","[19, 13]","['70560', '53032', '51114', '2004', '42612']",42612,"['53032', '51114', '42612', '70560', '2004']"
"[0, 7]","[5, 29]","['72266', '15613', '10984', '66807', '55950']",55950,"['72266', '55950', '15613', '66807', '10984']"
"[14, 8]","[9, 26]","['28732', '39691', '40877', '28694', '50181']",50181,"['28732', '39691', '50181', '40877', '28694']"
"[15, 17]","[0, 2]","['11908', '47834', '1225', '60915', '44802']",44802,"['47834', '11908', '60915', '1225', '44802']"
"[9, 11]","[19, 25]","['4186', '30907', '335', '41897', '74532']",74532,"['4186', '335', '30907', '74532', '41897']"
"[7, 22]","[3, 5]","['79411', '40679', '31113', '23132', '64']",64,"['31113', '23132', '40679', '64', '79411']"
"[9, 26]","[7, 20]","['23716', '50181', '6759', '7474', '54372']",54372,"['7474', '6759', '54372', '23716', '50181']"
"[19, 10]","[7, 1]","['73023', '25168', '55791', '21540', '17550']",17550,"['21540', '25168', '73023', '55791', '17550']"
"[14, 9]","[15, 17]","['39708', '26506', '26678', '40550', '1225']",1225,"['26678', '26506', '40550', '1225', '39708']"
"[3, 16]","[14, 7]","['63317', '59100', '11746', '177', '38835']",38835,"['177', '38835', '63317', '11746', '59100']"
"[14, 8]","[7, 3]","['28732', '40877', '39691', '28694', '75828']",75828,"['75828', '28732', '40877', '39691', '28694']"
"[3, 4]","[19, 28]","['35787', '20671', '9383', '11039', '43363']",43363,"['43363', '20671', '35787', '9383', '11039']"
"[17, 5]","[14, 9]","['33045', '7913', '50221', '72055', '39708']",39708,"['33045', '50221', '72055', '39708', '7913']"
"[18, 23]","[3, 26]","['64247', '26052', '48306', '26755', '1064']",1064,"['64247', '48306', '1064', '26755', '26052']"
"[3, 26]","[7, 1]","['50906', '19246', '32729', '72586', '3536']",3536,"['3536', '19246', '72586', '32729', '50906']"
"[17, 21]","[0, 24]","['62549', '40487', '69704', '9795', '74418']",74418,"['74418', '40487', '9795', '62549', '69704']"
"[3, 28]","[14, 7]","['55090', '12683', '42226', '73823', '77045']",77045,"['73823', '42226', '77045', '12683', '55090']"
"[3, 7]","[18, 23]","['37907', '19992', '73164', '4286', '59794']",59794,"['59794', '37907', '19992', '4286', '73164']"
"[9, 3]","[3, 17]","['64671', '1268', '74662', '9662', '33084']",33084,"['33084', '1268', '64671', '74662', '9662']"
"[3, 16]","[19, 25]","['63317', '11746', '177', '56017', '26994']",26994,"['11746', '63317', '26994', '56017', '177']"
"[19, 18]","[7, 1]","['49556', '29042', '36535', '58616', '8109']",8109,"['58616', '8109', '29042', '36535', '49556']"
"[3, 17]","[19, 14]","['12043', '53579', '33084', '38478', '26372']",26372,"['26372', '53579', '33084', '38478', '12043']"
"[0, 24]","[9, 26]","['37989', '48780', '74418', '31926', '50181']",50181,"['50181', '31926', '74418', '48780', '37989']"
"[15, 21]","[9, 26]","['7489', '13497', '20839', '3384', '23716']",23716,"['3384', '23716', '13497', '20839', '7489']"
"[3, 17]","[19, 28]","['38478', '53579', '33084', '54792', '23197']",23197,"['38478', '54792', '53579', '33084', '23197']"
"[5, 4]","[14, 8]","['2004', '53032', '27706', '51114', '39691']",39691,"['27706', '39691', '53032', '2004', '51114']"
"[0, 24]","[19, 13]","['31926', '74418', '37989', '48780', '43396']",43396,"['48780', '37989', '74418', '31926', '43396']"
"[15, 21]","[0, 2]","['13497', '3384', '20839', '7489', '48095']",48095,"['13497', '3384', '48095', '7489', '20839']"
"[5, 29]","[9, 11]","['21765', '57316', '18711', '55950', '15606']",15606,"['15606', '55950', '21765', '57316', '18711']"
"[17, 18]","[3, 17]","['66935', '6955', '66316', '21408', '38478']",38478,"['21408', '66935', '6955', '66316', '38478']"
"[14, 7]","[9, 3]","['25607', '77045', '38835', '51393', '9662']",9662,"['9662', '38835', '77045', '25607', '51393']"
"[3, 7]","[19, 10]","['37907', '4286', '19796', '19992', '25168']",25168,"['19992', '25168', '37907', '19796', '4286']"
"[9, 3]","[17, 18]","['74662', '9662', '1268', '14914', '46660']",46660,"['9662', '1268', '74662', '46660', '14914']"
"[3, 3]","[17, 18]","['994', '72700', '10131', '10017', '21408']",21408,"['10131', '10017', '21408', '994', '72700']"
"[19, 28]","[18, 23]","['52721', '23197', '55589', '43363', '72978']",72978,"['52721', '72978', '23197', '43363', '55589']"
"[17, 21]","[3, 26]","['9795', '62549', '40487', '69704', '50906']",50906,"['69704', '50906', '62549', '40487', '9795']"
"[7, 22]","[9, 26]","['40679', '23132', '79411', '31113', '50181']",50181,"['40679', '23132', '31113', '79411', '50181']"
"[5, 29]","[9, 11]","['51743', '55950', '57316', '18711', '61914']",61914,"['18711', '51743', '57316', '61914', '55950']"
"[4, 27]","[3, 7]","['77515', '70239', '12888', '5222', '37907']",37907,"['37907', '5222', '77515', '70239', '12888']"
"[19, 28]","[3, 5]","['40111', '55589', '43363', '52721', '12162']",12162,"['52721', '40111', '55589', '43363', '12162']"
"[9, 3]","[3, 17]","['9662', '14914', '74662', '64671', '54792']",54792,"['9662', '14914', '74662', '54792', '64671']"
"[3, 26]","[19, 14]","['50906', '19246', '1064', '49864', '26703']",26703,"['1064', '50906', '19246', '49864', '26703']"
"[3, 3]","[19, 5]","['22002', '994', '22487', '10131', '76431']",76431,"['10131', '76431', '22487', '994', '22002']"
"[3, 17]","[19, 18]","['53579', '54792', '38478', '64047', '36535']",36535,"['53579', '38478', '64047', '36535', '54792']"
"[15, 13]","[7, 22]","['42684', '20590', '34763', '25079', '79411']",79411,"['42684', '79411', '34763', '25079', '20590']"
"[14, 9]","[0, 7]","['40550', '14102', '26678', '39708', '72266']",72266,"['26678', '40550', '72266', '14102', '39708']"
"[0, 6]","[15, 21]","['41154', '59474', '43036', '25447', '13497']",13497,"['41154', '59474', '25447', '43036', '13497']"
"[9, 11]","[19, 10]","['30907', '15606', '52758', '335', '55791']",55791,"['30907', '52758', '335', '55791', '15606']"
"[19, 8]","[17, 21]","['6777', '19346', '36396', '71082', '78147']",78147,"['19346', '71082', '78147', '36396', '6777']"
"[7, 20]","[0, 7]","['54372', '2425', '2277', '55305', '15613']",15613,"['2277', '2425', '55305', '54372', '15613']"
"[19, 28]","[3, 12]","['23197', '42272', '43363', '55589', '37955']",37955,"['42272', '23197', '55589', '37955', '43363']"
"[3, 26]","[4, 27]","['11033', '9147', '72586', '19246', '77515']",77515,"['77515', '72586', '11033', '19246', '9147']"
"[19, 13]","[9, 26]","['43396', '43324', '42612', '37914', '7474']",7474,"['43396', '37914', '42612', '43324', '7474']"
"[9, 4]","[3, 3]","['64614', '79413', '50510', '80219', '10131']",10131,"['10131', '50510', '64614', '80219', '79413']"
"[0, 0]","[7, 22]","['14834', '8176', '28082', '78009', '23132']",23132,"['28082', '14834', '8176', '23132', '78009']"
"[9, 3]","[0, 24]","['64671', '1268', '14914', '74662', '37989']",37989,"['14914', '74662', '1268', '37989', '64671']"
"[7, 3]","[19, 25]","['61767', '52457', '75828', '64781', '26994']",26994,"['26994', '52457', '75828', '61767', '64781']"
"[0, 24]","[15, 17]","['74418', '37989', '48780', '31926', '60915']",60915,"['60915', '48780', '37989', '31926', '74418']"
"[5, 4]","[19, 14]","['62609', '2004', '70560', '53032', '64729']",64729,"['53032', '64729', '70560', '62609', '2004']"
"[15, 13]","[0, 0]","['42684', '34763', '24364', '25079', '28082']",28082,"['28082', '24364', '34763', '42684', '25079']"
"[19, 28]","[0, 6]","['40111', '42272', '52721', '43363', '41154']",41154,"['41154', '42272', '40111', '43363', '52721']"
"[3, 28]","[19, 13]","['73823', '42226', '12683', '8257', '43324']",43324,"['43324', '12683', '73823', '42226', '8257']"
"[0, 24]","[9, 26]","['48780', '74418', '37989', '31926', '7474']",7474,"['7474', '31926', '37989', '74418', '48780']"
"[3, 7]","[0, 14]","['73164', '19992', '37907', '4286', '42604']",42604,"['73164', '4286', '37907', '19992', '42604']"
"[14, 9]","[0, 0]","['39708', '6508', '26678', '14102', '28082']",28082,"['14102', '39708', '26678', '6508', '28082']"
"[9, 26]","[5, 4]","['23716', '27788', '7474', '6759', '63485']",63485,"['7474', '63485', '27788', '6759', '23716']"
"[9, 4]","[19, 28]","['80219', '64614', '50510', '79413', '43363']",43363,"['50510', '43363', '64614', '79413', '80219']"
"[3, 17]","[0, 7]","['64047', '33084', '12043', '54792', '15613']",15613,"['64047', '54792', '33084', '12043', '15613']"
"[0, 7]","[17, 18]","['66807', '10984', '65801', '72266', '46660']",46660,"['66807', '10984', '46660', '65801', '72266']"
"[9, 4]","[0, 0]","['80219', '64614', '79413', '50510', '8176']",8176,"['79413', '64614', '50510', '80219', '8176']"
"[3, 4]","[5, 22]","['9383', '11039', '35787', '20671', '77349']",77349,"['20671', '77349', '9383', '11039', '35787']"
"[9, 3]","[14, 8]","['1268', '14914', '64671', '74662', '28732']",28732,"['1268', '28732', '64671', '74662', '14914']"
"[3, 5]","[14, 9]","['74226', '63514', '64', '12162', '39708']",39708,"['12162', '74226', '63514', '64', '39708']"
"[3, 12]","[14, 7]","['20968', '1181', '27821', '37955', '51393']",51393,"['27821', '20968', '51393', '37955', '1181']"
"[19, 8]","[15, 13]","['36396', '6777', '19346', '71082', '24364']",24364,"['71082', '19346', '24364', '36396', '6777']"
"[19, 5]","[3, 16]","['63902', '59952', '17017', '32569', '11746']",11746,"['17017', '32569', '11746', '59952', '63902']"
"[7, 3]","[0, 0]","['61767', '64781', '75828', '52457', '78009']",78009,"['61767', '78009', '75828', '52457', '64781']"
"[17, 18]","[19, 14]","['66316', '21543', '6955', '51240', '26703']",26703,"['26703', '6955', '21543', '51240', '66316']"
"[15, 13]","[19, 8]","['42684', '20590', '25079', '53137', '36396']",36396,"['25079', '42684', '53137', '36396', '20590']"
"[3, 4]","[9, 26]","['11039', '35787', '9383', '20671', '50181']",50181,"['35787', '50181', '9383', '11039', '20671']"
"[3, 16]","[19, 25]","['177', '63317', '11746', '59100', '26994']",26994,"['63317', '177', '59100', '11746', '26994']"
"[9, 3]","[3, 26]","['9662', '74662', '1268', '64671', '50906']",50906,"['64671', '50906', '1268', '74662', '9662']"
"[14, 8]","[19, 5]","['39691', '40877', '46039', '28694', '17017']",17017,"['46039', '17017', '39691', '28694', '40877']"
"[17, 21]","[9, 11]","['62454', '62549', '9795', '69704', '335']",335,"['9795', '62549', '62454', '335', '69704']"
"[5, 4]","[9, 11]","['70560', '62609', '53032', '63485', '52758']",52758,"['52758', '62609', '63485', '70560', '53032']"
"[7, 22]","[3, 17]","['79411', '40679', '23132', '31113', '64047']",64047,"['31113', '79411', '23132', '40679', '64047']"
"[15, 28]","[14, 8]","['23274', '38548', '67905', '10526', '28732']",28732,"['23274', '38548', '28732', '10526', '67905']"
"[9, 26]","[3, 3]","['7474', '50181', '6759', '23716', '30004']",30004,"['23716', '30004', '7474', '50181', '6759']"
"[3, 16]","[18, 23]","['59100', '11746', '56017', '63317', '64148']",64148,"['59100', '56017', '11746', '64148', '63317']"
"[14, 8]","[3, 17]","['28694', '46039', '28732', '40877', '33084']",33084,"['28694', '33084', '40877', '46039', '28732']"
"[7, 20]","[15, 28]","['54372', '2425', '2277', '55305', '23274']",23274,"['54372', '55305', '2425', '2277', '23274']"
"[5, 22]","[19, 13]","['77349', '7217', '40863', '48795', '35479']",35479,"['48795', '77349', '35479', '7217', '40863']"
"[15, 13]","[0, 2]","['24364', '20590', '53137', '34763', '54867']",54867,"['53137', '34763', '20590', '54867', '24364']"
"[3, 16]","[18, 25]","['56017', '59100', '177', '63317', '62071']",62071,"['63317', '177', '56017', '62071', '59100']"
"[19, 25]","[5, 22]","['59747', '47247', '33749', '26994', '40863']",40863,"['26994', '40863', '33749', '59747', '47247']"
"[0, 6]","[19, 5]","['49395', '43375', '25447', '75880', '32569']",32569,"['32569', '25447', '43375', '75880', '49395']"
"[3, 5]","[19, 13]","['64', '74226', '12162', '63514', '43396']",43396,"['43396', '64', '63514', '12162', '74226']"
"[7, 1]","[19, 5]","['8109', '10825', '17550', '3536', '32569']",32569,"['8109', '17550', '3536', '32569', '10825']"
"[14, 8]","[15, 21]","['40877', '28694', '39691', '28732', '3384']",3384,"['3384', '28694', '39691', '28732', '40877']"
"[5, 29]","[18, 23]","['51743', '18711', '52548', '57316', '67584']",67584,"['67584', '57316', '51743', '52548', '18711']"
"[9, 26]","[3, 21]","['7474', '6759', '23716', '27788', '53064']",53064,"['7474', '27788', '23716', '6759', '53064']"
"[18, 23]","[17, 21]","['78682', '25667', '64148', '72978', '62549']",62549,"['72978', '25667', '78682', '64148', '62549']"
"[14, 7]","[19, 10]","['51393', '67483', '77045', '38835', '25618']",25618,"['25618', '38835', '77045', '51393', '67483']"
"[0, 14]","[3, 12]","['80522', '39894', '1261', '17291', '37955']",37955,"['1261', '17291', '39894', '37955', '80522']"
"[17, 21]","[0, 6]","['78147', '40487', '69704', '9795', '75880']",75880,"['75880', '78147', '9795', '40487', '69704']"
"[7, 1]","[0, 7]","['12421', '8109', '17550', '12376', '72266']",72266,"['8109', '72266', '17550', '12376', '12421']"
"[3, 5]","[0, 0]","['12162', '64', '63514', '74226', '28082']",28082,"['63514', '64', '28082', '74226', '12162']"
"[17, 21]","[18, 25]","['69704', '40487', '62454', '62549', '4132']",4132,"['40487', '62454', '4132', '69704', '62549']"
"[0, 0]","[14, 8]","['14834', '78009', '28082', '8176', '46039']",46039,"['78009', '14834', '8176', '46039', '28082']"
"[9, 11]","[0, 0]","['61914', '78534', '15606', '4186', '28082']",28082,"['28082', '78534', '4186', '15606', '61914']"
"[17, 21]","[0, 7]","['78147', '40487', '9795', '62549', '15613']",15613,"['15613', '78147', '40487', '62549', '9795']"
"[9, 4]","[19, 18]","['79413', '64614', '50510', '80219', '35149']",35149,"['64614', '80219', '35149', '50510', '79413']"
"[7, 3]","[18, 23]","['61767', '75828', '52457', '64781', '64148']",64148,"['75828', '64781', '52457', '64148', '61767']"
"[15, 13]","[9, 3]","['42684', '25079', '68970', '20590', '64671']",64671,"['20590', '42684', '64671', '25079', '68970']"
"[3, 28]","[4, 27]","['73823', '8257', '42226', '55090', '77515']",77515,"['55090', '77515', '73823', '42226', '8257']"
"[3, 28]","[7, 22]","['73823', '8257', '12683', '42226', '31113']",31113,"['12683', '73823', '8257', '31113', '42226']"
"[15, 13]","[19, 18]","['34763', '42684', '53137', '25079', '74633']",74633,"['74633', '25079', '53137', '34763', '42684']"
"[3, 12]","[7, 3]","['1181', '27821', '37955', '20968', '52457']",52457,"['52457', '27821', '20968', '37955', '1181']"
"[3, 3]","[14, 7]","['10017', '72700', '10131', '22487', '77045']",77045,"['77045', '22487', '10131', '72700', '10017']"
"[5, 29]","[3, 4]","['21765', '57316', '55950', '52548', '20671']",20671,"['21765', '20671', '52548', '55950', '57316']"
"[19, 8]","[17, 21]","['71082', '36396', '19346', '6777', '9795']",9795,"['36396', '71082', '19346', '9795', '6777']"
"[17, 5]","[19, 18]","['72055', '7913', '50221', '33045', '58616']",58616,"['33045', '7913', '58616', '50221', '72055']"
"[9, 11]","[3, 12]","['4186', '52758', '335', '15606', '1181']",1181,"['52758', '335', '4186', '15606', '1181']"
"[19, 5]","[15, 28]","['63902', '76431', '59952', '55314', '67905']",67905,"['76431', '67905', '59952', '63902', '55314']"
"[5, 19]","[19, 28]","['49189', '51211', '54232', '35619', '23197']",23197,"['23197', '54232', '51211', '35619', '49189']"
"[3, 3]","[5, 19]","['22487', '72700', '994', '10131', '77183']",77183,"['22487', '72700', '10131', '994', '77183']"
"[3, 26]","[19, 5]","['68096', '34449', '72586', '9147', '63902']",63902,"['63902', '72586', '68096', '34449', '9147']"
"[9, 3]","[19, 18]","['14914', '64671', '1268', '74662', '55086']",55086,"['74662', '14914', '64671', '55086', '1268']"
"[9, 11]","[3, 26]","['30907', '4186', '41897', '15606', '72586']",72586,"['4186', '30907', '72586', '15606', '41897']"
"[15, 21]","[18, 23]","['7489', '13497', '20839', '3384', '42151']",42151,"['3384', '13497', '20839', '7489', '42151']"
"[19, 18]","[3, 17]","['55086', '30721', '29042', '35149', '53579']",53579,"['53579', '55086', '29042', '30721', '35149']"
"[18, 23]","[9, 26]","['40817', '15451', '5909', '14167', '50181']",50181,"['5909', '40817', '15451', '14167', '50181']"
"[19, 25]","[3, 5]","['33749', '47247', '74532', '59747', '63514']",63514,"['47247', '59747', '33749', '63514', '74532']"
"[0, 14]","[7, 3]","['75707', '80522', '39894', '42604', '61767']",61767,"['39894', '75707', '42604', '61767', '80522']"
"[17, 21]","[19, 13]","['9795', '62549', '40487', '78147', '42612']",42612,"['62549', '78147', '9795', '42612', '40487']"
"[9, 3]","[18, 25]","['1268', '9662', '74662', '64671', '4132']",4132,"['4132', '9662', '64671', '74662', '1268']"
"[15, 13]","[19, 25]","['25079', '24364', '20590', '34763', '26994']",26994,"['34763', '20590', '24364', '26994', '25079']"
"[3, 3]","[7, 20]","['10017', '22002', '30004', '10131', '2425']",2425,"['30004', '22002', '10017', '2425', '10131']"
"[5, 4]","[3, 26]","['53032', '62609', '70560', '51114', '1064']",1064,"['51114', '1064', '70560', '62609', '53032']"
"[17, 18]","[19, 14]","['31693', '21408', '66316', '46660', '72517']",72517,"['46660', '21408', '31693', '72517', '66316']"
"[5, 22]","[9, 4]","['40863', '7217', '57572', '48795', '50510']",50510,"['50510', '57572', '7217', '40863', '48795']"
"[9, 4]","[14, 7]","['64614', '50510', '80219', '79413', '25607']",25607,"['25607', '50510', '80219', '64614', '79413']"
"[3, 7]","[7, 22]","['37907', '30859', '4286', '19796', '79411']",79411,"['79411', '19796', '37907', '4286', '30859']"
"[9, 26]","[5, 29]","['27788', '7474', '23716', '6759', '52548']",52548,"['7474', '23716', '52548', '6759', '27788']"
"[17, 5]","[3, 21]","['7913', '33045', '72055', '50221', '42206']",42206,"['42206', '50221', '72055', '33045', '7913']"
"[4, 27]","[7, 22]","['12888', '77515', '5222', '70239', '40679']",40679,"['12888', '5222', '77515', '40679', '70239']"
"[0, 14]","[14, 9]","['1261', '42604', '75707', '39894', '14102']",14102,"['14102', '42604', '39894', '75707', '1261']"
"[19, 28]","[5, 4]","['55589', '23197', '40111', '43363', '27706']",27706,"['23197', '55589', '27706', '40111', '43363']"
"[3, 28]","[19, 14]","['8257', '55090', '73823', '42226', '64729']",64729,"['73823', '55090', '8257', '42226', '64729']"
"[19, 8]","[0, 14]","['19346', '6777', '71082', '36396', '39894']",39894,"['36396', '39894', '19346', '71082', '6777']"
"[7, 1]","[3, 5]","['12421', '8109', '17550', '10825', '64']",64,"['17550', '10825', '64', '12421', '8109']"
"[3, 16]","[7, 20]","['11746', '56017', '59100', '177', '54372']",54372,"['56017', '54372', '177', '11746', '59100']"
"[3, 3]","[19, 14]","['72700', '30004', '22002', '994', '26372']",26372,"['22002', '26372', '72700', '30004', '994']"
"[7, 1]","[9, 26]","['16951', '12376', '53652', '12421', '6759']",6759,"['12376', '16951', '6759', '53652', '12421']"
"[19, 18]","[9, 26]","['55086', '30721', '35149', '74633', '6759']",6759,"['6759', '55086', '74633', '30721', '35149']"
"[9, 3]","[14, 7]","['9662', '64671', '74662', '1268', '38835']",38835,"['1268', '64671', '38835', '9662', '74662']"
"[14, 8]","[19, 14]","['39691', '28732', '28694', '40877', '64729']",64729,"['28694', '28732', '40877', '39691', '64729']"
"[19, 18]","[3, 21]","['74633', '30721', '58616', '36535', '14038']",14038,"['36535', '30721', '74633', '14038', '58616']"
"[0, 2]","[7, 3]","['59390', '9639', '28242', '44802', '61767']",61767,"['28242', '44802', '59390', '9639', '61767']"
"[19, 25]","[7, 22]","['26994', '74532', '47247', '33749', '23132']",23132,"['23132', '33749', '74532', '47247', '26994']"
"[9, 11]","[0, 14]","['335', '78534', '15606', '30907', '37963']",37963,"['335', '30907', '78534', '15606', '37963']"
"[17, 21]","[0, 14]","['78147', '62454', '69704', '9795', '80522']",80522,"['80522', '62454', '78147', '69704', '9795']"
"[17, 18]","[19, 10]","['51240', '21408', '66316', '6955', '25618']",25618,"['51240', '6955', '25618', '21408', '66316']"
"[7, 22]","[15, 28]","['40679', '31113', '23132', '79411', '23274']",23274,"['31113', '40679', '23132', '79411', '23274']"
"[9, 26]","[14, 9]","['7474', '27788', '6759', '23716', '39708']",39708,"['6759', '27788', '39708', '7474', '23716']"
"[5, 29]","[0, 24]","['52548', '18711', '21765', '51743', '74418']",74418,"['52548', '74418', '51743', '21765', '18711']"
"[3, 28]","[7, 22]","['8257', '55090', '12683', '73823', '31113']",31113,"['12683', '8257', '31113', '73823', '55090']"
"[5, 29]","[19, 5]","['55950', '21765', '51743', '57316', '59952']",59952,"['57316', '21765', '59952', '55950', '51743']"
"[15, 28]","[7, 22]","['3258', '67905', '38548', '10526', '40679']",40679,"['38548', '67905', '10526', '3258', '40679']"
"[7, 22]","[14, 7]","['23132', '79411', '31113', '40679', '77045']",77045,"['40679', '77045', '23132', '79411', '31113']"
"[3, 12]","[19, 5]","['20968', '27821', '1181', '37955', '76431']",76431,"['27821', '37955', '76431', '20968', '1181']"
"[18, 23]","[15, 17]","['78682', '25667', '65195', '26755', '47834']",47834,"['65195', '25667', '78682', '26755', '47834']"
"[19, 13]","[3, 26]","['43324', '26354', '37914', '42612', '34449']",34449,"['34449', '37914', '43324', '42612', '26354']"
"[0, 2]","[7, 1]","['70440', '66847', '9836', '45218', '10825']",10825,"['66847', '45218', '10825', '70440', '9836']"
"[17, 21]","[4, 27]","['78147', '9795', '40487', '62549', '70239']",70239,"['40487', '78147', '70239', '62549', '9795']"
"[0, 14]","[4, 27]","['39894', '75707', '37963', '17291', '70239']",70239,"['37963', '39894', '75707', '70239', '17291']"
"[3, 3]","[19, 18]","['10017', '22002', '22487', '30004', '49556']",49556,"['22002', '30004', '10017', '22487', '49556']"
"[3, 16]","[5, 4]","['177', '56017', '63317', '11746', '51114']",51114,"['11746', '51114', '63317', '177', '56017']"
"[0, 0]","[3, 16]","['28082', '8176', '14834', '78009', '63317']",63317,"['28082', '63317', '8176', '14834', '78009']"
"[4, 27]","[14, 8]","['12888', '77515', '5222', '70239', '28694']",28694,"['70239', '5222', '77515', '28694', '12888']"
"[3, 28]","[17, 18]","['8257', '55090', '73823', '42226', '31693']",31693,"['31693', '8257', '73823', '42226', '55090']"
"[5, 19]","[19, 28]","['51211', '60473', '63077', '54232', '55589']",55589,"['51211', '60473', '55589', '54232', '63077']"
"[17, 5]","[5, 19]","['72055', '50221', '7913', '33045', '54232']",54232,"['33045', '54232', '7913', '72055', '50221']"
"[0, 2]","[9, 3]","['80744', '48095', '60860', '67842', '14914']",14914,"['67842', '48095', '80744', '14914', '60860']"
"[3, 17]","[7, 22]","['38478', '33084', '12043', '54792', '40679']",40679,"['33084', '12043', '38478', '54792', '40679']"
"[14, 9]","[3, 28]","['40550', '26506', '6508', '39708', '73823']",73823,"['73823', '6508', '40550', '26506', '39708']"
"[3, 7]","[17, 5]","['19796', '19992', '4286', '30859', '50221']",50221,"['50221', '19992', '4286', '19796', '30859']"
"[17, 18]","[9, 3]","['66935', '6955', '51240', '70105', '1268']",1268,"['1268', '70105', '66935', '6955', '51240']"
"[14, 9]","[19, 25]","['39708', '26678', '40550', '14102', '33749']",33749,"['40550', '14102', '39708', '33749', '26678']"
"[0, 2]","[5, 19]","['54867', '43629', '9836', '44145', '60473']",60473,"['43629', '60473', '9836', '44145', '54867']"
"[14, 8]","[7, 1]","['46039', '40877', '28694', '39691', '12376']",12376,"['12376', '28694', '39691', '40877', '46039']"
"[3, 5]","[9, 11]","['12162', '63514', '64', '74226', '4186']",4186,"['12162', '63514', '74226', '4186', '64']"
"[0, 14]","[14, 7]","['80522', '1261', '75707', '39894', '77045']",77045,"['80522', '77045', '75707', '39894', '1261']"
"[5, 22]","[0, 6]","['77349', '57572', '40863', '48795', '49395']",49395,"['77349', '57572', '48795', '49395', '40863']"
"[0, 0]","[19, 25]","['78009', '8176', '14834', '28082', '59747']",59747,"['8176', '59747', '14834', '28082', '78009']"
"[7, 22]","[14, 8]","['79411', '23132', '40679', '31113', '28694']",28694,"['79411', '40679', '23132', '28694', '31113']"
"[3, 16]","[17, 5]","['177', '63317', '11746', '59100', '33045']",33045,"['177', '33045', '59100', '11746', '63317']"
"[14, 9]","[19, 5]","['6508', '14102', '39708', '40550', '72346']",72346,"['14102', '39708', '72346', '40550', '6508']"
"[19, 13]","[17, 21]","['43324', '42612', '43396', '37914', '69704']",69704,"['69704', '43324', '43396', '37914', '42612']"
"[0, 24]","[19, 10]","['48780', '37989', '31926', '74418', '25168']",25168,"['37989', '48780', '25168', '74418', '31926']"
"[9, 3]","[3, 17]","['1268', '14914', '64671', '74662', '54792']",54792,"['74662', '14914', '54792', '1268', '64671']"
"[19, 10]","[5, 4]","['55791', '25618', '21540', '73023', '35725']",35725,"['21540', '73023', '25618', '55791', '35725']"
"[14, 8]","[9, 4]","['28732', '39691', '40877', '28694', '80219']",80219,"['80219', '28732', '40877', '28694', '39691']"
"[0, 6]","[17, 18]","['49395', '25447', '59474', '75880', '21408']",21408,"['75880', '49395', '21408', '25447', '59474']"
"[0, 14]","[19, 18]","['17291', '39894', '75707', '1261', '36535']",36535,"['1261', '75707', '17291', '36535', '39894']"
"[0, 24]","[3, 21]","['31926', '37989', '48780', '74418', '42206']",42206,"['48780', '74418', '37989', '42206', '31926']"
"[9, 26]","[0, 14]","['50181', '6759', '7474', '23716', '1261']",1261,"['1261', '50181', '6759', '23716', '7474']"
"[5, 29]","[18, 25]","['57316', '51743', '55950', '52548', '25711']",25711,"['25711', '55950', '57316', '52548', '51743']"
"[7, 3]","[19, 25]","['52457', '64781', '75828', '61767', '74532']",74532,"['52457', '64781', '61767', '74532', '75828']"
"[18, 23]","[15, 28]","['72978', '5909', '25667', '32105', '10526']",10526,"['5909', '32105', '10526', '25667', '72978']"
"[3, 5]","[0, 7]","['63514', '12162', '64', '74226', '10984']",10984,"['10984', '12162', '74226', '64', '63514']"
"[3, 21]","[9, 4]","['47060', '57272', '14038', '42206', '50510']",50510,"['47060', '42206', '14038', '50510', '57272']"
"[18, 25]","[9, 11]","['3282', '62071', '25711', '4132', '30907']",30907,"['62071', '4132', '3282', '30907', '25711']"
"[0, 24]","[7, 3]","['74418', '37989', '31926', '48780', '52457']",52457,"['31926', '48780', '37989', '52457', '74418']"
"[3, 21]","[0, 6]","['42206', '53064', '57272', '14038', '59474']",59474,"['14038', '53064', '57272', '59474', '42206']"
"[7, 22]","[0, 14]","['79411', '31113', '40679', '23132', '37963']",37963,"['79411', '37963', '31113', '40679', '23132']"
"[7, 20]","[3, 28]","['2277', '54372', '2425', '55305', '8257']",8257,"['2425', '54372', '2277', '55305', '8257']"
"[19, 14]","[5, 19]","['72517', '64729', '26703', '26372', '63077']",63077,"['26372', '63077', '72517', '64729', '26703']"
"[3, 4]","[19, 25]","['9383', '20671', '35787', '11039', '47247']",47247,"['47247', '9383', '35787', '20671', '11039']"
"[0, 7]","[3, 21]","['66807', '10984', '72266', '65801', '47060']",47060,"['66807', '10984', '47060', '72266', '65801']"
"[19, 8]","[5, 22]","['19346', '6777', '36396', '71082', '7217']",7217,"['6777', '19346', '36396', '7217', '71082']"
"[15, 28]","[14, 9]","['23274', '10526', '38548', '67905', '26678']",26678,"['67905', '23274', '10526', '38548', '26678']"
"[3, 26]","[0, 6]","['19246', '18887', '11033', '9147', '49395']",49395,"['9147', '19246', '18887', '11033', '49395']"
"[15, 17]","[14, 8]","['11908', '1225', '47834', '60915', '28694']",28694,"['11908', '47834', '60915', '1225', '28694']"
"[7, 1]","[19, 18]","['12421', '12376', '16951', '3536', '36535']",36535,"['16951', '3536', '12421', '36535', '12376']"
"[19, 25]","[17, 18]","['59747', '47247', '74532', '26994', '21408']",21408,"['59747', '74532', '26994', '21408', '47247']"
"[4, 27]","[9, 11]","['5222', '77515', '70239', '12888', '52758']",52758,"['12888', '5222', '77515', '70239', '52758']"
"[19, 5]","[3, 26]","['72346', '76431', '59952', '63902', '40031']",40031,"['40031', '76431', '63902', '59952', '72346']"
"[3, 5]","[0, 2]","['64', '63514', '12162', '74226', '32703']",32703,"['32703', '64', '12162', '74226', '63514']"
"[18, 25]","[17, 5]","['73827', '62071', '4132', '25711', '33045']",33045,"['62071', '73827', '4132', '33045', '25711']"
"[3, 26]","[18, 25]","['49864', '68096', '50906', '9147', '25711']",25711,"['49864', '50906', '68096', '25711', '9147']"
"[3, 28]","[19, 18]","['42226', '55090', '12683', '73823', '49556']",49556,"['73823', '12683', '55090', '42226', '49556']"
"[7, 3]","[5, 19]","['61767', '75828', '64781', '52457', '51211']",51211,"['61767', '75828', '52457', '51211', '64781']"
"[17, 21]","[9, 26]","['62454', '69704', '40487', '62549', '50181']",50181,"['62549', '40487', '62454', '69704', '50181']"
"[3, 4]","[4, 27]","['11039', '20671', '9383', '35787', '12888']",12888,"['35787', '11039', '9383', '12888', '20671']"
"[3, 21]","[5, 4]","['47060', '53064', '42206', '57272', '35725']",35725,"['42206', '53064', '47060', '35725', '57272']"
"[19, 5]","[3, 16]","['72346', '63902', '76431', '32569', '59100']",59100,"['59100', '72346', '32569', '63902', '76431']"
"[3, 3]","[17, 18]","['10017', '30004', '22002', '22487', '21543']",21543,"['30004', '10017', '22002', '21543', '22487']"
"[3, 21]","[9, 4]","['57272', '14038', '47060', '53064', '50510']",50510,"['50510', '47060', '53064', '14038', '57272']"
"[3, 28]","[7, 1]","['8257', '73823', '12683', '42226', '8109']",8109,"['8257', '12683', '73823', '8109', '42226']"
"[0, 6]","[14, 7]","['75880', '59474', '49395', '25447', '51393']",51393,"['25447', '59474', '75880', '51393', '49395']"
"[7, 22]","[14, 9]","['79411', '23132', '40679', '31113', '39708']",39708,"['31113', '23132', '79411', '40679', '39708']"
"[19, 10]","[3, 21]","['25618', '73023', '55791', '21540', '53064']",53064,"['55791', '25618', '21540', '53064', '73023']"
"[9, 26]","[7, 22]","['27788', '6759', '50181', '23716', '31113']",31113,"['6759', '31113', '27788', '50181', '23716']"
"[3, 17]","[14, 8]","['53579', '33084', '38478', '54792', '28694']",28694,"['53579', '54792', '28694', '38478', '33084']"
"[19, 25]","[17, 18]","['26994', '59747', '47247', '33749', '66935']",66935,"['26994', '66935', '59747', '47247', '33749']"
"[3, 26]","[19, 14]","['72586', '9147', '49864', '68096', '26372']",26372,"['49864', '72586', '26372', '9147', '68096']"
"[3, 16]","[19, 25]","['177', '11746', '59100', '56017', '47247']",47247,"['59100', '177', '11746', '56017', '47247']"
"[3, 12]","[0, 6]","['1181', '27821', '37955', '20968', '59474']",59474,"['59474', '37955', '1181', '27821', '20968']"
"[19, 13]","[0, 0]","['37914', '35479', '43396', '43324', '8176']",8176,"['37914', '43324', '35479', '43396', '8176']"
"[14, 7]","[3, 26]","['77045', '38835', '67483', '51393', '11033']",11033,"['38835', '67483', '11033', '51393', '77045']"
"[3, 3]","[14, 8]","['10131', '22002', '10017', '72700', '28732']",28732,"['10017', '22002', '28732', '72700', '10131']"
"[3, 21]","[0, 14]","['42206', '14038', '53064', '57272', '1261']",1261,"['57272', '53064', '1261', '14038', '42206']"
"[15, 17]","[19, 18]","['60915', '11908', '1225', '47834', '41277']",41277,"['11908', '47834', '41277', '60915', '1225']"
"[9, 3]","[19, 25]","['14914', '9662', '64671', '74662', '59747']",59747,"['74662', '14914', '59747', '64671', '9662']"
"[9, 11]","[7, 3]","['61914', '335', '78534', '15606', '75828']",75828,"['78534', '75828', '15606', '61914', '335']"
"[15, 28]","[0, 14]","['38548', '3258', '23274', '67905', '1261']",1261,"['23274', '3258', '38548', '1261', '67905']"
"[0, 14]","[3, 16]","['80522', '39894', '1261', '42604', '63317']",63317,"['80522', '42604', '39894', '63317', '1261']"
"[0, 7]","[15, 28]","['66807', '10984', '65801', '72266', '10526']",10526,"['65801', '10984', '66807', '72266', '10526']"
"[19, 5]","[7, 3]","['76431', '63902', '32569', '55314', '61767']",61767,"['55314', '32569', '63902', '61767', '76431']"
"[0, 24]","[19, 14]","['37989', '74418', '31926', '48780', '26703']",26703,"['48780', '31926', '74418', '26703', '37989']"
"[3, 3]","[19, 18]","['30004', '72700', '10017', '994', '30721']",30721,"['10017', '30721', '994', '72700', '30004']"
"[7, 3]","[5, 4]","['75828', '64781', '61767', '52457', '53032']",53032,"['53032', '64781', '75828', '52457', '61767']"
"[5, 19]","[0, 7]","['35619', '51211', '49189', '60473', '65801']",65801,"['60473', '65801', '49189', '35619', '51211']"
"[0, 7]","[19, 28]","['72266', '65801', '10984', '66807', '40111']",40111,"['10984', '66807', '65801', '72266', '40111']"
"[19, 25]","[7, 3]","['74532', '26994', '33749', '59747', '61767']",61767,"['59747', '33749', '74532', '61767', '26994']"
"[19, 8]","[0, 0]","['71082', '36396', '19346', '6777', '78009']",78009,"['36396', '71082', '78009', '19346', '6777']"
"[15, 21]","[5, 22]","['3384', '20839', '13497', '7489', '7217']",7217,"['7489', '20839', '7217', '13497', '3384']"
"[7, 22]","[19, 8]","['31113', '79411', '40679', '23132', '19346']",19346,"['31113', '23132', '40679', '19346', '79411']"
"[3, 21]","[4, 27]","['42206', '57272', '14038', '47060', '77515']",77515,"['57272', '47060', '77515', '42206', '14038']"
"[19, 28]","[0, 0]","['40111', '52721', '42272', '43363', '78009']",78009,"['40111', '78009', '42272', '43363', '52721']"
"[19, 25]","[18, 23]","['59747', '33749', '26994', '74532', '72978']",72978,"['26994', '74532', '59747', '72978', '33749']"
"[7, 20]","[0, 14]","['55305', '2425', '2277', '54372', '17291']",17291,"['55305', '17291', '2277', '2425', '54372']"
"[7, 20]","[3, 12]","['2425', '55305', '2277', '54372', '20968']",20968,"['2277', '2425', '20968', '55305', '54372']"
"[3, 21]","[14, 9]","['57272', '47060', '53064', '42206', '6508']",6508,"['57272', '53064', '6508', '42206', '47060']"
"[7, 3]","[3, 4]","['52457', '64781', '61767', '75828', '9383']",9383,"['75828', '9383', '61767', '52457', '64781']"
"[4, 27]","[19, 25]","['77515', '12888', '5222', '70239', '47247']",47247,"['47247', '5222', '77515', '12888', '70239']"
"[9, 3]","[15, 13]","['1268', '74662', '9662', '64671', '25079']",25079,"['64671', '74662', '1268', '25079', '9662']"
"[5, 29]","[7, 1]","['55950', '18711', '57316', '51743', '12421']",12421,"['51743', '55950', '12421', '18711', '57316']"
"[14, 9]","[19, 10]","['14102', '40550', '26678', '6508', '55791']",55791,"['6508', '40550', '14102', '26678', '55791']"
"[3, 17]","[19, 18]","['54792', '38478', '64047', '12043', '30721']",30721,"['12043', '30721', '38478', '54792', '64047']"
"[19, 18]","[7, 22]","['30721', '36535', '55086', '49556', '23132']",23132,"['55086', '36535', '23132', '30721', '49556']"
"[17, 21]","[19, 5]","['69704', '9795', '62454', '62549', '55314']",55314,"['62454', '62549', '55314', '69704', '9795']"
"[15, 13]","[0, 14]","['53137', '25079', '34763', '42684', '80522']",80522,"['42684', '80522', '25079', '53137', '34763']"
"[0, 2]","[15, 13]","['62759', '67842', '60860', '9836', '25079']",25079,"['60860', '25079', '9836', '62759', '67842']"
"[19, 25]","[14, 9]","['47247', '33749', '26994', '74532', '39708']",39708,"['39708', '74532', '33749', '26994', '47247']"
"[3, 12]","[14, 8]","['20968', '27821', '37955', '1181', '46039']",46039,"['1181', '27821', '37955', '46039', '20968']"
"[7, 20]","[19, 25]","['54372', '2425', '2277', '55305', '33749']",33749,"['2425', '55305', '2277', '33749', '54372']"
"[0, 7]","[17, 21]","['65801', '15613', '10984', '72266', '78147']",78147,"['10984', '78147', '65801', '72266', '15613']"
"[19, 10]","[4, 27]","['25168', '21540', '55791', '73023', '12888']",12888,"['55791', '21540', '25168', '12888', '73023']"
"[14, 9]","[3, 3]","['40550', '39708', '26678', '6508', '10131']",10131,"['6508', '26678', '40550', '39708', '10131']"
"[14, 7]","[15, 28]","['25607', '38835', '51393', '77045', '3258']",3258,"['77045', '38835', '51393', '3258', '25607']"
"[19, 14]","[3, 21]","['64729', '26703', '26372', '72517', '47060']",47060,"['26372', '47060', '26703', '64729', '72517']"
"[7, 1]","[9, 26]","['3536', '12376', '10825', '53652', '7474']",7474,"['53652', '12376', '3536', '10825', '7474']"
"[19, 14]","[3, 5]","['26703', '64729', '72517', '26372', '64']",64,"['64', '26372', '26703', '72517', '64729']"
"[0, 7]","[4, 27]","['65801', '10984', '72266', '15613', '5222']",5222,"['65801', '5222', '72266', '10984', '15613']"
"[3, 4]","[0, 24]","['11039', '35787', '9383', '20671', '48780']",48780,"['20671', '35787', '9383', '48780', '11039']"
"[19, 28]","[15, 17]","['23197', '43363', '52721', '55589', '11908']",11908,"['43363', '23197', '11908', '52721', '55589']"
"[3, 17]","[18, 23]","['54792', '53579', '33084', '12043', '59794']",59794,"['59794', '33084', '53579', '12043', '54792']"
"[19, 5]","[3, 12]","['55314', '32569', '17017', '72346', '1181']",1181,"['1181', '32569', '17017', '72346', '55314']"
"[3, 7]","[7, 1]","['4286', '19992', '73164', '30859', '17550']",17550,"['73164', '30859', '4286', '19992', '17550']"
"[9, 3]","[0, 24]","['1268', '74662', '9662', '14914', '31926']",31926,"['74662', '31926', '14914', '1268', '9662']"
"[0, 7]","[17, 21]","['72266', '15613', '66807', '65801', '62549']",62549,"['15613', '72266', '65801', '66807', '62549']"
"[14, 7]","[3, 28]","['38835', '51393', '77045', '25607', '8257']",8257,"['38835', '25607', '8257', '51393', '77045']"
"[19, 18]","[4, 27]","['55086', '29042', '35149', '41277', '12888']",12888,"['55086', '12888', '29042', '35149', '41277']"
"[15, 21]","[7, 20]","['7489', '3384', '20839', '13497', '2425']",2425,"['2425', '3384', '7489', '20839', '13497']"
"[7, 3]","[0, 24]","['61767', '64781', '52457', '75828', '74418']",74418,"['75828', '61767', '74418', '52457', '64781']"
"[7, 20]","[3, 4]","['2425', '2277', '54372', '55305', '11039']",11039,"['55305', '2277', '54372', '11039', '2425']"
"[7, 3]","[3, 7]","['61767', '75828', '64781', '52457', '73164']",73164,"['64781', '52457', '75828', '61767', '73164']"
"[19, 10]","[5, 29]","['73023', '25618', '55791', '21540', '57316']",57316,"['55791', '21540', '57316', '25618', '73023']"
"[15, 13]","[18, 25]","['20590', '24364', '53137', '42684', '25711']",25711,"['42684', '25711', '20590', '53137', '24364']"
"[7, 22]","[15, 17]","['23132', '79411', '31113', '40679', '11908']",11908,"['23132', '31113', '11908', '40679', '79411']"
"[3, 5]","[19, 8]","['64', '12162', '63514', '74226', '71082']",71082,"['71082', '74226', '64', '12162', '63514']"
"[19, 25]","[14, 8]","['26994', '74532', '59747', '33749', '28694']",28694,"['28694', '33749', '74532', '26994', '59747']"
"[14, 7]","[0, 24]","['38835', '67483', '77045', '25607', '31926']",31926,"['31926', '25607', '67483', '38835', '77045']"
"[15, 28]","[0, 24]","['38548', '23274', '10526', '3258', '48780']",48780,"['23274', '10526', '38548', '3258', '48780']"
"[4, 27]","[3, 28]","['5222', '77515', '12888', '70239', '55090']",55090,"['77515', '5222', '55090', '12888', '70239']"
"[9, 26]","[19, 5]","['6759', '7474', '23716', '50181', '59952']",59952,"['6759', '50181', '59952', '7474', '23716']"
"[18, 25]","[5, 4]","['25711', '4132', '62071', '73827', '51114']",51114,"['51114', '25711', '4132', '73827', '62071']"
"[19, 25]","[5, 4]","['26994', '59747', '74532', '47247', '70560']",70560,"['47247', '59747', '26994', '74532', '70560']"
"[15, 28]","[0, 0]","['67905', '38548', '23274', '10526', '14834']",14834,"['14834', '23274', '10526', '38548', '67905']"
"[19, 8]","[3, 16]","['19346', '71082', '36396', '6777', '11746']",11746,"['36396', '11746', '6777', '19346', '71082']"
"[3, 4]","[5, 29]","['35787', '9383', '20671', '11039', '55950']",55950,"['20671', '11039', '9383', '35787', '55950']"
"[7, 22]","[3, 4]","['31113', '23132', '79411', '40679', '20671']",20671,"['23132', '40679', '31113', '79411', '20671']"
"[0, 6]","[15, 21]","['25447', '59474', '75880', '43375', '20839']",20839,"['59474', '43375', '75880', '20839', '25447']"
"[0, 14]","[19, 28]","['42604', '80522', '17291', '1261', '42272']",42272,"['1261', '80522', '42272', '42604', '17291']"
"[3, 26]","[19, 18]","['9147', '18887', '19246', '1064', '36535']",36535,"['1064', '18887', '36535', '9147', '19246']"
"[3, 12]","[0, 24]","['27821', '20968', '37955', '1181', '48780']",48780,"['20968', '48780', '27821', '37955', '1181']"
"[4, 27]","[0, 6]","['12888', '77515', '70239', '5222', '43036']",43036,"['77515', '43036', '5222', '70239', '12888']"
"[9, 11]","[5, 29]","['41897', '15606', '335', '30907', '18711']",18711,"['30907', '15606', '335', '18711', '41897']"
"[19, 25]","[0, 7]","['26994', '74532', '59747', '33749', '10984']",10984,"['74532', '26994', '59747', '33749', '10984']"
"[5, 19]","[15, 21]","['35619', '51211', '49189', '54232', '3384']",3384,"['51211', '3384', '49189', '54232', '35619']"
"[4, 27]","[3, 5]","['12888', '77515', '5222', '70239', '63514']",63514,"['70239', '12888', '77515', '63514', '5222']"
"[3, 3]","[19, 10]","['22487', '10017', '10131', '72700', '25618']",25618,"['25618', '22487', '10131', '72700', '10017']"
"[17, 18]","[14, 9]","['31693', '21408', '21543', '70105', '40550']",40550,"['31693', '21408', '70105', '40550', '21543']"
"[19, 13]","[0, 2]","['43324', '37914', '35479', '26354', '44125']",44125,"['44125', '35479', '43324', '37914', '26354']"
"[3, 28]","[14, 7]","['55090', '73823', '12683', '8257', '25607']",25607,"['25607', '12683', '8257', '73823', '55090']"
"[15, 28]","[14, 8]","['3258', '23274', '38548', '67905', '28732']",28732,"['23274', '28732', '38548', '67905', '3258']"
"[5, 4]","[3, 7]","['35725', '62609', '63485', '2004', '73164']",73164,"['2004', '62609', '73164', '63485', '35725']"
"[19, 5]","[3, 28]","['55314', '59952', '32569', '63902', '12683']",12683,"['55314', '59952', '63902', '12683', '32569']"
"[15, 17]","[0, 0]","['60915', '11908', '47834', '1225', '8176']",8176,"['47834', '8176', '1225', '60915', '11908']"
"[5, 22]","[19, 5]","['7217', '40863', '48795', '77349', '72346']",72346,"['7217', '48795', '72346', '40863', '77349']"
"[3, 28]","[7, 3]","['42226', '55090', '12683', '8257', '61767']",61767,"['8257', '42226', '61767', '12683', '55090']"
"[19, 5]","[0, 0]","['17017', '59952', '32569', '55314', '28082']",28082,"['28082', '32569', '55314', '59952', '17017']"
"[19, 25]","[0, 0]","['59747', '47247', '26994', '33749', '14834']",14834,"['59747', '14834', '26994', '33749', '47247']"
"[9, 26]","[5, 29]","['50181', '6759', '23716', '7474', '18711']",18711,"['18711', '6759', '7474', '23716', '50181']"
"[3, 16]","[19, 13]","['56017', '63317', '11746', '59100', '43396']",43396,"['11746', '63317', '59100', '43396', '56017']"
"[18, 25]","[15, 17]","['62071', '3282', '25711', '73827', '1225']",1225,"['62071', '73827', '25711', '1225', '3282']"
"[19, 13]","[15, 17]","['43396', '37914', '43324', '35479', '60915']",60915,"['37914', '35479', '43396', '43324', '60915']"
"[3, 5]","[14, 9]","['12162', '63514', '74226', '64', '6508']",6508,"['12162', '74226', '63514', '6508', '64']"
"[15, 17]","[17, 5]","['60915', '47834', '1225', '11908', '33045']",33045,"['47834', '60915', '11908', '1225', '33045']"
"[5, 29]","[3, 3]","['57316', '51743', '18711', '52548', '10017']",10017,"['52548', '57316', '18711', '10017', '51743']"
"[0, 7]","[7, 1]","['65801', '10984', '72266', '66807', '8109']",8109,"['8109', '66807', '65801', '10984', '72266']"
"[15, 28]","[9, 3]","['3258', '10526', '67905', '23274', '74662']",74662,"['23274', '3258', '74662', '10526', '67905']"
"[7, 1]","[19, 8]","['16951', '8109', '12376', '12421', '71082']",71082,"['71082', '12376', '16951', '12421', '8109']"
"[14, 8]","[18, 25]","['28694', '40877', '28732', '46039', '25711']",25711,"['40877', '25711', '28732', '46039', '28694']"
"[9, 3]","[19, 5]","['9662', '1268', '64671', '74662', '55314']",55314,"['9662', '64671', '1268', '55314', '74662']"
"[5, 22]","[9, 4]","['48795', '40863', '57572', '7217', '64614']",64614,"['57572', '48795', '64614', '40863', '7217']"
"[5, 22]","[3, 17]","['77349', '48795', '57572', '7217', '12043']",12043,"['48795', '7217', '57572', '77349', '12043']"
"[14, 9]","[7, 3]","['26506', '39708', '6508', '14102', '64781']",64781,"['26506', '64781', '6508', '14102', '39708']"
"[19, 28]","[5, 29]","['23197', '40111', '55589', '43363', '51743']",51743,"['23197', '43363', '40111', '51743', '55589']"
"[3, 26]","[19, 13]","['32729', '19246', '49864', '9147', '43324']",43324,"['9147', '43324', '19246', '32729', '49864']"
"[15, 28]","[0, 24]","['3258', '67905', '10526', '38548', '74418']",74418,"['67905', '10526', '74418', '38548', '3258']"
"[19, 8]","[17, 5]","['71082', '36396', '6777', '19346', '72055']",72055,"['72055', '6777', '19346', '71082', '36396']"
"[14, 9]","[3, 12]","['40550', '39708', '26506', '14102', '37955']",37955,"['39708', '40550', '37955', '26506', '14102']"
"[5, 4]","[7, 1]","['53032', '62609', '2004', '51114', '12421']",12421,"['62609', '12421', '51114', '53032', '2004']"
"[9, 26]","[7, 20]","['23716', '6759', '27788', '50181', '55305']",55305,"['6759', '55305', '50181', '23716', '27788']"
"[18, 23]","[5, 4]","['6216', '12104', '72978', '14167', '51114']",51114,"['12104', '51114', '72978', '6216', '14167']"
"[3, 7]","[0, 14]","['19992', '73164', '37907', '30859', '37963']",37963,"['30859', '37963', '73164', '37907', '19992']"
"[9, 3]","[5, 22]","['64671', '14914', '74662', '9662', '77349']",77349,"['77349', '64671', '74662', '14914', '9662']"
"[7, 20]","[18, 25]","['54372', '55305', '2277', '2425', '4132']",4132,"['55305', '2425', '54372', '4132', '2277']"
"[3, 12]","[19, 8]","['20968', '1181', '27821', '37955', '71082']",71082,"['37955', '20968', '71082', '1181', '27821']"
"[3, 3]","[19, 5]","['72700', '22002', '30004', '10131', '32569']",32569,"['10131', '22002', '32569', '30004', '72700']"
"[14, 9]","[7, 1]","['6508', '26506', '40550', '39708', '12376']",12376,"['39708', '6508', '40550', '12376', '26506']"
"[14, 7]","[3, 16]","['77045', '67483', '51393', '25607', '11746']",11746,"['77045', '67483', '25607', '11746', '51393']"
"[19, 10]","[7, 3]","['25618', '55791', '25168', '21540', '52457']",52457,"['25168', '52457', '21540', '25618', '55791']"
"[19, 13]","[3, 26]","['43396', '43324', '35479', '26354', '11033']",11033,"['35479', '43396', '11033', '43324', '26354']"
"[19, 25]","[15, 28]","['47247', '74532', '26994', '33749', '3258']",3258,"['47247', '3258', '26994', '33749', '74532']"
"[0, 2]","[17, 5]","['63508', '80744', '45218', '27625', '72055']",72055,"['80744', '63508', '45218', '27625', '72055']"
"[9, 3]","[5, 4]","['1268', '74662', '9662', '64671', '70560']",70560,"['74662', '9662', '70560', '64671', '1268']"
"[9, 26]","[3, 17]","['6759', '23716', '50181', '7474', '54792']",54792,"['23716', '54792', '50181', '6759', '7474']"
"[3, 17]","[9, 3]","['12043', '38478', '64047', '33084', '1268']",1268,"['12043', '38478', '1268', '33084', '64047']"
"[19, 25]","[3, 21]","['74532', '26994', '47247', '59747', '42206']",42206,"['74532', '26994', '47247', '59747', '42206']"
"[7, 20]","[19, 28]","['2425', '2277', '54372', '55305', '40111']",40111,"['40111', '2425', '2277', '54372', '55305']"
"[17, 18]","[3, 5]","['70105', '51240', '66935', '66316', '74226']",74226,"['66935', '70105', '66316', '74226', '51240']"
"[18, 23]","[3, 4]","['5909', '48306', '12104', '42151', '35787']",35787,"['48306', '5909', '42151', '12104', '35787']"
"[3, 5]","[0, 0]","['74226', '12162', '64', '63514', '8176']",8176,"['12162', '74226', '63514', '64', '8176']"
"[3, 28]","[19, 10]","['8257', '42226', '12683', '55090', '21540']",21540,"['21540', '8257', '55090', '12683', '42226']"
"[15, 17]","[9, 3]","['60915', '47834', '11908', '1225', '1268']",1268,"['60915', '1268', '1225', '47834', '11908']"
"[5, 29]","[19, 8]","['51743', '21765', '52548', '57316', '36396']",36396,"['51743', '36396', '57316', '21765', '52548']"
"[15, 17]","[7, 22]","['1225', '60915', '11908', '47834', '23132']",23132,"['47834', '23132', '11908', '60915', '1225']"
"[18, 25]","[19, 28]","['4132', '3282', '25711', '62071', '23197']",23197,"['4132', '23197', '25711', '62071', '3282']"
"[7, 22]","[19, 5]","['31113', '23132', '40679', '79411', '32569']",32569,"['31113', '40679', '32569', '23132', '79411']"
"[9, 3]","[3, 7]","['64671', '14914', '1268', '74662', '30859']",30859,"['64671', '14914', '1268', '74662', '30859']"
"[0, 24]","[5, 22]","['48780', '31926', '37989', '74418', '48795']",48795,"['37989', '48795', '74418', '31926', '48780']"
"[5, 22]","[0, 6]","['7217', '48795', '57572', '40863', '41154']",41154,"['57572', '48795', '41154', '7217', '40863']"
"[15, 28]","[14, 8]","['10526', '3258', '67905', '38548', '39691']",39691,"['10526', '38548', '3258', '67905', '39691']"
"[19, 10]","[5, 29]","['25168', '55791', '25618', '73023', '51743']",51743,"['73023', '51743', '25168', '25618', '55791']"
"[19, 28]","[0, 24]","['43363', '42272', '52721', '23197', '37989']",37989,"['42272', '37989', '43363', '23197', '52721']"
"[0, 14]","[17, 21]","['75707', '39894', '1261', '80522', '9795']",9795,"['1261', '9795', '39894', '80522', '75707']"
"[14, 7]","[3, 4]","['67483', '51393', '25607', '77045', '20671']",20671,"['25607', '67483', '20671', '77045', '51393']"
"[3, 17]","[14, 7]","['64047', '33084', '53579', '12043', '77045']",77045,"['53579', '33084', '12043', '77045', '64047']"
"[0, 24]","[7, 22]","['31926', '74418', '48780', '37989', '79411']",79411,"['48780', '37989', '74418', '31926', '79411']"
"[3, 16]","[14, 8]","['11746', '56017', '59100', '177', '28732']",28732,"['56017', '11746', '59100', '177', '28732']"
"[9, 4]","[18, 23]","['79413', '64614', '80219', '50510', '72978']",72978,"['79413', '50510', '80219', '64614', '72978']"
"[3, 26]","[7, 20]","['32729', '72586', '9147', '68096', '54372']",54372,"['32729', '9147', '72586', '54372', '68096']"
"[5, 19]","[19, 28]","['77183', '63077', '10743', '35619', '23197']",23197,"['23197', '63077', '10743', '35619', '77183']"
"[5, 4]","[3, 28]","['63485', '70560', '62609', '27706', '12683']",12683,"['62609', '70560', '12683', '63485', '27706']"
"[4, 27]","[19, 28]","['12888', '70239', '5222', '77515', '43363']",43363,"['70239', '12888', '43363', '77515', '5222']"
"[3, 17]","[9, 4]","['64047', '54792', '38478', '12043', '50510']",50510,"['54792', '64047', '12043', '38478', '50510']"
"[18, 25]","[17, 21]","['73827', '62071', '3282', '25711', '69704']",69704,"['73827', '3282', '25711', '62071', '69704']"
"[5, 22]","[4, 27]","['40863', '77349', '57572', '7217', '5222']",5222,"['77349', '57572', '7217', '5222', '40863']"
"[3, 28]","[0, 6]","['73823', '12683', '55090', '8257', '43036']",43036,"['73823', '8257', '12683', '55090', '43036']"
"[15, 21]","[19, 10]","['20839', '7489', '13497', '3384', '25618']",25618,"['7489', '13497', '25618', '20839', '3384']"
"[14, 9]","[3, 7]","['6508', '40550', '14102', '26678', '30859']",30859,"['6508', '26678', '30859', '14102', '40550']"
"[3, 26]","[5, 4]","['32729', '1064', '49864', '72586', '51114']",51114,"['51114', '1064', '49864', '72586', '32729']"
"[19, 5]","[5, 22]","['32569', '76431', '17017', '72346', '40863']",40863,"['76431', '72346', '17017', '40863', '32569']"
"[3, 3]","[19, 25]","['10017', '10131', '22002', '994', '33749']",33749,"['994', '10131', '33749', '22002', '10017']"
"[3, 26]","[7, 20]","['68096', '11033', '9147', '72586', '2425']",2425,"['9147', '68096', '11033', '72586', '2425']"
"[19, 25]","[4, 27]","['26994', '74532', '47247', '59747', '77515']",77515,"['74532', '26994', '47247', '59747', '77515']"
"[17, 5]","[19, 18]","['7913', '33045', '72055', '50221', '30721']",30721,"['30721', '33045', '7913', '72055', '50221']"
"[3, 21]","[5, 4]","['57272', '14038', '47060', '42206', '51114']",51114,"['42206', '47060', '57272', '14038', '51114']"
"[3, 21]","[17, 5]","['57272', '14038', '42206', '53064', '33045']",33045,"['42206', '33045', '14038', '57272', '53064']"
"[3, 7]","[18, 23]","['4286', '30859', '19796', '73164', '10433']",10433,"['4286', '30859', '19796', '10433', '73164']"
"[7, 1]","[3, 21]","['8109', '16951', '53652', '12376', '14038']",14038,"['16951', '14038', '12376', '8109', '53652']"
"[7, 3]","[15, 28]","['75828', '64781', '52457', '61767', '23274']",23274,"['61767', '75828', '64781', '52457', '23274']"
"[0, 14]","[7, 20]","['1261', '75707', '17291', '80522', '2277']",2277,"['1261', '2277', '17291', '75707', '80522']"
"[18, 23]","[17, 5]","['14167', '64148', '64247', '67584', '33045']",33045,"['67584', '14167', '64148', '33045', '64247']"
"[3, 21]","[17, 18]","['57272', '14038', '47060', '53064', '21543']",21543,"['47060', '57272', '53064', '14038', '21543']"
"[15, 13]","[5, 29]","['24364', '53137', '20590', '42684', '51743']",51743,"['51743', '53137', '24364', '42684', '20590']"
"[3, 7]","[18, 25]","['19796', '73164', '19992', '4286', '3282']",3282,"['19992', '4286', '19796', '3282', '73164']"
"[5, 22]","[0, 2]","['57572', '40863', '77349', '48795', '51831']",51831,"['51831', '48795', '77349', '40863', '57572']"
"[0, 7]","[5, 19]","['66807', '15613', '65801', '72266', '60473']",60473,"['66807', '60473', '65801', '15613', '72266']"
"[7, 1]","[19, 14]","['8109', '16951', '12421', '12376', '26703']",26703,"['16951', '8109', '26703', '12421', '12376']"
"[4, 27]","[0, 0]","['70239', '5222', '77515', '12888', '78009']",78009,"['70239', '12888', '78009', '5222', '77515']"
"[18, 23]","[3, 21]","['72978', '26755', '10433', '61353', '14038']",14038,"['72978', '10433', '61353', '14038', '26755']"
"[0, 0]","[14, 9]","['78009', '14834', '28082', '8176', '26678']",26678,"['28082', '8176', '26678', '78009', '14834']"
"[3, 28]","[0, 0]","['73823', '12683', '55090', '42226', '8176']",8176,"['73823', '8176', '12683', '42226', '55090']"
"[17, 21]","[19, 18]","['78147', '40487', '9795', '62454', '74633']",74633,"['62454', '78147', '74633', '40487', '9795']"
"[17, 18]","[3, 3]","['31693', '21543', '66935', '70105', '30004']",30004,"['66935', '31693', '70105', '30004', '21543']"
"[3, 16]","[9, 26]","['63317', '11746', '56017', '59100', '23716']",23716,"['11746', '23716', '63317', '59100', '56017']"
"[15, 28]","[17, 21]","['38548', '10526', '67905', '23274', '62454']",62454,"['67905', '23274', '62454', '10526', '38548']"
"[17, 21]","[15, 17]","['40487', '78147', '62454', '9795', '60915']",60915,"['9795', '78147', '60915', '62454', '40487']"
"[9, 3]","[15, 13]","['14914', '64671', '1268', '9662', '20590']",20590,"['14914', '64671', '9662', '1268', '20590']"
"[19, 13]","[14, 7]","['37914', '26354', '35479', '42612', '77045']",77045,"['42612', '77045', '26354', '37914', '35479']"
"[19, 8]","[3, 7]","['36396', '19346', '71082', '6777', '4286']",4286,"['36396', '19346', '6777', '71082', '4286']"
"[17, 5]","[18, 23]","['7913', '33045', '72055', '50221', '15451']",15451,"['15451', '33045', '50221', '72055', '7913']"
"[19, 13]","[3, 16]","['43396', '42612', '35479', '43324', '177']",177,"['43324', '177', '42612', '35479', '43396']"
"[19, 10]","[0, 6]","['73023', '25168', '21540', '25618', '41154']",41154,"['25168', '25618', '73023', '21540', '41154']"
"[0, 24]","[19, 5]","['37989', '31926', '74418', '48780', '63902']",63902,"['31926', '37989', '74418', '63902', '48780']"
"[18, 23]","[3, 3]","['78682', '15451', '61353', '26052', '10017']",10017,"['78682', '61353', '15451', '26052', '10017']"
"[19, 28]","[0, 2]","['43363', '52721', '40111', '55589', '63508']",63508,"['63508', '43363', '52721', '55589', '40111']"
"[3, 26]","[9, 4]","['50906', '34449', '19246', '68096', '64614']",64614,"['50906', '64614', '34449', '19246', '68096']"
"[14, 7]","[19, 10]","['25607', '38835', '51393', '67483', '25618']",25618,"['51393', '67483', '38835', '25618', '25607']"
"[3, 4]","[5, 29]","['11039', '9383', '20671', '35787', '57316']",57316,"['9383', '20671', '35787', '11039', '57316']"
"[5, 22]","[19, 10]","['77349', '40863', '7217', '57572', '55791']",55791,"['55791', '77349', '7217', '57572', '40863']"
"[19, 5]","[17, 18]","['72346', '17017', '76431', '59952', '51240']",51240,"['59952', '72346', '76431', '51240', '17017']"
"[3, 17]","[9, 11]","['64047', '12043', '53579', '38478', '52758']",52758,"['64047', '52758', '38478', '12043', '53579']"
"[3, 7]","[17, 21]","['19992', '4286', '73164', '30859', '62454']",62454,"['4286', '30859', '62454', '19992', '73164']"
"[14, 7]","[5, 29]","['51393', '77045', '38835', '67483', '52548']",52548,"['52548', '67483', '38835', '51393', '77045']"
"[17, 5]","[3, 26]","['33045', '7913', '72055', '50221', '49864']",49864,"['72055', '49864', '33045', '50221', '7913']"
"[18, 23]","[7, 22]","['67584', '26052', '6216', '12104', '40679']",40679,"['6216', '12104', '67584', '26052', '40679']"
"[15, 28]","[19, 18]","['67905', '3258', '23274', '38548', '30721']",30721,"['23274', '38548', '67905', '3258', '30721']"
"[18, 23]","[5, 22]","['61353', '14167', '72365', '48306', '77349']",77349,"['14167', '48306', '77349', '61353', '72365']"
"[18, 25]","[14, 9]","['4132', '62071', '3282', '25711', '40550']",40550,"['62071', '3282', '40550', '25711', '4132']"
"[19, 10]","[0, 6]","['25168', '21540', '25618', '73023', '59474']",59474,"['73023', '25168', '21540', '59474', '25618']"
"[0, 2]","[17, 21]","['44802', '9836', '43995', '67842', '40487']",40487,"['67842', '44802', '43995', '9836', '40487']"
"[0, 2]","[5, 22]","['45218', '67465', '51831', '44802', '40863']",40863,"['67465', '40863', '51831', '44802', '45218']"
"[5, 4]","[7, 1]","['53032', '62609', '27706', '35725', '12421']",12421,"['62609', '53032', '35725', '12421', '27706']"
"[0, 6]","[5, 22]","['75880', '25447', '41154', '43036', '48795']",48795,"['43036', '25447', '48795', '75880', '41154']"
"[3, 28]","[14, 7]","['73823', '12683', '42226', '8257', '51393']",51393,"['42226', '12683', '8257', '51393', '73823']"
"[7, 3]","[0, 7]","['64781', '75828', '61767', '52457', '10984']",10984,"['75828', '10984', '61767', '52457', '64781']"
"[17, 5]","[0, 7]","['33045', '72055', '50221', '7913', '15613']",15613,"['72055', '50221', '33045', '15613', '7913']"
"[15, 28]","[7, 3]","['23274', '10526', '67905', '3258', '75828']",75828,"['23274', '10526', '3258', '75828', '67905']"
"[3, 7]","[19, 10]","['30859', '73164', '19992', '19796', '25168']",25168,"['19992', '25168', '30859', '73164', '19796']"
"[5, 29]","[0, 24]","['51743', '52548', '57316', '55950', '37989']",37989,"['52548', '37989', '55950', '51743', '57316']"
"[17, 5]","[19, 10]","['33045', '50221', '7913', '72055', '55791']",55791,"['72055', '7913', '55791', '50221', '33045']"
"[7, 1]","[19, 13]","['3536', '16951', '12421', '53652', '42612']",42612,"['12421', '53652', '42612', '3536', '16951']"
"[15, 21]","[9, 3]","['20839', '7489', '3384', '13497', '74662']",74662,"['13497', '20839', '74662', '3384', '7489']"
"[0, 7]","[19, 14]","['10984', '65801', '15613', '66807', '26372']",26372,"['15613', '66807', '65801', '10984', '26372']"
"[14, 9]","[19, 5]","['26506', '14102', '39708', '6508', '63902']",63902,"['6508', '39708', '63902', '26506', '14102']"
"[3, 7]","[5, 19]","['30859', '19796', '4286', '19992', '53655']",53655,"['19796', '53655', '30859', '4286', '19992']"
"[5, 22]","[19, 14]","['40863', '57572', '48795', '7217', '64729']",64729,"['64729', '57572', '7217', '40863', '48795']"
"[9, 4]","[19, 28]","['64614', '80219', '79413', '50510', '42272']",42272,"['80219', '64614', '50510', '42272', '79413']"
"[3, 7]","[14, 8]","['30859', '19796', '4286', '73164', '46039']",46039,"['46039', '73164', '30859', '4286', '19796']"
"[14, 8]","[3, 5]","['28694', '28732', '40877', '46039', '74226']",74226,"['28694', '40877', '74226', '28732', '46039']"
"[3, 5]","[18, 23]","['64', '63514', '74226', '12162', '26052']",26052,"['12162', '26052', '63514', '64', '74226']"
"[15, 28]","[19, 14]","['10526', '38548', '3258', '67905', '64729']",64729,"['64729', '3258', '67905', '38548', '10526']"
"[18, 23]","[14, 7]","['20502', '40817', '32105', '61353', '25607']",25607,"['40817', '20502', '32105', '25607', '61353']"
"[3, 21]","[19, 28]","['47060', '42206', '57272', '53064', '42272']",42272,"['42206', '42272', '47060', '53064', '57272']"
"[19, 10]","[15, 28]","['21540', '55791', '25168', '25618', '3258']",3258,"['25618', '25168', '55791', '21540', '3258']"
"[3, 17]","[14, 9]","['64047', '12043', '38478', '33084', '14102']",14102,"['33084', '38478', '12043', '64047', '14102']"
"[3, 7]","[19, 14]","['37907', '30859', '19992', '19796', '26372']",26372,"['26372', '19796', '30859', '37907', '19992']"
"[3, 5]","[5, 19]","['74226', '64', '12162', '63514', '54232']",54232,"['54232', '12162', '74226', '63514', '64']"
"[19, 14]","[4, 27]","['64729', '26372', '26703', '72517', '77515']",77515,"['64729', '26703', '26372', '72517', '77515']"
"[9, 3]","[19, 13]","['14914', '9662', '1268', '64671', '42612']",42612,"['14914', '9662', '42612', '1268', '64671']"
"[19, 14]","[0, 0]","['64729', '26372', '72517', '26703', '78009']",78009,"['72517', '64729', '78009', '26372', '26703']"
"[3, 5]","[5, 22]","['64', '74226', '12162', '63514', '7217']",7217,"['63514', '74226', '7217', '64', '12162']"
"[5, 29]","[3, 28]","['18711', '52548', '51743', '55950', '55090']",55090,"['51743', '55950', '52548', '55090', '18711']"
"[19, 25]","[3, 3]","['47247', '26994', '33749', '59747', '994']",994,"['33749', '59747', '994', '47247', '26994']"
"[14, 8]","[15, 21]","['28694', '28732', '46039', '39691', '13497']",13497,"['28694', '39691', '46039', '13497', '28732']"
"[0, 7]","[5, 22]","['65801', '15613', '72266', '10984', '7217']",7217,"['7217', '65801', '10984', '15613', '72266']"
"[19, 10]","[3, 21]","['25618', '21540', '25168', '73023', '57272']",57272,"['25168', '73023', '21540', '25618', '57272']"
"[15, 17]","[0, 14]","['1225', '47834', '11908', '60915', '37963']",37963,"['60915', '11908', '37963', '1225', '47834']"
"[18, 25]","[17, 5]","['25711', '4132', '62071', '73827', '7913']",7913,"['62071', '4132', '7913', '73827', '25711']"
"[3, 26]","[5, 29]","['72586', '32729', '34449', '40031', '51743']",51743,"['72586', '51743', '40031', '32729', '34449']"
"[19, 18]","[5, 22]","['35149', '29042', '55086', '41277', '77349']",77349,"['41277', '29042', '55086', '77349', '35149']"
"[9, 4]","[14, 8]","['80219', '50510', '79413', '64614', '46039']",46039,"['46039', '64614', '50510', '79413', '80219']"
"[19, 13]","[4, 27]","['43396', '43324', '37914', '42612', '5222']",5222,"['42612', '5222', '37914', '43324', '43396']"
"[5, 29]","[0, 6]","['21765', '57316', '52548', '55950', '25447']",25447,"['52548', '21765', '25447', '57316', '55950']"
"[4, 27]","[9, 11]","['77515', '12888', '5222', '70239', '30907']",30907,"['5222', '30907', '77515', '12888', '70239']"
"[9, 26]","[0, 24]","['23716', '7474', '50181', '27788', '37989']",37989,"['7474', '37989', '27788', '50181', '23716']"
"[19, 28]","[3, 4]","['55589', '43363', '42272', '23197', '11039']",11039,"['55589', '11039', '42272', '23197', '43363']"
"[19, 5]","[15, 13]","['63902', '59952', '17017', '72346', '42684']",42684,"['42684', '59952', '72346', '63902', '17017']"
"[0, 24]","[5, 4]","['37989', '74418', '48780', '31926', '62609']",62609,"['48780', '74418', '62609', '37989', '31926']"
"[3, 4]","[19, 10]","['35787', '9383', '20671', '11039', '21540']",21540,"['20671', '9383', '35787', '21540', '11039']"
"[0, 2]","[3, 16]","['9836', '59390', '28242', '63508', '59100']",59100,"['9836', '28242', '59100', '63508', '59390']"
"[3, 26]","[18, 23]","['72586', '1064', '9147', '32729', '64148']",64148,"['32729', '1064', '64148', '9147', '72586']"
"[9, 4]","[4, 27]","['64614', '79413', '80219', '50510', '5222']",5222,"['80219', '64614', '50510', '79413', '5222']"
"[17, 18]","[3, 28]","['66935', '51240', '21408', '31693', '42226']",42226,"['42226', '66935', '31693', '21408', '51240']"
"[7, 20]","[19, 10]","['55305', '54372', '2277', '2425', '25168']",25168,"['2277', '55305', '2425', '25168', '54372']"
"[3, 7]","[7, 3]","['4286', '30859', '37907', '19796', '61767']",61767,"['61767', '19796', '30859', '37907', '4286']"
"[19, 5]","[15, 21]","['55314', '76431', '17017', '72346', '13497']",13497,"['17017', '72346', '55314', '76431', '13497']"
"[3, 5]","[9, 11]","['64', '12162', '74226', '63514', '61914']",61914,"['74226', '61914', '12162', '64', '63514']"
"[15, 13]","[5, 4]","['34763', '24364', '25079', '42684', '51114']",51114,"['25079', '24364', '42684', '34763', '51114']"
"[3, 4]","[5, 19]","['20671', '35787', '9383', '11039', '54232']",54232,"['11039', '35787', '54232', '20671', '9383']"
"[19, 14]","[3, 16]","['72517', '26703', '64729', '26372', '11746']",11746,"['72517', '26703', '11746', '26372', '64729']"
"[15, 28]","[7, 22]","['23274', '67905', '3258', '38548', '23132']",23132,"['3258', '67905', '23274', '38548', '23132']"
"[3, 21]","[5, 22]","['53064', '42206', '47060', '14038', '57572']",57572,"['47060', '57572', '42206', '53064', '14038']"
"[15, 28]","[9, 26]","['10526', '3258', '23274', '67905', '6759']",6759,"['3258', '10526', '6759', '67905', '23274']"
"[0, 7]","[3, 16]","['65801', '66807', '72266', '15613', '63317']",63317,"['63317', '72266', '15613', '65801', '66807']"
"[4, 27]","[7, 20]","['12888', '5222', '70239', '77515', '54372']",54372,"['5222', '12888', '70239', '77515', '54372']"
"[19, 5]","[3, 3]","['17017', '55314', '32569', '76431', '72700']",72700,"['55314', '76431', '17017', '32569', '72700']"
"[17, 18]","[15, 28]","['21408', '21543', '66316', '6955', '10526']",10526,"['6955', '21408', '10526', '21543', '66316']"
"[3, 3]","[19, 5]","['30004', '994', '10017', '22487', '55314']",55314,"['10017', '30004', '994', '55314', '22487']"
"[15, 21]","[19, 18]","['20839', '13497', '7489', '3384', '49556']",49556,"['20839', '7489', '13497', '3384', '49556']"
"[5, 29]","[3, 17]","['55950', '18711', '21765', '57316', '64047']",64047,"['18711', '21765', '55950', '57316', '64047']"
"[5, 29]","[3, 5]","['18711', '21765', '55950', '52548', '63514']",63514,"['63514', '18711', '21765', '55950', '52548']"
"[7, 3]","[15, 17]","['61767', '64781', '52457', '75828', '1225']",1225,"['52457', '61767', '1225', '75828', '64781']"
"[0, 24]","[15, 13]","['31926', '48780', '74418', '37989', '68970']",68970,"['68970', '74418', '48780', '31926', '37989']"
"[5, 29]","[9, 4]","['21765', '55950', '57316', '18711', '50510']",50510,"['57316', '50510', '18711', '55950', '21765']"
"[3, 26]","[7, 3]","['1064', '19246', '49864', '50906', '52457']",52457,"['1064', '50906', '49864', '19246', '52457']"
"[17, 21]","[15, 17]","['40487', '69704', '9795', '62549', '60915']",60915,"['60915', '9795', '62549', '69704', '40487']"
"[17, 21]","[4, 27]","['69704', '62454', '62549', '40487', '70239']",70239,"['62549', '62454', '69704', '70239', '40487']"
"[9, 3]","[17, 5]","['9662', '74662', '64671', '1268', '33045']",33045,"['64671', '33045', '9662', '74662', '1268']"
"[9, 4]","[19, 18]","['79413', '80219', '64614', '50510', '49556']",49556,"['49556', '80219', '64614', '79413', '50510']"
"[9, 4]","[19, 13]","['50510', '79413', '64614', '80219', '35479']",35479,"['79413', '35479', '80219', '50510', '64614']"
"[0, 7]","[19, 10]","['72266', '10984', '15613', '66807', '25168']",25168,"['72266', '10984', '25168', '66807', '15613']"
"[19, 5]","[5, 29]","['76431', '59952', '32569', '17017', '51743']",51743,"['32569', '59952', '51743', '17017', '76431']"
"[19, 14]","[17, 18]","['64729', '72517', '26703', '26372', '31693']",31693,"['72517', '26703', '64729', '26372', '31693']"
"[5, 4]","[0, 7]","['35725', '51114', '62609', '27706', '15613']",15613,"['15613', '27706', '62609', '51114', '35725']"
"[0, 14]","[14, 8]","['80522', '75707', '37963', '42604', '39691']",39691,"['39691', '75707', '37963', '42604', '80522']"
"[7, 1]","[3, 16]","['12376', '10825', '53652', '12421', '177']",177,"['12421', '177', '53652', '12376', '10825']"
"[19, 28]","[3, 26]","['42272', '52721', '40111', '43363', '50906']",50906,"['43363', '40111', '42272', '52721', '50906']"
"[3, 26]","[7, 22]","['50906', '1064', '68096', '49864', '31113']",31113,"['49864', '1064', '31113', '68096', '50906']"
"[0, 14]","[3, 5]","['1261', '37963', '39894', '17291', '64']",64,"['17291', '39894', '64', '1261', '37963']"
"[3, 5]","[7, 3]","['12162', '74226', '64', '63514', '64781']",64781,"['63514', '12162', '64781', '64', '74226']"
"[3, 21]","[17, 5]","['42206', '14038', '53064', '57272', '72055']",72055,"['42206', '14038', '72055', '53064', '57272']"
"[3, 28]","[18, 23]","['8257', '12683', '55090', '42226', '65195']",65195,"['65195', '42226', '8257', '12683', '55090']"
"[7, 20]","[15, 17]","['54372', '55305', '2277', '2425', '47834']",47834,"['54372', '47834', '2425', '2277', '55305']"
"[0, 24]","[9, 3]","['37989', '74418', '48780', '31926', '1268']",1268,"['37989', '48780', '74418', '31926', '1268']"
"[15, 13]","[5, 22]","['42684', '20590', '25079', '24364', '7217']",7217,"['25079', '7217', '20590', '24364', '42684']"
"[19, 10]","[3, 17]","['73023', '21540', '25618', '25168', '54792']",54792,"['25168', '54792', '73023', '21540', '25618']"
"[5, 22]","[3, 21]","['7217', '77349', '57572', '40863', '47060']",47060,"['47060', '40863', '7217', '57572', '77349']"
"[7, 20]","[0, 2]","['54372', '2277', '55305', '2425', '43629']",43629,"['2277', '54372', '2425', '43629', '55305']"
"[19, 18]","[14, 9]","['74633', '29042', '58616', '41277', '26506']",26506,"['74633', '41277', '29042', '58616', '26506']"
"[5, 19]","[9, 4]","['10743', '35619', '51211', '53655', '64614']",64614,"['53655', '10743', '35619', '64614', '51211']"
"[3, 17]","[5, 19]","['54792', '38478', '53579', '33084', '77183']",77183,"['33084', '54792', '53579', '77183', '38478']"
"[19, 8]","[3, 17]","['36396', '19346', '6777', '71082', '33084']",33084,"['71082', '36396', '33084', '6777', '19346']"
"[19, 13]","[4, 27]","['43396', '26354', '42612', '43324', '70239']",70239,"['70239', '42612', '43324', '26354', '43396']"
"[7, 22]","[0, 6]","['23132', '31113', '40679', '79411', '43375']",43375,"['79411', '23132', '43375', '40679', '31113']"
"[19, 18]","[0, 14]","['30721', '58616', '74633', '55086', '37963']",37963,"['58616', '30721', '55086', '74633', '37963']"
"[19, 18]","[0, 6]","['29042', '58616', '74633', '36535', '49395']",49395,"['36535', '29042', '58616', '74633', '49395']"
"[0, 2]","[3, 26]","['9836', '44125', '51831', '32703', '18887']",18887,"['32703', '18887', '9836', '44125', '51831']"
"[15, 21]","[18, 23]","['3384', '13497', '20839', '7489', '5909']",5909,"['20839', '3384', '7489', '13497', '5909']"
"[17, 21]","[5, 4]","['40487', '9795', '62549', '69704', '63485']",63485,"['9795', '63485', '62549', '40487', '69704']"
"[3, 16]","[0, 24]","['56017', '177', '63317', '59100', '74418']",74418,"['59100', '56017', '177', '63317', '74418']"
"[3, 7]","[19, 18]","['73164', '37907', '4286', '30859', '55086']",55086,"['73164', '37907', '30859', '4286', '55086']"
"[3, 3]","[17, 5]","['994', '10131', '30004', '22487', '33045']",33045,"['30004', '22487', '10131', '994', '33045']"
"[3, 4]","[0, 6]","['35787', '20671', '11039', '9383', '49395']",49395,"['35787', '11039', '49395', '9383', '20671']"
"[19, 10]","[3, 3]","['73023', '55791', '21540', '25618', '72700']",72700,"['55791', '21540', '73023', '25618', '72700']"
"[17, 5]","[19, 28]","['72055', '50221', '7913', '33045', '43363']",43363,"['50221', '7913', '43363', '33045', '72055']"
"[17, 5]","[15, 17]","['7913', '33045', '72055', '50221', '60915']",60915,"['50221', '33045', '72055', '7913', '60915']"
"[17, 18]","[0, 24]","['66316', '46660', '66935', '51240', '31926']",31926,"['66935', '51240', '66316', '46660', '31926']"
"[3, 5]","[5, 19]","['74226', '63514', '12162', '64', '49189']",49189,"['63514', '49189', '64', '12162', '74226']"
"[0, 7]","[9, 4]","['66807', '72266', '65801', '10984', '50510']",50510,"['65801', '10984', '72266', '50510', '66807']"
"[19, 5]","[15, 28]","['59952', '76431', '63902', '32569', '67905']",67905,"['63902', '76431', '59952', '67905', '32569']"
"[7, 3]","[14, 9]","['75828', '64781', '52457', '61767', '39708']",39708,"['64781', '52457', '75828', '39708', '61767']"
"[19, 8]","[9, 3]","['6777', '19346', '71082', '36396', '64671']",64671,"['36396', '19346', '71082', '64671', '6777']"
"[5, 22]","[3, 16]","['48795', '40863', '77349', '7217', '177']",177,"['77349', '40863', '48795', '177', '7217']"
"[19, 25]","[0, 6]","['33749', '59747', '47247', '74532', '43036']",43036,"['33749', '59747', '47247', '74532', '43036']"
"[7, 20]","[15, 21]","['54372', '2425', '55305', '2277', '20839']",20839,"['2277', '55305', '2425', '54372', '20839']"
"[3, 28]","[7, 22]","['8257', '12683', '55090', '42226', '31113']",31113,"['8257', '31113', '12683', '55090', '42226']"
"[3, 28]","[5, 4]","['12683', '55090', '42226', '8257', '53032']",53032,"['12683', '55090', '8257', '53032', '42226']"
"[18, 23]","[3, 21]","['26052', '42151', '20502', '5909', '42206']",42206,"['42206', '5909', '26052', '20502', '42151']"
"[15, 13]","[19, 25]","['34763', '68970', '24364', '20590', '74532']",74532,"['20590', '34763', '24364', '74532', '68970']"
"[5, 22]","[3, 5]","['40863', '48795', '57572', '77349', '74226']",74226,"['48795', '40863', '57572', '74226', '77349']"
"[3, 28]","[0, 0]","['8257', '12683', '73823', '42226', '14834']",14834,"['73823', '42226', '12683', '8257', '14834']"
"[0, 2]","[4, 27]","['67842', '44802', '59390', '44125', '77515']",77515,"['44125', '59390', '67842', '44802', '77515']"
"[15, 28]","[0, 2]","['38548', '67905', '23274', '10526', '48095']",48095,"['10526', '38548', '23274', '48095', '67905']"
"[0, 2]","[7, 3]","['43995', '28242', '67465', '51831', '61767']",61767,"['28242', '43995', '67465', '61767', '51831']"
"[0, 14]","[5, 19]","['17291', '1261', '39894', '80522', '77183']",77183,"['80522', '17291', '39894', '1261', '77183']"
"[0, 7]","[14, 8]","['72266', '10984', '65801', '15613', '40877']",40877,"['72266', '10984', '15613', '65801', '40877']"
"[5, 19]","[19, 28]","['51211', '60473', '77183', '54232', '55589']",55589,"['55589', '60473', '51211', '54232', '77183']"
"[14, 7]","[19, 5]","['38835', '67483', '77045', '51393', '63902']",63902,"['77045', '63902', '67483', '38835', '51393']"
"[3, 3]","[0, 0]","['22487', '10017', '72700', '30004', '14834']",14834,"['30004', '72700', '14834', '10017', '22487']"
"[0, 0]","[5, 19]","['78009', '14834', '8176', '28082', '60473']",60473,"['8176', '78009', '60473', '28082', '14834']"
"[14, 8]","[9, 11]","['46039', '28694', '28732', '39691', '15606']",15606,"['28732', '46039', '15606', '28694', '39691']"
"[14, 8]","[19, 13]","['40877', '39691', '28732', '46039', '43396']",43396,"['39691', '28732', '40877', '43396', '46039']"
"[14, 7]","[7, 3]","['67483', '38835', '51393', '25607', '75828']",75828,"['51393', '67483', '75828', '25607', '38835']"
"[17, 21]","[19, 14]","['62454', '62549', '78147', '40487', '72517']",72517,"['72517', '40487', '62549', '62454', '78147']"
"[19, 14]","[15, 17]","['64729', '26703', '26372', '72517', '60915']",60915,"['26372', '26703', '64729', '72517', '60915']"
"[9, 11]","[15, 13]","['61914', '15606', '335', '30907', '20590']",20590,"['61914', '20590', '30907', '335', '15606']"
"[19, 18]","[14, 9]","['58616', '30721', '36535', '35149', '26506']",26506,"['58616', '36535', '35149', '30721', '26506']"
"[19, 14]","[3, 21]","['64729', '26703', '26372', '72517', '14038']",14038,"['64729', '26703', '72517', '26372', '14038']"
"[3, 4]","[5, 19]","['11039', '9383', '20671', '35787', '63077']",63077,"['63077', '35787', '9383', '20671', '11039']"
"[5, 4]","[0, 24]","['35725', '27706', '62609', '70560', '31926']",31926,"['62609', '31926', '35725', '70560', '27706']"
"[3, 5]","[0, 7]","['63514', '64', '74226', '12162', '66807']",66807,"['63514', '12162', '64', '74226', '66807']"
"[3, 21]","[7, 3]","['42206', '53064', '57272', '47060', '64781']",64781,"['53064', '47060', '64781', '57272', '42206']"
"[3, 5]","[17, 18]","['63514', '64', '12162', '74226', '6955']",6955,"['74226', '64', '12162', '6955', '63514']"
"[0, 14]","[15, 21]","['37963', '39894', '75707', '42604', '20839']",20839,"['20839', '37963', '42604', '39894', '75707']"
"[9, 11]","[17, 21]","['15606', '30907', '41897', '52758', '62454']",62454,"['52758', '30907', '62454', '41897', '15606']"
"[15, 21]","[9, 26]","['3384', '13497', '7489', '20839', '50181']",50181,"['7489', '13497', '20839', '3384', '50181']"
"[7, 3]","[15, 21]","['61767', '75828', '64781', '52457', '20839']",20839,"['64781', '75828', '20839', '52457', '61767']"
"[5, 29]","[3, 16]","['18711', '21765', '57316', '52548', '59100']",59100,"['59100', '21765', '18711', '52548', '57316']"
"[7, 3]","[19, 10]","['64781', '52457', '61767', '75828', '55791']",55791,"['55791', '61767', '64781', '75828', '52457']"
"[14, 7]","[9, 4]","['51393', '38835', '67483', '77045', '50510']",50510,"['67483', '51393', '38835', '50510', '77045']"
"[0, 2]","[9, 3]","['67465', '43995', '9836', '66847', '74662']",74662,"['74662', '43995', '9836', '66847', '67465']"
"[19, 8]","[7, 3]","['36396', '6777', '71082', '19346', '61767']",61767,"['19346', '36396', '71082', '6777', '61767']"
"[18, 25]","[3, 7]","['25711', '3282', '73827', '62071', '37907']",37907,"['37907', '62071', '3282', '73827', '25711']"
"[5, 4]","[3, 16]","['27706', '51114', '2004', '70560', '59100']",59100,"['51114', '27706', '59100', '2004', '70560']"
"[14, 8]","[3, 17]","['39691', '40877', '28694', '46039', '53579']",53579,"['53579', '39691', '46039', '28694', '40877']"
"[15, 21]","[17, 5]","['3384', '20839', '7489', '13497', '33045']",33045,"['13497', '20839', '3384', '7489', '33045']"
"[3, 17]","[14, 8]","['33084', '53579', '38478', '12043', '46039']",46039,"['33084', '38478', '53579', '46039', '12043']"
"[0, 2]","[5, 22]","['44802', '44145', '28242', '9639', '48795']",48795,"['44145', '28242', '48795', '9639', '44802']"
"[7, 20]","[3, 3]","['55305', '2425', '2277', '54372', '22487']",22487,"['2277', '22487', '54372', '55305', '2425']"
"[17, 18]","[15, 13]","['66316', '21408', '21543', '46660', '68970']",68970,"['46660', '21543', '21408', '68970', '66316']"
"[4, 27]","[0, 2]","['12888', '77515', '5222', '70239', '44802']",44802,"['5222', '44802', '12888', '77515', '70239']"
"[3, 12]","[4, 27]","['1181', '27821', '37955', '20968', '70239']",70239,"['70239', '20968', '37955', '1181', '27821']"
"[14, 7]","[9, 4]","['25607', '77045', '51393', '38835', '50510']",50510,"['51393', '25607', '38835', '77045', '50510']"
"[0, 6]","[3, 16]","['25447', '41154', '43375', '49395', '56017']",56017,"['41154', '56017', '25447', '43375', '49395']"
"[19, 14]","[3, 3]","['26372', '26703', '72517', '64729', '72700']",72700,"['72700', '26372', '26703', '64729', '72517']"
"[3, 12]","[0, 7]","['37955', '27821', '20968', '1181', '72266']",72266,"['1181', '20968', '27821', '72266', '37955']"
"[9, 3]","[19, 5]","['9662', '14914', '64671', '74662', '17017']",17017,"['9662', '14914', '74662', '64671', '17017']"
"[14, 9]","[3, 7]","['26506', '40550', '6508', '39708', '73164']",73164,"['26506', '40550', '39708', '73164', '6508']"
"[7, 20]","[5, 19]","['2277', '55305', '54372', '2425', '35619']",35619,"['35619', '55305', '2425', '54372', '2277']"
"[5, 22]","[3, 17]","['77349', '48795', '57572', '40863', '53579']",53579,"['57572', '48795', '53579', '77349', '40863']"
"[0, 0]","[15, 17]","['28082', '78009', '8176', '14834', '60915']",60915,"['78009', '8176', '60915', '14834', '28082']"
"[14, 8]","[0, 14]","['39691', '28732', '46039', '40877', '17291']",17291,"['17291', '39691', '46039', '40877', '28732']"
"[9, 3]","[3, 17]","['1268', '74662', '64671', '9662', '54792']",54792,"['74662', '1268', '64671', '9662', '54792']"
"[15, 13]","[19, 8]","['24364', '53137', '34763', '68970', '71082']",71082,"['24364', '53137', '34763', '71082', '68970']"
"[3, 4]","[18, 25]","['20671', '35787', '11039', '9383', '62071']",62071,"['9383', '35787', '20671', '11039', '62071']"
"[7, 1]","[5, 22]","['12421', '10825', '16951', '3536', '77349']",77349,"['3536', '16951', '10825', '77349', '12421']"
"[14, 8]","[3, 17]","['46039', '28694', '28732', '39691', '53579']",53579,"['28694', '53579', '39691', '28732', '46039']"
"[7, 1]","[5, 4]","['3536', '17550', '8109', '10825', '27706']",27706,"['3536', '10825', '27706', '8109', '17550']"
"[7, 22]","[5, 4]","['79411', '31113', '23132', '40679', '63485']",63485,"['40679', '79411', '23132', '31113', '63485']"
"[0, 6]","[3, 5]","['75880', '25447', '41154', '49395', '63514']",63514,"['25447', '41154', '49395', '75880', '63514']"
"[0, 2]","[7, 20]","['44802', '43995', '51831', '27625', '55305']",55305,"['51831', '43995', '55305', '44802', '27625']"
"[3, 3]","[7, 1]","['22002', '22487', '10017', '10131', '16951']",16951,"['10131', '22002', '22487', '10017', '16951']"
"[3, 21]","[0, 24]","['14038', '53064', '57272', '42206', '74418']",74418,"['42206', '14038', '53064', '57272', '74418']"
"[19, 14]","[9, 11]","['26703', '72517', '26372', '64729', '4186']",4186,"['64729', '26703', '72517', '4186', '26372']"
"[3, 26]","[14, 9]","['32729', '68096', '1064', '11033', '14102']",14102,"['68096', '1064', '14102', '11033', '32729']"
"[18, 23]","[14, 8]","['72978', '65195', '37360', '6216', '28732']",28732,"['72978', '28732', '37360', '65195', '6216']"
"[17, 5]","[0, 6]","['7913', '33045', '72055', '50221', '49395']",49395,"['50221', '7913', '33045', '72055', '49395']"
"[19, 18]","[3, 21]","['35149', '55086', '30721', '29042', '57272']",57272,"['29042', '55086', '30721', '57272', '35149']"
"[3, 28]","[0, 0]","['55090', '73823', '8257', '42226', '28082']",28082,"['55090', '28082', '8257', '73823', '42226']"
"[18, 25]","[15, 28]","['25711', '62071', '3282', '73827', '10526']",10526,"['10526', '3282', '73827', '25711', '62071']"
"[19, 5]","[9, 11]","['55314', '72346', '59952', '17017', '78534']",78534,"['72346', '55314', '78534', '17017', '59952']"
"[9, 26]","[0, 0]","['23716', '7474', '50181', '6759', '78009']",78009,"['50181', '6759', '78009', '23716', '7474']"
"[19, 5]","[15, 28]","['72346', '63902', '76431', '55314', '10526']",10526,"['55314', '76431', '63902', '72346', '10526']"
"[5, 4]","[18, 25]","['70560', '35725', '27706', '53032', '25711']",25711,"['70560', '35725', '27706', '25711', '53032']"
"[0, 0]","[7, 1]","['14834', '78009', '28082', '8176', '12376']",12376,"['8176', '78009', '28082', '14834', '12376']"
"[19, 5]","[3, 26]","['63902', '76431', '17017', '55314', '40031']",40031,"['55314', '63902', '17017', '76431', '40031']"
"[7, 1]","[19, 5]","['12421', '53652', '3536', '17550', '59952']",59952,"['59952', '3536', '12421', '53652', '17550']"
"[14, 7]","[7, 3]","['51393', '38835', '25607', '67483', '52457']",52457,"['25607', '38835', '51393', '52457', '67483']"
"[15, 17]","[18, 25]","['11908', '47834', '1225', '60915', '3282']",3282,"['3282', '1225', '11908', '60915', '47834']"
"[0, 14]","[19, 28]","['75707', '39894', '42604', '80522', '40111']",40111,"['80522', '75707', '42604', '39894', '40111']"
"[3, 5]","[9, 26]","['74226', '63514', '12162', '64', '6759']",6759,"['12162', '74226', '63514', '6759', '64']"
"[5, 29]","[19, 18]","['18711', '51743', '55950', '57316', '74633']",74633,"['57316', '55950', '74633', '51743', '18711']"
"[0, 2]","[3, 12]","['9836', '44145', '62759', '51831', '37955']",37955,"['44145', '51831', '9836', '37955', '62759']"
"[3, 3]","[19, 18]","['10017', '30004', '22487', '22002', '29042']",29042,"['10017', '30004', '29042', '22002', '22487']"
"[7, 3]","[3, 5]","['75828', '52457', '64781', '61767', '74226']",74226,"['74226', '75828', '64781', '52457', '61767']"
"[5, 29]","[14, 8]","['55950', '57316', '52548', '21765', '28732']",28732,"['21765', '55950', '52548', '57316', '28732']"
"[19, 5]","[5, 29]","['63902', '72346', '55314', '76431', '51743']",51743,"['51743', '72346', '76431', '55314', '63902']"
"[0, 24]","[19, 28]","['31926', '74418', '48780', '37989', '23197']",23197,"['74418', '31926', '23197', '48780', '37989']"
"[9, 26]","[3, 5]","['27788', '50181', '23716', '7474', '63514']",63514,"['63514', '7474', '50181', '23716', '27788']"
"[3, 16]","[14, 8]","['56017', '177', '59100', '11746', '40877']",40877,"['11746', '56017', '40877', '59100', '177']"
"[5, 4]","[7, 1]","['62609', '63485', '27706', '70560', '16951']",16951,"['63485', '70560', '62609', '27706', '16951']"
"[4, 27]","[3, 16]","['12888', '5222', '70239', '77515', '63317']",63317,"['12888', '5222', '77515', '63317', '70239']"
"[0, 6]","[3, 21]","['49395', '43036', '75880', '25447', '42206']",42206,"['49395', '25447', '75880', '42206', '43036']"
"[17, 18]","[3, 4]","['46660', '66935', '31693', '6955', '35787']",35787,"['46660', '6955', '35787', '31693', '66935']"
"[0, 6]","[3, 21]","['41154', '59474', '43036', '25447', '14038']",14038,"['43036', '25447', '59474', '14038', '41154']"
"[19, 10]","[17, 21]","['55791', '21540', '25618', '73023', '40487']",40487,"['40487', '25618', '73023', '21540', '55791']"
"[3, 21]","[9, 11]","['57272', '53064', '47060', '42206', '78534']",78534,"['78534', '42206', '47060', '57272', '53064']"
"[3, 16]","[7, 20]","['63317', '177', '11746', '59100', '2277']",2277,"['63317', '11746', '177', '2277', '59100']"
"[9, 26]","[0, 14]","['27788', '7474', '23716', '50181', '80522']",80522,"['27788', '23716', '80522', '7474', '50181']"
"[3, 28]","[0, 14]","['55090', '8257', '73823', '12683', '75707']",75707,"['73823', '75707', '55090', '8257', '12683']"
"[7, 3]","[3, 16]","['52457', '75828', '61767', '64781', '11746']",11746,"['11746', '75828', '52457', '64781', '61767']"
"[3, 16]","[17, 18]","['177', '56017', '63317', '59100', '31693']",31693,"['63317', '31693', '177', '56017', '59100']"
"[15, 13]","[9, 11]","['24364', '42684', '25079', '53137', '61914']",61914,"['25079', '61914', '24364', '42684', '53137']"
"[9, 3]","[3, 21]","['14914', '74662', '9662', '64671', '57272']",57272,"['9662', '74662', '64671', '14914', '57272']"
"[18, 25]","[3, 3]","['62071', '4132', '3282', '73827', '994']",994,"['994', '62071', '4132', '73827', '3282']"
"[15, 13]","[19, 18]","['20590', '68970', '34763', '25079', '36535']",36535,"['68970', '25079', '20590', '34763', '36535']"
"[3, 7]","[0, 0]","['19796', '19992', '4286', '73164', '14834']",14834,"['19992', '19796', '4286', '73164', '14834']"
"[7, 1]","[3, 17]","['3536', '16951', '12376', '8109', '38478']",38478,"['3536', '12376', '38478', '8109', '16951']"
"[19, 18]","[0, 7]","['29042', '41277', '36535', '35149', '72266']",72266,"['72266', '41277', '35149', '36535', '29042']"
"[9, 3]","[19, 25]","['9662', '74662', '64671', '14914', '47247']",47247,"['64671', '74662', '14914', '9662', '47247']"
"[0, 2]","[5, 4]","['44125', '63508', '9639', '27625', '2004']",2004,"['63508', '2004', '27625', '9639', '44125']"
"[19, 14]","[7, 3]","['26372', '26703', '64729', '72517', '64781']",64781,"['64729', '64781', '26703', '26372', '72517']"
"[3, 16]","[19, 18]","['63317', '177', '56017', '11746', '36535']",36535,"['177', '36535', '11746', '63317', '56017']"
"[0, 6]","[4, 27]","['25447', '75880', '43036', '41154', '12888']",12888,"['25447', '41154', '12888', '75880', '43036']"
"[4, 27]","[17, 21]","['77515', '12888', '5222', '70239', '69704']",69704,"['5222', '12888', '69704', '70239', '77515']"
"[14, 8]","[0, 2]","['28694', '40877', '46039', '39691', '43995']",43995,"['39691', '46039', '43995', '28694', '40877']"
"[0, 7]","[3, 17]","['65801', '66807', '72266', '15613', '12043']",12043,"['15613', '12043', '66807', '65801', '72266']"
"[0, 6]","[9, 11]","['41154', '49395', '59474', '75880', '52758']",52758,"['49395', '52758', '59474', '41154', '75880']"
"[18, 23]","[3, 5]","['65195', '26052', '14167', '5909', '74226']",74226,"['5909', '65195', '74226', '26052', '14167']"
"[3, 3]","[19, 18]","['22002', '22487', '10017', '10131', '30721']",30721,"['10131', '30721', '22487', '10017', '22002']"
"[0, 0]","[19, 25]","['8176', '28082', '14834', '78009', '47247']",47247,"['14834', '78009', '8176', '28082', '47247']"
"[15, 21]","[7, 22]","['20839', '7489', '13497', '3384', '31113']",31113,"['31113', '13497', '20839', '7489', '3384']"
"[9, 26]","[19, 28]","['50181', '27788', '23716', '6759', '42272']",42272,"['27788', '42272', '50181', '23716', '6759']"
"[18, 23]","[19, 8]","['15451', '26755', '40817', '26052', '71082']",71082,"['40817', '71082', '26052', '15451', '26755']"
"[19, 8]","[5, 29]","['6777', '71082', '19346', '36396', '52548']",52548,"['19346', '36396', '71082', '6777', '52548']"
"[19, 28]","[3, 7]","['40111', '55589', '52721', '23197', '37907']",37907,"['40111', '55589', '52721', '23197', '37907']"
"[9, 4]","[3, 21]","['80219', '79413', '64614', '50510', '42206']",42206,"['79413', '64614', '42206', '50510', '80219']"
"[3, 4]","[0, 6]","['11039', '35787', '20671', '9383', '43036']",43036,"['43036', '11039', '9383', '35787', '20671']"
"[15, 13]","[17, 18]","['24364', '20590', '42684', '25079', '6955']",6955,"['42684', '25079', '20590', '6955', '24364']"
"[0, 14]","[19, 25]","['39894', '17291', '1261', '42604', '47247']",47247,"['17291', '1261', '42604', '39894', '47247']"
"[9, 26]","[3, 16]","['50181', '23716', '7474', '27788', '56017']",56017,"['23716', '27788', '56017', '50181', '7474']"
"[9, 3]","[19, 8]","['14914', '9662', '74662', '64671', '36396']",36396,"['36396', '74662', '64671', '9662', '14914']"
"[3, 12]","[5, 29]","['37955', '27821', '20968', '1181', '51743']",51743,"['1181', '27821', '20968', '37955', '51743']"
"[0, 2]","[15, 21]","['44125', '63508', '9836', '59390', '3384']",3384,"['3384', '44125', '9836', '59390', '63508']"
"[17, 21]","[14, 8]","['62549', '40487', '78147', '9795', '46039']",46039,"['9795', '46039', '62549', '78147', '40487']"
"[18, 23]","[14, 7]","['37360', '61353', '72365', '42151', '25607']",25607,"['72365', '61353', '42151', '25607', '37360']"
"[19, 25]","[9, 11]","['33749', '74532', '26994', '59747', '335']",335,"['33749', '335', '26994', '59747', '74532']"
"[19, 8]","[5, 22]","['71082', '6777', '19346', '36396', '77349']",77349,"['77349', '71082', '36396', '19346', '6777']"
"[14, 9]","[3, 26]","['40550', '14102', '39708', '26678', '1064']",1064,"['14102', '39708', '40550', '1064', '26678']"
"[14, 9]","[17, 5]","['26506', '39708', '26678', '40550', '50221']",50221,"['26506', '26678', '39708', '50221', '40550']"
"[14, 8]","[18, 23]","['28732', '39691', '40877', '46039', '12104']",12104,"['28732', '12104', '40877', '46039', '39691']"
"[19, 18]","[7, 20]","['36535', '30721', '74633', '55086', '54372']",54372,"['74633', '54372', '30721', '55086', '36535']"
"[4, 27]","[19, 28]","['70239', '77515', '12888', '5222', '42272']",42272,"['42272', '12888', '77515', '70239', '5222']"
"[14, 9]","[3, 3]","['14102', '39708', '6508', '40550', '72700']",72700,"['6508', '40550', '72700', '39708', '14102']"
"[7, 22]","[18, 25]","['31113', '40679', '23132', '79411', '25711']",25711,"['40679', '23132', '31113', '79411', '25711']"
"[19, 5]","[9, 3]","['76431', '32569', '72346', '63902', '1268']",1268,"['1268', '32569', '76431', '72346', '63902']"
"[0, 7]","[4, 27]","['72266', '10984', '66807', '65801', '5222']",5222,"['10984', '5222', '66807', '72266', '65801']"
"[19, 28]","[4, 27]","['43363', '23197', '40111', '42272', '12888']",12888,"['43363', '23197', '40111', '12888', '42272']"
"[19, 18]","[3, 3]","['35149', '29042', '74633', '30721', '994']",994,"['994', '29042', '30721', '35149', '74633']"
"[15, 21]","[18, 23]","['13497', '3384', '20839', '7489', '26755']",26755,"['20839', '26755', '7489', '3384', '13497']"
"[9, 11]","[17, 5]","['335', '4186', '15606', '78534', '50221']",50221,"['15606', '335', '4186', '78534', '50221']"
"[3, 7]","[18, 25]","['19796', '30859', '4286', '73164', '25711']",25711,"['4286', '73164', '25711', '19796', '30859']"
"[7, 22]","[5, 19]","['79411', '40679', '23132', '31113', '53655']",53655,"['31113', '79411', '23132', '40679', '53655']"
"[0, 6]","[7, 1]","['43375', '49395', '75880', '41154', '16951']",16951,"['41154', '49395', '43375', '16951', '75880']"
"[19, 14]","[15, 17]","['72517', '26372', '64729', '26703', '1225']",1225,"['1225', '26703', '72517', '26372', '64729']"
"[15, 17]","[0, 2]","['47834', '1225', '60915', '11908', '51831']",51831,"['1225', '47834', '51831', '60915', '11908']"
"[17, 21]","[19, 10]","['40487', '62549', '78147', '62454', '21540']",21540,"['78147', '62549', '62454', '40487', '21540']"
"[0, 6]","[3, 28]","['41154', '25447', '59474', '49395', '55090']",55090,"['55090', '49395', '25447', '59474', '41154']"
"[3, 26]","[19, 25]","['9147', '1064', '49864', '72586', '59747']",59747,"['9147', '1064', '59747', '72586', '49864']"
"[0, 7]","[19, 14]","['65801', '72266', '66807', '15613', '72517']",72517,"['72266', '66807', '65801', '72517', '15613']"
"[0, 2]","[7, 22]","['32703', '51831', '44125', '28242', '23132']",23132,"['51831', '32703', '44125', '23132', '28242']"
"[19, 25]","[3, 16]","['33749', '26994', '47247', '74532', '11746']",11746,"['26994', '74532', '11746', '47247', '33749']"
"[19, 28]","[14, 8]","['42272', '43363', '52721', '55589', '28732']",28732,"['55589', '52721', '43363', '28732', '42272']"
"[17, 18]","[3, 26]","['51240', '70105', '46660', '66316', '72586']",72586,"['66316', '51240', '46660', '70105', '72586']"
"[0, 7]","[9, 3]","['66807', '72266', '65801', '15613', '1268']",1268,"['66807', '1268', '65801', '15613', '72266']"
"[3, 17]","[0, 6]","['53579', '12043', '54792', '38478', '25447']",25447,"['54792', '53579', '12043', '25447', '38478']"
"[3, 26]","[5, 22]","['68096', '40031', '72586', '32729', '40863']",40863,"['40863', '72586', '40031', '32729', '68096']"
"[17, 18]","[19, 14]","['21543', '66316', '31693', '70105', '26703']",26703,"['26703', '31693', '70105', '21543', '66316']"
"[19, 28]","[14, 7]","['42272', '55589', '52721', '40111', '25607']",25607,"['25607', '52721', '55589', '40111', '42272']"
"[7, 3]","[15, 13]","['75828', '64781', '52457', '61767', '25079']",25079,"['52457', '64781', '61767', '25079', '75828']"
"[19, 28]","[7, 1]","['52721', '42272', '55589', '23197', '3536']",3536,"['52721', '42272', '55589', '3536', '23197']"
"[15, 28]","[19, 5]","['23274', '10526', '38548', '3258', '17017']",17017,"['10526', '23274', '3258', '38548', '17017']"
"[3, 12]","[19, 8]","['20968', '1181', '27821', '37955', '19346']",19346,"['1181', '19346', '27821', '37955', '20968']"
"[9, 11]","[19, 14]","['30907', '4186', '61914', '335', '26703']",26703,"['61914', '4186', '335', '30907', '26703']"
"[15, 13]","[9, 11]","['34763', '68970', '25079', '20590', '41897']",41897,"['25079', '68970', '34763', '41897', '20590']"
"[0, 6]","[19, 25]","['59474', '43036', '25447', '49395', '47247']",47247,"['49395', '59474', '47247', '25447', '43036']"
"[3, 21]","[19, 25]","['53064', '57272', '14038', '42206', '47247']",47247,"['57272', '14038', '42206', '47247', '53064']"
"[19, 5]","[0, 7]","['59952', '76431', '72346', '17017', '15613']",15613,"['72346', '59952', '15613', '76431', '17017']"
"[19, 25]","[3, 12]","['33749', '26994', '59747', '74532', '37955']",37955,"['26994', '37955', '59747', '33749', '74532']"
"[19, 13]","[15, 28]","['42612', '43396', '35479', '26354', '10526']",10526,"['10526', '43396', '35479', '26354', '42612']"
"[14, 7]","[19, 13]","['67483', '38835', '51393', '25607', '42612']",42612,"['51393', '25607', '38835', '42612', '67483']"
"[0, 7]","[7, 22]","['65801', '15613', '66807', '10984', '31113']",31113,"['10984', '65801', '66807', '31113', '15613']"
"[0, 7]","[9, 11]","['66807', '72266', '65801', '15613', '335']",335,"['15613', '66807', '335', '72266', '65801']"
"[3, 4]","[19, 8]","['11039', '35787', '20671', '9383', '6777']",6777,"['11039', '20671', '6777', '35787', '9383']"
"[3, 12]","[5, 4]","['37955', '20968', '27821', '1181', '70560']",70560,"['27821', '37955', '1181', '70560', '20968']"
"[19, 13]","[0, 6]","['26354', '37914', '43396', '42612', '49395']",49395,"['26354', '42612', '37914', '43396', '49395']"
"[5, 19]","[15, 13]","['53655', '35619', '51211', '49189', '20590']",20590,"['53655', '49189', '20590', '51211', '35619']"
"[3, 21]","[17, 5]","['57272', '42206', '47060', '14038', '50221']",50221,"['50221', '47060', '42206', '14038', '57272']"
"[19, 13]","[3, 7]","['37914', '43324', '43396', '26354', '4286']",4286,"['43396', '43324', '37914', '4286', '26354']"
"[19, 28]","[3, 26]","['43363', '52721', '40111', '42272', '18887']",18887,"['18887', '42272', '52721', '40111', '43363']"
"[0, 2]","[17, 21]","['27625', '28242', '45218', '62759', '69704']",69704,"['28242', '62759', '27625', '69704', '45218']"
"[3, 26]","[7, 20]","['18887', '11033', '19246', '1064', '2425']",2425,"['11033', '19246', '18887', '1064', '2425']"
"[0, 7]","[19, 10]","['66807', '15613', '65801', '72266', '55791']",55791,"['66807', '55791', '15613', '72266', '65801']"
"[19, 10]","[14, 8]","['55791', '21540', '25168', '73023', '39691']",39691,"['73023', '25168', '21540', '39691', '55791']"
"[7, 3]","[4, 27]","['52457', '64781', '75828', '61767', '70239']",70239,"['75828', '61767', '70239', '52457', '64781']"
"[0, 24]","[19, 13]","['48780', '37989', '74418', '31926', '26354']",26354,"['48780', '37989', '31926', '26354', '74418']"
"[19, 25]","[3, 3]","['33749', '26994', '74532', '59747', '22487']",22487,"['26994', '59747', '74532', '22487', '33749']"
"[19, 18]","[7, 22]","['30721', '58616', '41277', '36535', '31113']",31113,"['41277', '36535', '58616', '31113', '30721']"
"[15, 28]","[17, 21]","['10526', '38548', '67905', '3258', '78147']",78147,"['67905', '78147', '3258', '38548', '10526']"
"[19, 18]","[15, 21]","['74633', '36535', '30721', '58616', '3384']",3384,"['74633', '30721', '58616', '36535', '3384']"
"[15, 28]","[7, 22]","['10526', '23274', '38548', '67905', '23132']",23132,"['67905', '23132', '10526', '23274', '38548']"
"[5, 22]","[3, 5]","['57572', '48795', '7217', '77349', '12162']",12162,"['48795', '77349', '7217', '12162', '57572']"
"[0, 6]","[3, 21]","['43375', '43036', '59474', '25447', '42206']",42206,"['25447', '59474', '43375', '42206', '43036']"
"[19, 10]","[4, 27]","['55791', '25168', '21540', '73023', '70239']",70239,"['73023', '55791', '25168', '21540', '70239']"
"[0, 14]","[3, 12]","['17291', '42604', '39894', '1261', '20968']",20968,"['39894', '20968', '1261', '42604', '17291']"
"[17, 5]","[3, 3]","['50221', '7913', '33045', '72055', '30004']",30004,"['50221', '72055', '33045', '30004', '7913']"
"[7, 22]","[15, 28]","['79411', '31113', '23132', '40679', '10526']",10526,"['23132', '40679', '10526', '79411', '31113']"
"[3, 5]","[19, 13]","['12162', '63514', '74226', '64', '35479']",35479,"['63514', '64', '35479', '74226', '12162']"
"[17, 5]","[9, 11]","['72055', '50221', '33045', '7913', '4186']",4186,"['72055', '50221', '33045', '4186', '7913']"
"[7, 20]","[3, 5]","['2277', '55305', '2425', '54372', '64']",64,"['54372', '64', '55305', '2425', '2277']"
"[7, 1]","[19, 10]","['12376', '12421', '16951', '3536', '55791']",55791,"['16951', '12421', '12376', '55791', '3536']"
"[0, 7]","[7, 3]","['10984', '72266', '15613', '65801', '61767']",61767,"['10984', '65801', '61767', '72266', '15613']"
"[14, 9]","[3, 7]","['39708', '40550', '26506', '6508', '4286']",4286,"['4286', '6508', '40550', '39708', '26506']"
"[9, 4]","[18, 25]","['79413', '64614', '80219', '50510', '3282']",3282,"['80219', '3282', '64614', '50510', '79413']"
"[14, 8]","[3, 21]","['46039', '39691', '40877', '28732', '14038']",14038,"['40877', '39691', '46039', '14038', '28732']"
"[4, 27]","[15, 28]","['70239', '12888', '77515', '5222', '38548']",38548,"['38548', '5222', '12888', '70239', '77515']"
"[19, 25]","[3, 3]","['59747', '74532', '47247', '26994', '22487']",22487,"['74532', '22487', '59747', '47247', '26994']"
"[3, 28]","[0, 7]","['55090', '12683', '73823', '42226', '72266']",72266,"['12683', '73823', '72266', '55090', '42226']"
"[18, 23]","[5, 4]","['72978', '5909', '48306', '15451', '35725']",35725,"['35725', '15451', '72978', '5909', '48306']"
"[9, 4]","[15, 28]","['50510', '64614', '80219', '79413', '38548']",38548,"['38548', '80219', '79413', '64614', '50510']"
"[19, 28]","[3, 17]","['43363', '42272', '23197', '52721', '64047']",64047,"['64047', '23197', '52721', '42272', '43363']"
"[0, 14]","[3, 26]","['37963', '80522', '39894', '17291', '72586']",72586,"['80522', '39894', '37963', '17291', '72586']"
"[7, 22]","[19, 18]","['40679', '79411', '23132', '31113', '58616']",58616,"['79411', '58616', '40679', '23132', '31113']"
"[5, 19]","[19, 10]","['35619', '53655', '49189', '60473', '25618']",25618,"['53655', '35619', '25618', '49189', '60473']"
"[15, 17]","[5, 4]","['60915', '1225', '47834', '11908', '62609']",62609,"['11908', '62609', '47834', '60915', '1225']"
"[0, 6]","[14, 8]","['43036', '59474', '41154', '43375', '28694']",28694,"['43036', '43375', '28694', '41154', '59474']"
"[7, 20]","[3, 26]","['55305', '54372', '2277', '2425', '32729']",32729,"['32729', '2277', '54372', '2425', '55305']"
"[3, 28]","[9, 4]","['55090', '8257', '73823', '12683', '80219']",80219,"['8257', '55090', '12683', '73823', '80219']"
"[3, 4]","[17, 21]","['11039', '35787', '9383', '20671', '40487']",40487,"['11039', '9383', '35787', '20671', '40487']"
"[5, 19]","[14, 9]","['10743', '35619', '77183', '51211', '6508']",6508,"['51211', '77183', '6508', '10743', '35619']"
"[19, 14]","[14, 7]","['26703', '64729', '72517', '26372', '51393']",51393,"['26703', '72517', '64729', '26372', '51393']"
"[5, 22]","[15, 17]","['40863', '48795', '77349', '7217', '60915']",60915,"['40863', '48795', '60915', '7217', '77349']"
"[19, 28]","[0, 14]","['42272', '23197', '55589', '52721', '75707']",75707,"['42272', '55589', '75707', '23197', '52721']"
"[3, 26]","[0, 2]","['68096', '11033', '72586', '50906', '44802']",44802,"['50906', '11033', '44802', '68096', '72586']"
"[0, 7]","[19, 18]","['65801', '10984', '72266', '66807', '35149']",35149,"['72266', '65801', '10984', '66807', '35149']"
"[3, 21]","[0, 14]","['47060', '14038', '42206', '57272', '17291']",17291,"['47060', '14038', '17291', '57272', '42206']"
"[3, 16]","[5, 19]","['63317', '11746', '177', '56017', '10743']",10743,"['63317', '11746', '56017', '177', '10743']"
"[7, 22]","[3, 3]","['79411', '23132', '40679', '31113', '22487']",22487,"['31113', '40679', '79411', '22487', '23132']"
"[19, 25]","[9, 4]","['74532', '26994', '33749', '47247', '64614']",64614,"['64614', '33749', '26994', '74532', '47247']"
"[15, 21]","[0, 24]","['3384', '7489', '13497', '20839', '31926']",31926,"['13497', '7489', '20839', '3384', '31926']"
"[18, 23]","[19, 18]","['78682', '72365', '65195', '20502', '36535']",36535,"['78682', '36535', '20502', '65195', '72365']"
"[3, 4]","[17, 5]","['35787', '20671', '11039', '9383', '7913']",7913,"['7913', '11039', '35787', '20671', '9383']"
"[14, 7]","[15, 17]","['38835', '25607', '51393', '67483', '60915']",60915,"['67483', '60915', '51393', '25607', '38835']"
"[5, 19]","[15, 21]","['49189', '53655', '10743', '63077', '7489']",7489,"['7489', '49189', '53655', '63077', '10743']"
"[3, 28]","[7, 22]","['8257', '55090', '12683', '42226', '23132']",23132,"['8257', '42226', '23132', '55090', '12683']"
"[9, 3]","[0, 0]","['74662', '14914', '9662', '64671', '28082']",28082,"['74662', '14914', '9662', '28082', '64671']"
"[5, 19]","[3, 4]","['51211', '49189', '60473', '63077', '20671']",20671,"['63077', '51211', '49189', '20671', '60473']"
"[19, 25]","[17, 21]","['47247', '74532', '26994', '33749', '62549']",62549,"['26994', '33749', '74532', '62549', '47247']"
"[9, 11]","[3, 5]","['30907', '4186', '78534', '335', '12162']",12162,"['78534', '30907', '4186', '12162', '335']"
"[15, 21]","[9, 11]","['20839', '3384', '13497', '7489', '335']",335,"['13497', '20839', '335', '7489', '3384']"
"[3, 5]","[7, 20]","['74226', '63514', '12162', '64', '2425']",2425,"['64', '74226', '2425', '12162', '63514']"
"[5, 22]","[15, 28]","['77349', '57572', '7217', '48795', '23274']",23274,"['7217', '23274', '57572', '77349', '48795']"
"[15, 21]","[19, 13]","['20839', '13497', '3384', '7489', '43396']",43396,"['43396', '20839', '3384', '13497', '7489']"
"[5, 22]","[15, 13]","['57572', '77349', '40863', '7217', '20590']",20590,"['40863', '57572', '7217', '20590', '77349']"
"[3, 26]","[7, 3]","['18887', '9147', '68096', '49864', '64781']",64781,"['64781', '49864', '9147', '18887', '68096']"
"[18, 23]","[5, 29]","['59794', '67584', '26755', '20502', '55950']",55950,"['67584', '26755', '20502', '55950', '59794']"
"[19, 28]","[9, 4]","['42272', '55589', '23197', '43363', '64614']",64614,"['42272', '43363', '55589', '23197', '64614']"
"[5, 4]","[3, 3]","['62609', '63485', '70560', '53032', '30004']",30004,"['63485', '53032', '62609', '30004', '70560']"
"[3, 17]","[7, 20]","['12043', '38478', '54792', '33084', '2425']",2425,"['54792', '12043', '38478', '33084', '2425']"
"[19, 25]","[0, 6]","['47247', '74532', '26994', '33749', '41154']",41154,"['41154', '74532', '26994', '47247', '33749']"
"[3, 21]","[9, 11]","['57272', '14038', '47060', '42206', '61914']",61914,"['61914', '47060', '42206', '57272', '14038']"
"[0, 14]","[19, 28]","['37963', '80522', '75707', '42604', '42272']",42272,"['75707', '42604', '80522', '42272', '37963']"
"[15, 13]","[19, 14]","['20590', '34763', '25079', '24364', '72517']",72517,"['25079', '24364', '34763', '20590', '72517']"
"[3, 3]","[19, 14]","['10017', '30004', '994', '10131', '72517']",72517,"['10131', '10017', '994', '30004', '72517']"
"[15, 17]","[19, 28]","['1225', '47834', '60915', '11908', '23197']",23197,"['23197', '47834', '60915', '1225', '11908']"
"[3, 3]","[18, 23]","['10017', '72700', '22487', '30004', '64247']",64247,"['72700', '10017', '30004', '64247', '22487']"
"[0, 6]","[19, 25]","['43036', '75880', '41154', '43375', '74532']",74532,"['74532', '75880', '43375', '41154', '43036']"
"[3, 28]","[5, 4]","['8257', '73823', '55090', '42226', '53032']",53032,"['42226', '8257', '53032', '55090', '73823']"
"[19, 28]","[9, 3]","['23197', '40111', '43363', '55589', '1268']",1268,"['40111', '1268', '55589', '23197', '43363']"
"[3, 3]","[9, 4]","['72700', '994', '30004', '10131', '50510']",50510,"['30004', '72700', '50510', '994', '10131']"
"[17, 5]","[5, 4]","['50221', '33045', '7913', '72055', '62609']",62609,"['7913', '62609', '72055', '33045', '50221']"
"[3, 17]","[0, 6]","['38478', '12043', '53579', '64047', '75880']",75880,"['12043', '75880', '38478', '53579', '64047']"
"[0, 6]","[15, 17]","['25447', '43375', '75880', '41154', '11908']",11908,"['25447', '43375', '41154', '75880', '11908']"
"[3, 4]","[9, 3]","['20671', '9383', '35787', '11039', '9662']",9662,"['11039', '35787', '9383', '9662', '20671']"
"[3, 5]","[0, 6]","['12162', '74226', '63514', '64', '41154']",41154,"['63514', '64', '12162', '74226', '41154']"
"[5, 4]","[0, 14]","['51114', '63485', '62609', '35725', '37963']",37963,"['62609', '51114', '63485', '37963', '35725']"
"[3, 3]","[14, 7]","['994', '10131', '10017', '30004', '38835']",38835,"['10017', '38835', '30004', '10131', '994']"
"[9, 11]","[3, 12]","['335', '52758', '4186', '41897', '37955']",37955,"['52758', '4186', '335', '41897', '37955']"
"[0, 7]","[9, 26]","['10984', '65801', '66807', '72266', '7474']",7474,"['72266', '66807', '65801', '7474', '10984']"
"[3, 7]","[9, 11]","['30859', '4286', '73164', '19992', '52758']",52758,"['30859', '73164', '52758', '4286', '19992']"
"[3, 26]","[19, 18]","['49864', '40031', '50906', '68096', '41277']",41277,"['68096', '49864', '40031', '41277', '50906']"
"[17, 5]","[0, 2]","['50221', '33045', '72055', '7913', '43629']",43629,"['33045', '72055', '43629', '7913', '50221']"
"[0, 14]","[4, 27]","['42604', '80522', '39894', '17291', '77515']",77515,"['42604', '17291', '77515', '80522', '39894']"
"[19, 8]","[18, 23]","['71082', '6777', '36396', '19346', '26755']",26755,"['36396', '26755', '71082', '6777', '19346']"
"[19, 25]","[0, 2]","['26994', '47247', '59747', '74532', '59390']",59390,"['59390', '59747', '74532', '47247', '26994']"
"[19, 13]","[9, 4]","['43396', '37914', '42612', '43324', '50510']",50510,"['43396', '50510', '43324', '42612', '37914']"
"[17, 18]","[15, 28]","['21408', '6955', '31693', '46660', '23274']",23274,"['21408', '31693', '6955', '46660', '23274']"
"[4, 27]","[17, 18]","['70239', '77515', '5222', '12888', '21408']",21408,"['70239', '21408', '12888', '5222', '77515']"
"[5, 22]","[9, 3]","['57572', '40863', '7217', '48795', '74662']",74662,"['40863', '57572', '7217', '74662', '48795']"
"[3, 16]","[0, 6]","['59100', '56017', '63317', '177', '49395']",49395,"['59100', '63317', '49395', '177', '56017']"
"[18, 23]","[14, 8]","['59794', '72978', '6216', '10433', '39691']",39691,"['72978', '59794', '39691', '6216', '10433']"
"[7, 3]","[15, 13]","['64781', '75828', '52457', '61767', '20590']",20590,"['64781', '61767', '52457', '75828', '20590']"
"[4, 27]","[0, 24]","['70239', '5222', '12888', '77515', '31926']",31926,"['31926', '70239', '12888', '77515', '5222']"
"[18, 23]","[17, 5]","['14167', '15451', '10433', '6216', '33045']",33045,"['14167', '10433', '6216', '33045', '15451']"
"[19, 25]","[3, 16]","['59747', '47247', '33749', '74532', '177']",177,"['74532', '33749', '47247', '59747', '177']"
"[3, 17]","[5, 22]","['64047', '38478', '12043', '54792', '40863']",40863,"['40863', '38478', '12043', '54792', '64047']"
"[7, 1]","[9, 11]","['10825', '17550', '3536', '12376', '30907']",30907,"['3536', '17550', '12376', '10825', '30907']"
"[7, 22]","[3, 5]","['40679', '31113', '23132', '79411', '74226']",74226,"['74226', '79411', '40679', '23132', '31113']"
"[15, 21]","[9, 11]","['7489', '3384', '13497', '20839', '15606']",15606,"['20839', '13497', '3384', '7489', '15606']"
"[0, 0]","[15, 28]","['78009', '8176', '14834', '28082', '23274']",23274,"['8176', '78009', '14834', '28082', '23274']"
"[3, 26]","[14, 8]","['32729', '18887', '11033', '72586', '40877']",40877,"['40877', '18887', '72586', '32729', '11033']"
"[7, 20]","[3, 4]","['54372', '55305', '2277', '2425', '20671']",20671,"['54372', '20671', '2277', '2425', '55305']"
"[17, 18]","[3, 21]","['51240', '66935', '70105', '21543', '14038']",14038,"['51240', '70105', '14038', '66935', '21543']"
"[7, 1]","[3, 4]","['16951', '3536', '12421', '53652', '11039']",11039,"['3536', '16951', '53652', '12421', '11039']"
"[9, 3]","[3, 7]","['1268', '64671', '14914', '9662', '37907']",37907,"['14914', '64671', '37907', '1268', '9662']"
"[9, 4]","[14, 7]","['80219', '64614', '79413', '50510', '77045']",77045,"['77045', '79413', '50510', '64614', '80219']"
"[3, 17]","[0, 7]","['54792', '64047', '53579', '12043', '15613']",15613,"['12043', '53579', '54792', '15613', '64047']"
"[4, 27]","[7, 3]","['12888', '70239', '77515', '5222', '52457']",52457,"['5222', '52457', '12888', '77515', '70239']"
"[9, 11]","[7, 20]","['41897', '335', '4186', '52758', '2425']",2425,"['52758', '335', '2425', '4186', '41897']"
"[0, 2]","[15, 21]","['70440', '9836', '62759', '66847', '7489']",7489,"['7489', '62759', '70440', '66847', '9836']"
"[0, 0]","[3, 28]","['78009', '28082', '8176', '14834', '73823']",73823,"['28082', '14834', '8176', '78009', '73823']"
"[19, 14]","[0, 2]","['26372', '26703', '72517', '64729', '48095']",48095,"['72517', '64729', '26703', '48095', '26372']"
"[3, 4]","[7, 22]","['9383', '11039', '35787', '20671', '31113']",31113,"['20671', '35787', '31113', '11039', '9383']"
"[5, 19]","[19, 14]","['60473', '54232', '49189', '77183', '64729']",64729,"['54232', '49189', '60473', '64729', '77183']"
"[17, 21]","[0, 7]","['69704', '78147', '9795', '40487', '66807']",66807,"['69704', '78147', '9795', '40487', '66807']"
"[18, 25]","[19, 8]","['25711', '3282', '62071', '73827', '6777']",6777,"['25711', '6777', '62071', '3282', '73827']"
"[5, 19]","[3, 7]","['49189', '77183', '60473', '35619', '73164']",73164,"['49189', '60473', '73164', '35619', '77183']"
"[3, 3]","[19, 14]","['72700', '22487', '22002', '10017', '72517']",72517,"['72700', '72517', '22487', '22002', '10017']"
"[3, 26]","[0, 14]","['50906', '40031', '34449', '68096', '17291']",17291,"['68096', '34449', '50906', '40031', '17291']"
"[18, 25]","[3, 21]","['73827', '4132', '3282', '62071', '42206']",42206,"['73827', '4132', '42206', '3282', '62071']"
"[3, 21]","[5, 29]","['53064', '47060', '42206', '14038', '55950']",55950,"['53064', '42206', '47060', '14038', '55950']"
"[3, 21]","[9, 3]","['53064', '42206', '14038', '47060', '64671']",64671,"['42206', '14038', '47060', '53064', '64671']"
"[15, 13]","[9, 4]","['53137', '42684', '34763', '24364', '79413']",79413,"['53137', '34763', '42684', '79413', '24364']"
"[19, 14]","[5, 22]","['72517', '26703', '64729', '26372', '40863']",40863,"['40863', '26372', '26703', '72517', '64729']"
"[19, 13]","[9, 11]","['42612', '43324', '43396', '37914', '30907']",30907,"['43396', '30907', '37914', '42612', '43324']"
"[3, 17]","[4, 27]","['53579', '54792', '64047', '33084', '70239']",70239,"['33084', '54792', '70239', '53579', '64047']"
"[15, 13]","[0, 24]","['68970', '25079', '24364', '42684', '74418']",74418,"['24364', '68970', '42684', '25079', '74418']"
"[0, 24]","[19, 8]","['74418', '31926', '48780', '37989', '36396']",36396,"['36396', '31926', '37989', '74418', '48780']"
"[19, 8]","[3, 16]","['6777', '36396', '71082', '19346', '59100']",59100,"['36396', '6777', '19346', '59100', '71082']"
"[19, 18]","[3, 3]","['74633', '41277', '49556', '35149', '10131']",10131,"['74633', '35149', '10131', '41277', '49556']"
"[3, 26]","[7, 3]","['9147', '18887', '68096', '72586', '52457']",52457,"['72586', '68096', '18887', '9147', '52457']"
"[3, 12]","[5, 4]","['1181', '37955', '20968', '27821', '51114']",51114,"['1181', '27821', '37955', '20968', '51114']"
"[3, 7]","[19, 5]","['30859', '19796', '37907', '19992', '63902']",63902,"['37907', '19796', '63902', '30859', '19992']"
"[3, 16]","[0, 24]","['177', '59100', '63317', '56017', '48780']",48780,"['48780', '177', '59100', '63317', '56017']"
"[17, 5]","[3, 4]","['50221', '33045', '72055', '7913', '35787']",35787,"['7913', '50221', '33045', '35787', '72055']"
"[7, 22]","[19, 14]","['31113', '79411', '23132', '40679', '26703']",26703,"['31113', '26703', '79411', '40679', '23132']"
"[7, 3]","[14, 9]","['75828', '64781', '52457', '61767', '26678']",26678,"['64781', '26678', '61767', '75828', '52457']"
"[3, 28]","[14, 8]","['55090', '73823', '42226', '8257', '39691']",39691,"['39691', '55090', '73823', '8257', '42226']"
"[5, 29]","[3, 7]","['18711', '52548', '21765', '57316', '19992']",19992,"['18711', '57316', '19992', '21765', '52548']"
"[17, 5]","[3, 7]","['72055', '33045', '50221', '7913', '19796']",19796,"['19796', '50221', '72055', '7913', '33045']"
"[15, 13]","[14, 9]","['25079', '24364', '20590', '42684', '6508']",6508,"['6508', '24364', '25079', '42684', '20590']"
"[9, 3]","[3, 28]","['64671', '1268', '9662', '74662', '12683']",12683,"['9662', '12683', '74662', '1268', '64671']"
"[19, 13]","[3, 26]","['43396', '37914', '35479', '42612', '40031']",40031,"['37914', '42612', '43396', '40031', '35479']"
"[3, 26]","[7, 22]","['1064', '40031', '50906', '34449', '40679']",40679,"['50906', '1064', '34449', '40679', '40031']"
"[14, 8]","[19, 10]","['40877', '46039', '28732', '28694', '55791']",55791,"['55791', '40877', '46039', '28694', '28732']"
"[5, 29]","[17, 18]","['18711', '55950', '52548', '57316', '31693']",31693,"['57316', '31693', '18711', '52548', '55950']"
"[3, 3]","[5, 29]","['10131', '22002', '10017', '22487', '57316']",57316,"['10131', '22002', '10017', '57316', '22487']"
"[14, 8]","[0, 7]","['28694', '28732', '46039', '40877', '10984']",10984,"['28694', '28732', '46039', '10984', '40877']"
"[17, 5]","[3, 7]","['33045', '72055', '7913', '50221', '30859']",30859,"['33045', '30859', '72055', '50221', '7913']"
"[3, 3]","[0, 14]","['994', '22487', '10131', '30004', '37963']",37963,"['10131', '30004', '22487', '37963', '994']"
"[14, 9]","[17, 21]","['26678', '40550', '14102', '26506', '40487']",40487,"['26506', '40550', '14102', '40487', '26678']"
"[17, 5]","[9, 4]","['7913', '50221', '33045', '72055', '50510']",50510,"['72055', '33045', '50221', '7913', '50510']"
"[18, 23]","[14, 8]","['72978', '59794', '5909', '48306', '40877']",40877,"['59794', '40877', '5909', '48306', '72978']"
"[14, 7]","[3, 4]","['51393', '67483', '38835', '77045', '9383']",9383,"['51393', '9383', '67483', '77045', '38835']"
"[7, 22]","[15, 21]","['23132', '40679', '79411', '31113', '7489']",7489,"['23132', '40679', '31113', '7489', '79411']"
"[5, 4]","[3, 7]","['2004', '53032', '27706', '35725', '19796']",19796,"['53032', '2004', '27706', '35725', '19796']"
"[19, 14]","[15, 28]","['26372', '72517', '26703', '64729', '3258']",3258,"['3258', '72517', '64729', '26372', '26703']"
"[17, 21]","[5, 4]","['40487', '78147', '62549', '69704', '35725']",35725,"['62549', '78147', '40487', '35725', '69704']"
"[3, 28]","[19, 10]","['12683', '42226', '55090', '73823', '73023']",73023,"['42226', '55090', '73823', '12683', '73023']"
"[7, 22]","[0, 14]","['40679', '23132', '79411', '31113', '75707']",75707,"['31113', '75707', '79411', '23132', '40679']"
"[0, 24]","[19, 28]","['37989', '31926', '48780', '74418', '43363']",43363,"['74418', '48780', '37989', '31926', '43363']"
"[17, 18]","[3, 28]","['21543', '21408', '70105', '66935', '12683']",12683,"['70105', '21408', '21543', '66935', '12683']"
"[3, 12]","[0, 14]","['27821', '37955', '1181', '20968', '1261']",1261,"['20968', '37955', '27821', '1261', '1181']"
"[17, 18]","[3, 21]","['6955', '51240', '21408', '66316', '47060']",47060,"['21408', '47060', '51240', '66316', '6955']"
"[0, 6]","[15, 21]","['75880', '49395', '59474', '25447', '13497']",13497,"['59474', '75880', '49395', '25447', '13497']"
"[15, 28]","[9, 3]","['38548', '23274', '10526', '67905', '64671']",64671,"['10526', '23274', '38548', '64671', '67905']"
"[3, 7]","[0, 0]","['19992', '73164', '30859', '37907', '78009']",78009,"['78009', '37907', '30859', '73164', '19992']"
"[19, 13]","[17, 5]","['37914', '26354', '43324', '43396', '72055']",72055,"['37914', '26354', '72055', '43324', '43396']"
"[15, 21]","[5, 4]","['7489', '3384', '13497', '20839', '63485']",63485,"['7489', '13497', '63485', '3384', '20839']"
"[0, 14]","[4, 27]","['1261', '17291', '42604', '80522', '5222']",5222,"['17291', '42604', '80522', '1261', '5222']"
"[14, 9]","[17, 21]","['26506', '40550', '6508', '14102', '62549']",62549,"['14102', '40550', '62549', '6508', '26506']"
"[19, 28]","[3, 16]","['55589', '42272', '43363', '40111', '63317']",63317,"['63317', '55589', '43363', '40111', '42272']"
"[3, 26]","[0, 6]","['50906', '40031', '49864', '1064', '41154']",41154,"['49864', '40031', '50906', '1064', '41154']"
"[14, 9]","[3, 16]","['26506', '6508', '26678', '14102', '11746']",11746,"['11746', '6508', '26506', '26678', '14102']"
"[0, 14]","[14, 7]","['80522', '17291', '1261', '42604', '77045']",77045,"['80522', '42604', '1261', '17291', '77045']"
"[3, 16]","[18, 23]","['177', '11746', '59100', '63317', '61353']",61353,"['177', '11746', '63317', '61353', '59100']"
"[3, 16]","[14, 7]","['56017', '11746', '63317', '177', '51393']",51393,"['11746', '63317', '51393', '56017', '177']"
"[15, 17]","[7, 20]","['1225', '11908', '60915', '47834', '2425']",2425,"['60915', '1225', '11908', '2425', '47834']"
"[0, 0]","[3, 16]","['14834', '8176', '78009', '28082', '177']",177,"['14834', '8176', '78009', '28082', '177']"
"[7, 20]","[3, 16]","['54372', '2425', '55305', '2277', '177']",177,"['55305', '54372', '177', '2277', '2425']"
"[3, 28]","[7, 3]","['42226', '73823', '12683', '55090', '64781']",64781,"['12683', '73823', '64781', '55090', '42226']"
"[17, 21]","[4, 27]","['78147', '62454', '9795', '62549', '12888']",12888,"['62549', '12888', '62454', '9795', '78147']"
"[0, 0]","[4, 27]","['78009', '14834', '28082', '8176', '12888']",12888,"['14834', '78009', '12888', '28082', '8176']"
"[15, 28]","[14, 7]","['10526', '23274', '67905', '38548', '51393']",51393,"['67905', '23274', '10526', '38548', '51393']"
"[9, 4]","[19, 5]","['80219', '50510', '79413', '64614', '32569']",32569,"['64614', '32569', '50510', '79413', '80219']"
"[17, 18]","[15, 28]","['21408', '6955', '70105', '51240', '38548']",38548,"['6955', '21408', '51240', '70105', '38548']"
"[19, 25]","[0, 2]","['59747', '26994', '33749', '74532', '70440']",70440,"['74532', '70440', '26994', '59747', '33749']"
"[18, 25]","[7, 3]","['62071', '73827', '25711', '4132', '52457']",52457,"['4132', '25711', '62071', '73827', '52457']"
"[3, 16]","[14, 7]","['63317', '56017', '59100', '177', '38835']",38835,"['38835', '177', '59100', '63317', '56017']"
"[9, 3]","[3, 28]","['64671', '74662', '14914', '1268', '55090']",55090,"['1268', '14914', '74662', '55090', '64671']"
"[18, 23]","[14, 9]","['78682', '65195', '26755', '72365', '6508']",6508,"['78682', '26755', '72365', '65195', '6508']"
"[15, 17]","[0, 24]","['60915', '11908', '1225', '47834', '37989']",37989,"['47834', '60915', '1225', '11908', '37989']"
"[9, 4]","[3, 26]","['79413', '80219', '64614', '50510', '32729']",32729,"['32729', '79413', '64614', '50510', '80219']"
"[0, 0]","[19, 14]","['8176', '14834', '28082', '78009', '64729']",64729,"['78009', '28082', '14834', '8176', '64729']"
"[9, 4]","[3, 26]","['80219', '79413', '50510', '64614', '34449']",34449,"['34449', '79413', '80219', '64614', '50510']"
"[0, 2]","[3, 17]","['32703', '43995', '27625', '45218', '54792']",54792,"['27625', '32703', '45218', '54792', '43995']"
"[3, 3]","[5, 4]","['10017', '994', '72700', '10131', '27706']",27706,"['10017', '72700', '27706', '994', '10131']"
"[5, 19]","[19, 5]","['60473', '10743', '35619', '49189', '17017']",17017,"['17017', '10743', '60473', '35619', '49189']"
"[19, 13]","[0, 14]","['37914', '43396', '43324', '35479', '17291']",17291,"['43324', '43396', '35479', '37914', '17291']"
"[15, 17]","[17, 21]","['47834', '60915', '1225', '11908', '9795']",9795,"['1225', '60915', '47834', '11908', '9795']"
"[5, 19]","[15, 21]","['49189', '63077', '77183', '54232', '13497']",13497,"['49189', '54232', '13497', '77183', '63077']"
"[9, 4]","[15, 13]","['64614', '79413', '80219', '50510', '20590']",20590,"['64614', '20590', '80219', '79413', '50510']"
"[0, 24]","[3, 12]","['48780', '74418', '37989', '31926', '27821']",27821,"['27821', '37989', '31926', '74418', '48780']"
"[3, 12]","[9, 26]","['1181', '37955', '20968', '27821', '50181']",50181,"['37955', '27821', '50181', '20968', '1181']"
"[0, 2]","[7, 1]","['28242', '62759', '67842', '27625', '16951']",16951,"['27625', '16951', '28242', '67842', '62759']"
"[19, 18]","[17, 21]","['36535', '58616', '49556', '35149', '62454']",62454,"['49556', '36535', '35149', '62454', '58616']"
"[15, 28]","[9, 4]","['3258', '10526', '23274', '67905', '50510']",50510,"['50510', '23274', '10526', '67905', '3258']"
"[14, 9]","[3, 26]","['26678', '26506', '14102', '6508', '1064']",1064,"['6508', '26506', '14102', '1064', '26678']"
"[5, 29]","[7, 3]","['57316', '51743', '18711', '21765', '64781']",64781,"['64781', '21765', '57316', '18711', '51743']"
"[3, 7]","[0, 0]","['73164', '37907', '4286', '19796', '14834']",14834,"['19796', '37907', '14834', '4286', '73164']"
"[7, 1]","[18, 23]","['12421', '8109', '12376', '17550', '20502']",20502,"['8109', '12376', '17550', '20502', '12421']"
"[3, 12]","[19, 18]","['37955', '20968', '27821', '1181', '35149']",35149,"['35149', '1181', '37955', '20968', '27821']"
"[15, 17]","[9, 11]","['11908', '47834', '60915', '1225', '52758']",52758,"['60915', '11908', '1225', '47834', '52758']"
"[7, 20]","[9, 4]","['54372', '2425', '55305', '2277', '50510']",50510,"['2425', '2277', '50510', '54372', '55305']"
"[9, 3]","[15, 13]","['1268', '14914', '74662', '9662', '25079']",25079,"['74662', '25079', '9662', '1268', '14914']"
"[19, 18]","[0, 0]","['36535', '41277', '29042', '55086', '14834']",14834,"['29042', '55086', '41277', '36535', '14834']"
"[0, 7]","[9, 11]","['65801', '72266', '66807', '15613', '78534']",78534,"['15613', '78534', '72266', '66807', '65801']"
"[19, 18]","[17, 5]","['36535', '35149', '55086', '41277', '72055']",72055,"['36535', '35149', '41277', '55086', '72055']"
"[19, 13]","[3, 4]","['43324', '35479', '37914', '42612', '11039']",11039,"['37914', '43324', '42612', '11039', '35479']"
"[14, 9]","[4, 27]","['40550', '39708', '26678', '14102', '70239']",70239,"['40550', '70239', '26678', '14102', '39708']"
"[3, 7]","[17, 18]","['73164', '30859', '19992', '37907', '6955']",6955,"['19992', '30859', '37907', '6955', '73164']"
"[19, 10]","[3, 21]","['73023', '25618', '21540', '55791', '47060']",47060,"['73023', '47060', '25618', '21540', '55791']"
"[0, 0]","[17, 18]","['8176', '78009', '14834', '28082', '21543']",21543,"['28082', '8176', '78009', '21543', '14834']"
"[14, 8]","[7, 20]","['46039', '28732', '28694', '39691', '54372']",54372,"['46039', '39691', '28694', '54372', '28732']"
"[3, 4]","[7, 3]","['9383', '20671', '11039', '35787', '75828']",75828,"['35787', '11039', '75828', '20671', '9383']"
"[3, 28]","[0, 2]","['12683', '42226', '55090', '73823', '45218']",45218,"['45218', '73823', '42226', '12683', '55090']"
"[0, 6]","[15, 28]","['41154', '43036', '59474', '43375', '3258']",3258,"['43036', '59474', '41154', '3258', '43375']"
"[5, 22]","[14, 9]","['7217', '40863', '77349', '57572', '26506']",26506,"['40863', '26506', '7217', '57572', '77349']"
"[18, 25]","[5, 29]","['25711', '4132', '73827', '3282', '18711']",18711,"['4132', '18711', '3282', '25711', '73827']"
"[3, 12]","[0, 7]","['1181', '37955', '27821', '20968', '65801']",65801,"['37955', '27821', '65801', '1181', '20968']"
"[17, 21]","[3, 26]","['69704', '9795', '78147', '40487', '1064']",1064,"['1064', '78147', '9795', '40487', '69704']"
"[3, 4]","[14, 8]","['11039', '35787', '20671', '9383', '39691']",39691,"['35787', '11039', '20671', '9383', '39691']"
"[0, 6]","[15, 21]","['43036', '41154', '25447', '43375', '3384']",3384,"['43375', '41154', '43036', '3384', '25447']"
"[7, 22]","[3, 7]","['79411', '23132', '31113', '40679', '4286']",4286,"['23132', '79411', '31113', '40679', '4286']"
"[19, 14]","[0, 7]","['64729', '72517', '26703', '26372', '72266']",72266,"['64729', '72266', '26703', '72517', '26372']"
"[19, 18]","[7, 22]","['29042', '58616', '74633', '41277', '40679']",40679,"['41277', '58616', '40679', '29042', '74633']"
"[17, 18]","[5, 19]","['21543', '46660', '6955', '66935', '35619']",35619,"['66935', '35619', '21543', '46660', '6955']"
"[15, 17]","[19, 14]","['11908', '60915', '47834', '1225', '26372']",26372,"['47834', '60915', '26372', '1225', '11908']"
"[9, 26]","[0, 0]","['27788', '50181', '6759', '23716', '78009']",78009,"['50181', '78009', '27788', '6759', '23716']"
"[19, 10]","[14, 7]","['55791', '25618', '25168', '73023', '67483']",67483,"['55791', '25618', '67483', '25168', '73023']"
"[0, 0]","[7, 22]","['78009', '14834', '28082', '8176', '79411']",79411,"['78009', '79411', '8176', '28082', '14834']"
"[17, 5]","[15, 28]","['33045', '7913', '50221', '72055', '3258']",3258,"['7913', '33045', '3258', '72055', '50221']"
"[5, 19]","[15, 17]","['51211', '35619', '10743', '77183', '60915']",60915,"['77183', '51211', '35619', '60915', '10743']"
"[3, 21]","[0, 0]","['14038', '57272', '47060', '53064', '78009']",78009,"['47060', '14038', '57272', '78009', '53064']"
"[3, 17]","[0, 7]","['64047', '53579', '54792', '12043', '65801']",65801,"['65801', '53579', '54792', '64047', '12043']"
"[3, 28]","[7, 1]","['8257', '55090', '12683', '73823', '12421']",12421,"['8257', '55090', '73823', '12421', '12683']"
"[3, 5]","[9, 4]","['12162', '63514', '64', '74226', '79413']",79413,"['63514', '12162', '79413', '64', '74226']"
"[18, 23]","[3, 17]","['64247', '26052', '5909', '61353', '64047']",64047,"['64247', '5909', '64047', '61353', '26052']"
"[3, 16]","[5, 4]","['177', '59100', '56017', '63317', '53032']",53032,"['56017', '59100', '53032', '177', '63317']"
"[19, 10]","[3, 28]","['73023', '21540', '25168', '25618', '8257']",8257,"['73023', '25618', '25168', '21540', '8257']"
"[7, 3]","[19, 18]","['64781', '61767', '52457', '75828', '41277']",41277,"['41277', '64781', '52457', '61767', '75828']"
"[9, 11]","[0, 14]","['4186', '15606', '335', '78534', '42604']",42604,"['4186', '15606', '335', '42604', '78534']"
"[3, 16]","[19, 5]","['177', '11746', '56017', '63317', '72346']",72346,"['63317', '72346', '177', '56017', '11746']"
"[5, 22]","[19, 10]","['77349', '48795', '57572', '7217', '25168']",25168,"['7217', '77349', '25168', '57572', '48795']"
"[7, 22]","[5, 29]","['23132', '40679', '31113', '79411', '52548']",52548,"['40679', '79411', '23132', '31113', '52548']"
"[17, 21]","[3, 16]","['40487', '62549', '69704', '78147', '11746']",11746,"['69704', '62549', '40487', '78147', '11746']"
"[17, 21]","[19, 10]","['69704', '40487', '9795', '78147', '55791']",55791,"['55791', '9795', '40487', '69704', '78147']"
"[5, 29]","[17, 5]","['51743', '55950', '18711', '57316', '33045']",33045,"['33045', '51743', '55950', '18711', '57316']"
"[19, 13]","[17, 5]","['42612', '43396', '37914', '26354', '72055']",72055,"['26354', '42612', '37914', '72055', '43396']"
"[0, 14]","[3, 5]","['37963', '80522', '75707', '42604', '64']",64,"['42604', '37963', '80522', '75707', '64']"
"[15, 28]","[7, 22]","['38548', '67905', '23274', '3258', '79411']",79411,"['38548', '67905', '79411', '3258', '23274']"
"[0, 7]","[17, 18]","['72266', '10984', '66807', '65801', '66316']",66316,"['66316', '72266', '10984', '66807', '65801']"
"[3, 5]","[19, 25]","['12162', '74226', '64', '63514', '47247']",47247,"['63514', '12162', '64', '47247', '74226']"
"[7, 20]","[14, 8]","['55305', '2277', '54372', '2425', '28732']",28732,"['2277', '54372', '55305', '2425', '28732']"
"[15, 28]","[9, 26]","['67905', '23274', '3258', '38548', '27788']",27788,"['27788', '67905', '23274', '3258', '38548']"
"[7, 20]","[15, 13]","['2277', '2425', '54372', '55305', '42684']",42684,"['54372', '2277', '2425', '42684', '55305']"
"[17, 21]","[19, 8]","['40487', '62549', '78147', '69704', '36396']",36396,"['40487', '78147', '62549', '36396', '69704']"
"[3, 12]","[18, 25]","['1181', '27821', '20968', '37955', '73827']",73827,"['20968', '1181', '37955', '27821', '73827']"
"[18, 25]","[5, 4]","['4132', '25711', '62071', '73827', '53032']",53032,"['25711', '62071', '53032', '4132', '73827']"
"[19, 18]","[5, 4]","['74633', '55086', '29042', '36535', '53032']",53032,"['53032', '74633', '36535', '29042', '55086']"
"[0, 0]","[5, 4]","['8176', '14834', '28082', '78009', '27706']",27706,"['8176', '28082', '27706', '78009', '14834']"
"[0, 0]","[15, 28]","['78009', '28082', '14834', '8176', '3258']",3258,"['14834', '28082', '78009', '3258', '8176']"
"[7, 3]","[14, 8]","['52457', '64781', '61767', '75828', '39691']",39691,"['75828', '39691', '52457', '64781', '61767']"
"[3, 28]","[5, 4]","['73823', '8257', '12683', '55090', '27706']",27706,"['12683', '73823', '8257', '55090', '27706']"
"[19, 13]","[17, 5]","['43396', '42612', '43324', '35479', '7913']",7913,"['43324', '42612', '7913', '35479', '43396']"
"[0, 7]","[3, 28]","['65801', '15613', '66807', '72266', '8257']",8257,"['15613', '65801', '8257', '66807', '72266']"
"[0, 14]","[5, 29]","['17291', '39894', '37963', '1261', '57316']",57316,"['37963', '39894', '57316', '17291', '1261']"
"[14, 9]","[7, 3]","['6508', '26506', '39708', '26678', '75828']",75828,"['39708', '26506', '26678', '6508', '75828']"
"[3, 16]","[0, 6]","['177', '56017', '11746', '59100', '49395']",49395,"['11746', '59100', '56017', '177', '49395']"
"[7, 20]","[15, 13]","['2277', '2425', '54372', '55305', '34763']",34763,"['2425', '2277', '55305', '54372', '34763']"
"[15, 28]","[14, 8]","['67905', '3258', '10526', '23274', '40877']",40877,"['67905', '3258', '23274', '40877', '10526']"
"[9, 26]","[14, 7]","['6759', '7474', '27788', '50181', '77045']",77045,"['77045', '50181', '6759', '27788', '7474']"
"[14, 9]","[3, 5]","['26678', '6508', '14102', '39708', '12162']",12162,"['12162', '26678', '39708', '6508', '14102']"
"[19, 14]","[0, 0]","['26372', '26703', '72517', '64729', '8176']",8176,"['26372', '26703', '8176', '72517', '64729']"
"[0, 2]","[5, 29]","['43629', '44145', '59390', '60860', '51743']",51743,"['51743', '44145', '60860', '59390', '43629']"
"[19, 5]","[14, 7]","['59952', '63902', '72346', '55314', '67483']",67483,"['63902', '55314', '59952', '67483', '72346']"
"[7, 20]","[19, 25]","['2425', '54372', '2277', '55305', '26994']",26994,"['2277', '2425', '54372', '26994', '55305']"
"[3, 17]","[14, 8]","['54792', '64047', '53579', '38478', '40877']",40877,"['64047', '40877', '53579', '38478', '54792']"
"[3, 26]","[0, 2]","['68096', '32729', '34449', '9147', '9639']",9639,"['9147', '68096', '9639', '32729', '34449']"
"[19, 5]","[17, 18]","['59952', '55314', '17017', '72346', '46660']",46660,"['17017', '46660', '59952', '55314', '72346']"
"[3, 5]","[14, 7]","['64', '63514', '74226', '12162', '77045']",77045,"['74226', '77045', '64', '63514', '12162']"
"[9, 3]","[19, 5]","['1268', '9662', '74662', '14914', '72346']",72346,"['72346', '9662', '14914', '74662', '1268']"
"[0, 6]","[3, 12]","['59474', '75880', '49395', '41154', '1181']",1181,"['75880', '49395', '1181', '59474', '41154']"
"[3, 17]","[9, 11]","['12043', '54792', '64047', '33084', '78534']",78534,"['64047', '78534', '33084', '12043', '54792']"
"[7, 1]","[18, 23]","['12376', '12421', '53652', '3536', '64148']",64148,"['12421', '64148', '12376', '3536', '53652']"
"[3, 5]","[9, 4]","['74226', '12162', '64', '63514', '64614']",64614,"['64614', '74226', '64', '63514', '12162']"
"[15, 13]","[9, 3]","['20590', '53137', '68970', '34763', '64671']",64671,"['53137', '68970', '34763', '20590', '64671']"
"[3, 3]","[19, 28]","['30004', '22002', '72700', '22487', '55589']",55589,"['22487', '55589', '30004', '22002', '72700']"
"[15, 21]","[19, 8]","['13497', '20839', '7489', '3384', '71082']",71082,"['3384', '71082', '7489', '13497', '20839']"
"[17, 21]","[9, 11]","['62454', '69704', '62549', '40487', '41897']",41897,"['62549', '62454', '69704', '40487', '41897']"
"[15, 21]","[5, 29]","['7489', '3384', '13497', '20839', '51743']",51743,"['13497', '20839', '3384', '51743', '7489']"
"[7, 3]","[18, 23]","['61767', '52457', '75828', '64781', '6216']",6216,"['6216', '75828', '61767', '52457', '64781']"
"[3, 7]","[9, 4]","['4286', '30859', '19992', '19796', '80219']",80219,"['80219', '4286', '19992', '19796', '30859']"
"[7, 20]","[4, 27]","['2425', '54372', '55305', '2277', '70239']",70239,"['70239', '2277', '54372', '55305', '2425']"
"[18, 25]","[5, 19]","['4132', '25711', '62071', '73827', '60473']",60473,"['62071', '73827', '60473', '25711', '4132']"
"[15, 17]","[14, 7]","['47834', '60915', '1225', '11908', '25607']",25607,"['11908', '1225', '25607', '47834', '60915']"
"[9, 4]","[3, 5]","['64614', '80219', '79413', '50510', '12162']",12162,"['64614', '79413', '50510', '12162', '80219']"
"[3, 21]","[19, 8]","['53064', '47060', '57272', '42206', '19346']",19346,"['53064', '19346', '47060', '57272', '42206']"
"[3, 12]","[9, 11]","['20968', '37955', '1181', '27821', '335']",335,"['20968', '27821', '1181', '37955', '335']"
"[0, 2]","[3, 3]","['44802', '62759', '43995', '63508', '30004']",30004,"['62759', '30004', '43995', '44802', '63508']"
"[14, 8]","[0, 24]","['39691', '40877', '46039', '28732', '37989']",37989,"['28732', '39691', '46039', '37989', '40877']"
"[7, 22]","[15, 21]","['23132', '31113', '79411', '40679', '13497']",13497,"['40679', '23132', '31113', '79411', '13497']"
"[15, 28]","[9, 26]","['10526', '3258', '23274', '38548', '50181']",50181,"['38548', '3258', '10526', '23274', '50181']"
"[17, 18]","[15, 28]","['31693', '70105', '66316', '21543', '38548']",38548,"['70105', '31693', '38548', '66316', '21543']"
"[18, 23]","[9, 26]","['65195', '14167', '78682', '61353', '50181']",50181,"['50181', '14167', '61353', '78682', '65195']"
"[3, 17]","[0, 6]","['53579', '54792', '38478', '33084', '75880']",75880,"['38478', '33084', '75880', '54792', '53579']"
"[9, 3]","[3, 16]","['64671', '9662', '74662', '14914', '59100']",59100,"['9662', '59100', '74662', '14914', '64671']"
"[9, 11]","[19, 25]","['78534', '61914', '335', '52758', '26994']",26994,"['335', '61914', '26994', '52758', '78534']"
"[3, 28]","[18, 25]","['73823', '55090', '42226', '12683', '62071']",62071,"['73823', '42226', '55090', '62071', '12683']"
"[0, 24]","[17, 5]","['37989', '48780', '31926', '74418', '50221']",50221,"['31926', '74418', '50221', '37989', '48780']"
"[0, 6]","[7, 22]","['43375', '41154', '25447', '49395', '40679']",40679,"['40679', '25447', '49395', '41154', '43375']"
"[3, 17]","[5, 22]","['53579', '54792', '12043', '64047', '57572']",57572,"['53579', '64047', '57572', '54792', '12043']"
"[15, 17]","[9, 26]","['1225', '47834', '60915', '11908', '23716']",23716,"['47834', '60915', '1225', '11908', '23716']"
"[19, 13]","[9, 3]","['43324', '37914', '43396', '26354', '14914']",14914,"['26354', '37914', '43396', '43324', '14914']"
"[19, 25]","[5, 22]","['47247', '74532', '33749', '26994', '77349']",77349,"['33749', '47247', '77349', '74532', '26994']"
"[15, 21]","[0, 6]","['3384', '13497', '7489', '20839', '59474']",59474,"['59474', '13497', '20839', '7489', '3384']"
"[5, 22]","[0, 24]","['48795', '40863', '77349', '57572', '48780']",48780,"['57572', '40863', '48780', '48795', '77349']"
"[7, 20]","[5, 22]","['2277', '54372', '55305', '2425', '48795']",48795,"['48795', '55305', '2425', '2277', '54372']"
"[5, 19]","[19, 13]","['49189', '54232', '77183', '60473', '35479']",35479,"['77183', '49189', '60473', '54232', '35479']"
"[18, 23]","[19, 25]","['72365', '64247', '40817', '67584', '26994']",26994,"['67584', '64247', '26994', '40817', '72365']"
"[5, 19]","[18, 25]","['54232', '77183', '49189', '53655', '25711']",25711,"['49189', '53655', '54232', '77183', '25711']"
"[3, 21]","[17, 18]","['42206', '57272', '47060', '53064', '21408']",21408,"['47060', '21408', '53064', '57272', '42206']"
"[19, 10]","[0, 2]","['25618', '73023', '55791', '21540', '43995']",43995,"['55791', '73023', '21540', '43995', '25618']"
"[0, 24]","[3, 3]","['48780', '31926', '74418', '37989', '30004']",30004,"['30004', '48780', '37989', '74418', '31926']"
"[0, 0]","[3, 17]","['78009', '8176', '28082', '14834', '12043']",12043,"['12043', '8176', '78009', '14834', '28082']"
"[0, 6]","[9, 4]","['25447', '75880', '41154', '59474', '79413']",79413,"['79413', '25447', '75880', '41154', '59474']"
"[3, 16]","[19, 8]","['177', '59100', '11746', '63317', '71082']",71082,"['177', '11746', '71082', '59100', '63317']"
"[0, 0]","[19, 18]","['14834', '78009', '8176', '28082', '35149']",35149,"['78009', '35149', '28082', '8176', '14834']"
"[3, 17]","[19, 8]","['12043', '53579', '38478', '33084', '6777']",6777,"['53579', '6777', '38478', '33084', '12043']"
"[7, 3]","[18, 25]","['75828', '61767', '64781', '52457', '62071']",62071,"['52457', '61767', '62071', '64781', '75828']"
"[3, 21]","[14, 8]","['47060', '42206', '57272', '53064', '28732']",28732,"['53064', '47060', '42206', '28732', '57272']"
"[14, 7]","[17, 18]","['67483', '77045', '38835', '25607', '6955']",6955,"['38835', '67483', '25607', '77045', '6955']"
"[0, 2]","[9, 11]","['62759', '67465', '54867', '45218', '335']",335,"['45218', '62759', '335', '54867', '67465']"
"[5, 4]","[15, 13]","['51114', '70560', '62609', '35725', '68970']",68970,"['70560', '68970', '62609', '51114', '35725']"
"[3, 3]","[0, 7]","['994', '30004', '10017', '22487', '10984']",10984,"['30004', '22487', '10017', '994', '10984']"
"[3, 26]","[19, 18]","['68096', '49864', '11033', '19246', '41277']",41277,"['49864', '41277', '68096', '19246', '11033']"
"[17, 5]","[14, 7]","['72055', '7913', '33045', '50221', '77045']",77045,"['33045', '50221', '77045', '7913', '72055']"
"[19, 28]","[9, 26]","['42272', '52721', '43363', '40111', '50181']",50181,"['50181', '42272', '43363', '52721', '40111']"
"[19, 28]","[3, 4]","['43363', '52721', '42272', '55589', '20671']",20671,"['43363', '42272', '20671', '55589', '52721']"
"[5, 29]","[0, 6]","['55950', '21765', '57316', '51743', '75880']",75880,"['21765', '57316', '75880', '51743', '55950']"
"[19, 25]","[3, 3]","['33749', '59747', '26994', '74532', '22002']",22002,"['59747', '22002', '33749', '26994', '74532']"
"[5, 19]","[19, 28]","['49189', '63077', '35619', '10743', '43363']",43363,"['10743', '63077', '35619', '43363', '49189']"
"[9, 4]","[19, 14]","['79413', '64614', '50510', '80219', '64729']",64729,"['80219', '79413', '64614', '64729', '50510']"
"[19, 28]","[9, 4]","['55589', '23197', '43363', '42272', '79413']",79413,"['43363', '42272', '23197', '79413', '55589']"
"[3, 21]","[19, 5]","['57272', '42206', '53064', '14038', '32569']",32569,"['32569', '42206', '53064', '57272', '14038']"
"[19, 10]","[3, 12]","['55791', '21540', '25618', '25168', '1181']",1181,"['25618', '21540', '55791', '1181', '25168']"
"[0, 7]","[4, 27]","['66807', '65801', '72266', '10984', '70239']",70239,"['72266', '10984', '66807', '70239', '65801']"
"[0, 6]","[19, 13]","['43375', '41154', '49395', '25447', '43324']",43324,"['43375', '41154', '49395', '25447', '43324']"
"[0, 0]","[9, 11]","['28082', '14834', '78009', '8176', '30907']",30907,"['78009', '14834', '30907', '8176', '28082']"
"[17, 18]","[3, 21]","['70105', '6955', '31693', '21408', '53064']",53064,"['53064', '21408', '6955', '70105', '31693']"
"[7, 3]","[19, 18]","['75828', '64781', '61767', '52457', '30721']",30721,"['30721', '64781', '52457', '61767', '75828']"
"[19, 28]","[17, 18]","['42272', '52721', '40111', '23197', '46660']",46660,"['52721', '40111', '23197', '42272', '46660']"
"[7, 1]","[3, 26]","['12421', '17550', '8109', '3536', '72586']",72586,"['17550', '72586', '12421', '8109', '3536']"
"[4, 27]","[19, 13]","['77515', '12888', '70239', '5222', '43324']",43324,"['70239', '5222', '43324', '12888', '77515']"
"[3, 7]","[19, 5]","['30859', '19992', '73164', '19796', '72346']",72346,"['30859', '73164', '72346', '19796', '19992']"
"[19, 13]","[17, 5]","['42612', '43396', '37914', '35479', '72055']",72055,"['43396', '37914', '42612', '72055', '35479']"
"[19, 5]","[0, 2]","['72346', '63902', '55314', '32569', '32703']",32703,"['32703', '63902', '55314', '32569', '72346']"
"[17, 21]","[14, 9]","['62454', '62549', '40487', '78147', '39708']",39708,"['39708', '78147', '62549', '62454', '40487']"
"[3, 17]","[0, 2]","['38478', '12043', '33084', '54792', '67465']",67465,"['54792', '33084', '67465', '12043', '38478']"
"[0, 24]","[15, 21]","['74418', '48780', '31926', '37989', '13497']",13497,"['13497', '31926', '37989', '48780', '74418']"
"[15, 17]","[0, 7]","['1225', '11908', '60915', '47834', '72266']",72266,"['60915', '47834', '1225', '11908', '72266']"
"[0, 7]","[9, 26]","['66807', '15613', '65801', '72266', '50181']",50181,"['72266', '65801', '50181', '15613', '66807']"
"[14, 9]","[17, 5]","['14102', '39708', '26678', '26506', '33045']",33045,"['39708', '14102', '33045', '26506', '26678']"
"[18, 23]","[9, 11]","['12104', '67584', '72978', '65195', '335']",335,"['12104', '72978', '65195', '67584', '335']"
"[3, 26]","[0, 0]","['40031', '49864', '19246', '1064', '14834']",14834,"['19246', '14834', '49864', '40031', '1064']"
"[15, 17]","[7, 20]","['11908', '1225', '47834', '60915', '2277']",2277,"['1225', '60915', '2277', '47834', '11908']"
"[5, 22]","[3, 4]","['77349', '57572', '40863', '7217', '9383']",9383,"['40863', '57572', '9383', '7217', '77349']"
"[19, 8]","[5, 19]","['36396', '71082', '6777', '19346', '51211']",51211,"['19346', '71082', '36396', '51211', '6777']"
"[15, 17]","[7, 1]","['60915', '1225', '11908', '47834', '17550']",17550,"['17550', '47834', '1225', '60915', '11908']"
"[7, 20]","[19, 8]","['55305', '54372', '2425', '2277', '71082']",71082,"['55305', '2425', '2277', '71082', '54372']"
"[9, 3]","[19, 13]","['9662', '14914', '64671', '1268', '43324']",43324,"['64671', '14914', '9662', '43324', '1268']"
"[0, 6]","[15, 17]","['41154', '43036', '59474', '75880', '60915']",60915,"['75880', '41154', '59474', '43036', '60915']"
"[14, 9]","[5, 4]","['14102', '6508', '39708', '40550', '70560']",70560,"['39708', '14102', '40550', '70560', '6508']"
"[15, 28]","[5, 4]","['38548', '67905', '10526', '3258', '35725']",35725,"['38548', '67905', '3258', '10526', '35725']"
"[19, 13]","[3, 16]","['35479', '42612', '43324', '26354', '63317']",63317,"['42612', '26354', '63317', '43324', '35479']"
"[3, 16]","[7, 3]","['177', '56017', '11746', '63317', '52457']",52457,"['52457', '63317', '11746', '177', '56017']"
"[9, 11]","[0, 7]","['78534', '41897', '4186', '15606', '66807']",66807,"['78534', '66807', '4186', '15606', '41897']"
"[9, 3]","[18, 23]","['1268', '9662', '74662', '14914', '64247']",64247,"['14914', '1268', '74662', '64247', '9662']"
"[3, 4]","[0, 14]","['11039', '20671', '35787', '9383', '17291']",17291,"['20671', '9383', '17291', '11039', '35787']"
"[9, 26]","[19, 8]","['6759', '50181', '27788', '23716', '19346']",19346,"['50181', '19346', '27788', '23716', '6759']"
"[19, 10]","[18, 23]","['55791', '73023', '25618', '21540', '64148']",64148,"['64148', '55791', '25618', '73023', '21540']"
"[18, 23]","[14, 9]","['48306', '10433', '37360', '65195', '26678']",26678,"['10433', '37360', '65195', '26678', '48306']"
"[9, 11]","[3, 12]","['15606', '335', '78534', '4186', '27821']",27821,"['335', '78534', '15606', '4186', '27821']"
"[9, 3]","[3, 16]","['64671', '74662', '1268', '14914', '177']",177,"['14914', '74662', '64671', '177', '1268']"
"[3, 26]","[17, 21]","['19246', '50906', '40031', '32729', '78147']",78147,"['50906', '32729', '78147', '19246', '40031']"
"[19, 10]","[15, 13]","['25168', '21540', '25618', '73023', '68970']",68970,"['68970', '25168', '21540', '73023', '25618']"
"[5, 19]","[19, 14]","['35619', '54232', '60473', '49189', '26703']",26703,"['49189', '35619', '26703', '54232', '60473']"
"[15, 17]","[7, 20]","['47834', '60915', '11908', '1225', '54372']",54372,"['11908', '60915', '1225', '47834', '54372']"
"[9, 11]","[3, 12]","['41897', '78534', '30907', '52758', '27821']",27821,"['27821', '41897', '30907', '78534', '52758']"
"[3, 21]","[0, 2]","['14038', '42206', '47060', '57272', '32703']",32703,"['42206', '57272', '32703', '14038', '47060']"
"[0, 2]","[15, 17]","['9639', '45218', '44802', '43995', '47834']",47834,"['9639', '43995', '44802', '47834', '45218']"
"[17, 18]","[5, 29]","['66935', '21543', '31693', '46660', '18711']",18711,"['18711', '31693', '21543', '66935', '46660']"
"[0, 14]","[9, 26]","['80522', '1261', '17291', '75707', '6759']",6759,"['80522', '6759', '1261', '17291', '75707']"
"[0, 0]","[15, 13]","['14834', '28082', '8176', '78009', '42684']",42684,"['78009', '8176', '28082', '42684', '14834']"
"[3, 26]","[14, 7]","['50906', '18887', '1064', '40031', '38835']",38835,"['38835', '18887', '40031', '50906', '1064']"
"[3, 28]","[0, 24]","['8257', '12683', '42226', '55090', '31926']",31926,"['55090', '31926', '8257', '12683', '42226']"
"[3, 4]","[18, 23]","['11039', '20671', '35787', '9383', '10433']",10433,"['11039', '10433', '20671', '9383', '35787']"
"[18, 25]","[19, 5]","['62071', '73827', '4132', '25711', '59952']",59952,"['62071', '25711', '4132', '59952', '73827']"
"[19, 18]","[3, 26]","['74633', '36535', '58616', '30721', '9147']",9147,"['30721', '74633', '36535', '58616', '9147']"
"[17, 5]","[3, 7]","['72055', '33045', '50221', '7913', '19992']",19992,"['33045', '7913', '72055', '19992', '50221']"
"[15, 13]","[9, 3]","['53137', '68970', '25079', '42684', '74662']",74662,"['74662', '53137', '42684', '25079', '68970']"
"[17, 18]","[3, 17]","['70105', '21543', '21408', '51240', '33084']",33084,"['33084', '21408', '51240', '21543', '70105']"
"[19, 25]","[15, 17]","['59747', '26994', '33749', '47247', '47834']",47834,"['47834', '59747', '33749', '26994', '47247']"
"[7, 22]","[19, 25]","['40679', '31113', '23132', '79411', '59747']",59747,"['79411', '23132', '40679', '59747', '31113']"
"[0, 14]","[3, 7]","['42604', '37963', '1261', '17291', '19796']",19796,"['19796', '17291', '1261', '42604', '37963']"
"[14, 9]","[5, 19]","['26678', '14102', '26506', '40550', '77183']",77183,"['26506', '40550', '14102', '77183', '26678']"
"[7, 20]","[0, 2]","['2425', '54372', '2277', '55305', '9639']",9639,"['9639', '54372', '2277', '55305', '2425']"
"[18, 23]","[15, 21]","['64148', '15451', '26755', '64247', '3384']",3384,"['3384', '26755', '64247', '15451', '64148']"
"[17, 5]","[0, 0]","['7913', '33045', '72055', '50221', '8176']",8176,"['72055', '33045', '50221', '7913', '8176']"
"[14, 8]","[19, 25]","['28694', '40877', '28732', '46039', '59747']",59747,"['28732', '40877', '28694', '59747', '46039']"
"[0, 24]","[14, 7]","['48780', '74418', '37989', '31926', '51393']",51393,"['31926', '37989', '48780', '74418', '51393']"
"[9, 3]","[15, 28]","['9662', '64671', '14914', '74662', '23274']",23274,"['23274', '64671', '74662', '14914', '9662']"
"[7, 22]","[0, 2]","['40679', '79411', '31113', '23132', '28242']",28242,"['28242', '79411', '23132', '31113', '40679']"
"[19, 25]","[0, 2]","['26994', '59747', '47247', '33749', '27625']",27625,"['47247', '59747', '27625', '33749', '26994']"
"[7, 1]","[18, 25]","['10825', '16951', '53652', '8109', '3282']",3282,"['16951', '53652', '3282', '8109', '10825']"
"[5, 29]","[19, 28]","['18711', '57316', '55950', '51743', '55589']",55589,"['18711', '51743', '55950', '57316', '55589']"
"[3, 12]","[19, 14]","['27821', '37955', '20968', '1181', '26372']",26372,"['26372', '27821', '1181', '20968', '37955']"
"[19, 13]","[15, 28]","['43324', '26354', '37914', '43396', '38548']",38548,"['26354', '43396', '38548', '43324', '37914']"
"[0, 6]","[15, 28]","['49395', '25447', '59474', '75880', '67905']",67905,"['59474', '49395', '25447', '67905', '75880']"
"[3, 12]","[18, 25]","['27821', '20968', '1181', '37955', '62071']",62071,"['62071', '37955', '27821', '1181', '20968']"
"[15, 17]","[18, 25]","['11908', '60915', '1225', '47834', '73827']",73827,"['47834', '73827', '11908', '60915', '1225']"
"[17, 21]","[0, 7]","['78147', '62549', '9795', '62454', '66807']",66807,"['9795', '62549', '78147', '66807', '62454']"
"[5, 4]","[3, 7]","['35725', '51114', '70560', '2004', '73164']",73164,"['51114', '70560', '35725', '2004', '73164']"
"[19, 28]","[3, 12]","['43363', '23197', '40111', '55589', '27821']",27821,"['55589', '27821', '40111', '43363', '23197']"
"[3, 26]","[7, 22]","['11033', '19246', '50906', '68096', '23132']",23132,"['11033', '50906', '68096', '19246', '23132']"
"[5, 22]","[0, 2]","['48795', '57572', '40863', '7217', '43995']",43995,"['40863', '48795', '7217', '43995', '57572']"
"[3, 28]","[0, 7]","['73823', '55090', '42226', '8257', '15613']",15613,"['42226', '8257', '15613', '73823', '55090']"
"[19, 13]","[5, 19]","['43324', '42612', '37914', '43396', '35619']",35619,"['35619', '37914', '43324', '42612', '43396']"
"[14, 7]","[18, 25]","['51393', '67483', '38835', '77045', '4132']",4132,"['77045', '38835', '67483', '4132', '51393']"
"[14, 7]","[5, 19]","['25607', '77045', '38835', '67483', '53655']",53655,"['38835', '67483', '77045', '53655', '25607']"
"[5, 22]","[19, 25]","['7217', '48795', '40863', '77349', '47247']",47247,"['40863', '47247', '7217', '77349', '48795']"
"[19, 13]","[0, 7]","['35479', '26354', '37914', '43396', '65801']",65801,"['65801', '26354', '35479', '43396', '37914']"
"[0, 14]","[7, 22]","['75707', '17291', '39894', '80522', '40679']",40679,"['80522', '40679', '17291', '75707', '39894']"
"[19, 13]","[5, 4]","['43396', '35479', '43324', '42612', '70560']",70560,"['70560', '43324', '43396', '42612', '35479']"
"[19, 10]","[17, 21]","['55791', '73023', '25168', '25618', '40487']",40487,"['55791', '25168', '40487', '25618', '73023']"
"[19, 28]","[3, 12]","['43363', '55589', '23197', '42272', '27821']",27821,"['27821', '23197', '43363', '55589', '42272']"
"[19, 13]","[3, 4]","['43324', '26354', '37914', '42612', '20671']",20671,"['43324', '20671', '37914', '26354', '42612']"
"[19, 13]","[5, 4]","['35479', '37914', '26354', '42612', '2004']",2004,"['42612', '37914', '26354', '2004', '35479']"
"[9, 26]","[19, 13]","['7474', '23716', '50181', '27788', '42612']",42612,"['42612', '7474', '50181', '27788', '23716']"
"[15, 21]","[14, 7]","['3384', '7489', '13497', '20839', '67483']",67483,"['7489', '67483', '13497', '20839', '3384']"
"[0, 7]","[19, 25]","['66807', '72266', '65801', '15613', '47247']",47247,"['47247', '15613', '66807', '72266', '65801']"
"[15, 17]","[14, 9]","['1225', '11908', '47834', '60915', '6508']",6508,"['6508', '1225', '60915', '11908', '47834']"
"[18, 23]","[7, 3]","['14167', '6216', '37360', '40817', '75828']",75828,"['14167', '37360', '6216', '75828', '40817']"
"[5, 29]","[18, 25]","['18711', '21765', '51743', '52548', '73827']",73827,"['73827', '18711', '51743', '52548', '21765']"
"[18, 25]","[9, 4]","['25711', '73827', '4132', '62071', '64614']",64614,"['4132', '64614', '25711', '73827', '62071']"
"[19, 18]","[18, 23]","['29042', '36535', '74633', '49556', '78682']",78682,"['36535', '49556', '29042', '74633', '78682']"
"[19, 8]","[5, 4]","['6777', '36396', '19346', '71082', '51114']",51114,"['51114', '71082', '19346', '36396', '6777']"
"[0, 7]","[5, 19]","['10984', '65801', '15613', '72266', '35619']",35619,"['72266', '65801', '35619', '10984', '15613']"
"[3, 7]","[19, 13]","['73164', '4286', '37907', '30859', '35479']",35479,"['37907', '35479', '30859', '73164', '4286']"
"[14, 8]","[3, 16]","['28694', '28732', '40877', '39691', '63317']",63317,"['40877', '28732', '28694', '63317', '39691']"
"[3, 16]","[9, 26]","['11746', '56017', '177', '63317', '7474']",7474,"['11746', '7474', '177', '63317', '56017']"
"[14, 9]","[0, 7]","['26678', '40550', '14102', '6508', '15613']",15613,"['26678', '15613', '6508', '14102', '40550']"
"[0, 7]","[15, 17]","['72266', '66807', '10984', '15613', '1225']",1225,"['1225', '10984', '72266', '66807', '15613']"
"[3, 3]","[19, 13]","['22487', '22002', '30004', '72700', '35479']",35479,"['72700', '35479', '22002', '30004', '22487']"
"[19, 18]","[7, 1]","['35149', '29042', '49556', '36535', '17550']",17550,"['36535', '35149', '49556', '29042', '17550']"
"[0, 6]","[14, 7]","['75880', '43375', '49395', '41154', '51393']",51393,"['51393', '75880', '49395', '41154', '43375']"
"[7, 20]","[19, 10]","['55305', '2425', '2277', '54372', '25618']",25618,"['2425', '54372', '25618', '2277', '55305']"
"[14, 8]","[7, 22]","['28694', '46039', '28732', '39691', '31113']",31113,"['46039', '39691', '28694', '31113', '28732']"
"[7, 1]","[5, 4]","['16951', '17550', '12421', '8109', '27706']",27706,"['8109', '16951', '12421', '17550', '27706']"
"[3, 26]","[9, 4]","['34449', '72586', '1064', '19246', '79413']",79413,"['34449', '19246', '72586', '1064', '79413']"
"[3, 4]","[5, 29]","['35787', '11039', '9383', '20671', '18711']",18711,"['18711', '11039', '35787', '20671', '9383']"
"[0, 6]","[7, 1]","['43375', '41154', '59474', '25447', '16951']",16951,"['41154', '25447', '16951', '43375', '59474']"
"[18, 25]","[3, 12]","['73827', '25711', '3282', '62071', '20968']",20968,"['20968', '3282', '25711', '62071', '73827']"
"[17, 18]","[3, 3]","['70105', '46660', '66935', '51240', '22002']",22002,"['66935', '22002', '51240', '46660', '70105']"
"[18, 25]","[7, 1]","['73827', '4132', '62071', '25711', '16951']",16951,"['25711', '73827', '16951', '62071', '4132']"
"[15, 17]","[19, 10]","['47834', '1225', '60915', '11908', '73023']",73023,"['11908', '60915', '47834', '1225', '73023']"
"[19, 14]","[14, 7]","['64729', '26372', '72517', '26703', '25607']",25607,"['64729', '25607', '26703', '26372', '72517']"
"[7, 20]","[9, 26]","['2425', '55305', '2277', '54372', '23716']",23716,"['55305', '23716', '54372', '2425', '2277']"
"[19, 14]","[5, 29]","['64729', '26703', '26372', '72517', '55950']",55950,"['55950', '72517', '26703', '26372', '64729']"
"[0, 2]","[19, 25]","['54867', '27625', '80744', '9639', '26994']",26994,"['26994', '54867', '27625', '9639', '80744']"
"[14, 8]","[19, 13]","['28732', '40877', '28694', '46039', '43396']",43396,"['40877', '46039', '43396', '28732', '28694']"
"[3, 17]","[7, 1]","['12043', '53579', '38478', '54792', '16951']",16951,"['16951', '53579', '54792', '38478', '12043']"
"[3, 5]","[17, 21]","['64', '74226', '63514', '12162', '62549']",62549,"['74226', '62549', '12162', '63514', '64']"
"[9, 11]","[0, 7]","['15606', '52758', '78534', '335', '72266']",72266,"['15606', '335', '52758', '72266', '78534']"
"[15, 17]","[14, 9]","['1225', '47834', '60915', '11908', '26678']",26678,"['1225', '11908', '26678', '47834', '60915']"
"[19, 5]","[15, 17]","['76431', '55314', '63902', '32569', '1225']",1225,"['55314', '1225', '63902', '32569', '76431']"
"[9, 26]","[3, 12]","['6759', '7474', '50181', '27788', '1181']",1181,"['27788', '50181', '6759', '1181', '7474']"
"[5, 29]","[0, 24]","['21765', '18711', '57316', '55950', '37989']",37989,"['37989', '55950', '21765', '57316', '18711']"
"[19, 25]","[5, 4]","['26994', '74532', '59747', '33749', '63485']",63485,"['26994', '59747', '63485', '33749', '74532']"
"[0, 24]","[15, 17]","['31926', '37989', '48780', '74418', '11908']",11908,"['74418', '11908', '37989', '48780', '31926']"
"[9, 4]","[17, 5]","['80219', '64614', '79413', '50510', '72055']",72055,"['80219', '79413', '50510', '72055', '64614']"
"[18, 23]","[19, 25]","['10433', '48306', '78682', '26755', '47247']",47247,"['26755', '78682', '10433', '48306', '47247']"
"[17, 21]","[3, 12]","['9795', '78147', '40487', '62454', '1181']",1181,"['78147', '62454', '40487', '9795', '1181']"
"[14, 7]","[7, 22]","['51393', '38835', '67483', '25607', '23132']",23132,"['51393', '25607', '67483', '38835', '23132']"
"[0, 24]","[9, 4]","['31926', '74418', '48780', '37989', '80219']",80219,"['48780', '80219', '31926', '37989', '74418']"
"[19, 18]","[4, 27]","['29042', '58616', '36535', '35149', '70239']",70239,"['58616', '29042', '35149', '36535', '70239']"
"[14, 8]","[5, 19]","['39691', '28694', '46039', '28732', '60473']",60473,"['28694', '46039', '60473', '39691', '28732']"
"[19, 25]","[3, 28]","['33749', '26994', '74532', '59747', '55090']",55090,"['26994', '59747', '55090', '33749', '74532']"
"[4, 27]","[17, 18]","['12888', '5222', '77515', '70239', '66935']",66935,"['12888', '70239', '5222', '66935', '77515']"
"[7, 1]","[19, 18]","['10825', '53652', '16951', '12376', '30721']",30721,"['12376', '53652', '30721', '16951', '10825']"
"[18, 23]","[5, 29]","['67584', '40817', '10433', '15451', '18711']",18711,"['10433', '15451', '18711', '67584', '40817']"
"[9, 3]","[4, 27]","['74662', '1268', '14914', '9662', '70239']",70239,"['70239', '74662', '1268', '14914', '9662']"
"[19, 28]","[15, 13]","['55589', '43363', '23197', '42272', '25079']",25079,"['25079', '55589', '23197', '43363', '42272']"
"[9, 26]","[5, 19]","['23716', '50181', '6759', '27788', '49189']",49189,"['49189', '23716', '6759', '27788', '50181']"
"[3, 17]","[19, 5]","['54792', '38478', '33084', '53579', '59952']",59952,"['53579', '54792', '38478', '59952', '33084']"
"[3, 4]","[0, 2]","['20671', '35787', '11039', '9383', '70440']",70440,"['20671', '35787', '9383', '11039', '70440']"
"[14, 7]","[19, 5]","['77045', '67483', '38835', '51393', '72346']",72346,"['67483', '51393', '38835', '72346', '77045']"
"[0, 24]","[19, 13]","['37989', '48780', '31926', '74418', '43324']",43324,"['37989', '48780', '74418', '31926', '43324']"
"[3, 21]","[14, 8]","['42206', '14038', '57272', '53064', '46039']",46039,"['53064', '14038', '57272', '46039', '42206']"
"[7, 20]","[5, 19]","['55305', '2277', '2425', '54372', '51211']",51211,"['2277', '2425', '54372', '55305', '51211']"
"[0, 0]","[5, 4]","['78009', '14834', '8176', '28082', '35725']",35725,"['14834', '78009', '8176', '35725', '28082']"
"[3, 16]","[14, 7]","['56017', '11746', '177', '59100', '25607']",25607,"['177', '11746', '56017', '25607', '59100']"
"[3, 26]","[19, 13]","['11033', '18887', '49864', '1064', '26354']",26354,"['18887', '1064', '49864', '26354', '11033']"
"[14, 9]","[0, 14]","['40550', '26506', '39708', '26678', '75707']",75707,"['39708', '75707', '40550', '26678', '26506']"
"[3, 16]","[14, 9]","['11746', '59100', '56017', '177', '6508']",6508,"['177', '11746', '6508', '59100', '56017']"
"[0, 6]","[7, 3]","['49395', '75880', '41154', '43036', '64781']",64781,"['75880', '64781', '41154', '49395', '43036']"
"[19, 8]","[9, 3]","['36396', '71082', '19346', '6777', '1268']",1268,"['1268', '19346', '36396', '71082', '6777']"
"[3, 3]","[9, 4]","['30004', '22002', '994', '72700', '50510']",50510,"['994', '50510', '72700', '30004', '22002']"
"[0, 2]","[4, 27]","['67465', '43995', '45218', '9836', '5222']",5222,"['67465', '43995', '9836', '5222', '45218']"
"[4, 27]","[5, 22]","['70239', '5222', '12888', '77515', '48795']",48795,"['5222', '77515', '70239', '48795', '12888']"
"[3, 26]","[14, 7]","['19246', '68096', '50906', '9147', '77045']",77045,"['19246', '68096', '77045', '50906', '9147']"
"[19, 5]","[18, 25]","['59952', '55314', '17017', '32569', '4132']",4132,"['32569', '4132', '55314', '17017', '59952']"
"[0, 6]","[19, 18]","['43375', '41154', '59474', '43036', '74633']",74633,"['43036', '59474', '74633', '43375', '41154']"
"[0, 14]","[3, 3]","['39894', '80522', '17291', '1261', '994']",994,"['39894', '80522', '994', '1261', '17291']"
"[0, 7]","[9, 26]","['15613', '65801', '72266', '10984', '27788']",27788,"['15613', '72266', '10984', '27788', '65801']"
"[19, 10]","[7, 22]","['25618', '25168', '73023', '55791', '23132']",23132,"['73023', '23132', '25618', '25168', '55791']"
"[5, 19]","[17, 18]","['49189', '54232', '10743', '35619', '66316']",66316,"['54232', '49189', '35619', '66316', '10743']"
"[19, 5]","[3, 4]","['32569', '17017', '72346', '59952', '35787']",35787,"['17017', '32569', '59952', '72346', '35787']"
"[5, 22]","[19, 25]","['57572', '7217', '40863', '48795', '59747']",59747,"['59747', '48795', '57572', '7217', '40863']"
"[17, 18]","[9, 11]","['46660', '70105', '31693', '66316', '41897']",41897,"['66316', '41897', '31693', '70105', '46660']"
"[15, 13]","[0, 14]","['34763', '53137', '20590', '42684', '80522']",80522,"['42684', '20590', '34763', '53137', '80522']"
"[14, 9]","[17, 21]","['40550', '14102', '39708', '26678', '62549']",62549,"['62549', '39708', '26678', '14102', '40550']"
"[0, 0]","[3, 5]","['78009', '14834', '8176', '28082', '74226']",74226,"['74226', '28082', '14834', '8176', '78009']"
"[19, 18]","[0, 2]","['58616', '30721', '35149', '55086', '48095']",48095,"['35149', '55086', '58616', '30721', '48095']"
"[5, 19]","[19, 18]","['77183', '54232', '53655', '63077', '58616']",58616,"['63077', '77183', '58616', '54232', '53655']"
"[17, 21]","[19, 10]","['62549', '40487', '78147', '69704', '21540']",21540,"['21540', '40487', '78147', '62549', '69704']"
"[19, 8]","[17, 5]","['19346', '71082', '6777', '36396', '7913']",7913,"['36396', '6777', '19346', '71082', '7913']"
"[17, 18]","[19, 14]","['21543', '31693', '66316', '51240', '26372']",26372,"['51240', '26372', '66316', '21543', '31693']"
"[17, 21]","[15, 17]","['62454', '69704', '62549', '40487', '60915']",60915,"['60915', '69704', '40487', '62549', '62454']"
"[0, 0]","[5, 29]","['8176', '78009', '14834', '28082', '51743']",51743,"['14834', '8176', '78009', '28082', '51743']"
"[15, 13]","[7, 22]","['34763', '20590', '42684', '68970', '79411']",79411,"['34763', '20590', '42684', '79411', '68970']"
"[7, 20]","[5, 19]","['54372', '55305', '2277', '2425', '49189']",49189,"['55305', '2277', '54372', '2425', '49189']"
"[3, 17]","[18, 25]","['64047', '53579', '33084', '54792', '62071']",62071,"['53579', '62071', '54792', '33084', '64047']"
"[7, 22]","[14, 7]","['79411', '31113', '23132', '40679', '67483']",67483,"['79411', '31113', '23132', '67483', '40679']"
"[18, 23]","[9, 4]","['15451', '59794', '40817', '64247', '80219']",80219,"['64247', '15451', '59794', '80219', '40817']"
"[3, 12]","[0, 14]","['37955', '1181', '20968', '27821', '75707']",75707,"['27821', '1181', '20968', '37955', '75707']"
"[3, 28]","[19, 13]","['73823', '8257', '12683', '55090', '35479']",35479,"['35479', '55090', '8257', '12683', '73823']"
"[15, 13]","[7, 20]","['34763', '24364', '25079', '68970', '2277']",2277,"['25079', '68970', '2277', '34763', '24364']"
"[15, 21]","[9, 4]","['13497', '20839', '7489', '3384', '64614']",64614,"['20839', '7489', '13497', '3384', '64614']"
"[3, 5]","[19, 14]","['12162', '63514', '64', '74226', '26372']",26372,"['74226', '26372', '63514', '64', '12162']"
"[4, 27]","[3, 3]","['12888', '5222', '77515', '70239', '10017']",10017,"['12888', '10017', '70239', '77515', '5222']"
"[15, 17]","[5, 4]","['60915', '47834', '11908', '1225', '63485']",63485,"['63485', '11908', '60915', '47834', '1225']"
"[19, 13]","[15, 21]","['43396', '42612', '35479', '26354', '13497']",13497,"['13497', '42612', '43396', '26354', '35479']"
"[15, 17]","[17, 5]","['47834', '60915', '1225', '11908', '7913']",7913,"['47834', '60915', '11908', '7913', '1225']"
"[3, 21]","[5, 4]","['14038', '53064', '47060', '42206', '2004']",2004,"['47060', '2004', '14038', '42206', '53064']"
"[3, 26]","[9, 11]","['19246', '11033', '50906', '68096', '78534']",78534,"['78534', '68096', '11033', '19246', '50906']"
"[9, 3]","[3, 16]","['1268', '64671', '9662', '14914', '56017']",56017,"['9662', '14914', '1268', '56017', '64671']"
"[19, 13]","[0, 2]","['26354', '37914', '42612', '35479', '43629']",43629,"['26354', '37914', '35479', '43629', '42612']"
"[0, 24]","[19, 10]","['31926', '37989', '48780', '74418', '21540']",21540,"['74418', '37989', '31926', '48780', '21540']"
"[5, 19]","[7, 1]","['54232', '60473', '53655', '77183', '12376']",12376,"['53655', '54232', '12376', '60473', '77183']"
"[5, 19]","[3, 7]","['10743', '35619', '63077', '51211', '37907']",37907,"['37907', '35619', '51211', '63077', '10743']"
"[0, 0]","[14, 9]","['28082', '14834', '8176', '78009', '14102']",14102,"['14102', '8176', '78009', '14834', '28082']"
"[17, 5]","[3, 3]","['33045', '72055', '7913', '50221', '10017']",10017,"['7913', '50221', '10017', '72055', '33045']"
"[18, 23]","[9, 4]","['20502', '37360', '59794', '67584', '79413']",79413,"['79413', '67584', '20502', '59794', '37360']"
"[3, 28]","[14, 7]","['12683', '42226', '55090', '73823', '51393']",51393,"['55090', '12683', '42226', '51393', '73823']"
"[9, 26]","[19, 5]","['6759', '27788', '7474', '50181', '17017']",17017,"['17017', '6759', '7474', '50181', '27788']"
"[7, 20]","[18, 25]","['2425', '55305', '54372', '2277', '3282']",3282,"['2277', '54372', '3282', '2425', '55305']"
"[19, 28]","[3, 26]","['42272', '40111', '43363', '52721', '49864']",49864,"['42272', '40111', '52721', '49864', '43363']"
"[17, 21]","[19, 28]","['9795', '62549', '62454', '40487', '42272']",42272,"['40487', '42272', '9795', '62549', '62454']"
"[4, 27]","[9, 26]","['70239', '12888', '77515', '5222', '23716']",23716,"['70239', '12888', '23716', '5222', '77515']"
"[18, 25]","[15, 13]","['73827', '4132', '3282', '62071', '53137']",53137,"['62071', '4132', '53137', '3282', '73827']"
"[19, 18]","[14, 9]","['55086', '58616', '30721', '49556', '40550']",40550,"['58616', '55086', '30721', '49556', '40550']"
"[17, 5]","[3, 28]","['50221', '33045', '7913', '72055', '12683']",12683,"['12683', '33045', '72055', '7913', '50221']"
"[4, 27]","[0, 7]","['12888', '77515', '5222', '70239', '15613']",15613,"['70239', '77515', '15613', '5222', '12888']"
"[19, 25]","[9, 26]","['33749', '59747', '26994', '47247', '23716']",23716,"['47247', '26994', '33749', '23716', '59747']"
"[0, 14]","[3, 3]","['80522', '17291', '42604', '75707', '30004']",30004,"['80522', '17291', '42604', '75707', '30004']"
"[14, 9]","[5, 22]","['39708', '14102', '6508', '40550', '77349']",77349,"['6508', '14102', '77349', '40550', '39708']"
"[9, 26]","[7, 22]","['23716', '27788', '6759', '7474', '40679']",40679,"['6759', '40679', '7474', '27788', '23716']"
"[3, 17]","[0, 7]","['12043', '64047', '38478', '54792', '15613']",15613,"['15613', '38478', '12043', '54792', '64047']"
"[3, 7]","[9, 3]","['4286', '30859', '19992', '37907', '14914']",14914,"['30859', '14914', '37907', '4286', '19992']"
"[17, 18]","[0, 24]","['6955', '51240', '31693', '66316', '31926']",31926,"['6955', '51240', '31693', '31926', '66316']"
"[3, 7]","[7, 1]","['19992', '37907', '19796', '4286', '12421']",12421,"['19796', '4286', '37907', '12421', '19992']"
"[18, 23]","[3, 16]","['64148', '64247', '78682', '15451', '11746']",11746,"['64148', '64247', '15451', '78682', '11746']"
"[5, 29]","[14, 8]","['18711', '52548', '21765', '57316', '28694']",28694,"['18711', '52548', '28694', '57316', '21765']"
"[15, 13]","[14, 9]","['34763', '25079', '42684', '24364', '39708']",39708,"['42684', '39708', '34763', '25079', '24364']"
"[9, 4]","[18, 23]","['80219', '50510', '64614', '79413', '26755']",26755,"['50510', '26755', '80219', '79413', '64614']"
"[18, 25]","[17, 5]","['62071', '25711', '3282', '4132', '50221']",50221,"['25711', '3282', '50221', '62071', '4132']"
"[3, 17]","[0, 14]","['12043', '53579', '64047', '38478', '75707']",75707,"['12043', '38478', '53579', '75707', '64047']"
"[0, 7]","[17, 18]","['66807', '15613', '10984', '65801', '21543']",21543,"['66807', '21543', '15613', '10984', '65801']"
"[19, 18]","[7, 22]","['74633', '55086', '41277', '49556', '31113']",31113,"['74633', '41277', '55086', '31113', '49556']"
"[0, 2]","[4, 27]","['59390', '28242', '51831', '66847', '77515']",77515,"['51831', '77515', '28242', '66847', '59390']"
"[3, 3]","[5, 19]","['10017', '10131', '22487', '30004', '53655']",53655,"['22487', '10017', '10131', '30004', '53655']"
"[0, 14]","[19, 5]","['75707', '37963', '1261', '39894', '32569']",32569,"['32569', '1261', '37963', '75707', '39894']"
"[17, 5]","[15, 28]","['72055', '33045', '50221', '7913', '23274']",23274,"['7913', '33045', '23274', '50221', '72055']"
"[18, 23]","[5, 29]","['64148', '72365', '61353', '6216', '55950']",55950,"['64148', '55950', '72365', '6216', '61353']"
"[5, 19]","[14, 7]","['35619', '77183', '51211', '53655', '67483']",67483,"['77183', '53655', '51211', '67483', '35619']"
"[0, 14]","[3, 16]","['39894', '42604', '17291', '37963', '177']",177,"['177', '17291', '37963', '39894', '42604']"
"[15, 21]","[0, 14]","['3384', '13497', '20839', '7489', '17291']",17291,"['20839', '13497', '7489', '3384', '17291']"
"[0, 6]","[9, 3]","['43375', '25447', '59474', '41154', '74662']",74662,"['74662', '43375', '59474', '25447', '41154']"
"[3, 28]","[19, 10]","['73823', '12683', '42226', '8257', '25618']",25618,"['12683', '73823', '42226', '25618', '8257']"
"[15, 13]","[0, 14]","['25079', '42684', '20590', '34763', '1261']",1261,"['25079', '1261', '42684', '20590', '34763']"
"[19, 5]","[3, 4]","['63902', '55314', '72346', '32569', '11039']",11039,"['11039', '63902', '55314', '72346', '32569']"
"[3, 12]","[14, 8]","['20968', '27821', '1181', '37955', '40877']",40877,"['37955', '1181', '40877', '27821', '20968']"
"[3, 21]","[19, 10]","['53064', '47060', '14038', '42206', '73023']",73023,"['47060', '73023', '14038', '53064', '42206']"
"[18, 23]","[19, 18]","['72365', '25667', '48306', '78682', '74633']",74633,"['72365', '78682', '25667', '74633', '48306']"
"[5, 29]","[0, 6]","['51743', '21765', '57316', '52548', '25447']",25447,"['52548', '57316', '21765', '25447', '51743']"
"[19, 25]","[3, 28]","['26994', '47247', '59747', '74532', '73823']",73823,"['47247', '73823', '26994', '59747', '74532']"
"[0, 0]","[9, 4]","['28082', '14834', '8176', '78009', '79413']",79413,"['14834', '8176', '28082', '78009', '79413']"
"[3, 5]","[19, 8]","['64', '74226', '63514', '12162', '36396']",36396,"['63514', '12162', '64', '74226', '36396']"
"[5, 4]","[4, 27]","['70560', '27706', '51114', '53032', '5222']",5222,"['70560', '5222', '27706', '51114', '53032']"
"[15, 28]","[14, 7]","['38548', '23274', '3258', '67905', '51393']",51393,"['23274', '67905', '3258', '38548', '51393']"
"[7, 1]","[19, 18]","['3536', '53652', '17550', '8109', '74633']",74633,"['8109', '3536', '17550', '74633', '53652']"
"[3, 16]","[14, 7]","['56017', '63317', '11746', '59100', '77045']",77045,"['56017', '63317', '11746', '77045', '59100']"
"[5, 4]","[19, 25]","['35725', '2004', '53032', '27706', '74532']",74532,"['35725', '2004', '27706', '74532', '53032']"
"[0, 2]","[19, 14]","['66847', '44145', '54867', '70440', '72517']",72517,"['44145', '70440', '66847', '54867', '72517']"
"[19, 28]","[0, 6]","['52721', '40111', '55589', '42272', '49395']",49395,"['49395', '42272', '40111', '52721', '55589']"
"[3, 21]","[5, 29]","['53064', '14038', '47060', '57272', '55950']",55950,"['14038', '57272', '55950', '53064', '47060']"
"[17, 21]","[15, 17]","['9795', '69704', '78147', '40487', '11908']",11908,"['69704', '11908', '9795', '40487', '78147']"
"[14, 9]","[7, 20]","['39708', '26678', '40550', '6508', '54372']",54372,"['40550', '26678', '6508', '54372', '39708']"
"[0, 14]","[9, 3]","['17291', '42604', '1261', '80522', '1268']",1268,"['17291', '42604', '80522', '1261', '1268']"
"[3, 7]","[5, 4]","['73164', '19992', '19796', '4286', '27706']",27706,"['4286', '19992', '73164', '27706', '19796']"
"[19, 14]","[17, 21]","['64729', '26372', '72517', '26703', '9795']",9795,"['9795', '72517', '26703', '26372', '64729']"
"[3, 7]","[19, 5]","['19796', '30859', '19992', '4286', '63902']",63902,"['19796', '63902', '4286', '30859', '19992']"
"[15, 28]","[5, 19]","['10526', '3258', '38548', '23274', '53655']",53655,"['3258', '53655', '23274', '10526', '38548']"
"[18, 23]","[4, 27]","['20502', '37360', '78682', '10433', '70239']",70239,"['10433', '37360', '20502', '70239', '78682']"
"[19, 25]","[7, 1]","['33749', '59747', '47247', '74532', '8109']",8109,"['59747', '47247', '74532', '8109', '33749']"
"[17, 18]","[5, 29]","['31693', '51240', '21408', '66935', '57316']",57316,"['57316', '51240', '21408', '31693', '66935']"
"[3, 28]","[0, 2]","['42226', '73823', '8257', '12683', '32703']",32703,"['42226', '12683', '8257', '73823', '32703']"
"[4, 27]","[3, 17]","['12888', '77515', '5222', '70239', '33084']",33084,"['5222', '33084', '70239', '12888', '77515']"
"[9, 11]","[14, 7]","['52758', '41897', '78534', '30907', '67483']",67483,"['78534', '41897', '67483', '52758', '30907']"
"[3, 26]","[14, 7]","['11033', '50906', '1064', '34449', '38835']",38835,"['11033', '34449', '38835', '50906', '1064']"
"[3, 4]","[19, 10]","['9383', '35787', '11039', '20671', '25618']",25618,"['9383', '35787', '20671', '11039', '25618']"
"[15, 13]","[0, 24]","['24364', '42684', '68970', '53137', '48780']",48780,"['42684', '48780', '68970', '53137', '24364']"
"[3, 16]","[0, 7]","['63317', '177', '59100', '11746', '72266']",72266,"['63317', '177', '72266', '11746', '59100']"
"[5, 22]","[3, 5]","['7217', '77349', '48795', '40863', '74226']",74226,"['7217', '48795', '40863', '74226', '77349']"
"[0, 14]","[3, 12]","['1261', '75707', '37963', '17291', '27821']",27821,"['17291', '1261', '37963', '27821', '75707']"
"[9, 4]","[0, 0]","['79413', '50510', '80219', '64614', '78009']",78009,"['80219', '64614', '78009', '50510', '79413']"
"[15, 17]","[0, 6]","['47834', '11908', '1225', '60915', '43036']",43036,"['11908', '43036', '1225', '60915', '47834']"
"[5, 19]","[18, 23]","['63077', '51211', '60473', '49189', '14167']",14167,"['60473', '14167', '49189', '51211', '63077']"
"[0, 14]","[19, 8]","['17291', '39894', '80522', '1261', '71082']",71082,"['39894', '71082', '17291', '1261', '80522']"
"[0, 6]","[14, 7]","['59474', '25447', '43036', '49395', '38835']",38835,"['38835', '43036', '59474', '25447', '49395']"
"[7, 20]","[0, 2]","['2425', '54372', '55305', '2277', '54867']",54867,"['54867', '54372', '2425', '2277', '55305']"
"[19, 8]","[0, 14]","['6777', '19346', '36396', '71082', '37963']",37963,"['6777', '36396', '37963', '19346', '71082']"
"[0, 14]","[15, 13]","['75707', '80522', '39894', '42604', '24364']",24364,"['75707', '39894', '80522', '24364', '42604']"
"[5, 4]","[17, 5]","['63485', '51114', '53032', '27706', '33045']",33045,"['53032', '63485', '33045', '51114', '27706']"
"[3, 28]","[9, 4]","['42226', '55090', '12683', '73823', '64614']",64614,"['12683', '42226', '55090', '73823', '64614']"
"[19, 28]","[18, 25]","['23197', '43363', '52721', '40111', '25711']",25711,"['40111', '23197', '52721', '43363', '25711']"
"[0, 24]","[9, 4]","['74418', '48780', '31926', '37989', '50510']",50510,"['31926', '48780', '37989', '74418', '50510']"
"[15, 28]","[9, 26]","['23274', '67905', '3258', '10526', '7474']",7474,"['67905', '23274', '3258', '7474', '10526']"
"[3, 21]","[9, 3]","['47060', '53064', '42206', '57272', '9662']",9662,"['9662', '42206', '57272', '47060', '53064']"
"[0, 7]","[7, 1]","['65801', '10984', '66807', '15613', '12376']",12376,"['12376', '15613', '10984', '65801', '66807']"
"[7, 3]","[0, 2]","['64781', '61767', '75828', '52457', '54867']",54867,"['52457', '61767', '75828', '64781', '54867']"
"[3, 12]","[17, 21]","['27821', '1181', '20968', '37955', '69704']",69704,"['1181', '69704', '20968', '27821', '37955']"
"[17, 5]","[0, 2]","['50221', '72055', '7913', '33045', '60860']",60860,"['72055', '50221', '60860', '7913', '33045']"
"[15, 13]","[0, 24]","['53137', '68970', '25079', '24364', '48780']",48780,"['68970', '25079', '53137', '24364', '48780']"
"[19, 28]","[7, 20]","['23197', '52721', '55589', '42272', '2425']",2425,"['42272', '2425', '23197', '52721', '55589']"
"[19, 8]","[0, 2]","['36396', '6777', '19346', '71082', '48095']",48095,"['48095', '6777', '19346', '36396', '71082']"
"[7, 20]","[3, 28]","['54372', '55305', '2425', '2277', '42226']",42226,"['2277', '54372', '2425', '55305', '42226']"
"[3, 26]","[9, 11]","['19246', '40031', '32729', '72586', '335']",335,"['32729', '40031', '72586', '335', '19246']"
"[14, 9]","[0, 6]","['26506', '26678', '39708', '40550', '41154']",41154,"['40550', '39708', '26506', '41154', '26678']"
"[3, 28]","[19, 25]","['12683', '55090', '8257', '73823', '59747']",59747,"['8257', '59747', '12683', '55090', '73823']"
"[7, 20]","[15, 28]","['55305', '2425', '2277', '54372', '10526']",10526,"['2277', '2425', '55305', '54372', '10526']"
"[3, 4]","[0, 7]","['35787', '9383', '20671', '11039', '15613']",15613,"['35787', '9383', '15613', '11039', '20671']"
"[7, 20]","[5, 4]","['2425', '2277', '55305', '54372', '2004']",2004,"['2425', '2004', '55305', '54372', '2277']"
"[17, 21]","[3, 5]","['40487', '62454', '78147', '69704', '12162']",12162,"['40487', '62454', '78147', '12162', '69704']"
"[19, 5]","[3, 4]","['55314', '72346', '32569', '59952', '20671']",20671,"['59952', '20671', '55314', '72346', '32569']"
"[0, 7]","[17, 5]","['72266', '10984', '15613', '66807', '7913']",7913,"['15613', '7913', '10984', '66807', '72266']"
"[3, 4]","[19, 8]","['9383', '20671', '35787', '11039', '71082']",71082,"['20671', '71082', '11039', '9383', '35787']"
"[19, 5]","[5, 29]","['63902', '55314', '76431', '17017', '18711']",18711,"['63902', '17017', '18711', '76431', '55314']"
"[3, 7]","[19, 18]","['4286', '19992', '73164', '30859', '35149']",35149,"['35149', '30859', '73164', '19992', '4286']"
"[7, 22]","[0, 24]","['79411', '31113', '23132', '40679', '31926']",31926,"['31926', '23132', '31113', '79411', '40679']"
"[9, 3]","[15, 13]","['74662', '1268', '14914', '64671', '68970']",68970,"['68970', '1268', '14914', '64671', '74662']"
"[19, 14]","[18, 25]","['26703', '72517', '64729', '26372', '25711']",25711,"['26372', '25711', '26703', '64729', '72517']"
"[5, 22]","[17, 18]","['7217', '48795', '57572', '77349', '6955']",6955,"['57572', '6955', '48795', '7217', '77349']"
"[0, 0]","[5, 22]","['14834', '78009', '8176', '28082', '7217']",7217,"['28082', '7217', '8176', '14834', '78009']"
"[14, 9]","[15, 17]","['14102', '6508', '40550', '26506', '1225']",1225,"['1225', '40550', '26506', '14102', '6508']"
"[3, 3]","[14, 8]","['22002', '30004', '994', '10131', '40877']",40877,"['994', '40877', '30004', '10131', '22002']"
"[0, 6]","[19, 18]","['25447', '75880', '41154', '59474', '49556']",49556,"['41154', '25447', '75880', '49556', '59474']"
"[3, 7]","[0, 14]","['37907', '73164', '4286', '19796', '80522']",80522,"['73164', '19796', '80522', '4286', '37907']"
"[0, 6]","[17, 5]","['49395', '41154', '59474', '43036', '72055']",72055,"['59474', '72055', '49395', '43036', '41154']"
"[0, 0]","[5, 4]","['8176', '14834', '78009', '28082', '63485']",63485,"['78009', '28082', '14834', '8176', '63485']"
"[0, 24]","[3, 3]","['31926', '48780', '37989', '74418', '994']",994,"['74418', '31926', '994', '37989', '48780']"
"[0, 14]","[15, 17]","['39894', '17291', '1261', '42604', '1225']",1225,"['42604', '1261', '39894', '1225', '17291']"
"[19, 5]","[0, 14]","['17017', '63902', '72346', '55314', '75707']",75707,"['17017', '55314', '72346', '75707', '63902']"
"[3, 7]","[0, 0]","['19796', '4286', '37907', '73164', '78009']",78009,"['78009', '37907', '4286', '73164', '19796']"
"[7, 1]","[18, 23]","['3536', '12376', '16951', '53652', '37360']",37360,"['16951', '37360', '53652', '3536', '12376']"
"[17, 18]","[18, 23]","['66316', '66935', '46660', '21408', '25667']",25667,"['66935', '66316', '25667', '21408', '46660']"
"[19, 18]","[3, 21]","['36535', '29042', '58616', '49556', '47060']",47060,"['36535', '29042', '49556', '47060', '58616']"
"[17, 5]","[3, 3]","['72055', '33045', '7913', '50221', '22002']",22002,"['7913', '72055', '50221', '22002', '33045']"
"[5, 29]","[19, 5]","['21765', '52548', '51743', '55950', '63902']",63902,"['63902', '21765', '52548', '51743', '55950']"
"[0, 6]","[3, 21]","['43036', '75880', '43375', '59474', '14038']",14038,"['43375', '43036', '75880', '59474', '14038']"
"[17, 21]","[0, 14]","['62454', '69704', '40487', '62549', '1261']",1261,"['40487', '62454', '1261', '62549', '69704']"
"[17, 18]","[15, 21]","['31693', '66935', '21408', '21543', '3384']",3384,"['21543', '66935', '31693', '3384', '21408']"
"[7, 1]","[0, 7]","['53652', '10825', '12376', '16951', '15613']",15613,"['10825', '16951', '15613', '12376', '53652']"
"[15, 28]","[9, 11]","['3258', '10526', '67905', '38548', '335']",335,"['67905', '335', '38548', '3258', '10526']"
"[3, 12]","[17, 5]","['27821', '1181', '37955', '20968', '72055']",72055,"['72055', '37955', '20968', '1181', '27821']"
"[9, 11]","[4, 27]","['30907', '52758', '335', '4186', '5222']",5222,"['30907', '335', '4186', '5222', '52758']"
"[17, 21]","[19, 18]","['69704', '78147', '62454', '40487', '35149']",35149,"['35149', '69704', '78147', '40487', '62454']"
"[19, 18]","[15, 21]","['74633', '41277', '35149', '30721', '7489']",7489,"['74633', '41277', '7489', '30721', '35149']"
"[7, 3]","[5, 22]","['64781', '52457', '61767', '75828', '40863']",40863,"['61767', '64781', '52457', '75828', '40863']"
"[15, 28]","[0, 7]","['3258', '67905', '38548', '10526', '72266']",72266,"['3258', '10526', '72266', '38548', '67905']"
"[0, 0]","[3, 28]","['78009', '28082', '8176', '14834', '55090']",55090,"['78009', '55090', '8176', '28082', '14834']"
"[0, 2]","[3, 28]","['60860', '70440', '59390', '44125', '73823']",73823,"['59390', '44125', '60860', '70440', '73823']"
"[17, 5]","[19, 28]","['33045', '72055', '7913', '50221', '52721']",52721,"['52721', '72055', '7913', '50221', '33045']"
"[15, 17]","[0, 0]","['47834', '60915', '11908', '1225', '28082']",28082,"['1225', '28082', '47834', '60915', '11908']"
"[0, 14]","[19, 28]","['17291', '1261', '39894', '80522', '42272']",42272,"['80522', '17291', '1261', '39894', '42272']"
"[9, 11]","[7, 1]","['61914', '335', '78534', '15606', '12421']",12421,"['15606', '78534', '12421', '61914', '335']"
"[5, 4]","[19, 25]","['2004', '70560', '35725', '27706', '26994']",26994,"['35725', '27706', '2004', '26994', '70560']"
"[15, 13]","[19, 28]","['25079', '53137', '68970', '20590', '23197']",23197,"['25079', '20590', '23197', '68970', '53137']"
"[19, 10]","[15, 28]","['25168', '21540', '55791', '73023', '67905']",67905,"['25168', '21540', '55791', '73023', '67905']"
"[3, 21]","[5, 29]","['42206', '14038', '47060', '53064', '51743']",51743,"['47060', '51743', '14038', '53064', '42206']"
"[18, 25]","[19, 8]","['3282', '4132', '25711', '62071', '19346']",19346,"['4132', '19346', '25711', '62071', '3282']"
"[17, 21]","[19, 8]","['69704', '9795', '78147', '62549', '36396']",36396,"['9795', '69704', '36396', '62549', '78147']"
"[19, 28]","[7, 22]","['55589', '23197', '43363', '42272', '79411']",79411,"['43363', '42272', '79411', '55589', '23197']"
"[17, 5]","[3, 28]","['72055', '7913', '33045', '50221', '73823']",73823,"['73823', '72055', '33045', '50221', '7913']"
"[7, 22]","[0, 14]","['40679', '31113', '23132', '79411', '42604']",42604,"['40679', '23132', '42604', '31113', '79411']"
"[9, 4]","[5, 29]","['64614', '79413', '80219', '50510', '52548']",52548,"['52548', '79413', '64614', '50510', '80219']"
"[3, 17]","[7, 20]","['64047', '53579', '54792', '12043', '2277']",2277,"['54792', '53579', '2277', '64047', '12043']"
"[19, 25]","[0, 7]","['74532', '33749', '59747', '26994', '65801']",65801,"['59747', '26994', '33749', '74532', '65801']"
"[19, 14]","[9, 26]","['26372', '72517', '64729', '26703', '7474']",7474,"['72517', '26703', '26372', '64729', '7474']"
"[17, 5]","[9, 11]","['72055', '33045', '50221', '7913', '41897']",41897,"['7913', '41897', '50221', '33045', '72055']"
"[3, 7]","[4, 27]","['30859', '19992', '37907', '4286', '77515']",77515,"['4286', '19992', '30859', '37907', '77515']"
"[3, 17]","[0, 0]","['12043', '54792', '33084', '64047', '14834']",14834,"['64047', '33084', '54792', '12043', '14834']"
"[5, 4]","[17, 18]","['27706', '63485', '35725', '62609', '46660']",46660,"['35725', '46660', '63485', '62609', '27706']"
"[3, 17]","[17, 21]","['38478', '64047', '53579', '54792', '78147']",78147,"['53579', '64047', '78147', '38478', '54792']"
"[3, 7]","[0, 14]","['19992', '19796', '30859', '73164', '80522']",80522,"['19796', '19992', '30859', '80522', '73164']"
"[3, 7]","[5, 4]","['73164', '19796', '37907', '30859', '62609']",62609,"['30859', '37907', '19796', '62609', '73164']"
"[3, 3]","[5, 19]","['30004', '22487', '10131', '22002', '60473']",60473,"['22002', '10131', '30004', '22487', '60473']"
"[19, 18]","[0, 2]","['36535', '41277', '30721', '29042', '44125']",44125,"['29042', '36535', '30721', '41277', '44125']"
"[5, 19]","[3, 26]","['77183', '51211', '60473', '10743', '32729']",32729,"['32729', '10743', '77183', '60473', '51211']"
"[3, 17]","[18, 23]","['38478', '64047', '53579', '33084', '78682']",78682,"['78682', '53579', '38478', '33084', '64047']"
"[3, 21]","[9, 3]","['42206', '47060', '57272', '53064', '74662']",74662,"['53064', '47060', '57272', '42206', '74662']"
"[19, 14]","[9, 4]","['26703', '26372', '72517', '64729', '64614']",64614,"['64729', '26703', '64614', '72517', '26372']"
"[19, 13]","[0, 7]","['43324', '26354', '37914', '42612', '66807']",66807,"['42612', '66807', '43324', '26354', '37914']"
"[0, 6]","[17, 21]","['75880', '59474', '49395', '43036', '62454']",62454,"['75880', '49395', '59474', '62454', '43036']"
"[15, 13]","[14, 7]","['68970', '20590', '34763', '42684', '38835']",38835,"['42684', '34763', '38835', '20590', '68970']"
"[5, 19]","[3, 28]","['77183', '10743', '35619', '60473', '12683']",12683,"['10743', '12683', '77183', '60473', '35619']"
"[0, 2]","[19, 28]","['32703', '54867', '45218', '67465', '52721']",52721,"['45218', '54867', '67465', '52721', '32703']"
"[19, 14]","[5, 4]","['64729', '72517', '26372', '26703', '2004']",2004,"['2004', '26372', '72517', '64729', '26703']"
"[14, 9]","[19, 25]","['14102', '26506', '40550', '26678', '33749']",33749,"['26506', '26678', '14102', '33749', '40550']"
"[14, 8]","[3, 4]","['40877', '28732', '28694', '39691', '9383']",9383,"['28732', '28694', '9383', '40877', '39691']"
"[0, 24]","[17, 21]","['48780', '74418', '31926', '37989', '78147']",78147,"['31926', '37989', '48780', '78147', '74418']"
"[17, 21]","[19, 18]","['62454', '78147', '9795', '62549', '74633']",74633,"['74633', '78147', '62549', '62454', '9795']"
"[5, 19]","[3, 26]","['10743', '60473', '63077', '54232', '72586']",72586,"['54232', '60473', '72586', '63077', '10743']"
"[5, 22]","[0, 7]","['48795', '77349', '40863', '7217', '65801']",65801,"['48795', '40863', '77349', '7217', '65801']"
"[3, 17]","[0, 24]","['12043', '33084', '64047', '54792', '74418']",74418,"['12043', '33084', '54792', '64047', '74418']"
"[0, 7]","[9, 3]","['65801', '72266', '10984', '66807', '1268']",1268,"['72266', '65801', '66807', '1268', '10984']"
"[3, 17]","[9, 11]","['54792', '53579', '12043', '38478', '41897']",41897,"['54792', '38478', '41897', '53579', '12043']"
"[19, 25]","[3, 7]","['74532', '26994', '59747', '33749', '37907']",37907,"['33749', '37907', '26994', '59747', '74532']"
"[3, 17]","[19, 18]","['33084', '54792', '12043', '53579', '58616']",58616,"['53579', '33084', '12043', '54792', '58616']"
"[15, 28]","[0, 0]","['67905', '10526', '3258', '23274', '14834']",14834,"['10526', '23274', '3258', '14834', '67905']"
"[4, 27]","[7, 1]","['5222', '70239', '12888', '77515', '12421']",12421,"['12421', '70239', '77515', '5222', '12888']"
"[0, 6]","[4, 27]","['49395', '43036', '25447', '75880', '77515']",77515,"['43036', '25447', '75880', '77515', '49395']"
"[15, 13]","[5, 4]","['20590', '24364', '25079', '68970', '53032']",53032,"['24364', '20590', '68970', '25079', '53032']"
"[9, 4]","[3, 21]","['64614', '79413', '80219', '50510', '57272']",57272,"['64614', '50510', '79413', '80219', '57272']"
"[5, 22]","[14, 7]","['40863', '7217', '48795', '77349', '25607']",25607,"['7217', '48795', '40863', '25607', '77349']"
"[19, 10]","[17, 21]","['25168', '55791', '25618', '73023', '62454']",62454,"['25168', '62454', '73023', '25618', '55791']"
"[9, 4]","[3, 21]","['50510', '64614', '79413', '80219', '47060']",47060,"['80219', '47060', '79413', '64614', '50510']"
"[3, 12]","[0, 7]","['20968', '37955', '27821', '1181', '10984']",10984,"['20968', '1181', '10984', '37955', '27821']"
"[3, 7]","[19, 5]","['37907', '73164', '4286', '30859', '32569']",32569,"['37907', '73164', '4286', '30859', '32569']"
"[7, 3]","[0, 24]","['61767', '52457', '64781', '75828', '48780']",48780,"['48780', '61767', '75828', '64781', '52457']"
"[5, 4]","[19, 14]","['2004', '27706', '35725', '63485', '26372']",26372,"['2004', '35725', '26372', '27706', '63485']"
"[17, 21]","[19, 18]","['78147', '40487', '69704', '62549', '35149']",35149,"['78147', '62549', '69704', '35149', '40487']"
"[18, 25]","[3, 26]","['3282', '62071', '73827', '4132', '72586']",72586,"['62071', '3282', '4132', '72586', '73827']"
"[9, 11]","[18, 23]","['52758', '61914', '41897', '335', '42151']",42151,"['61914', '52758', '335', '41897', '42151']"
"[7, 22]","[9, 4]","['23132', '40679', '79411', '31113', '64614']",64614,"['40679', '31113', '23132', '64614', '79411']"
"[3, 17]","[17, 18]","['64047', '54792', '53579', '33084', '6955']",6955,"['53579', '33084', '6955', '64047', '54792']"
"[3, 28]","[7, 20]","['55090', '12683', '8257', '42226', '54372']",54372,"['12683', '42226', '54372', '8257', '55090']"
"[14, 8]","[9, 4]","['28732', '40877', '46039', '39691', '79413']",79413,"['28732', '79413', '46039', '39691', '40877']"
"[15, 28]","[0, 7]","['38548', '10526', '3258', '67905', '15613']",15613,"['38548', '67905', '15613', '10526', '3258']"
"[15, 21]","[19, 25]","['3384', '7489', '20839', '13497', '74532']",74532,"['7489', '13497', '20839', '3384', '74532']"
"[19, 28]","[9, 26]","['40111', '55589', '42272', '52721', '27788']",27788,"['27788', '52721', '40111', '55589', '42272']"
"[3, 4]","[18, 25]","['20671', '9383', '35787', '11039', '25711']",25711,"['20671', '35787', '9383', '11039', '25711']"
"[5, 19]","[3, 21]","['54232', '35619', '10743', '77183', '53064']",53064,"['10743', '35619', '77183', '54232', '53064']"
"[15, 13]","[18, 23]","['53137', '20590', '34763', '42684', '10433']",10433,"['53137', '10433', '34763', '20590', '42684']"
"[3, 4]","[19, 13]","['9383', '20671', '11039', '35787', '42612']",42612,"['9383', '20671', '35787', '11039', '42612']"
"[0, 0]","[3, 26]","['8176', '28082', '78009', '14834', '32729']",32729,"['32729', '8176', '28082', '78009', '14834']"
"[3, 5]","[0, 14]","['74226', '12162', '64', '63514', '75707']",75707,"['63514', '12162', '75707', '64', '74226']"
"[17, 18]","[15, 21]","['66316', '66935', '21408', '51240', '3384']",3384,"['66316', '21408', '51240', '3384', '66935']"
"[5, 29]","[0, 14]","['57316', '52548', '55950', '21765', '75707']",75707,"['55950', '52548', '21765', '57316', '75707']"
"[19, 14]","[0, 2]","['64729', '26372', '72517', '26703', '80744']",80744,"['72517', '80744', '64729', '26703', '26372']"
"[19, 5]","[0, 0]","['63902', '32569', '76431', '72346', '78009']",78009,"['32569', '72346', '76431', '78009', '63902']"
"[3, 12]","[19, 13]","['27821', '20968', '37955', '1181', '43324']",43324,"['37955', '43324', '20968', '27821', '1181']"
"[19, 13]","[0, 0]","['43324', '35479', '26354', '42612', '28082']",28082,"['42612', '26354', '43324', '28082', '35479']"
"[19, 10]","[14, 7]","['55791', '25618', '73023', '25168', '77045']",77045,"['25168', '55791', '73023', '77045', '25618']"
"[9, 4]","[5, 19]","['80219', '64614', '50510', '79413', '77183']",77183,"['77183', '80219', '50510', '64614', '79413']"
"[9, 3]","[19, 25]","['1268', '14914', '64671', '9662', '74532']",74532,"['9662', '64671', '14914', '1268', '74532']"
"[18, 23]","[5, 22]","['72978', '65195', '5909', '61353', '77349']",77349,"['5909', '77349', '65195', '61353', '72978']"
"[18, 25]","[3, 12]","['25711', '62071', '4132', '3282', '20968']",20968,"['25711', '4132', '62071', '20968', '3282']"
"[3, 12]","[9, 11]","['27821', '37955', '20968', '1181', '78534']",78534,"['37955', '20968', '78534', '1181', '27821']"
"[9, 26]","[3, 28]","['27788', '6759', '23716', '50181', '12683']",12683,"['12683', '23716', '6759', '27788', '50181']"
"[17, 21]","[3, 26]","['40487', '62454', '9795', '62549', '68096']",68096,"['68096', '62549', '62454', '40487', '9795']"
"[0, 6]","[3, 17]","['43375', '43036', '25447', '41154', '33084']",33084,"['25447', '43036', '41154', '43375', '33084']"
"[3, 26]","[4, 27]","['1064', '32729', '72586', '18887', '70239']",70239,"['32729', '72586', '70239', '1064', '18887']"
"[3, 5]","[5, 22]","['64', '63514', '12162', '74226', '48795']",48795,"['74226', '12162', '63514', '48795', '64']"
"[3, 7]","[19, 8]","['37907', '4286', '19992', '30859', '36396']",36396,"['19992', '37907', '36396', '30859', '4286']"
"[14, 7]","[3, 21]","['25607', '51393', '77045', '38835', '14038']",14038,"['38835', '25607', '14038', '51393', '77045']"
"[3, 3]","[7, 1]","['22487', '72700', '994', '30004', '17550']",17550,"['72700', '22487', '17550', '30004', '994']"
"[19, 5]","[3, 4]","['17017', '63902', '72346', '76431', '20671']",20671,"['63902', '20671', '17017', '72346', '76431']"
"[18, 23]","[3, 28]","['65195', '64148', '37360', '72365', '12683']",12683,"['12683', '72365', '65195', '37360', '64148']"
"[5, 19]","[3, 26]","['63077', '77183', '49189', '60473', '19246']",19246,"['63077', '77183', '49189', '60473', '19246']"
"[19, 18]","[3, 5]","['74633', '29042', '36535', '35149', '12162']",12162,"['74633', '29042', '12162', '35149', '36535']"
"[9, 26]","[19, 25]","['7474', '27788', '50181', '6759', '33749']",33749,"['7474', '27788', '6759', '50181', '33749']"
"[19, 18]","[18, 25]","['74633', '30721', '58616', '41277', '25711']",25711,"['74633', '30721', '58616', '41277', '25711']"
"[0, 2]","[3, 17]","['27625', '9639', '44145', '51831', '38478']",38478,"['27625', '9639', '38478', '51831', '44145']"
"[4, 27]","[9, 26]","['77515', '5222', '70239', '12888', '50181']",50181,"['50181', '77515', '70239', '5222', '12888']"
"[19, 8]","[17, 18]","['36396', '19346', '6777', '71082', '70105']",70105,"['71082', '19346', '70105', '6777', '36396']"
"[3, 7]","[19, 18]","['73164', '19992', '37907', '4286', '74633']",74633,"['74633', '73164', '37907', '4286', '19992']"
"[17, 21]","[3, 26]","['9795', '69704', '62454', '78147', '18887']",18887,"['62454', '69704', '9795', '78147', '18887']"
"[3, 21]","[9, 26]","['57272', '53064', '47060', '42206', '27788']",27788,"['57272', '42206', '47060', '53064', '27788']"
"[19, 5]","[0, 6]","['32569', '55314', '72346', '17017', '49395']",49395,"['32569', '55314', '72346', '17017', '49395']"
"[5, 22]","[9, 26]","['57572', '7217', '48795', '77349', '50181']",50181,"['57572', '50181', '48795', '77349', '7217']"
"[15, 28]","[19, 13]","['10526', '3258', '38548', '23274', '26354']",26354,"['26354', '3258', '23274', '10526', '38548']"
"[18, 25]","[19, 18]","['25711', '3282', '4132', '62071', '41277']",41277,"['3282', '4132', '41277', '25711', '62071']"
"[3, 5]","[0, 7]","['63514', '64', '12162', '74226', '72266']",72266,"['63514', '74226', '64', '72266', '12162']"
"[0, 7]","[3, 3]","['10984', '66807', '15613', '65801', '22487']",22487,"['66807', '65801', '15613', '10984', '22487']"
"[17, 5]","[3, 4]","['50221', '33045', '72055', '7913', '11039']",11039,"['7913', '33045', '50221', '72055', '11039']"
"[17, 18]","[18, 23]","['21543', '66935', '6955', '70105', '48306']",48306,"['21543', '70105', '48306', '6955', '66935']"
"[9, 11]","[3, 7]","['4186', '41897', '30907', '15606', '4286']",4286,"['30907', '4286', '41897', '4186', '15606']"
"[19, 13]","[5, 19]","['26354', '43324', '42612', '35479', '49189']",49189,"['35479', '26354', '49189', '42612', '43324']"
"[3, 21]","[7, 22]","['53064', '47060', '14038', '42206', '31113']",31113,"['42206', '47060', '53064', '14038', '31113']"
"[3, 3]","[5, 22]","['22002', '72700', '10131', '30004', '57572']",57572,"['57572', '30004', '10131', '22002', '72700']"
"[0, 7]","[3, 12]","['10984', '65801', '66807', '72266', '27821']",27821,"['65801', '72266', '66807', '10984', '27821']"
"[14, 9]","[3, 7]","['40550', '26506', '14102', '26678', '37907']",37907,"['40550', '26678', '26506', '37907', '14102']"
"[15, 28]","[7, 20]","['67905', '10526', '38548', '3258', '54372']",54372,"['54372', '10526', '38548', '67905', '3258']"
"[3, 21]","[0, 6]","['53064', '42206', '14038', '47060', '43036']",43036,"['14038', '42206', '53064', '47060', '43036']"
"[17, 18]","[19, 25]","['6955', '66316', '51240', '66935', '74532']",74532,"['74532', '66316', '51240', '66935', '6955']"
"[3, 7]","[9, 4]","['4286', '19796', '19992', '37907', '80219']",80219,"['19992', '19796', '80219', '4286', '37907']"
"[14, 8]","[19, 14]","['40877', '39691', '28694', '46039', '64729']",64729,"['39691', '64729', '46039', '28694', '40877']"
"[19, 8]","[5, 29]","['36396', '19346', '71082', '6777', '55950']",55950,"['36396', '19346', '55950', '6777', '71082']"
"[5, 4]","[0, 2]","['70560', '27706', '35725', '53032', '63508']",63508,"['27706', '35725', '70560', '53032', '63508']"
"[5, 22]","[19, 28]","['40863', '48795', '7217', '77349', '43363']",43363,"['77349', '43363', '40863', '48795', '7217']"
"[3, 26]","[0, 0]","['18887', '9147', '1064', '49864', '78009']",78009,"['1064', '18887', '78009', '9147', '49864']"
"[0, 7]","[19, 5]","['65801', '15613', '72266', '10984', '59952']",59952,"['15613', '10984', '72266', '59952', '65801']"
"[17, 18]","[19, 28]","['66935', '66316', '51240', '21408', '42272']",42272,"['21408', '42272', '66316', '66935', '51240']"
"[3, 12]","[7, 22]","['27821', '20968', '37955', '1181', '31113']",31113,"['37955', '27821', '31113', '20968', '1181']"
"[19, 14]","[3, 4]","['72517', '26372', '26703', '64729', '11039']",11039,"['26703', '64729', '26372', '72517', '11039']"
"[9, 4]","[15, 21]","['80219', '64614', '79413', '50510', '13497']",13497,"['80219', '13497', '64614', '50510', '79413']"
"[19, 18]","[9, 3]","['30721', '49556', '74633', '58616', '1268']",1268,"['1268', '58616', '74633', '49556', '30721']"
"[19, 18]","[9, 11]","['55086', '30721', '29042', '49556', '30907']",30907,"['30907', '30721', '55086', '29042', '49556']"
"[3, 16]","[0, 7]","['177', '63317', '59100', '11746', '66807']",66807,"['66807', '177', '63317', '11746', '59100']"
"[3, 3]","[9, 26]","['72700', '10017', '22002', '994', '7474']",7474,"['22002', '7474', '994', '72700', '10017']"
"[19, 10]","[15, 17]","['73023', '21540', '25168', '55791', '47834']",47834,"['21540', '55791', '47834', '25168', '73023']"
"[19, 8]","[15, 13]","['36396', '6777', '19346', '71082', '53137']",53137,"['71082', '19346', '6777', '36396', '53137']"
"[15, 17]","[19, 13]","['60915', '11908', '47834', '1225', '43324']",43324,"['1225', '47834', '11908', '43324', '60915']"
"[3, 7]","[7, 20]","['19796', '73164', '4286', '37907', '55305']",55305,"['55305', '37907', '19796', '4286', '73164']"
"[19, 18]","[3, 7]","['36535', '35149', '74633', '55086', '30859']",30859,"['35149', '74633', '36535', '30859', '55086']"
"[5, 4]","[19, 14]","['62609', '27706', '2004', '53032', '64729']",64729,"['27706', '2004', '53032', '64729', '62609']"
"[7, 1]","[3, 12]","['16951', '53652', '17550', '12376', '37955']",37955,"['17550', '37955', '16951', '12376', '53652']"
"[3, 16]","[4, 27]","['177', '59100', '56017', '63317', '70239']",70239,"['177', '63317', '56017', '70239', '59100']"
"[17, 18]","[3, 5]","['6955', '21543', '70105', '31693', '64']",64,"['64', '6955', '70105', '31693', '21543']"
"[3, 3]","[0, 14]","['10131', '72700', '994', '10017', '37963']",37963,"['10017', '10131', '37963', '72700', '994']"
"[7, 20]","[3, 17]","['55305', '2277', '54372', '2425', '33084']",33084,"['2277', '33084', '54372', '2425', '55305']"
"[5, 29]","[3, 5]","['51743', '55950', '52548', '21765', '64']",64,"['64', '21765', '55950', '51743', '52548']"
"[0, 14]","[7, 1]","['75707', '17291', '80522', '39894', '53652']",53652,"['17291', '53652', '39894', '80522', '75707']"
"[9, 26]","[3, 4]","['50181', '7474', '6759', '27788', '9383']",9383,"['7474', '6759', '50181', '27788', '9383']"
"[9, 4]","[7, 1]","['64614', '50510', '79413', '80219', '53652']",53652,"['79413', '53652', '80219', '50510', '64614']"
"[5, 22]","[9, 3]","['77349', '57572', '48795', '7217', '64671']",64671,"['48795', '7217', '57572', '77349', '64671']"
"[5, 29]","[9, 26]","['52548', '18711', '51743', '57316', '6759']",6759,"['18711', '51743', '57316', '6759', '52548']"
"[7, 22]","[19, 14]","['31113', '40679', '79411', '23132', '26372']",26372,"['26372', '79411', '23132', '31113', '40679']"
"[19, 14]","[0, 0]","['72517', '26372', '64729', '26703', '14834']",14834,"['14834', '26703', '64729', '26372', '72517']"
"[19, 13]","[7, 3]","['43396', '26354', '42612', '35479', '64781']",64781,"['64781', '35479', '26354', '43396', '42612']"
"[0, 2]","[5, 4]","['27625', '70440', '44145', '48095', '62609']",62609,"['27625', '44145', '62609', '70440', '48095']"
"[15, 28]","[14, 8]","['10526', '3258', '38548', '67905', '40877']",40877,"['38548', '67905', '3258', '10526', '40877']"
"[9, 4]","[18, 23]","['80219', '50510', '79413', '64614', '72365']",72365,"['50510', '79413', '64614', '72365', '80219']"
"[3, 7]","[18, 23]","['30859', '4286', '37907', '19796', '64247']",64247,"['37907', '30859', '4286', '64247', '19796']"
"[18, 25]","[3, 28]","['62071', '73827', '3282', '25711', '8257']",8257,"['25711', '73827', '62071', '8257', '3282']"
"[3, 7]","[19, 25]","['37907', '4286', '30859', '19992', '47247']",47247,"['19992', '30859', '37907', '47247', '4286']"
"[19, 18]","[7, 1]","['29042', '74633', '35149', '30721', '3536']",3536,"['29042', '3536', '74633', '30721', '35149']"
"[0, 24]","[9, 26]","['31926', '37989', '74418', '48780', '27788']",27788,"['27788', '31926', '37989', '48780', '74418']"
"[19, 28]","[7, 20]","['43363', '52721', '23197', '42272', '54372']",54372,"['23197', '43363', '42272', '54372', '52721']"
"[7, 3]","[15, 13]","['75828', '61767', '64781', '52457', '42684']",42684,"['52457', '61767', '64781', '75828', '42684']"
"[3, 26]","[9, 11]","['1064', '11033', '32729', '72586', '335']",335,"['335', '32729', '1064', '72586', '11033']"
"[19, 5]","[14, 7]","['72346', '63902', '76431', '55314', '25607']",25607,"['63902', '76431', '25607', '72346', '55314']"
"[19, 28]","[5, 22]","['23197', '55589', '43363', '40111', '77349']",77349,"['40111', '55589', '77349', '23197', '43363']"
"[19, 5]","[7, 1]","['32569', '72346', '59952', '63902', '17550']",17550,"['32569', '63902', '72346', '17550', '59952']"
"[9, 3]","[7, 22]","['74662', '1268', '14914', '9662', '40679']",40679,"['40679', '74662', '9662', '1268', '14914']"
"[5, 4]","[7, 3]","['2004', '35725', '27706', '70560', '75828']",75828,"['70560', '27706', '75828', '2004', '35725']"
"[19, 18]","[15, 13]","['36535', '30721', '58616', '35149', '20590']",20590,"['20590', '36535', '35149', '30721', '58616']"
"[3, 26]","[5, 19]","['72586', '1064', '50906', '9147', '53655']",53655,"['72586', '9147', '50906', '1064', '53655']"
"[9, 4]","[17, 5]","['64614', '79413', '50510', '80219', '7913']",7913,"['79413', '64614', '80219', '50510', '7913']"
"[5, 22]","[3, 5]","['77349', '48795', '57572', '7217', '63514']",63514,"['77349', '7217', '57572', '48795', '63514']"
"[19, 10]","[5, 4]","['73023', '25168', '25618', '21540', '63485']",63485,"['63485', '21540', '73023', '25168', '25618']"
"[19, 8]","[0, 7]","['71082', '6777', '19346', '36396', '72266']",72266,"['72266', '6777', '71082', '19346', '36396']"
"[18, 25]","[17, 18]","['25711', '4132', '62071', '73827', '51240']",51240,"['51240', '73827', '4132', '25711', '62071']"
"[0, 2]","[9, 3]","['80744', '27625', '62759', '63508', '74662']",74662,"['62759', '74662', '27625', '63508', '80744']"
"[19, 13]","[3, 21]","['26354', '43324', '43396', '42612', '42206']",42206,"['43396', '42206', '43324', '42612', '26354']"
"[3, 16]","[7, 20]","['11746', '63317', '59100', '177', '55305']",55305,"['55305', '63317', '11746', '59100', '177']"
"[7, 22]","[19, 13]","['23132', '40679', '31113', '79411', '37914']",37914,"['37914', '31113', '79411', '23132', '40679']"
"[15, 28]","[0, 24]","['38548', '3258', '23274', '10526', '31926']",31926,"['10526', '3258', '23274', '38548', '31926']"
"[0, 24]","[15, 17]","['74418', '48780', '37989', '31926', '1225']",1225,"['37989', '74418', '1225', '48780', '31926']"
"[19, 10]","[15, 21]","['55791', '21540', '25618', '25168', '20839']",20839,"['25168', '21540', '25618', '55791', '20839']"
"[17, 21]","[9, 11]","['62549', '40487', '62454', '69704', '61914']",61914,"['62454', '69704', '62549', '61914', '40487']"
"[5, 4]","[3, 7]","['2004', '63485', '53032', '27706', '37907']",37907,"['2004', '37907', '53032', '27706', '63485']"
"[3, 21]","[9, 11]","['53064', '57272', '42206', '14038', '78534']",78534,"['53064', '57272', '14038', '78534', '42206']"
"[5, 29]","[7, 20]","['21765', '18711', '57316', '55950', '2277']",2277,"['18711', '21765', '2277', '55950', '57316']"
"[5, 22]","[0, 6]","['7217', '77349', '48795', '40863', '43036']",43036,"['7217', '77349', '43036', '48795', '40863']"
"[14, 7]","[18, 25]","['25607', '51393', '38835', '67483', '25711']",25711,"['25607', '67483', '38835', '25711', '51393']"
"[19, 14]","[14, 9]","['64729', '72517', '26703', '26372', '39708']",39708,"['26372', '39708', '72517', '64729', '26703']"
"[3, 21]","[5, 19]","['14038', '42206', '57272', '53064', '51211']",51211,"['14038', '51211', '57272', '42206', '53064']"
"[0, 2]","[17, 18]","['62759', '51831', '43995', '9836', '21543']",21543,"['62759', '43995', '9836', '21543', '51831']"
"[3, 4]","[0, 14]","['9383', '35787', '20671', '11039', '42604']",42604,"['35787', '11039', '20671', '9383', '42604']"
"[19, 18]","[17, 5]","['74633', '58616', '30721', '29042', '7913']",7913,"['74633', '58616', '7913', '29042', '30721']"
"[17, 21]","[5, 19]","['78147', '62549', '40487', '62454', '51211']",51211,"['51211', '62454', '40487', '62549', '78147']"
"[3, 5]","[5, 4]","['63514', '64', '74226', '12162', '35725']",35725,"['12162', '74226', '35725', '63514', '64']"
"[17, 18]","[9, 3]","['21408', '31693', '46660', '6955', '64671']",64671,"['46660', '21408', '6955', '31693', '64671']"
"[15, 13]","[7, 20]","['42684', '53137', '24364', '25079', '2277']",2277,"['25079', '24364', '42684', '2277', '53137']"
"[9, 26]","[3, 5]","['50181', '23716', '6759', '7474', '64']",64,"['23716', '50181', '7474', '64', '6759']"
"[14, 9]","[3, 7]","['6508', '14102', '26506', '40550', '30859']",30859,"['14102', '30859', '26506', '40550', '6508']"
"[3, 4]","[19, 14]","['11039', '9383', '35787', '20671', '72517']",72517,"['9383', '20671', '11039', '35787', '72517']"
"[3, 7]","[7, 22]","['4286', '19796', '37907', '73164', '40679']",40679,"['73164', '40679', '37907', '4286', '19796']"
"[0, 6]","[3, 7]","['43036', '25447', '41154', '75880', '4286']",4286,"['4286', '41154', '43036', '25447', '75880']"
"[3, 16]","[19, 28]","['56017', '63317', '59100', '11746', '42272']",42272,"['59100', '56017', '11746', '42272', '63317']"
"[4, 27]","[19, 14]","['70239', '77515', '12888', '5222', '72517']",72517,"['5222', '72517', '12888', '70239', '77515']"
"[7, 22]","[15, 21]","['40679', '79411', '23132', '31113', '20839']",20839,"['20839', '40679', '31113', '23132', '79411']"
"[7, 3]","[14, 7]","['75828', '61767', '64781', '52457', '77045']",77045,"['77045', '52457', '75828', '64781', '61767']"
"[3, 26]","[0, 2]","['32729', '50906', '72586', '68096', '9639']",9639,"['72586', '9639', '68096', '50906', '32729']"
"[0, 7]","[5, 22]","['66807', '10984', '15613', '65801', '7217']",7217,"['15613', '65801', '7217', '66807', '10984']"
"[7, 3]","[15, 13]","['75828', '61767', '64781', '52457', '53137']",53137,"['64781', '61767', '52457', '53137', '75828']"
"[19, 18]","[3, 7]","['35149', '36535', '74633', '55086', '19992']",19992,"['35149', '19992', '74633', '36535', '55086']"
"[0, 2]","[3, 12]","['63508', '27625', '67465', '9836', '37955']",37955,"['67465', '37955', '27625', '9836', '63508']"
"[9, 4]","[3, 7]","['79413', '80219', '50510', '64614', '4286']",4286,"['64614', '50510', '4286', '80219', '79413']"
"[3, 4]","[19, 25]","['11039', '35787', '9383', '20671', '74532']",74532,"['74532', '35787', '9383', '20671', '11039']"
"[7, 1]","[0, 7]","['53652', '3536', '12376', '17550', '10984']",10984,"['10984', '17550', '12376', '53652', '3536']"
"[17, 5]","[3, 16]","['72055', '33045', '50221', '7913', '56017']",56017,"['7913', '33045', '50221', '56017', '72055']"
"[19, 13]","[7, 20]","['37914', '35479', '43396', '26354', '2277']",2277,"['43396', '35479', '26354', '2277', '37914']"
"[17, 18]","[3, 21]","['70105', '51240', '31693', '21543', '47060']",47060,"['70105', '47060', '51240', '21543', '31693']"
"[3, 28]","[5, 4]","['55090', '73823', '8257', '12683', '51114']",51114,"['51114', '55090', '73823', '8257', '12683']"
"[9, 3]","[3, 16]","['14914', '64671', '74662', '9662', '63317']",63317,"['9662', '63317', '64671', '14914', '74662']"
"[9, 11]","[3, 4]","['78534', '41897', '335', '52758', '11039']",11039,"['78534', '11039', '335', '41897', '52758']"
"[14, 9]","[3, 7]","['6508', '14102', '40550', '26678', '4286']",4286,"['14102', '26678', '40550', '6508', '4286']"
"[18, 23]","[19, 8]","['40817', '72978', '59794', '5909', '19346']",19346,"['59794', '40817', '5909', '72978', '19346']"
"[19, 8]","[17, 5]","['71082', '19346', '36396', '6777', '33045']",33045,"['19346', '6777', '33045', '36396', '71082']"
"[5, 4]","[0, 14]","['35725', '70560', '2004', '51114', '37963']",37963,"['2004', '35725', '70560', '51114', '37963']"
"[7, 1]","[18, 25]","['3536', '53652', '10825', '16951', '4132']",4132,"['3536', '16951', '53652', '10825', '4132']"
"[7, 1]","[9, 11]","['17550', '53652', '16951', '3536', '61914']",61914,"['61914', '17550', '53652', '16951', '3536']"
"[0, 2]","[3, 28]","['44145', '59390', '44802', '54867', '55090']",55090,"['44145', '59390', '44802', '55090', '54867']"
"[9, 26]","[4, 27]","['27788', '6759', '50181', '7474', '5222']",5222,"['5222', '27788', '50181', '6759', '7474']"
"[19, 18]","[3, 5]","['30721', '29042', '58616', '74633', '12162']",12162,"['30721', '58616', '29042', '74633', '12162']"
"[15, 21]","[0, 7]","['20839', '7489', '3384', '13497', '72266']",72266,"['72266', '3384', '13497', '20839', '7489']"
"[3, 21]","[19, 10]","['53064', '42206', '47060', '14038', '25168']",25168,"['47060', '14038', '53064', '42206', '25168']"
"[19, 5]","[15, 13]","['55314', '59952', '17017', '32569', '20590']",20590,"['32569', '59952', '20590', '17017', '55314']"
"[17, 5]","[3, 7]","['72055', '50221', '7913', '33045', '37907']",37907,"['37907', '7913', '50221', '72055', '33045']"
"[18, 25]","[17, 5]","['73827', '62071', '25711', '3282', '7913']",7913,"['25711', '3282', '62071', '73827', '7913']"
"[14, 9]","[0, 24]","['14102', '40550', '26506', '6508', '48780']",48780,"['40550', '48780', '6508', '26506', '14102']"
"[3, 4]","[14, 8]","['20671', '9383', '11039', '35787', '40877']",40877,"['40877', '11039', '35787', '9383', '20671']"
"[14, 9]","[9, 4]","['26506', '40550', '26678', '6508', '80219']",80219,"['40550', '6508', '26678', '26506', '80219']"
"[3, 3]","[0, 0]","['10017', '72700', '10131', '22487', '28082']",28082,"['10131', '72700', '28082', '10017', '22487']"
"[0, 2]","[19, 25]","['54867', '9639', '67842', '44145', '59747']",59747,"['9639', '67842', '54867', '44145', '59747']"
"[3, 7]","[9, 4]","['30859', '19992', '73164', '37907', '64614']",64614,"['37907', '73164', '64614', '30859', '19992']"
"[15, 21]","[0, 6]","['13497', '3384', '20839', '7489', '25447']",25447,"['25447', '20839', '13497', '7489', '3384']"
"[0, 14]","[5, 29]","['1261', '39894', '37963', '80522', '21765']",21765,"['21765', '1261', '80522', '39894', '37963']"
"[3, 5]","[7, 1]","['64', '12162', '74226', '63514', '12376']",12376,"['74226', '64', '12376', '63514', '12162']"
"[19, 25]","[0, 24]","['26994', '33749', '74532', '47247', '31926']",31926,"['74532', '26994', '47247', '33749', '31926']"
"[19, 14]","[15, 21]","['26703', '64729', '26372', '72517', '13497']",13497,"['26372', '13497', '64729', '72517', '26703']"
"[19, 8]","[14, 9]","['6777', '71082', '19346', '36396', '26678']",26678,"['26678', '19346', '71082', '6777', '36396']"
"[9, 3]","[7, 22]","['14914', '9662', '1268', '64671', '79411']",79411,"['79411', '9662', '14914', '64671', '1268']"
"[15, 21]","[7, 22]","['3384', '7489', '13497', '20839', '23132']",23132,"['7489', '13497', '20839', '23132', '3384']"
"[0, 24]","[3, 7]","['37989', '48780', '31926', '74418', '19796']",19796,"['48780', '37989', '19796', '31926', '74418']"
"[3, 12]","[19, 25]","['20968', '27821', '37955', '1181', '33749']",33749,"['20968', '37955', '33749', '1181', '27821']"
"[3, 26]","[14, 8]","['19246', '68096', '49864', '11033', '40877']",40877,"['49864', '11033', '19246', '68096', '40877']"
"[17, 18]","[19, 28]","['6955', '31693', '21408', '46660', '52721']",52721,"['21408', '6955', '46660', '52721', '31693']"
"[3, 16]","[9, 11]","['56017', '177', '59100', '11746', '78534']",78534,"['56017', '11746', '59100', '177', '78534']"
"[19, 25]","[7, 20]","['33749', '26994', '74532', '59747', '54372']",54372,"['26994', '54372', '33749', '74532', '59747']"
"[3, 28]","[7, 3]","['12683', '55090', '42226', '73823', '75828']",75828,"['12683', '73823', '55090', '42226', '75828']"
"[14, 9]","[15, 28]","['26678', '40550', '39708', '26506', '3258']",3258,"['26678', '39708', '40550', '3258', '26506']"
"[15, 13]","[0, 24]","['25079', '42684', '68970', '53137', '74418']",74418,"['25079', '74418', '68970', '42684', '53137']"
"[0, 2]","[5, 29]","['67842', '70440', '60860', '43995', '18711']",18711,"['43995', '70440', '60860', '67842', '18711']"
"[0, 24]","[17, 21]","['37989', '74418', '31926', '48780', '69704']",69704,"['74418', '69704', '48780', '31926', '37989']"
"[3, 26]","[0, 2]","['9147', '1064', '49864', '19246', '43995']",43995,"['1064', '49864', '43995', '19246', '9147']"
"[0, 6]","[5, 19]","['41154', '43036', '25447', '49395', '51211']",51211,"['49395', '41154', '51211', '43036', '25447']"
"[19, 28]","[17, 5]","['42272', '23197', '52721', '55589', '72055']",72055,"['23197', '52721', '42272', '72055', '55589']"
"[3, 12]","[5, 22]","['37955', '20968', '27821', '1181', '77349']",77349,"['77349', '37955', '20968', '1181', '27821']"
"[19, 28]","[5, 22]","['42272', '52721', '40111', '55589', '7217']",7217,"['42272', '55589', '7217', '40111', '52721']"
"[3, 3]","[9, 4]","['994', '10017', '72700', '30004', '50510']",50510,"['72700', '10017', '50510', '30004', '994']"
"[0, 24]","[5, 29]","['37989', '48780', '74418', '31926', '55950']",55950,"['74418', '55950', '37989', '48780', '31926']"
"[0, 0]","[3, 26]","['28082', '78009', '14834', '8176', '11033']",11033,"['8176', '11033', '78009', '14834', '28082']"
"[9, 26]","[19, 13]","['23716', '50181', '7474', '6759', '43324']",43324,"['6759', '43324', '23716', '50181', '7474']"
"[0, 0]","[5, 29]","['78009', '14834', '8176', '28082', '21765']",21765,"['14834', '8176', '21765', '28082', '78009']"
"[0, 7]","[3, 17]","['66807', '15613', '72266', '10984', '64047']",64047,"['10984', '64047', '15613', '66807', '72266']"
"[5, 4]","[3, 7]","['70560', '63485', '35725', '53032', '4286']",4286,"['63485', '35725', '4286', '53032', '70560']"
"[9, 4]","[7, 1]","['50510', '64614', '79413', '80219', '17550']",17550,"['64614', '50510', '79413', '80219', '17550']"
"[3, 3]","[5, 22]","['994', '72700', '30004', '10017', '40863']",40863,"['994', '72700', '40863', '30004', '10017']"
"[0, 7]","[3, 26]","['10984', '15613', '72266', '65801', '72586']",72586,"['72586', '15613', '72266', '65801', '10984']"
"[7, 3]","[9, 4]","['64781', '61767', '52457', '75828', '50510']",50510,"['75828', '64781', '50510', '61767', '52457']"
"[19, 18]","[3, 7]","['29042', '30721', '55086', '35149', '4286']",4286,"['29042', '4286', '55086', '30721', '35149']"
"[17, 21]","[5, 22]","['40487', '62549', '69704', '78147', '7217']",7217,"['78147', '62549', '7217', '69704', '40487']"
"[0, 24]","[3, 12]","['48780', '31926', '37989', '74418', '37955']",37955,"['37955', '37989', '48780', '74418', '31926']"
"[19, 8]","[0, 14]","['19346', '6777', '36396', '71082', '1261']",1261,"['19346', '6777', '36396', '71082', '1261']"
"[0, 0]","[19, 8]","['8176', '28082', '78009', '14834', '36396']",36396,"['78009', '36396', '8176', '14834', '28082']"
"[3, 3]","[0, 7]","['30004', '994', '10017', '72700', '72266']",72266,"['30004', '994', '72266', '72700', '10017']"
"[7, 20]","[3, 17]","['54372', '2277', '2425', '55305', '38478']",38478,"['55305', '2277', '54372', '2425', '38478']"
"[0, 7]","[3, 3]","['65801', '15613', '66807', '72266', '22002']",22002,"['72266', '15613', '65801', '66807', '22002']"
"[9, 11]","[4, 27]","['61914', '15606', '4186', '335', '5222']",5222,"['61914', '5222', '4186', '335', '15606']"
"[3, 28]","[7, 3]","['55090', '42226', '73823', '12683', '52457']",52457,"['42226', '55090', '52457', '12683', '73823']"
"[14, 9]","[0, 2]","['6508', '40550', '14102', '39708', '67465']",67465,"['40550', '39708', '6508', '67465', '14102']"
"[0, 2]","[15, 28]","['48095', '59390', '66847', '44145', '23274']",23274,"['44145', '66847', '23274', '48095', '59390']"
"[19, 14]","[0, 24]","['26372', '72517', '26703', '64729', '74418']",74418,"['64729', '74418', '26372', '26703', '72517']"
"[3, 7]","[18, 23]","['37907', '73164', '19796', '30859', '26052']",26052,"['37907', '73164', '30859', '19796', '26052']"
"[0, 6]","[19, 28]","['43375', '25447', '75880', '49395', '40111']",40111,"['25447', '43375', '40111', '75880', '49395']"
"[19, 14]","[15, 13]","['26703', '72517', '26372', '64729', '24364']",24364,"['26372', '24364', '64729', '26703', '72517']"
"[0, 0]","[3, 7]","['14834', '78009', '28082', '8176', '73164']",73164,"['73164', '28082', '78009', '14834', '8176']"
"[9, 11]","[18, 25]","['4186', '30907', '15606', '78534', '3282']",3282,"['78534', '4186', '30907', '15606', '3282']"
"[19, 8]","[3, 26]","['6777', '19346', '36396', '71082', '49864']",49864,"['71082', '6777', '19346', '49864', '36396']"
"[18, 23]","[14, 8]","['61353', '20502', '64148', '15451', '46039']",46039,"['20502', '61353', '46039', '15451', '64148']"
"[5, 22]","[19, 28]","['48795', '57572', '77349', '7217', '52721']",52721,"['48795', '7217', '77349', '52721', '57572']"
"[19, 14]","[0, 2]","['64729', '26703', '72517', '26372', '9836']",9836,"['26372', '9836', '26703', '64729', '72517']"
"[0, 2]","[19, 25]","['32703', '48095', '45218', '62759', '59747']",59747,"['48095', '62759', '32703', '45218', '59747']"
"[17, 21]","[0, 24]","['69704', '40487', '78147', '9795', '48780']",48780,"['9795', '40487', '48780', '78147', '69704']"
"[15, 21]","[0, 14]","['20839', '3384', '13497', '7489', '80522']",80522,"['7489', '80522', '13497', '3384', '20839']"
"[19, 5]","[0, 7]","['32569', '59952', '55314', '76431', '72266']",72266,"['55314', '72266', '59952', '76431', '32569']"
"[7, 22]","[9, 3]","['40679', '31113', '79411', '23132', '9662']",9662,"['40679', '31113', '23132', '9662', '79411']"
"[19, 18]","[14, 7]","['41277', '35149', '29042', '74633', '77045']",77045,"['35149', '29042', '77045', '41277', '74633']"
"[9, 4]","[7, 1]","['79413', '80219', '50510', '64614', '16951']",16951,"['64614', '16951', '50510', '80219', '79413']"
"[0, 6]","[4, 27]","['43375', '75880', '49395', '25447', '77515']",77515,"['43375', '77515', '25447', '75880', '49395']"
"[3, 5]","[14, 8]","['74226', '64', '12162', '63514', '28732']",28732,"['28732', '12162', '63514', '74226', '64']"
"[15, 13]","[19, 14]","['34763', '53137', '68970', '20590', '26703']",26703,"['20590', '34763', '26703', '53137', '68970']"
"[18, 25]","[19, 14]","['3282', '62071', '73827', '25711', '26372']",26372,"['3282', '25711', '62071', '73827', '26372']"
"[19, 28]","[3, 12]","['40111', '55589', '23197', '42272', '20968']",20968,"['42272', '20968', '23197', '40111', '55589']"
"[19, 25]","[3, 17]","['74532', '47247', '26994', '59747', '12043']",12043,"['47247', '59747', '74532', '12043', '26994']"
"[3, 12]","[14, 7]","['37955', '1181', '20968', '27821', '25607']",25607,"['20968', '27821', '25607', '1181', '37955']"
"[5, 22]","[19, 25]","['7217', '40863', '57572', '77349', '26994']",26994,"['26994', '57572', '7217', '40863', '77349']"
"[14, 7]","[0, 6]","['77045', '38835', '67483', '51393', '49395']",49395,"['49395', '67483', '38835', '51393', '77045']"
"[15, 21]","[19, 28]","['7489', '13497', '20839', '3384', '23197']",23197,"['23197', '7489', '20839', '13497', '3384']"
"[17, 21]","[19, 5]","['62549', '9795', '40487', '62454', '17017']",17017,"['40487', '62454', '9795', '17017', '62549']"
"[9, 11]","[18, 23]","['15606', '78534', '30907', '41897', '64148']",64148,"['30907', '78534', '41897', '64148', '15606']"
"[19, 5]","[0, 2]","['63902', '17017', '72346', '59952', '43629']",43629,"['63902', '17017', '43629', '72346', '59952']"
"[15, 13]","[0, 6]","['42684', '20590', '25079', '24364', '41154']",41154,"['24364', '41154', '25079', '20590', '42684']"
"[15, 17]","[17, 18]","['60915', '47834', '1225', '11908', '31693']",31693,"['60915', '11908', '31693', '47834', '1225']"
"[3, 5]","[9, 26]","['64', '12162', '74226', '63514', '27788']",27788,"['74226', '63514', '64', '27788', '12162']"
"[15, 13]","[19, 14]","['34763', '42684', '24364', '20590', '72517']",72517,"['42684', '34763', '24364', '20590', '72517']"
"[19, 14]","[18, 23]","['64729', '26372', '26703', '72517', '72978']",72978,"['26372', '72978', '26703', '64729', '72517']"
"[18, 23]","[3, 4]","['6216', '64247', '48306', '20502', '11039']",11039,"['20502', '6216', '11039', '48306', '64247']"
"[17, 18]","[18, 25]","['66316', '21408', '66935', '31693', '4132']",4132,"['21408', '4132', '66316', '31693', '66935']"
"[5, 19]","[0, 14]","['51211', '53655', '77183', '10743', '37963']",37963,"['77183', '53655', '51211', '37963', '10743']"
"[14, 9]","[0, 7]","['6508', '26506', '40550', '26678', '65801']",65801,"['26506', '65801', '6508', '40550', '26678']"
"[3, 28]","[14, 9]","['8257', '55090', '42226', '12683', '14102']",14102,"['12683', '55090', '14102', '42226', '8257']"
"[3, 28]","[14, 8]","['12683', '55090', '8257', '73823', '40877']",40877,"['73823', '12683', '55090', '8257', '40877']"
"[3, 21]","[4, 27]","['57272', '47060', '14038', '53064', '5222']",5222,"['53064', '47060', '14038', '5222', '57272']"
"[19, 14]","[7, 22]","['26703', '72517', '26372', '64729', '31113']",31113,"['26372', '72517', '31113', '64729', '26703']"
"[5, 19]","[19, 14]","['60473', '53655', '51211', '35619', '64729']",64729,"['64729', '51211', '35619', '60473', '53655']"
"[19, 28]","[18, 23]","['40111', '43363', '23197', '55589', '25667']",25667,"['40111', '23197', '25667', '43363', '55589']"
"[18, 23]","[14, 9]","['15451', '5909', '12104', '78682', '40550']",40550,"['40550', '5909', '15451', '78682', '12104']"
"[5, 22]","[4, 27]","['77349', '40863', '57572', '48795', '70239']",70239,"['70239', '48795', '77349', '40863', '57572']"
"[19, 10]","[9, 4]","['73023', '25618', '25168', '55791', '80219']",80219,"['55791', '80219', '25618', '73023', '25168']"
"[0, 2]","[17, 21]","['60860', '44125', '66847', '43629', '69704']",69704,"['43629', '44125', '69704', '66847', '60860']"
"[0, 0]","[19, 13]","['28082', '78009', '8176', '14834', '37914']",37914,"['28082', '8176', '14834', '37914', '78009']"
"[19, 8]","[9, 4]","['19346', '36396', '71082', '6777', '50510']",50510,"['50510', '19346', '71082', '6777', '36396']"
"[15, 28]","[19, 14]","['67905', '38548', '3258', '23274', '72517']",72517,"['3258', '67905', '72517', '38548', '23274']"
"[19, 25]","[18, 23]","['33749', '74532', '59747', '26994', '40817']",40817,"['40817', '26994', '59747', '74532', '33749']"
"[9, 3]","[3, 5]","['9662', '74662', '64671', '1268', '64']",64,"['64', '9662', '1268', '74662', '64671']"
"[19, 5]","[0, 6]","['76431', '63902', '72346', '17017', '43036']",43036,"['72346', '76431', '63902', '43036', '17017']"
"[18, 25]","[3, 16]","['62071', '3282', '4132', '73827', '11746']",11746,"['11746', '4132', '73827', '3282', '62071']"
"[5, 29]","[9, 3]","['55950', '52548', '57316', '18711', '1268']",1268,"['55950', '1268', '52548', '18711', '57316']"
"[19, 14]","[3, 17]","['64729', '26372', '72517', '26703', '54792']",54792,"['54792', '72517', '26372', '26703', '64729']"
"[3, 3]","[0, 2]","['10017', '22002', '30004', '22487', '27625']",27625,"['22487', '27625', '22002', '30004', '10017']"
"[19, 14]","[17, 5]","['72517', '26372', '26703', '64729', '7913']",7913,"['72517', '64729', '26703', '7913', '26372']"
"[0, 7]","[15, 13]","['66807', '65801', '10984', '72266', '42684']",42684,"['72266', '66807', '65801', '42684', '10984']"
"[0, 0]","[15, 21]","['8176', '14834', '28082', '78009', '20839']",20839,"['78009', '8176', '28082', '14834', '20839']"
"[17, 21]","[19, 18]","['62454', '78147', '69704', '9795', '74633']",74633,"['69704', '62454', '74633', '9795', '78147']"
"[14, 7]","[0, 0]","['67483', '77045', '38835', '25607', '78009']",78009,"['77045', '67483', '38835', '78009', '25607']"
"[3, 28]","[7, 1]","['8257', '12683', '42226', '73823', '16951']",16951,"['16951', '8257', '73823', '42226', '12683']"
"[17, 21]","[9, 4]","['62454', '62549', '9795', '78147', '80219']",80219,"['62549', '9795', '62454', '78147', '80219']"
"[9, 11]","[15, 28]","['52758', '15606', '335', '41897', '10526']",10526,"['41897', '335', '10526', '52758', '15606']"
"[0, 2]","[19, 18]","['59390', '54867', '60860', '28242', '36535']",36535,"['54867', '60860', '59390', '36535', '28242']"
"[5, 19]","[7, 1]","['51211', '54232', '49189', '60473', '17550']",17550,"['49189', '17550', '54232', '51211', '60473']"
"[17, 5]","[3, 17]","['7913', '33045', '50221', '72055', '12043']",12043,"['50221', '33045', '72055', '12043', '7913']"
"[3, 4]","[19, 8]","['9383', '11039', '20671', '35787', '19346']",19346,"['19346', '35787', '11039', '9383', '20671']"
"[0, 0]","[14, 8]","['14834', '78009', '28082', '8176', '28732']",28732,"['8176', '28732', '28082', '14834', '78009']"
"[7, 3]","[18, 23]","['61767', '75828', '64781', '52457', '42151']",42151,"['75828', '52457', '42151', '64781', '61767']"
"[5, 29]","[9, 11]","['55950', '51743', '21765', '57316', '30907']",30907,"['21765', '30907', '57316', '51743', '55950']"
"[14, 8]","[3, 7]","['28694', '46039', '40877', '39691', '19796']",19796,"['28694', '40877', '19796', '39691', '46039']"
"[0, 0]","[3, 16]","['28082', '78009', '14834', '8176', '11746']",11746,"['8176', '11746', '28082', '14834', '78009']"
"[9, 26]","[0, 14]","['50181', '27788', '6759', '23716', '37963']",37963,"['27788', '37963', '50181', '6759', '23716']"
"[19, 5]","[3, 7]","['32569', '63902', '17017', '76431', '19992']",19992,"['17017', '63902', '19992', '32569', '76431']"
"[17, 18]","[19, 5]","['66935', '66316', '21543', '70105', '59952']",59952,"['70105', '59952', '66316', '21543', '66935']"
"[3, 17]","[17, 18]","['64047', '12043', '33084', '53579', '46660']",46660,"['64047', '12043', '46660', '33084', '53579']"
"[9, 4]","[3, 28]","['80219', '79413', '50510', '64614', '8257']",8257,"['79413', '50510', '64614', '80219', '8257']"
"[9, 3]","[5, 29]","['14914', '64671', '74662', '1268', '18711']",18711,"['1268', '18711', '74662', '14914', '64671']"
"[19, 14]","[0, 24]","['72517', '26372', '26703', '64729', '31926']",31926,"['72517', '64729', '26372', '26703', '31926']"
"[3, 3]","[0, 6]","['30004', '72700', '10131', '10017', '59474']",59474,"['30004', '10017', '72700', '10131', '59474']"
"[0, 7]","[3, 3]","['66807', '15613', '65801', '10984', '994']",994,"['65801', '10984', '994', '66807', '15613']"
"[7, 20]","[14, 7]","['2277', '2425', '54372', '55305', '77045']",77045,"['2277', '2425', '55305', '54372', '77045']"
"[9, 4]","[15, 17]","['64614', '80219', '79413', '50510', '47834']",47834,"['64614', '79413', '47834', '80219', '50510']"
"[19, 8]","[5, 19]","['6777', '19346', '36396', '71082', '10743']",10743,"['71082', '36396', '6777', '19346', '10743']"
"[7, 1]","[19, 28]","['12421', '8109', '17550', '12376', '40111']",40111,"['17550', '12376', '12421', '8109', '40111']"
"[3, 28]","[17, 5]","['12683', '42226', '55090', '8257', '33045']",33045,"['33045', '42226', '12683', '55090', '8257']"
"[0, 14]","[15, 28]","['75707', '42604', '37963', '39894', '10526']",10526,"['10526', '37963', '42604', '75707', '39894']"
"[19, 28]","[3, 5]","['55589', '42272', '23197', '52721', '63514']",63514,"['55589', '52721', '63514', '23197', '42272']"
"[5, 29]","[9, 4]","['57316', '51743', '55950', '21765', '80219']",80219,"['57316', '21765', '80219', '55950', '51743']"
"[3, 5]","[14, 7]","['74226', '63514', '12162', '64', '38835']",38835,"['38835', '63514', '12162', '74226', '64']"
"[3, 4]","[14, 9]","['35787', '11039', '20671', '9383', '14102']",14102,"['20671', '9383', '11039', '35787', '14102']"
"[14, 7]","[5, 19]","['67483', '51393', '38835', '25607', '63077']",63077,"['63077', '67483', '51393', '38835', '25607']"
"[9, 26]","[0, 6]","['6759', '7474', '27788', '23716', '41154']",41154,"['23716', '6759', '7474', '27788', '41154']"
"[9, 4]","[14, 8]","['79413', '50510', '64614', '80219', '40877']",40877,"['64614', '79413', '40877', '50510', '80219']"
"[3, 4]","[9, 3]","['35787', '11039', '20671', '9383', '14914']",14914,"['11039', '9383', '20671', '14914', '35787']"
"[18, 23]","[19, 18]","['12104', '32105', '10433', '72365', '58616']",58616,"['32105', '10433', '12104', '58616', '72365']"
"[19, 14]","[3, 4]","['26703', '64729', '26372', '72517', '9383']",9383,"['9383', '72517', '26372', '64729', '26703']"
"[3, 5]","[9, 11]","['12162', '63514', '74226', '64', '335']",335,"['74226', '12162', '335', '63514', '64']"
"[4, 27]","[5, 22]","['12888', '77515', '5222', '70239', '57572']",57572,"['12888', '77515', '57572', '70239', '5222']"
"[0, 14]","[19, 28]","['42604', '80522', '75707', '39894', '52721']",52721,"['42604', '75707', '80522', '39894', '52721']"
"[3, 4]","[17, 18]","['20671', '9383', '11039', '35787', '31693']",31693,"['35787', '9383', '31693', '20671', '11039']"
"[7, 22]","[19, 13]","['40679', '23132', '31113', '79411', '35479']",35479,"['40679', '35479', '23132', '79411', '31113']"
"[0, 7]","[17, 5]","['65801', '72266', '66807', '10984', '33045']",33045,"['10984', '72266', '66807', '65801', '33045']"
"[3, 3]","[5, 4]","['72700', '22487', '10131', '30004', '27706']",27706,"['72700', '10131', '22487', '30004', '27706']"
"[3, 16]","[19, 14]","['56017', '59100', '63317', '11746', '72517']",72517,"['56017', '63317', '59100', '11746', '72517']"
"[19, 10]","[15, 28]","['55791', '25618', '73023', '25168', '10526']",10526,"['25168', '10526', '55791', '25618', '73023']"
"[0, 14]","[14, 8]","['80522', '39894', '17291', '37963', '46039']",46039,"['39894', '80522', '17291', '46039', '37963']"
"[7, 22]","[3, 5]","['79411', '40679', '23132', '31113', '63514']",63514,"['63514', '31113', '23132', '79411', '40679']"
"[9, 4]","[19, 25]","['79413', '50510', '80219', '64614', '47247']",47247,"['80219', '64614', '50510', '79413', '47247']"
"[9, 4]","[19, 13]","['79413', '50510', '80219', '64614', '26354']",26354,"['80219', '64614', '50510', '26354', '79413']"
"[19, 10]","[7, 20]","['25618', '25168', '21540', '73023', '55305']",55305,"['73023', '55305', '25618', '25168', '21540']"
"[18, 25]","[15, 13]","['4132', '73827', '3282', '25711', '24364']",24364,"['24364', '73827', '4132', '3282', '25711']"
"[19, 8]","[5, 22]","['71082', '6777', '36396', '19346', '40863']",40863,"['71082', '40863', '36396', '19346', '6777']"
"[15, 13]","[0, 7]","['25079', '24364', '34763', '20590', '65801']",65801,"['34763', '25079', '20590', '24364', '65801']"
"[0, 7]","[7, 22]","['15613', '72266', '65801', '10984', '31113']",31113,"['15613', '31113', '65801', '10984', '72266']"
"[0, 6]","[5, 19]","['43375', '25447', '43036', '49395', '63077']",63077,"['43036', '25447', '49395', '63077', '43375']"
"[9, 3]","[3, 26]","['9662', '64671', '1268', '14914', '18887']",18887,"['9662', '18887', '14914', '64671', '1268']"
"[3, 21]","[7, 3]","['42206', '14038', '53064', '57272', '75828']",75828,"['53064', '75828', '57272', '42206', '14038']"
"[4, 27]","[5, 19]","['70239', '12888', '5222', '77515', '49189']",49189,"['77515', '49189', '12888', '5222', '70239']"
"[0, 6]","[5, 22]","['75880', '59474', '25447', '43036', '40863']",40863,"['40863', '25447', '59474', '43036', '75880']"
"[17, 18]","[14, 9]","['70105', '46660', '66316', '51240', '40550']",40550,"['70105', '46660', '40550', '51240', '66316']"
"[3, 5]","[7, 22]","['12162', '74226', '64', '63514', '31113']",31113,"['63514', '64', '31113', '12162', '74226']"
"[3, 12]","[9, 4]","['27821', '37955', '1181', '20968', '79413']",79413,"['79413', '27821', '1181', '20968', '37955']"
"[0, 0]","[9, 4]","['78009', '14834', '28082', '8176', '50510']",50510,"['78009', '8176', '14834', '50510', '28082']"
"[5, 22]","[3, 7]","['7217', '77349', '57572', '40863', '73164']",73164,"['77349', '57572', '7217', '40863', '73164']"
"[9, 11]","[3, 17]","['61914', '52758', '41897', '15606', '38478']",38478,"['41897', '15606', '38478', '52758', '61914']"
"[0, 7]","[15, 21]","['66807', '10984', '72266', '15613', '20839']",20839,"['20839', '10984', '15613', '66807', '72266']"
"[0, 6]","[9, 26]","['25447', '75880', '43036', '49395', '7474']",7474,"['49395', '75880', '7474', '43036', '25447']"
"[3, 26]","[17, 5]","['72586', '19246', '32729', '49864', '7913']",7913,"['19246', '7913', '49864', '32729', '72586']"
"[7, 1]","[15, 21]","['17550', '53652', '16951', '8109', '20839']",20839,"['53652', '17550', '8109', '20839', '16951']"
"[3, 28]","[18, 25]","['8257', '12683', '42226', '73823', '62071']",62071,"['12683', '62071', '42226', '73823', '8257']"
"[4, 27]","[17, 5]","['12888', '5222', '77515', '70239', '33045']",33045,"['5222', '70239', '12888', '77515', '33045']"
"[17, 5]","[19, 18]","['7913', '72055', '33045', '50221', '41277']",41277,"['50221', '41277', '7913', '33045', '72055']"
"[0, 24]","[15, 21]","['74418', '37989', '31926', '48780', '20839']",20839,"['20839', '48780', '74418', '37989', '31926']"
"[19, 28]","[5, 29]","['52721', '55589', '43363', '42272', '52548']",52548,"['42272', '43363', '55589', '52721', '52548']"
"[18, 23]","[3, 7]","['65195', '26052', '67584', '5909', '30859']",30859,"['67584', '65195', '30859', '26052', '5909']"
"[7, 1]","[3, 26]","['3536', '17550', '16951', '8109', '40031']",40031,"['16951', '8109', '40031', '3536', '17550']"
"[3, 16]","[9, 26]","['59100', '63317', '177', '56017', '6759']",6759,"['63317', '6759', '56017', '177', '59100']"
"[19, 5]","[17, 21]","['76431', '72346', '32569', '17017', '40487']",40487,"['17017', '32569', '72346', '40487', '76431']"
"[14, 9]","[17, 18]","['14102', '26506', '40550', '26678', '21408']",21408,"['26506', '40550', '26678', '21408', '14102']"
"[7, 22]","[19, 18]","['31113', '40679', '23132', '79411', '49556']",49556,"['40679', '23132', '79411', '31113', '49556']"
"[3, 3]","[9, 4]","['22487', '72700', '30004', '994', '80219']",80219,"['994', '80219', '72700', '22487', '30004']"
"[18, 25]","[4, 27]","['73827', '4132', '25711', '3282', '5222']",5222,"['5222', '73827', '25711', '3282', '4132']"
"[15, 17]","[19, 25]","['1225', '47834', '60915', '11908', '26994']",26994,"['47834', '11908', '60915', '26994', '1225']"
"[3, 5]","[5, 19]","['63514', '12162', '74226', '64', '63077']",63077,"['63514', '12162', '64', '74226', '63077']"
"[3, 21]","[7, 20]","['53064', '47060', '57272', '14038', '2425']",2425,"['57272', '14038', '47060', '2425', '53064']"
"[18, 25]","[14, 8]","['3282', '4132', '25711', '62071', '46039']",46039,"['62071', '4132', '25711', '3282', '46039']"
"[17, 21]","[0, 24]","['9795', '62549', '69704', '78147', '31926']",31926,"['62549', '9795', '69704', '31926', '78147']"
"[3, 7]","[0, 2]","['19796', '19992', '30859', '4286', '9836']",9836,"['19992', '19796', '4286', '9836', '30859']"
"[15, 17]","[14, 8]","['1225', '47834', '60915', '11908', '40877']",40877,"['11908', '60915', '40877', '47834', '1225']"
"[0, 14]","[3, 12]","['75707', '80522', '17291', '39894', '20968']",20968,"['17291', '20968', '80522', '39894', '75707']"
"[3, 26]","[14, 7]","['49864', '11033', '32729', '50906', '51393']",51393,"['51393', '50906', '11033', '32729', '49864']"
"[3, 7]","[7, 1]","['4286', '73164', '37907', '19796', '10825']",10825,"['19796', '73164', '37907', '4286', '10825']"
"[9, 4]","[3, 12]","['64614', '79413', '80219', '50510', '27821']",27821,"['80219', '50510', '64614', '79413', '27821']"
"[19, 14]","[9, 11]","['72517', '26703', '26372', '64729', '335']",335,"['335', '26703', '72517', '64729', '26372']"
"[15, 17]","[0, 7]","['11908', '60915', '1225', '47834', '15613']",15613,"['15613', '60915', '11908', '47834', '1225']"
"[3, 3]","[17, 5]","['30004', '10017', '994', '72700', '33045']",33045,"['30004', '994', '72700', '33045', '10017']"
"[3, 4]","[19, 5]","['11039', '20671', '9383', '35787', '32569']",32569,"['35787', '20671', '11039', '9383', '32569']"
"[0, 24]","[3, 3]","['31926', '48780', '74418', '37989', '22487']",22487,"['22487', '37989', '31926', '74418', '48780']"
"[17, 21]","[3, 26]","['62549', '40487', '78147', '9795', '1064']",1064,"['1064', '40487', '9795', '78147', '62549']"
"[0, 6]","[19, 18]","['49395', '43036', '75880', '41154', '41277']",41277,"['75880', '41154', '41277', '43036', '49395']"
"[18, 23]","[15, 17]","['20502', '32105', '14167', '65195', '47834']",47834,"['14167', '32105', '20502', '65195', '47834']"
"[18, 25]","[19, 10]","['62071', '3282', '25711', '4132', '21540']",21540,"['3282', '62071', '25711', '4132', '21540']"
"[7, 1]","[9, 11]","['12421', '12376', '3536', '8109', '52758']",52758,"['52758', '8109', '12421', '3536', '12376']"
"[3, 12]","[0, 14]","['1181', '20968', '27821', '37955', '37963']",37963,"['37963', '37955', '20968', '1181', '27821']"
"[17, 21]","[14, 8]","['69704', '40487', '9795', '62549', '40877']",40877,"['62549', '40877', '9795', '69704', '40487']"
"[19, 14]","[15, 13]","['64729', '26703', '26372', '72517', '34763']",34763,"['72517', '34763', '64729', '26372', '26703']"
"[0, 6]","[3, 3]","['59474', '43036', '41154', '75880', '10131']",10131,"['75880', '41154', '43036', '10131', '59474']"
"[7, 3]","[18, 25]","['75828', '61767', '64781', '52457', '25711']",25711,"['52457', '75828', '61767', '25711', '64781']"
"[19, 18]","[15, 17]","['36535', '29042', '55086', '30721', '11908']",11908,"['30721', '36535', '29042', '11908', '55086']"
"[7, 3]","[3, 16]","['52457', '64781', '61767', '75828', '59100']",59100,"['61767', '59100', '52457', '64781', '75828']"
"[3, 7]","[17, 18]","['19796', '37907', '73164', '19992', '51240']",51240,"['51240', '19796', '19992', '73164', '37907']"
"[0, 6]","[19, 13]","['49395', '41154', '75880', '43036', '35479']",35479,"['43036', '35479', '75880', '41154', '49395']"
"[15, 21]","[9, 4]","['13497', '3384', '7489', '20839', '79413']",79413,"['79413', '3384', '20839', '7489', '13497']"
"[3, 3]","[14, 7]","['22487', '22002', '10017', '30004', '38835']",38835,"['22002', '10017', '30004', '22487', '38835']"
"[3, 21]","[5, 19]","['14038', '47060', '53064', '42206', '63077']",63077,"['53064', '42206', '47060', '63077', '14038']"
"[3, 21]","[0, 0]","['42206', '53064', '57272', '47060', '14834']",14834,"['53064', '42206', '47060', '14834', '57272']"
"[3, 26]","[5, 29]","['19246', '72586', '50906', '49864', '57316']",57316,"['49864', '19246', '50906', '72586', '57316']"
"[3, 5]","[4, 27]","['63514', '64', '12162', '74226', '5222']",5222,"['12162', '74226', '64', '5222', '63514']"
"[3, 21]","[0, 2]","['47060', '42206', '53064', '14038', '45218']",45218,"['45218', '14038', '53064', '47060', '42206']"
"[3, 17]","[7, 1]","['38478', '64047', '33084', '53579', '3536']",3536,"['64047', '3536', '53579', '38478', '33084']"
"[19, 18]","[4, 27]","['36535', '41277', '29042', '58616', '77515']",77515,"['36535', '41277', '58616', '77515', '29042']"
"[3, 28]","[0, 14]","['73823', '55090', '12683', '8257', '37963']",37963,"['73823', '55090', '12683', '8257', '37963']"
"[3, 5]","[9, 4]","['63514', '64', '74226', '12162', '50510']",50510,"['63514', '12162', '64', '74226', '50510']"
"[5, 19]","[3, 17]","['77183', '35619', '60473', '10743', '12043']",12043,"['12043', '60473', '35619', '77183', '10743']"
"[19, 25]","[15, 28]","['59747', '33749', '26994', '74532', '23274']",23274,"['26994', '33749', '74532', '59747', '23274']"
"[14, 9]","[4, 27]","['26678', '39708', '26506', '14102', '12888']",12888,"['12888', '26506', '26678', '14102', '39708']"
"[17, 5]","[3, 26]","['7913', '50221', '33045', '72055', '18887']",18887,"['18887', '50221', '72055', '33045', '7913']"
"[7, 3]","[19, 28]","['61767', '64781', '52457', '75828', '52721']",52721,"['64781', '75828', '52457', '61767', '52721']"
"[19, 5]","[3, 3]","['17017', '63902', '32569', '72346', '994']",994,"['994', '63902', '72346', '17017', '32569']"
"[19, 14]","[9, 3]","['26703', '26372', '64729', '72517', '1268']",1268,"['1268', '26703', '72517', '26372', '64729']"
"[7, 3]","[3, 21]","['52457', '64781', '75828', '61767', '42206']",42206,"['52457', '75828', '64781', '42206', '61767']"
"[19, 18]","[3, 21]","['41277', '49556', '29042', '35149', '53064']",53064,"['35149', '29042', '49556', '53064', '41277']"
"[5, 22]","[9, 11]","['77349', '40863', '57572', '48795', '30907']",30907,"['48795', '30907', '77349', '57572', '40863']"
"[9, 26]","[0, 24]","['23716', '27788', '7474', '50181', '31926']",31926,"['23716', '27788', '7474', '31926', '50181']"
"[0, 2]","[19, 18]","['80744', '70440', '54867', '63508', '49556']",49556,"['49556', '54867', '63508', '80744', '70440']"
"[3, 17]","[19, 18]","['33084', '54792', '12043', '64047', '55086']",55086,"['12043', '54792', '64047', '33084', '55086']"
"[0, 2]","[3, 7]","['43629', '48095', '9639', '60860', '19796']",19796,"['48095', '60860', '19796', '9639', '43629']"
"[4, 27]","[0, 7]","['70239', '5222', '12888', '77515', '10984']",10984,"['5222', '77515', '12888', '10984', '70239']"
"[5, 29]","[19, 13]","['52548', '18711', '51743', '57316', '42612']",42612,"['42612', '51743', '18711', '57316', '52548']"
"[3, 3]","[19, 10]","['22487', '22002', '30004', '994', '55791']",55791,"['22002', '55791', '994', '30004', '22487']"
"[5, 22]","[9, 26]","['40863', '77349', '57572', '7217', '7474']",7474,"['7474', '77349', '7217', '40863', '57572']"
"[4, 27]","[3, 3]","['5222', '12888', '77515', '70239', '72700']",72700,"['72700', '70239', '5222', '12888', '77515']"
"[19, 10]","[0, 6]","['21540', '55791', '73023', '25618', '49395']",49395,"['21540', '25618', '49395', '73023', '55791']"
"[18, 23]","[5, 22]","['64247', '26755', '61353', '72365', '40863']",40863,"['61353', '40863', '26755', '72365', '64247']"
"[19, 28]","[15, 21]","['42272', '55589', '43363', '52721', '3384']",3384,"['55589', '52721', '43363', '42272', '3384']"
"[9, 4]","[0, 14]","['79413', '64614', '50510', '80219', '1261']",1261,"['1261', '50510', '64614', '80219', '79413']"
"[9, 11]","[0, 0]","['52758', '4186', '41897', '78534', '8176']",8176,"['4186', '78534', '8176', '41897', '52758']"
"[3, 17]","[0, 7]","['53579', '12043', '64047', '38478', '72266']",72266,"['53579', '38478', '64047', '12043', '72266']"
"[15, 28]","[9, 11]","['3258', '67905', '23274', '10526', '15606']",15606,"['3258', '15606', '10526', '23274', '67905']"
"[7, 20]","[18, 23]","['2277', '2425', '55305', '54372', '67584']",67584,"['54372', '2277', '2425', '55305', '67584']"
"[18, 25]","[5, 29]","['25711', '73827', '4132', '62071', '55950']",55950,"['62071', '73827', '25711', '55950', '4132']"
"[14, 7]","[5, 4]","['67483', '77045', '25607', '38835', '62609']",62609,"['62609', '67483', '77045', '25607', '38835']"
"[3, 7]","[17, 18]","['30859', '73164', '37907', '4286', '46660']",46660,"['46660', '30859', '4286', '73164', '37907']"
"[3, 21]","[19, 14]","['14038', '53064', '57272', '47060', '64729']",64729,"['57272', '47060', '53064', '64729', '14038']"
"[3, 16]","[18, 25]","['11746', '177', '63317', '59100', '25711']",25711,"['63317', '59100', '177', '11746', '25711']"
"[7, 1]","[3, 28]","['10825', '17550', '8109', '3536', '8257']",8257,"['10825', '3536', '17550', '8109', '8257']"
"[3, 12]","[0, 7]","['1181', '20968', '27821', '37955', '66807']",66807,"['27821', '66807', '1181', '20968', '37955']"
"[7, 3]","[19, 14]","['75828', '64781', '52457', '61767', '26372']",26372,"['26372', '61767', '64781', '75828', '52457']"
"[7, 3]","[3, 5]","['64781', '52457', '75828', '61767', '12162']",12162,"['12162', '75828', '61767', '64781', '52457']"
"[19, 18]","[17, 5]","['36535', '30721', '74633', '49556', '7913']",7913,"['36535', '30721', '74633', '7913', '49556']"
"[4, 27]","[17, 21]","['5222', '70239', '77515', '12888', '9795']",9795,"['12888', '9795', '5222', '70239', '77515']"
"[3, 4]","[0, 14]","['11039', '20671', '35787', '9383', '80522']",80522,"['9383', '20671', '80522', '11039', '35787']"
"[7, 3]","[15, 17]","['75828', '64781', '52457', '61767', '11908']",11908,"['61767', '11908', '52457', '75828', '64781']"
"[3, 3]","[9, 4]","['30004', '994', '72700', '22002', '64614']",64614,"['72700', '64614', '994', '22002', '30004']"
"[19, 18]","[3, 3]","['41277', '29042', '30721', '35149', '10017']",10017,"['41277', '35149', '29042', '10017', '30721']"
"[3, 17]","[4, 27]","['38478', '54792', '12043', '33084', '12888']",12888,"['33084', '54792', '12888', '38478', '12043']"
"[9, 4]","[7, 22]","['50510', '79413', '80219', '64614', '31113']",31113,"['50510', '80219', '31113', '79413', '64614']"
"[15, 21]","[9, 3]","['13497', '20839', '7489', '3384', '64671']",64671,"['13497', '7489', '3384', '64671', '20839']"
"[19, 18]","[3, 21]","['41277', '55086', '74633', '49556', '47060']",47060,"['55086', '49556', '41277', '74633', '47060']"
"[5, 29]","[3, 7]","['57316', '21765', '55950', '52548', '4286']",4286,"['55950', '21765', '57316', '52548', '4286']"
"[0, 0]","[3, 3]","['14834', '78009', '28082', '8176', '30004']",30004,"['8176', '28082', '14834', '78009', '30004']"
"[19, 13]","[0, 7]","['35479', '43396', '43324', '37914', '72266']",72266,"['43324', '37914', '43396', '72266', '35479']"
"[5, 4]","[15, 17]","['2004', '27706', '35725', '53032', '60915']",60915,"['60915', '53032', '2004', '27706', '35725']"
"[19, 13]","[9, 26]","['35479', '26354', '43396', '37914', '27788']",27788,"['35479', '26354', '43396', '37914', '27788']"
"[3, 5]","[14, 8]","['63514', '64', '74226', '12162', '28694']",28694,"['74226', '63514', '28694', '12162', '64']"
"[0, 2]","[19, 25]","['44145', '67842', '27625', '66847', '26994']",26994,"['67842', '44145', '26994', '66847', '27625']"
"[9, 26]","[19, 10]","['50181', '27788', '7474', '23716', '55791']",55791,"['27788', '7474', '55791', '50181', '23716']"
"[19, 5]","[5, 29]","['76431', '72346', '55314', '59952', '52548']",52548,"['52548', '55314', '76431', '72346', '59952']"
"[9, 11]","[4, 27]","['30907', '15606', '4186', '61914', '77515']",77515,"['61914', '30907', '15606', '4186', '77515']"
"[3, 12]","[5, 29]","['1181', '37955', '27821', '20968', '57316']",57316,"['57316', '27821', '1181', '20968', '37955']"
"[5, 19]","[0, 14]","['49189', '35619', '54232', '77183', '1261']",1261,"['49189', '54232', '35619', '1261', '77183']"
"[9, 11]","[14, 7]","['41897', '4186', '335', '78534', '25607']",25607,"['25607', '41897', '78534', '4186', '335']"
"[18, 25]","[9, 3]","['73827', '4132', '3282', '25711', '64671']",64671,"['25711', '3282', '4132', '64671', '73827']"
"[7, 20]","[15, 28]","['54372', '2425', '55305', '2277', '38548']",38548,"['55305', '2277', '2425', '38548', '54372']"
"[15, 21]","[0, 14]","['3384', '7489', '20839', '13497', '39894']",39894,"['3384', '13497', '7489', '20839', '39894']"
"[18, 23]","[15, 17]","['14167', '5909', '40817', '67584', '1225']",1225,"['14167', '1225', '40817', '67584', '5909']"
"[0, 2]","[14, 7]","['43995', '28242', '80744', '62759', '25607']",25607,"['80744', '28242', '25607', '43995', '62759']"
"[5, 29]","[18, 23]","['57316', '18711', '52548', '21765', '64247']",64247,"['57316', '18711', '64247', '21765', '52548']"
"[15, 28]","[9, 11]","['38548', '67905', '10526', '23274', '30907']",30907,"['10526', '67905', '30907', '38548', '23274']"
"[15, 13]","[19, 18]","['20590', '53137', '68970', '24364', '36535']",36535,"['20590', '24364', '53137', '68970', '36535']"
"[0, 24]","[3, 16]","['37989', '31926', '48780', '74418', '56017']",56017,"['56017', '37989', '31926', '74418', '48780']"
"[14, 7]","[7, 22]","['38835', '67483', '77045', '25607', '79411']",79411,"['38835', '77045', '79411', '25607', '67483']"
"[3, 7]","[9, 4]","['19796', '37907', '4286', '30859', '80219']",80219,"['80219', '37907', '4286', '19796', '30859']"
"[3, 3]","[9, 4]","['10131', '10017', '22002', '30004', '64614']",64614,"['22002', '10017', '10131', '64614', '30004']"
"[5, 4]","[19, 13]","['63485', '2004', '53032', '70560', '43396']",43396,"['70560', '53032', '43396', '63485', '2004']"
"[0, 7]","[3, 17]","['65801', '10984', '72266', '66807', '54792']",54792,"['54792', '66807', '65801', '10984', '72266']"
"[14, 8]","[19, 14]","['46039', '28694', '40877', '28732', '64729']",64729,"['40877', '46039', '28694', '64729', '28732']"
"[0, 0]","[17, 5]","['14834', '28082', '78009', '8176', '50221']",50221,"['78009', '28082', '50221', '14834', '8176']"
"[5, 19]","[3, 16]","['51211', '60473', '53655', '63077', '11746']",11746,"['60473', '63077', '11746', '53655', '51211']"
"[19, 14]","[4, 27]","['72517', '26372', '26703', '64729', '70239']",70239,"['26703', '26372', '64729', '70239', '72517']"
"[17, 18]","[3, 28]","['51240', '6955', '46660', '66935', '73823']",73823,"['51240', '46660', '6955', '73823', '66935']"
"[3, 28]","[19, 5]","['55090', '73823', '8257', '42226', '76431']",76431,"['42226', '73823', '55090', '76431', '8257']"
"[19, 18]","[3, 4]","['41277', '74633', '58616', '35149', '11039']",11039,"['11039', '58616', '74633', '35149', '41277']"
"[9, 11]","[17, 21]","['52758', '30907', '41897', '78534', '78147']",78147,"['41897', '30907', '78147', '52758', '78534']"
"[14, 9]","[0, 14]","['39708', '40550', '6508', '26678', '39894']",39894,"['6508', '39708', '40550', '26678', '39894']"
"[3, 21]","[7, 22]","['57272', '47060', '14038', '42206', '79411']",79411,"['14038', '57272', '47060', '42206', '79411']"
"[3, 26]","[19, 14]","['68096', '1064', '50906', '11033', '26703']",26703,"['1064', '68096', '50906', '26703', '11033']"
"[9, 4]","[7, 1]","['50510', '64614', '79413', '80219', '8109']",8109,"['79413', '80219', '8109', '50510', '64614']"
"[3, 21]","[0, 24]","['14038', '42206', '47060', '53064', '37989']",37989,"['47060', '14038', '37989', '53064', '42206']"
"[5, 19]","[18, 25]","['53655', '35619', '77183', '51211', '62071']",62071,"['77183', '53655', '51211', '35619', '62071']"
"[3, 26]","[5, 29]","['9147', '50906', '18887', '49864', '51743']",51743,"['51743', '50906', '49864', '9147', '18887']"
"[3, 21]","[19, 5]","['42206', '14038', '47060', '53064', '76431']",76431,"['14038', '42206', '76431', '53064', '47060']"
"[3, 28]","[9, 11]","['8257', '55090', '12683', '73823', '52758']",52758,"['8257', '52758', '12683', '73823', '55090']"
"[0, 6]","[3, 4]","['43036', '43375', '59474', '75880', '9383']",9383,"['43375', '9383', '75880', '59474', '43036']"
"[19, 18]","[5, 19]","['49556', '58616', '35149', '36535', '10743']",10743,"['49556', '36535', '58616', '35149', '10743']"
"[19, 5]","[0, 24]","['17017', '55314', '76431', '63902', '48780']",48780,"['63902', '55314', '17017', '76431', '48780']"
"[7, 1]","[19, 25]","['12376', '3536', '8109', '12421', '33749']",33749,"['12376', '3536', '8109', '33749', '12421']"
"[14, 8]","[3, 21]","['28732', '28694', '46039', '39691', '53064']",53064,"['28732', '28694', '39691', '46039', '53064']"
"[7, 3]","[3, 12]","['61767', '52457', '75828', '64781', '20968']",20968,"['61767', '52457', '75828', '64781', '20968']"
"[17, 21]","[9, 11]","['78147', '62454', '40487', '62549', '41897']",41897,"['62454', '41897', '62549', '40487', '78147']"
"[17, 18]","[9, 11]","['6955', '46660', '21543', '66935', '335']",335,"['335', '66935', '6955', '21543', '46660']"
"[3, 16]","[0, 7]","['56017', '63317', '11746', '59100', '66807']",66807,"['56017', '63317', '11746', '59100', '66807']"
"[19, 5]","[14, 9]","['17017', '55314', '76431', '32569', '14102']",14102,"['32569', '17017', '76431', '55314', '14102']"
"[9, 3]","[0, 0]","['74662', '14914', '1268', '64671', '8176']",8176,"['14914', '64671', '1268', '74662', '8176']"
"[15, 13]","[19, 18]","['25079', '68970', '20590', '42684', '29042']",29042,"['29042', '25079', '68970', '20590', '42684']"
"[9, 4]","[19, 8]","['50510', '80219', '79413', '64614', '19346']",19346,"['80219', '50510', '79413', '64614', '19346']"
"[3, 5]","[5, 4]","['74226', '63514', '12162', '64', '63485']",63485,"['63485', '63514', '74226', '12162', '64']"
"[3, 3]","[14, 9]","['994', '10131', '10017', '72700', '14102']",14102,"['14102', '72700', '994', '10017', '10131']"
"[3, 4]","[7, 1]","['11039', '35787', '9383', '20671', '10825']",10825,"['20671', '9383', '11039', '10825', '35787']"
"[5, 22]","[9, 11]","['7217', '57572', '40863', '77349', '52758']",52758,"['52758', '7217', '77349', '57572', '40863']"
"[15, 13]","[0, 14]","['68970', '53137', '42684', '25079', '1261']",1261,"['42684', '68970', '25079', '53137', '1261']"
"[3, 5]","[17, 18]","['64', '63514', '74226', '12162', '46660']",46660,"['74226', '64', '46660', '63514', '12162']"
"[14, 7]","[19, 28]","['77045', '67483', '51393', '25607', '55589']",55589,"['77045', '55589', '67483', '51393', '25607']"
"[19, 13]","[3, 17]","['35479', '42612', '26354', '37914', '54792']",54792,"['37914', '26354', '35479', '42612', '54792']"
"[3, 3]","[5, 22]","['994', '30004', '10017', '22002', '48795']",48795,"['994', '48795', '10017', '30004', '22002']"
"[15, 21]","[9, 11]","['7489', '3384', '20839', '13497', '78534']",78534,"['78534', '13497', '3384', '7489', '20839']"
"[3, 21]","[7, 20]","['53064', '57272', '47060', '42206', '2277']",2277,"['47060', '57272', '53064', '2277', '42206']"
"[3, 17]","[5, 22]","['12043', '54792', '64047', '53579', '77349']",77349,"['77349', '53579', '12043', '54792', '64047']"
"[7, 20]","[3, 3]","['2425', '2277', '55305', '54372', '72700']",72700,"['2425', '2277', '55305', '54372', '72700']"
"[3, 3]","[5, 22]","['10017', '22002', '30004', '10131', '48795']",48795,"['22002', '30004', '10131', '10017', '48795']"
"[3, 28]","[7, 20]","['55090', '12683', '8257', '73823', '2277']",2277,"['55090', '2277', '8257', '12683', '73823']"
"[3, 4]","[18, 25]","['20671', '9383', '35787', '11039', '73827']",73827,"['73827', '11039', '9383', '20671', '35787']"
"[7, 22]","[3, 12]","['23132', '31113', '79411', '40679', '20968']",20968,"['31113', '23132', '79411', '40679', '20968']"
"[14, 9]","[4, 27]","['39708', '6508', '26506', '26678', '77515']",77515,"['26506', '26678', '39708', '6508', '77515']"
"[9, 26]","[19, 5]","['6759', '50181', '27788', '23716', '76431']",76431,"['6759', '23716', '50181', '76431', '27788']"
"[17, 18]","[0, 2]","['46660', '51240', '21543', '21408', '80744']",80744,"['21543', '51240', '21408', '46660', '80744']"
"[9, 11]","[17, 18]","['78534', '4186', '15606', '41897', '21408']",21408,"['21408', '4186', '78534', '41897', '15606']"
"[0, 24]","[3, 5]","['31926', '37989', '48780', '74418', '63514']",63514,"['37989', '63514', '31926', '48780', '74418']"
"[15, 17]","[19, 14]","['11908', '60915', '1225', '47834', '64729']",64729,"['11908', '47834', '60915', '64729', '1225']"
"[3, 5]","[5, 19]","['64', '63514', '74226', '12162', '53655']",53655,"['63514', '53655', '74226', '64', '12162']"
"[19, 18]","[7, 20]","['55086', '49556', '36535', '29042', '2277']",2277,"['2277', '36535', '55086', '49556', '29042']"
"[0, 2]","[3, 5]","['80744', '51831', '44125', '48095', '64']",64,"['51831', '48095', '44125', '80744', '64']"
"[4, 27]","[14, 9]","['70239', '5222', '77515', '12888', '26506']",26506,"['70239', '5222', '77515', '12888', '26506']"
"[3, 7]","[19, 13]","['4286', '30859', '73164', '37907', '43324']",43324,"['43324', '30859', '73164', '4286', '37907']"
"[7, 3]","[3, 28]","['75828', '61767', '64781', '52457', '55090']",55090,"['55090', '61767', '75828', '52457', '64781']"
"[7, 20]","[0, 0]","['55305', '2277', '54372', '2425', '28082']",28082,"['55305', '28082', '2425', '2277', '54372']"
"[0, 2]","[15, 13]","['32703', '67842', '43995', '70440', '68970']",68970,"['32703', '67842', '70440', '43995', '68970']"
"[7, 20]","[0, 6]","['55305', '54372', '2425', '2277', '41154']",41154,"['41154', '55305', '54372', '2425', '2277']"
"[3, 7]","[5, 4]","['30859', '19992', '73164', '37907', '63485']",63485,"['37907', '63485', '19992', '73164', '30859']"
"[17, 5]","[0, 6]","['72055', '7913', '50221', '33045', '59474']",59474,"['50221', '72055', '33045', '59474', '7913']"
"[19, 13]","[15, 28]","['35479', '43396', '37914', '43324', '10526']",10526,"['10526', '35479', '37914', '43396', '43324']"
"[19, 14]","[0, 2]","['26372', '64729', '72517', '26703', '67842']",67842,"['26703', '72517', '67842', '26372', '64729']"
"[5, 22]","[9, 4]","['48795', '77349', '40863', '57572', '79413']",79413,"['77349', '48795', '79413', '40863', '57572']"
"[3, 17]","[9, 11]","['38478', '54792', '53579', '12043', '78534']",78534,"['53579', '78534', '38478', '54792', '12043']"
"[3, 16]","[14, 7]","['56017', '63317', '11746', '177', '67483']",67483,"['67483', '11746', '56017', '63317', '177']"
"[19, 10]","[14, 8]","['25618', '21540', '25168', '55791', '40877']",40877,"['40877', '21540', '25168', '25618', '55791']"
"[17, 18]","[19, 25]","['46660', '6955', '51240', '66935', '47247']",47247,"['51240', '46660', '6955', '66935', '47247']"
"[7, 20]","[0, 24]","['55305', '2425', '54372', '2277', '37989']",37989,"['2425', '54372', '2277', '37989', '55305']"
"[3, 21]","[17, 18]","['14038', '57272', '53064', '42206', '21543']",21543,"['14038', '21543', '53064', '42206', '57272']"
"[14, 8]","[7, 3]","['39691', '28694', '28732', '40877', '64781']",64781,"['28732', '40877', '64781', '39691', '28694']"
"[17, 5]","[0, 14]","['50221', '72055', '7913', '33045', '1261']",1261,"['72055', '1261', '50221', '7913', '33045']"
"[19, 10]","[17, 18]","['25618', '25168', '55791', '21540', '6955']",6955,"['21540', '55791', '6955', '25618', '25168']"
"[17, 5]","[5, 29]","['33045', '50221', '7913', '72055', '57316']",57316,"['33045', '57316', '50221', '72055', '7913']"
"[14, 9]","[19, 18]","['14102', '26678', '6508', '40550', '35149']",35149,"['35149', '6508', '40550', '26678', '14102']"
"[17, 5]","[3, 7]","['50221', '33045', '72055', '7913', '73164']",73164,"['73164', '50221', '33045', '72055', '7913']"
"[3, 17]","[5, 4]","['53579', '38478', '64047', '54792', '51114']",51114,"['53579', '54792', '38478', '64047', '51114']"
"[15, 13]","[0, 24]","['68970', '53137', '25079', '34763', '48780']",48780,"['25079', '34763', '68970', '53137', '48780']"
"[18, 23]","[19, 8]","['12104', '20502', '6216', '59794', '6777']",6777,"['20502', '6777', '6216', '59794', '12104']"
"[15, 21]","[17, 5]","['3384', '7489', '20839', '13497', '7913']",7913,"['7489', '13497', '3384', '20839', '7913']"
"[0, 0]","[3, 17]","['8176', '28082', '14834', '78009', '53579']",53579,"['78009', '28082', '8176', '53579', '14834']"
"[3, 3]","[14, 9]","['22002', '72700', '10131', '10017', '26678']",26678,"['10131', '10017', '72700', '26678', '22002']"
"[7, 22]","[14, 9]","['31113', '79411', '40679', '23132', '14102']",14102,"['40679', '23132', '14102', '79411', '31113']"
"[3, 7]","[5, 29]","['19992', '30859', '73164', '37907', '18711']",18711,"['18711', '37907', '30859', '73164', '19992']"
"[9, 4]","[0, 7]","['80219', '64614', '50510', '79413', '65801']",65801,"['64614', '50510', '65801', '79413', '80219']"
"[9, 4]","[0, 24]","['64614', '80219', '50510', '79413', '48780']",48780,"['80219', '48780', '50510', '64614', '79413']"
"[3, 28]","[9, 4]","['12683', '73823', '42226', '8257', '79413']",79413,"['12683', '42226', '79413', '8257', '73823']"
"[3, 28]","[9, 4]","['73823', '55090', '42226', '12683', '80219']",80219,"['73823', '80219', '55090', '42226', '12683']"
"[19, 18]","[0, 7]","['29042', '74633', '49556', '41277', '15613']",15613,"['29042', '49556', '74633', '15613', '41277']"
"[18, 25]","[3, 7]","['25711', '4132', '73827', '3282', '37907']",37907,"['37907', '73827', '4132', '25711', '3282']"
"[0, 24]","[5, 19]","['74418', '31926', '48780', '37989', '10743']",10743,"['74418', '10743', '31926', '48780', '37989']"
"[19, 13]","[7, 22]","['37914', '43396', '26354', '43324', '31113']",31113,"['31113', '43324', '26354', '43396', '37914']"
"[0, 24]","[15, 28]","['48780', '74418', '31926', '37989', '10526']",10526,"['37989', '10526', '31926', '74418', '48780']"
"[15, 13]","[17, 5]","['34763', '68970', '42684', '20590', '7913']",7913,"['68970', '7913', '34763', '20590', '42684']"
"[4, 27]","[5, 4]","['77515', '70239', '12888', '5222', '27706']",27706,"['12888', '77515', '27706', '70239', '5222']"
"[7, 3]","[0, 6]","['75828', '61767', '64781', '52457', '43375']",43375,"['64781', '43375', '75828', '52457', '61767']"
"[3, 21]","[18, 23]","['14038', '42206', '47060', '57272', '26052']",26052,"['57272', '47060', '14038', '42206', '26052']"
"[19, 14]","[14, 9]","['26372', '72517', '64729', '26703', '26506']",26506,"['26506', '72517', '26372', '26703', '64729']"
"[0, 2]","[14, 7]","['44125', '60860', '80744', '67465', '67483']",67483,"['67465', '80744', '60860', '44125', '67483']"
"[3, 26]","[19, 5]","['72586', '50906', '18887', '68096', '72346']",72346,"['72586', '18887', '68096', '50906', '72346']"
"[3, 12]","[17, 5]","['20968', '1181', '37955', '27821', '7913']",7913,"['27821', '7913', '37955', '1181', '20968']"
"[18, 25]","[5, 29]","['4132', '25711', '73827', '3282', '51743']",51743,"['4132', '51743', '3282', '25711', '73827']"
"[7, 1]","[3, 16]","['12376', '12421', '16951', '53652', '59100']",59100,"['12421', '16951', '53652', '59100', '12376']"
"[15, 13]","[9, 4]","['25079', '20590', '24364', '34763', '50510']",50510,"['50510', '24364', '20590', '25079', '34763']"
"[5, 22]","[4, 27]","['57572', '77349', '7217', '48795', '77515']",77515,"['77515', '48795', '7217', '57572', '77349']"
"[3, 26]","[14, 9]","['49864', '32729', '1064', '72586', '26506']",26506,"['26506', '72586', '32729', '49864', '1064']"
"[9, 11]","[19, 25]","['335', '52758', '30907', '61914', '59747']",59747,"['52758', '61914', '335', '59747', '30907']"
"[19, 8]","[7, 3]","['36396', '19346', '71082', '6777', '75828']",75828,"['19346', '71082', '36396', '6777', '75828']"
"[5, 22]","[17, 21]","['57572', '77349', '48795', '7217', '9795']",9795,"['77349', '48795', '57572', '7217', '9795']"
"[5, 4]","[3, 5]","['51114', '63485', '53032', '27706', '74226']",74226,"['63485', '74226', '27706', '51114', '53032']"
"[14, 7]","[3, 16]","['77045', '25607', '51393', '67483', '56017']",56017,"['67483', '56017', '25607', '77045', '51393']"
"[19, 28]","[15, 13]","['42272', '55589', '52721', '40111', '53137']",53137,"['52721', '40111', '53137', '55589', '42272']"
"[18, 25]","[3, 4]","['73827', '62071', '3282', '25711', '11039']",11039,"['73827', '62071', '11039', '3282', '25711']"
"[0, 2]","[19, 13]","['60860', '48095', '43629', '32703', '43396']",43396,"['48095', '60860', '43396', '32703', '43629']"
"[7, 20]","[19, 5]","['2277', '54372', '2425', '55305', '55314']",55314,"['55314', '54372', '2277', '55305', '2425']"
"[7, 3]","[14, 8]","['61767', '52457', '64781', '75828', '28694']",28694,"['61767', '52457', '64781', '28694', '75828']"
"[4, 27]","[0, 6]","['5222', '70239', '12888', '77515', '43375']",43375,"['5222', '77515', '43375', '12888', '70239']"
"[5, 29]","[18, 25]","['21765', '51743', '52548', '57316', '62071']",62071,"['62071', '52548', '51743', '57316', '21765']"
"[7, 1]","[3, 5]","['10825', '12421', '16951', '53652', '63514']",63514,"['10825', '53652', '12421', '16951', '63514']"
"[17, 21]","[3, 17]","['62549', '78147', '9795', '62454', '54792']",54792,"['9795', '54792', '62549', '78147', '62454']"
"[7, 22]","[19, 28]","['23132', '31113', '79411', '40679', '23197']",23197,"['79411', '31113', '40679', '23197', '23132']"
"[5, 19]","[3, 12]","['53655', '54232', '63077', '35619', '20968']",20968,"['54232', '53655', '63077', '20968', '35619']"
"[15, 17]","[19, 25]","['47834', '60915', '11908', '1225', '59747']",59747,"['47834', '60915', '59747', '11908', '1225']"
"[15, 21]","[0, 24]","['3384', '13497', '20839', '7489', '48780']",48780,"['48780', '7489', '13497', '3384', '20839']"
"[9, 4]","[3, 28]","['79413', '64614', '50510', '80219', '42226']",42226,"['50510', '42226', '64614', '79413', '80219']"
"[5, 22]","[19, 18]","['7217', '57572', '77349', '40863', '41277']",41277,"['7217', '57572', '41277', '77349', '40863']"
"[17, 5]","[0, 6]","['7913', '33045', '72055', '50221', '43036']",43036,"['33045', '7913', '72055', '43036', '50221']"
"[19, 18]","[17, 21]","['36535', '41277', '29042', '55086', '69704']",69704,"['41277', '36535', '55086', '69704', '29042']"
"[7, 3]","[4, 27]","['64781', '52457', '61767', '75828', '77515']",77515,"['77515', '64781', '52457', '61767', '75828']"
"[15, 13]","[0, 24]","['68970', '24364', '25079', '20590', '48780']",48780,"['48780', '25079', '68970', '24364', '20590']"
"[19, 13]","[18, 25]","['43324', '37914', '35479', '43396', '25711']",25711,"['37914', '25711', '43396', '35479', '43324']"
"[5, 29]","[17, 21]","['51743', '52548', '55950', '21765', '40487']",40487,"['40487', '55950', '51743', '52548', '21765']"
"[3, 17]","[7, 20]","['53579', '12043', '54792', '64047', '2425']",2425,"['53579', '2425', '54792', '64047', '12043']"
"[3, 5]","[0, 6]","['64', '12162', '63514', '74226', '59474']",59474,"['74226', '59474', '63514', '64', '12162']"
"[0, 0]","[17, 18]","['8176', '14834', '78009', '28082', '70105']",70105,"['78009', '8176', '70105', '14834', '28082']"
"[0, 24]","[19, 14]","['31926', '37989', '48780', '74418', '72517']",72517,"['74418', '31926', '48780', '72517', '37989']"
"[3, 3]","[0, 7]","['22002', '994', '30004', '10131', '15613']",15613,"['15613', '22002', '30004', '994', '10131']"
"[5, 4]","[9, 3]","['2004', '53032', '51114', '35725', '1268']",1268,"['35725', '51114', '53032', '2004', '1268']"
"[19, 14]","[3, 26]","['72517', '26372', '64729', '26703', '68096']",68096,"['26703', '26372', '64729', '68096', '72517']"
"[3, 5]","[9, 4]","['74226', '63514', '12162', '64', '80219']",80219,"['64', '80219', '12162', '74226', '63514']"
"[19, 10]","[3, 4]","['25618', '55791', '21540', '25168', '11039']",11039,"['25168', '25618', '11039', '55791', '21540']"
"[3, 5]","[7, 20]","['63514', '74226', '12162', '64', '2277']",2277,"['74226', '12162', '2277', '64', '63514']"
"[5, 29]","[15, 17]","['57316', '21765', '18711', '55950', '1225']",1225,"['21765', '1225', '55950', '18711', '57316']"
"[3, 28]","[5, 22]","['42226', '8257', '55090', '73823', '48795']",48795,"['73823', '55090', '48795', '42226', '8257']"
"[9, 11]","[3, 17]","['4186', '15606', '52758', '41897', '33084']",33084,"['15606', '41897', '33084', '52758', '4186']"
"[3, 17]","[19, 5]","['54792', '64047', '38478', '53579', '59952']",59952,"['54792', '64047', '38478', '53579', '59952']"
"[15, 17]","[9, 3]","['60915', '11908', '1225', '47834', '64671']",64671,"['11908', '1225', '60915', '47834', '64671']"
"[0, 24]","[3, 4]","['31926', '48780', '74418', '37989', '35787']",35787,"['37989', '31926', '48780', '35787', '74418']"
"[9, 4]","[15, 21]","['79413', '50510', '80219', '64614', '3384']",3384,"['80219', '3384', '64614', '79413', '50510']"
"[3, 16]","[9, 26]","['63317', '56017', '59100', '177', '27788']",27788,"['27788', '63317', '56017', '177', '59100']"
"[19, 18]","[15, 21]","['49556', '55086', '41277', '36535', '20839']",20839,"['20839', '36535', '49556', '55086', '41277']"
"[19, 14]","[7, 1]","['26372', '64729', '72517', '26703', '10825']",10825,"['26703', '26372', '10825', '64729', '72517']"
"[3, 5]","[19, 10]","['12162', '64', '74226', '63514', '25168']",25168,"['74226', '12162', '25168', '64', '63514']"
"[0, 0]","[3, 3]","['28082', '8176', '14834', '78009', '10017']",10017,"['14834', '8176', '10017', '28082', '78009']"
"[7, 3]","[14, 7]","['64781', '52457', '61767', '75828', '51393']",51393,"['51393', '64781', '75828', '52457', '61767']"
"[3, 12]","[7, 20]","['37955', '27821', '1181', '20968', '2277']",2277,"['1181', '37955', '27821', '2277', '20968']"
"[0, 6]","[7, 22]","['25447', '49395', '75880', '43375', '31113']",31113,"['31113', '75880', '43375', '49395', '25447']"
"[9, 4]","[18, 23]","['79413', '80219', '64614', '50510', '61353']",61353,"['79413', '50510', '64614', '61353', '80219']"
"[0, 0]","[17, 18]","['8176', '28082', '14834', '78009', '21408']",21408,"['8176', '14834', '21408', '78009', '28082']"
"[3, 12]","[19, 5]","['20968', '37955', '27821', '1181', '55314']",55314,"['20968', '1181', '55314', '27821', '37955']"
"[3, 5]","[5, 19]","['74226', '12162', '64', '63514', '77183']",77183,"['77183', '64', '74226', '12162', '63514']"
"[19, 13]","[14, 9]","['43324', '37914', '43396', '35479', '26506']",26506,"['35479', '37914', '43396', '26506', '43324']"
"[19, 25]","[3, 28]","['47247', '74532', '26994', '59747', '55090']",55090,"['26994', '74532', '59747', '55090', '47247']"
"[18, 25]","[19, 28]","['62071', '3282', '25711', '4132', '55589']",55589,"['55589', '62071', '25711', '4132', '3282']"
"[17, 21]","[19, 8]","['62549', '78147', '40487', '9795', '6777']",6777,"['62549', '9795', '40487', '78147', '6777']"
"[3, 7]","[19, 10]","['73164', '4286', '19796', '19992', '21540']",21540,"['21540', '19992', '73164', '19796', '4286']"
"[3, 7]","[9, 26]","['37907', '19796', '30859', '19992', '50181']",50181,"['50181', '30859', '19992', '19796', '37907']"
"[19, 25]","[0, 2]","['59747', '33749', '74532', '47247', '51831']",51831,"['74532', '59747', '47247', '33749', '51831']"
"[5, 22]","[19, 14]","['57572', '77349', '7217', '48795', '26703']",26703,"['77349', '26703', '57572', '48795', '7217']"
"[9, 3]","[3, 28]","['1268', '64671', '9662', '14914', '12683']",12683,"['12683', '1268', '14914', '64671', '9662']"
"[19, 8]","[5, 29]","['71082', '19346', '36396', '6777', '18711']",18711,"['36396', '18711', '6777', '71082', '19346']"
"[3, 3]","[5, 22]","['10131', '22002', '994', '30004', '40863']",40863,"['40863', '22002', '30004', '10131', '994']"
"[3, 17]","[14, 8]","['64047', '33084', '53579', '54792', '39691']",39691,"['64047', '53579', '54792', '39691', '33084']"
"[9, 26]","[3, 7]","['6759', '27788', '23716', '50181', '37907']",37907,"['27788', '37907', '23716', '6759', '50181']"
"[15, 21]","[7, 20]","['7489', '3384', '20839', '13497', '54372']",54372,"['20839', '13497', '54372', '7489', '3384']"
"[0, 0]","[15, 28]","['8176', '28082', '78009', '14834', '10526']",10526,"['14834', '8176', '78009', '10526', '28082']"
"[5, 4]","[19, 8]","['63485', '53032', '70560', '35725', '19346']",19346,"['35725', '70560', '53032', '19346', '63485']"
"[17, 5]","[19, 10]","['33045', '50221', '72055', '7913', '73023']",73023,"['73023', '7913', '50221', '72055', '33045']"
"[3, 21]","[19, 8]","['47060', '42206', '53064', '14038', '71082']",71082,"['47060', '53064', '71082', '42206', '14038']"
"[5, 4]","[15, 28]","['63485', '53032', '27706', '70560', '23274']",23274,"['27706', '70560', '23274', '63485', '53032']"
"[15, 17]","[5, 4]","['60915', '11908', '1225', '47834', '35725']",35725,"['47834', '35725', '60915', '11908', '1225']"
"[19, 10]","[3, 17]","['25168', '21540', '55791', '25618', '12043']",12043,"['12043', '25618', '55791', '21540', '25168']"
"[0, 14]","[9, 4]","['37963', '39894', '80522', '75707', '79413']",79413,"['79413', '75707', '37963', '80522', '39894']"
"[19, 18]","[15, 17]","['41277', '36535', '55086', '35149', '1225']",1225,"['35149', '1225', '55086', '41277', '36535']"
"[19, 5]","[7, 3]","['63902', '17017', '76431', '72346', '64781']",64781,"['17017', '64781', '63902', '72346', '76431']"
"[19, 5]","[15, 17]","['32569', '72346', '59952', '63902', '60915']",60915,"['72346', '59952', '63902', '60915', '32569']"
"[19, 13]","[9, 4]","['37914', '42612', '35479', '43324', '80219']",80219,"['42612', '37914', '80219', '43324', '35479']"
"[19, 18]","[3, 28]","['36535', '74633', '58616', '30721', '42226']",42226,"['42226', '74633', '36535', '58616', '30721']"
"[19, 10]","[15, 13]","['25618', '73023', '55791', '21540', '24364']",24364,"['21540', '55791', '73023', '25618', '24364']"
"[3, 28]","[19, 5]","['55090', '42226', '8257', '73823', '17017']",17017,"['8257', '17017', '73823', '55090', '42226']"
"[7, 3]","[15, 17]","['75828', '52457', '64781', '61767', '60915']",60915,"['52457', '64781', '60915', '75828', '61767']"
"[19, 14]","[15, 13]","['26703', '64729', '26372', '72517', '53137']",53137,"['26703', '64729', '72517', '26372', '53137']"
"[9, 26]","[0, 24]","['27788', '6759', '50181', '23716', '48780']",48780,"['48780', '27788', '50181', '6759', '23716']"
"[9, 11]","[0, 24]","['30907', '4186', '78534', '61914', '31926']",31926,"['31926', '61914', '4186', '78534', '30907']"
"[15, 21]","[19, 10]","['20839', '7489', '13497', '3384', '25168']",25168,"['20839', '25168', '3384', '7489', '13497']"
"[5, 4]","[9, 3]","['2004', '62609', '63485', '53032', '9662']",9662,"['53032', '63485', '62609', '9662', '2004']"
"[15, 21]","[0, 14]","['7489', '3384', '13497', '20839', '1261']",1261,"['13497', '20839', '7489', '3384', '1261']"
"[3, 26]","[14, 8]","['1064', '19246', '9147', '40031', '40877']",40877,"['1064', '19246', '40031', '40877', '9147']"
"[3, 5]","[14, 8]","['63514', '64', '12162', '74226', '39691']",39691,"['63514', '74226', '39691', '12162', '64']"
"[15, 13]","[9, 4]","['53137', '25079', '68970', '20590', '79413']",79413,"['79413', '68970', '25079', '53137', '20590']"
"[0, 14]","[15, 13]","['39894', '1261', '17291', '80522', '24364']",24364,"['24364', '17291', '1261', '80522', '39894']"
"[14, 9]","[7, 22]","['26678', '39708', '14102', '26506', '31113']",31113,"['39708', '14102', '26678', '26506', '31113']"
"[15, 28]","[5, 29]","['23274', '3258', '67905', '38548', '52548']",52548,"['38548', '23274', '52548', '3258', '67905']"
"[18, 25]","[19, 18]","['62071', '4132', '25711', '73827', '58616']",58616,"['58616', '73827', '4132', '62071', '25711']"
"[18, 23]","[19, 28]","['72978', '10433', '26755', '37360', '42272']",42272,"['42272', '10433', '37360', '26755', '72978']"
"[0, 14]","[3, 5]","['80522', '75707', '42604', '1261', '64']",64,"['75707', '42604', '1261', '64', '80522']"
"[19, 5]","[0, 24]","['17017', '72346', '76431', '63902', '31926']",31926,"['17017', '63902', '31926', '72346', '76431']"
"[3, 3]","[0, 0]","['22487', '30004', '72700', '22002', '8176']",8176,"['72700', '22487', '8176', '22002', '30004']"
"[9, 3]","[5, 29]","['74662', '64671', '14914', '9662', '51743']",51743,"['9662', '74662', '51743', '14914', '64671']"
"[0, 24]","[17, 21]","['31926', '37989', '48780', '74418', '62454']",62454,"['74418', '37989', '31926', '62454', '48780']"
"[7, 3]","[3, 17]","['61767', '52457', '64781', '75828', '54792']",54792,"['61767', '75828', '54792', '52457', '64781']"
"[3, 5]","[19, 18]","['64', '74226', '12162', '63514', '41277']",41277,"['64', '63514', '12162', '74226', '41277']"
"[0, 14]","[15, 28]","['1261', '39894', '80522', '37963', '67905']",67905,"['67905', '39894', '80522', '1261', '37963']"
"[3, 21]","[0, 0]","['42206', '57272', '14038', '47060', '8176']",8176,"['8176', '14038', '42206', '47060', '57272']"
"[15, 17]","[5, 19]","['47834', '60915', '11908', '1225', '10743']",10743,"['60915', '10743', '11908', '1225', '47834']"
"[3, 16]","[19, 8]","['11746', '177', '59100', '56017', '71082']",71082,"['56017', '11746', '177', '59100', '71082']"
"[14, 8]","[5, 29]","['39691', '28694', '46039', '28732', '18711']",18711,"['18711', '28732', '46039', '28694', '39691']"
"[19, 5]","[15, 28]","['17017', '32569', '63902', '59952', '38548']",38548,"['63902', '17017', '32569', '38548', '59952']"
"[17, 21]","[9, 26]","['9795', '62454', '62549', '78147', '7474']",7474,"['78147', '7474', '62549', '62454', '9795']"
"[19, 10]","[17, 18]","['55791', '25168', '21540', '25618', '21543']",21543,"['55791', '21540', '25168', '25618', '21543']"
"[9, 3]","[3, 4]","['9662', '74662', '14914', '1268', '9383']",9383,"['14914', '74662', '9383', '9662', '1268']"
"[18, 23]","[9, 3]","['59794', '12104', '5909', '14167', '1268']",1268,"['12104', '5909', '1268', '14167', '59794']"
"[3, 17]","[19, 18]","['38478', '54792', '53579', '33084', '49556']",49556,"['38478', '54792', '53579', '33084', '49556']"
"[0, 2]","[7, 20]","['54867', '51831', '43995', '9639', '2277']",2277,"['51831', '9639', '43995', '2277', '54867']"
"[7, 22]","[15, 21]","['31113', '40679', '79411', '23132', '3384']",3384,"['79411', '23132', '40679', '3384', '31113']"
"[7, 1]","[15, 17]","['8109', '16951', '17550', '12421', '11908']",11908,"['8109', '17550', '16951', '12421', '11908']"
"[15, 21]","[14, 9]","['13497', '7489', '3384', '20839', '14102']",14102,"['13497', '7489', '3384', '14102', '20839']"
"[5, 22]","[0, 6]","['77349', '7217', '48795', '57572', '75880']",75880,"['75880', '57572', '7217', '77349', '48795']"
"[19, 10]","[7, 20]","['55791', '25168', '25618', '21540', '54372']",54372,"['25168', '55791', '21540', '54372', '25618']"
"[18, 23]","[14, 7]","['20502', '61353', '12104', '5909', '25607']",25607,"['5909', '61353', '25607', '20502', '12104']"
"[3, 3]","[9, 11]","['30004', '994', '72700', '22487', '4186']",4186,"['22487', '72700', '30004', '994', '4186']"
"[5, 22]","[3, 7]","['7217', '57572', '48795', '40863', '19796']",19796,"['19796', '7217', '48795', '40863', '57572']"
"[9, 11]","[3, 28]","['52758', '335', '61914', '78534', '73823']",73823,"['78534', '52758', '61914', '335', '73823']"
"[3, 3]","[19, 5]","['994', '72700', '22002', '10017', '55314']",55314,"['55314', '72700', '10017', '22002', '994']"
"[0, 6]","[5, 29]","['43036', '75880', '41154', '49395', '57316']",57316,"['49395', '43036', '41154', '57316', '75880']"
"[14, 7]","[0, 14]","['67483', '77045', '25607', '51393', '17291']",17291,"['67483', '51393', '17291', '77045', '25607']"
"[9, 4]","[3, 17]","['64614', '50510', '80219', '79413', '54792']",54792,"['54792', '79413', '50510', '64614', '80219']"
"[0, 24]","[15, 13]","['74418', '48780', '37989', '31926', '24364']",24364,"['31926', '48780', '24364', '37989', '74418']"
"[17, 5]","[4, 27]","['7913', '33045', '72055', '50221', '70239']",70239,"['33045', '70239', '50221', '72055', '7913']"
"[19, 18]","[17, 21]","['30721', '36535', '58616', '35149', '40487']",40487,"['35149', '36535', '30721', '58616', '40487']"
"[17, 21]","[0, 14]","['40487', '62549', '78147', '69704', '80522']",80522,"['40487', '62549', '80522', '69704', '78147']"
"[18, 25]","[3, 17]","['3282', '62071', '73827', '4132', '54792']",54792,"['62071', '3282', '54792', '73827', '4132']"
"[15, 13]","[19, 25]","['53137', '25079', '24364', '20590', '26994']",26994,"['53137', '24364', '20590', '26994', '25079']"
"[0, 6]","[19, 5]","['25447', '43375', '49395', '43036', '32569']",32569,"['25447', '43375', '32569', '43036', '49395']"
"[15, 21]","[19, 14]","['20839', '7489', '3384', '13497', '72517']",72517,"['3384', '13497', '7489', '20839', '72517']"
"[7, 1]","[15, 13]","['10825', '12421', '3536', '12376', '20590']",20590,"['12376', '20590', '3536', '12421', '10825']"
"[17, 18]","[15, 17]","['66316', '51240', '66935', '31693', '11908']",11908,"['11908', '31693', '51240', '66935', '66316']"
"[19, 8]","[3, 26]","['19346', '71082', '6777', '36396', '68096']",68096,"['6777', '71082', '68096', '36396', '19346']"
"[3, 12]","[14, 8]","['20968', '1181', '37955', '27821', '28732']",28732,"['20968', '1181', '27821', '28732', '37955']"
"[3, 4]","[0, 0]","['11039', '20671', '35787', '9383', '28082']",28082,"['20671', '11039', '35787', '9383', '28082']"
"[18, 25]","[5, 22]","['25711', '4132', '3282', '62071', '48795']",48795,"['4132', '25711', '62071', '3282', '48795']"
"[15, 13]","[7, 22]","['34763', '20590', '53137', '24364', '40679']",40679,"['24364', '20590', '53137', '40679', '34763']"
"[3, 3]","[9, 26]","['22002', '10017', '10131', '22487', '27788']",27788,"['27788', '22487', '22002', '10131', '10017']"
"[9, 26]","[17, 18]","['27788', '7474', '50181', '6759', '70105']",70105,"['7474', '70105', '50181', '6759', '27788']"
"[14, 8]","[7, 1]","['46039', '28694', '40877', '39691', '10825']",10825,"['40877', '10825', '39691', '28694', '46039']"
"[15, 28]","[19, 13]","['23274', '3258', '38548', '67905', '43324']",43324,"['67905', '38548', '43324', '3258', '23274']"
"[19, 25]","[3, 26]","['59747', '26994', '74532', '33749', '50906']",50906,"['26994', '50906', '33749', '59747', '74532']"
"[7, 20]","[0, 24]","['2425', '2277', '55305', '54372', '48780']",48780,"['2277', '48780', '2425', '55305', '54372']"
"[7, 22]","[19, 8]","['23132', '40679', '79411', '31113', '6777']",6777,"['31113', '23132', '40679', '79411', '6777']"
"[19, 8]","[3, 28]","['36396', '19346', '71082', '6777', '12683']",12683,"['12683', '36396', '71082', '19346', '6777']"
"[3, 17]","[7, 3]","['53579', '64047', '54792', '38478', '61767']",61767,"['53579', '64047', '38478', '61767', '54792']"
"[7, 1]","[18, 23]","['12376', '8109', '12421', '3536', '72365']",72365,"['12421', '72365', '3536', '8109', '12376']"
"[3, 4]","[18, 23]","['20671', '9383', '11039', '35787', '6216']",6216,"['35787', '6216', '20671', '11039', '9383']"
"[19, 25]","[0, 24]","['26994', '47247', '74532', '33749', '37989']",37989,"['74532', '37989', '26994', '33749', '47247']"
"[3, 12]","[19, 18]","['20968', '1181', '27821', '37955', '58616']",58616,"['20968', '58616', '1181', '37955', '27821']"
"[5, 22]","[15, 13]","['7217', '40863', '77349', '48795', '25079']",25079,"['40863', '7217', '25079', '48795', '77349']"
"[5, 29]","[0, 24]","['18711', '57316', '21765', '52548', '74418']",74418,"['21765', '57316', '52548', '74418', '18711']"
"[5, 22]","[3, 3]","['7217', '40863', '77349', '57572', '30004']",30004,"['40863', '30004', '7217', '57572', '77349']"
"[15, 17]","[7, 1]","['1225', '47834', '11908', '60915', '8109']",8109,"['47834', '8109', '1225', '60915', '11908']"
"[7, 1]","[5, 4]","['3536', '10825', '16951', '8109', '51114']",51114,"['8109', '16951', '3536', '10825', '51114']"
"[9, 26]","[7, 22]","['7474', '50181', '27788', '23716', '40679']",40679,"['23716', '50181', '40679', '27788', '7474']"
"[3, 17]","[7, 22]","['12043', '54792', '38478', '64047', '31113']",31113,"['38478', '31113', '54792', '64047', '12043']"
"[19, 10]","[17, 18]","['73023', '25618', '25168', '21540', '6955']",6955,"['21540', '73023', '25618', '6955', '25168']"
"[18, 25]","[3, 28]","['4132', '73827', '3282', '25711', '8257']",8257,"['73827', '25711', '4132', '3282', '8257']"
"[17, 18]","[3, 3]","['46660', '70105', '66316', '31693', '22002']",22002,"['22002', '66316', '70105', '46660', '31693']"
"[0, 6]","[15, 28]","['25447', '75880', '59474', '49395', '3258']",3258,"['25447', '3258', '75880', '49395', '59474']"
"[9, 11]","[3, 12]","['15606', '78534', '41897', '4186', '37955']",37955,"['4186', '15606', '37955', '41897', '78534']"
"[3, 17]","[7, 22]","['12043', '53579', '38478', '64047', '31113']",31113,"['64047', '31113', '12043', '38478', '53579']"
"[19, 25]","[3, 7]","['33749', '26994', '47247', '59747', '19796']",19796,"['47247', '59747', '26994', '33749', '19796']"
"[3, 17]","[19, 8]","['38478', '12043', '64047', '53579', '6777']",6777,"['38478', '12043', '6777', '64047', '53579']"
"[19, 8]","[5, 4]","['71082', '36396', '19346', '6777', '35725']",35725,"['19346', '6777', '36396', '71082', '35725']"
"[15, 17]","[0, 24]","['1225', '47834', '60915', '11908', '74418']",74418,"['60915', '47834', '1225', '11908', '74418']"
"[19, 14]","[9, 11]","['26372', '26703', '64729', '72517', '30907']",30907,"['30907', '26703', '72517', '64729', '26372']"
"[7, 1]","[14, 8]","['17550', '12421', '10825', '53652', '39691']",39691,"['39691', '53652', '12421', '10825', '17550']"
"[14, 9]","[0, 2]","['26678', '14102', '26506', '40550', '54867']",54867,"['26678', '14102', '40550', '54867', '26506']"
"[18, 23]","[19, 13]","['61353', '5909', '67584', '48306', '35479']",35479,"['48306', '5909', '35479', '67584', '61353']"
"[18, 25]","[3, 17]","['3282', '73827', '62071', '4132', '38478']",38478,"['4132', '62071', '73827', '3282', '38478']"
"[5, 29]","[9, 3]","['57316', '52548', '18711', '21765', '1268']",1268,"['1268', '18711', '52548', '57316', '21765']"
"[18, 23]","[3, 28]","['67584', '6216', '65195', '20502', '73823']",73823,"['65195', '73823', '20502', '67584', '6216']"
"[17, 18]","[3, 21]","['66316', '70105', '46660', '51240', '47060']",47060,"['66316', '51240', '47060', '70105', '46660']"
"[15, 13]","[0, 2]","['25079', '68970', '24364', '53137', '45218']",45218,"['45218', '68970', '24364', '53137', '25079']"
"[7, 22]","[0, 24]","['40679', '23132', '79411', '31113', '48780']",48780,"['79411', '23132', '40679', '48780', '31113']"
"[3, 26]","[19, 28]","['1064', '34449', '32729', '18887', '23197']",23197,"['34449', '1064', '23197', '32729', '18887']"
"[19, 25]","[0, 14]","['74532', '33749', '47247', '59747', '42604']",42604,"['42604', '47247', '74532', '59747', '33749']"
"[14, 8]","[19, 5]","['28732', '28694', '39691', '40877', '72346']",72346,"['72346', '28694', '28732', '40877', '39691']"
"[4, 27]","[15, 28]","['12888', '77515', '70239', '5222', '67905']",67905,"['67905', '70239', '12888', '5222', '77515']"
"[0, 24]","[7, 3]","['37989', '74418', '31926', '48780', '64781']",64781,"['48780', '37989', '74418', '31926', '64781']"
"[17, 5]","[19, 13]","['50221', '7913', '33045', '72055', '43324']",43324,"['43324', '7913', '33045', '50221', '72055']"
"[3, 16]","[5, 19]","['63317', '11746', '59100', '56017', '77183']",77183,"['59100', '56017', '77183', '11746', '63317']"
"[3, 21]","[7, 20]","['53064', '57272', '42206', '47060', '54372']",54372,"['53064', '42206', '54372', '57272', '47060']"
"[18, 25]","[14, 7]","['73827', '4132', '3282', '62071', '77045']",77045,"['73827', '3282', '4132', '62071', '77045']"
"[3, 3]","[4, 27]","['30004', '22487', '72700', '994', '77515']",77515,"['77515', '22487', '72700', '30004', '994']"
"[19, 18]","[5, 19]","['35149', '55086', '29042', '74633', '51211']",51211,"['55086', '51211', '35149', '29042', '74633']"
"[9, 11]","[17, 5]","['61914', '30907', '335', '78534', '7913']",7913,"['78534', '30907', '61914', '7913', '335']"
"[3, 5]","[5, 19]","['12162', '63514', '64', '74226', '35619']",35619,"['35619', '64', '74226', '63514', '12162']"
"[0, 7]","[17, 21]","['65801', '15613', '72266', '10984', '62454']",62454,"['10984', '15613', '72266', '62454', '65801']"
"[18, 25]","[7, 3]","['62071', '25711', '73827', '4132', '64781']",64781,"['4132', '73827', '64781', '25711', '62071']"
"[17, 5]","[5, 22]","['72055', '50221', '7913', '33045', '40863']",40863,"['72055', '33045', '50221', '40863', '7913']"
"[9, 11]","[5, 29]","['15606', '4186', '78534', '30907', '57316']",57316,"['78534', '57316', '15606', '4186', '30907']"
"[0, 0]","[17, 5]","['14834', '8176', '28082', '78009', '33045']",33045,"['78009', '8176', '33045', '14834', '28082']"
"[19, 28]","[3, 7]","['55589', '52721', '40111', '23197', '73164']",73164,"['52721', '40111', '55589', '73164', '23197']"
"[5, 22]","[19, 14]","['40863', '48795', '57572', '7217', '72517']",72517,"['72517', '40863', '57572', '7217', '48795']"
"[17, 5]","[14, 8]","['50221', '72055', '7913', '33045', '28732']",28732,"['28732', '72055', '50221', '33045', '7913']"
"[3, 5]","[17, 18]","['12162', '64', '63514', '74226', '21408']",21408,"['74226', '21408', '63514', '12162', '64']"
"[14, 8]","[15, 17]","['46039', '39691', '28732', '28694', '1225']",1225,"['39691', '46039', '28694', '28732', '1225']"
"[18, 23]","[15, 17]","['72365', '32105', '12104', '5909', '47834']",47834,"['32105', '72365', '12104', '5909', '47834']"
"[14, 8]","[15, 13]","['46039', '28732', '28694', '40877', '42684']",42684,"['42684', '28694', '46039', '40877', '28732']"
"[19, 10]","[15, 13]","['73023', '25168', '25618', '21540', '20590']",20590,"['25618', '25168', '73023', '21540', '20590']"
"[7, 22]","[5, 29]","['31113', '40679', '79411', '23132', '55950']",55950,"['55950', '31113', '40679', '23132', '79411']"
"[5, 19]","[14, 9]","['10743', '77183', '51211', '63077', '14102']",14102,"['63077', '10743', '77183', '51211', '14102']"
"[3, 4]","[18, 23]","['11039', '20671', '9383', '35787', '15451']",15451,"['35787', '11039', '20671', '9383', '15451']"
"[19, 5]","[3, 3]","['55314', '76431', '63902', '72346', '22002']",22002,"['63902', '22002', '76431', '55314', '72346']"
"[19, 28]","[0, 2]","['42272', '55589', '52721', '23197', '28242']",28242,"['28242', '52721', '23197', '42272', '55589']"
"[17, 18]","[0, 14]","['66316', '31693', '70105', '6955', '37963']",37963,"['66316', '70105', '6955', '31693', '37963']"
"[19, 14]","[15, 28]","['64729', '72517', '26703', '26372', '67905']",67905,"['26372', '26703', '67905', '64729', '72517']"
"[9, 26]","[17, 18]","['7474', '27788', '50181', '23716', '6955']",6955,"['27788', '6955', '50181', '23716', '7474']"
"[0, 2]","[15, 13]","['80744', '9836', '70440', '48095', '53137']",53137,"['80744', '70440', '48095', '9836', '53137']"
"[0, 14]","[14, 8]","['42604', '80522', '1261', '37963', '39691']",39691,"['1261', '37963', '80522', '39691', '42604']"
"[3, 21]","[5, 29]","['42206', '57272', '53064', '47060', '55950']",55950,"['47060', '42206', '55950', '57272', '53064']"
"[7, 1]","[3, 12]","['53652', '16951', '12421', '12376', '1181']",1181,"['16951', '53652', '1181', '12376', '12421']"
"[15, 17]","[5, 22]","['1225', '60915', '47834', '11908', '40863']",40863,"['1225', '11908', '40863', '47834', '60915']"
"[19, 25]","[0, 2]","['74532', '33749', '26994', '59747', '51831']",51831,"['59747', '51831', '74532', '33749', '26994']"
"[19, 13]","[7, 1]","['37914', '43324', '43396', '35479', '16951']",16951,"['43324', '43396', '37914', '35479', '16951']"
"[15, 17]","[9, 26]","['1225', '60915', '47834', '11908', '50181']",50181,"['47834', '50181', '60915', '11908', '1225']"
"[19, 8]","[5, 29]","['71082', '36396', '19346', '6777', '51743']",51743,"['36396', '19346', '51743', '6777', '71082']"
"[17, 18]","[15, 28]","['70105', '46660', '31693', '6955', '3258']",3258,"['46660', '3258', '31693', '70105', '6955']"
"[9, 4]","[3, 7]","['80219', '64614', '50510', '79413', '30859']",30859,"['79413', '30859', '80219', '50510', '64614']"
"[5, 4]","[3, 16]","['35725', '27706', '51114', '2004', '59100']",59100,"['59100', '2004', '35725', '51114', '27706']"
"[15, 21]","[14, 9]","['20839', '13497', '3384', '7489', '6508']",6508,"['7489', '6508', '13497', '3384', '20839']"
"[3, 7]","[0, 14]","['30859', '37907', '19992', '19796', '80522']",80522,"['37907', '80522', '19992', '19796', '30859']"
"[0, 6]","[15, 17]","['43036', '75880', '25447', '43375', '1225']",1225,"['75880', '25447', '43375', '43036', '1225']"
"[15, 13]","[5, 29]","['68970', '25079', '53137', '34763', '52548']",52548,"['53137', '34763', '25079', '52548', '68970']"
"[9, 11]","[0, 6]","['4186', '41897', '30907', '78534', '59474']",59474,"['4186', '78534', '59474', '41897', '30907']"
"[3, 28]","[4, 27]","['73823', '12683', '8257', '42226', '77515']",77515,"['42226', '8257', '12683', '77515', '73823']"
"[17, 18]","[5, 19]","['21543', '21408', '66935', '70105', '63077']",63077,"['21408', '70105', '21543', '66935', '63077']"
"[0, 24]","[19, 28]","['31926', '48780', '74418', '37989', '42272']",42272,"['74418', '31926', '48780', '37989', '42272']"
"[15, 17]","[17, 18]","['11908', '60915', '1225', '47834', '66935']",66935,"['66935', '11908', '1225', '60915', '47834']"
"[0, 0]","[9, 26]","['28082', '14834', '8176', '78009', '23716']",23716,"['23716', '14834', '28082', '78009', '8176']"
"[0, 14]","[14, 7]","['39894', '37963', '42604', '75707', '51393']",51393,"['42604', '37963', '75707', '51393', '39894']"
"[9, 3]","[3, 21]","['9662', '64671', '14914', '1268', '53064']",53064,"['1268', '9662', '53064', '64671', '14914']"
"[0, 0]","[5, 4]","['14834', '78009', '28082', '8176', '62609']",62609,"['8176', '14834', '78009', '62609', '28082']"
"[19, 5]","[3, 28]","['59952', '76431', '72346', '63902', '55090']",55090,"['59952', '63902', '76431', '72346', '55090']"
"[3, 4]","[18, 23]","['9383', '11039', '20671', '35787', '72365']",72365,"['20671', '72365', '11039', '35787', '9383']"
"[5, 29]","[0, 24]","['52548', '21765', '55950', '18711', '48780']",48780,"['48780', '21765', '52548', '18711', '55950']"
"[7, 22]","[9, 26]","['23132', '79411', '31113', '40679', '6759']",6759,"['6759', '31113', '23132', '40679', '79411']"
"[0, 24]","[9, 3]","['37989', '74418', '31926', '48780', '14914']",14914,"['14914', '74418', '48780', '31926', '37989']"
"[3, 21]","[19, 25]","['14038', '53064', '42206', '57272', '74532']",74532,"['57272', '42206', '53064', '14038', '74532']"
"[9, 11]","[0, 7]","['61914', '78534', '15606', '335', '15613']",15613,"['61914', '15613', '78534', '335', '15606']"
"[19, 10]","[15, 28]","['21540', '25618', '73023', '25168', '23274']",23274,"['25168', '21540', '73023', '23274', '25618']"
"[19, 14]","[0, 2]","['64729', '72517', '26703', '26372', '45218']",45218,"['26703', '26372', '45218', '72517', '64729']"
"[3, 26]","[7, 20]","['50906', '19246', '40031', '32729', '2425']",2425,"['32729', '50906', '19246', '40031', '2425']"
"[15, 13]","[14, 9]","['42684', '24364', '68970', '34763', '39708']",39708,"['42684', '68970', '24364', '34763', '39708']"
"[19, 18]","[3, 28]","['74633', '58616', '49556', '29042', '8257']",8257,"['29042', '58616', '49556', '8257', '74633']"
"[19, 14]","[3, 4]","['26372', '26703', '72517', '64729', '35787']",35787,"['64729', '35787', '26703', '72517', '26372']"
"[0, 6]","[19, 18]","['43036', '59474', '41154', '49395', '55086']",55086,"['59474', '41154', '43036', '49395', '55086']"
"[19, 18]","[15, 17]","['58616', '55086', '35149', '29042', '47834']",47834,"['58616', '47834', '29042', '55086', '35149']"
"[3, 12]","[19, 5]","['37955', '1181', '20968', '27821', '32569']",32569,"['32569', '20968', '37955', '27821', '1181']"
"[0, 0]","[14, 7]","['78009', '14834', '28082', '8176', '38835']",38835,"['78009', '38835', '8176', '28082', '14834']"
"[19, 5]","[7, 3]","['32569', '17017', '72346', '76431', '61767']",61767,"['32569', '61767', '17017', '72346', '76431']"
"[19, 8]","[9, 26]","['19346', '36396', '6777', '71082', '50181']",50181,"['71082', '19346', '6777', '50181', '36396']"
"[19, 28]","[15, 13]","['23197', '40111', '55589', '52721', '42684']",42684,"['40111', '55589', '52721', '42684', '23197']"
"[19, 13]","[14, 9]","['42612', '37914', '43396', '26354', '6508']",6508,"['6508', '37914', '26354', '42612', '43396']"
"[9, 11]","[19, 10]","['4186', '78534', '41897', '30907', '21540']",21540,"['4186', '30907', '21540', '78534', '41897']"
"[0, 7]","[15, 21]","['72266', '10984', '15613', '66807', '3384']",3384,"['3384', '72266', '10984', '66807', '15613']"
"[3, 26]","[4, 27]","['18887', '1064', '50906', '34449', '12888']",12888,"['18887', '34449', '12888', '50906', '1064']"
"[17, 5]","[5, 22]","['33045', '50221', '72055', '7913', '48795']",48795,"['7913', '50221', '33045', '48795', '72055']"
"[0, 6]","[15, 28]","['25447', '43036', '41154', '75880', '10526']",10526,"['41154', '25447', '43036', '75880', '10526']"
"[9, 11]","[19, 28]","['52758', '15606', '78534', '41897', '40111']",40111,"['15606', '52758', '78534', '41897', '40111']"
"[0, 6]","[5, 4]","['25447', '41154', '49395', '43036', '70560']",70560,"['41154', '43036', '25447', '70560', '49395']"
"[9, 11]","[15, 13]","['41897', '4186', '30907', '61914', '20590']",20590,"['20590', '30907', '61914', '41897', '4186']"
"[0, 6]","[9, 11]","['43375', '49395', '25447', '41154', '30907']",30907,"['49395', '25447', '43375', '41154', '30907']"
"[19, 28]","[7, 20]","['23197', '52721', '43363', '55589', '2425']",2425,"['2425', '43363', '23197', '55589', '52721']"
"[18, 25]","[19, 14]","['3282', '4132', '62071', '25711', '72517']",72517,"['3282', '62071', '72517', '4132', '25711']"
"[19, 10]","[7, 1]","['55791', '25618', '25168', '21540', '12421']",12421,"['55791', '25168', '12421', '21540', '25618']"
"[0, 6]","[14, 9]","['43375', '25447', '59474', '41154', '39708']",39708,"['59474', '43375', '25447', '39708', '41154']"
"[19, 14]","[7, 1]","['26703', '26372', '72517', '64729', '17550']",17550,"['64729', '72517', '26372', '26703', '17550']"
"[19, 28]","[18, 25]","['42272', '23197', '43363', '40111', '25711']",25711,"['43363', '25711', '42272', '40111', '23197']"
"[19, 5]","[9, 11]","['59952', '76431', '17017', '72346', '52758']",52758,"['52758', '72346', '59952', '17017', '76431']"
"[0, 7]","[3, 12]","['10984', '72266', '65801', '15613', '27821']",27821,"['15613', '27821', '10984', '72266', '65801']"
"[7, 20]","[14, 7]","['2277', '55305', '2425', '54372', '67483']",67483,"['54372', '2425', '67483', '2277', '55305']"
"[19, 25]","[7, 1]","['26994', '74532', '33749', '59747', '10825']",10825,"['10825', '26994', '59747', '33749', '74532']"
"[3, 17]","[7, 20]","['33084', '53579', '54792', '12043', '55305']",55305,"['33084', '12043', '54792', '53579', '55305']"
"[9, 11]","[3, 12]","['4186', '15606', '52758', '335', '20968']",20968,"['335', '4186', '15606', '20968', '52758']"
"[9, 3]","[3, 21]","['1268', '74662', '14914', '9662', '53064']",53064,"['9662', '1268', '74662', '53064', '14914']"
"[9, 3]","[4, 27]","['14914', '74662', '9662', '64671', '77515']",77515,"['14914', '77515', '9662', '74662', '64671']"
"[19, 14]","[17, 21]","['72517', '26372', '26703', '64729', '78147']",78147,"['78147', '26372', '26703', '72517', '64729']"
"[3, 26]","[7, 3]","['9147', '49864', '19246', '18887', '75828']",75828,"['75828', '19246', '9147', '49864', '18887']"
"[18, 25]","[3, 3]","['73827', '25711', '62071', '4132', '72700']",72700,"['62071', '25711', '72700', '4132', '73827']"
"[19, 13]","[15, 28]","['43396', '35479', '43324', '42612', '10526']",10526,"['42612', '43324', '43396', '35479', '10526']"
"[19, 5]","[3, 12]","['63902', '32569', '76431', '17017', '27821']",27821,"['17017', '76431', '27821', '63902', '32569']"
"[5, 29]","[14, 7]","['51743', '52548', '18711', '55950', '25607']",25607,"['18711', '55950', '51743', '52548', '25607']"
"[7, 22]","[19, 13]","['31113', '23132', '40679', '79411', '26354']",26354,"['31113', '79411', '40679', '26354', '23132']"
"[3, 26]","[14, 7]","['34449', '11033', '19246', '1064', '25607']",25607,"['11033', '34449', '19246', '1064', '25607']"
"[0, 7]","[15, 21]","['72266', '66807', '15613', '10984', '7489']",7489,"['66807', '72266', '10984', '7489', '15613']"
"[7, 22]","[9, 11]","['23132', '79411', '31113', '40679', '30907']",30907,"['30907', '40679', '79411', '31113', '23132']"
"[7, 3]","[14, 7]","['61767', '64781', '75828', '52457', '25607']",25607,"['61767', '64781', '75828', '52457', '25607']"
"[0, 7]","[19, 8]","['15613', '65801', '10984', '66807', '19346']",19346,"['65801', '15613', '10984', '19346', '66807']"
"[7, 3]","[15, 21]","['64781', '75828', '61767', '52457', '3384']",3384,"['61767', '52457', '3384', '64781', '75828']"
"[17, 5]","[4, 27]","['33045', '7913', '72055', '50221', '77515']",77515,"['77515', '33045', '7913', '50221', '72055']"
"[0, 0]","[15, 13]","['14834', '28082', '8176', '78009', '20590']",20590,"['20590', '28082', '78009', '8176', '14834']"
"[3, 5]","[9, 26]","['64', '12162', '74226', '63514', '7474']",7474,"['74226', '63514', '64', '7474', '12162']"
"[9, 4]","[7, 3]","['50510', '79413', '80219', '64614', '75828']",75828,"['79413', '80219', '75828', '64614', '50510']"
"[3, 4]","[5, 22]","['9383', '35787', '11039', '20671', '48795']",48795,"['20671', '35787', '11039', '9383', '48795']"
"[0, 14]","[5, 4]","['80522', '1261', '17291', '42604', '27706']",27706,"['42604', '1261', '80522', '17291', '27706']"
"[4, 27]","[9, 3]","['77515', '12888', '70239', '5222', '9662']",9662,"['12888', '5222', '9662', '70239', '77515']"
"[9, 3]","[7, 20]","['14914', '74662', '64671', '1268', '54372']",54372,"['54372', '64671', '1268', '74662', '14914']"
"[15, 17]","[0, 2]","['11908', '60915', '47834', '1225', '9836']",9836,"['9836', '60915', '1225', '11908', '47834']"
"[18, 25]","[17, 18]","['3282', '62071', '25711', '4132', '21408']",21408,"['21408', '62071', '25711', '4132', '3282']"
"[17, 21]","[5, 29]","['40487', '62549', '9795', '62454', '57316']",57316,"['57316', '62549', '62454', '40487', '9795']"
"[19, 28]","[3, 5]","['23197', '52721', '55589', '43363', '64']",64,"['55589', '23197', '52721', '64', '43363']"
"[5, 22]","[3, 28]","['7217', '77349', '48795', '40863', '42226']",42226,"['48795', '7217', '77349', '42226', '40863']"
"[3, 17]","[19, 25]","['33084', '54792', '38478', '53579', '26994']",26994,"['38478', '54792', '33084', '53579', '26994']"
"[7, 22]","[5, 19]","['31113', '23132', '40679', '79411', '10743']",10743,"['23132', '10743', '40679', '31113', '79411']"
"[19, 5]","[7, 3]","['59952', '17017', '76431', '32569', '75828']",75828,"['59952', '76431', '75828', '17017', '32569']"
"[14, 8]","[3, 7]","['40877', '46039', '39691', '28732', '73164']",73164,"['73164', '28732', '40877', '39691', '46039']"
"[19, 28]","[14, 7]","['23197', '43363', '52721', '55589', '67483']",67483,"['23197', '55589', '67483', '43363', '52721']"
"[3, 21]","[17, 5]","['42206', '57272', '47060', '14038', '33045']",33045,"['57272', '33045', '42206', '47060', '14038']"
"[15, 13]","[7, 1]","['68970', '42684', '20590', '53137', '3536']",3536,"['68970', '53137', '3536', '20590', '42684']"
"[0, 24]","[5, 19]","['74418', '31926', '37989', '48780', '35619']",35619,"['74418', '37989', '48780', '35619', '31926']"
"[3, 4]","[4, 27]","['9383', '35787', '20671', '11039', '70239']",70239,"['70239', '11039', '35787', '9383', '20671']"
"[3, 7]","[7, 1]","['37907', '30859', '73164', '19796', '17550']",17550,"['73164', '37907', '17550', '19796', '30859']"
"[15, 28]","[9, 26]","['38548', '67905', '3258', '10526', '50181']",50181,"['50181', '10526', '38548', '3258', '67905']"
"[0, 6]","[19, 25]","['49395', '41154', '25447', '43375', '59747']",59747,"['41154', '43375', '25447', '59747', '49395']"
"[9, 3]","[3, 7]","['64671', '1268', '74662', '9662', '19796']",19796,"['1268', '74662', '9662', '64671', '19796']"
"[7, 20]","[5, 22]","['2277', '2425', '55305', '54372', '40863']",40863,"['2277', '40863', '54372', '55305', '2425']"
"[7, 3]","[5, 29]","['52457', '64781', '75828', '61767', '18711']",18711,"['52457', '64781', '61767', '75828', '18711']"
"[15, 21]","[9, 11]","['7489', '20839', '3384', '13497', '4186']",4186,"['7489', '4186', '20839', '3384', '13497']"
"[18, 25]","[3, 26]","['25711', '3282', '62071', '4132', '50906']",50906,"['50906', '3282', '62071', '25711', '4132']"
"[3, 26]","[18, 23]","['72586', '68096', '19246', '9147', '26755']",26755,"['72586', '9147', '68096', '26755', '19246']"
"[15, 17]","[18, 23]","['47834', '1225', '60915', '11908', '61353']",61353,"['1225', '47834', '61353', '11908', '60915']"
"[9, 3]","[3, 28]","['74662', '9662', '64671', '14914', '42226']",42226,"['64671', '74662', '14914', '42226', '9662']"
"[19, 8]","[18, 25]","['19346', '6777', '71082', '36396', '25711']",25711,"['19346', '71082', '25711', '36396', '6777']"
"[3, 7]","[19, 10]","['19796', '73164', '19992', '4286', '25618']",25618,"['4286', '19796', '25618', '19992', '73164']"
"[0, 0]","[19, 18]","['28082', '78009', '8176', '14834', '55086']",55086,"['55086', '28082', '8176', '14834', '78009']"
"[3, 3]","[9, 4]","['22487', '30004', '72700', '10131', '50510']",50510,"['22487', '10131', '30004', '50510', '72700']"
"[9, 11]","[5, 4]","['41897', '15606', '4186', '52758', '27706']",27706,"['41897', '27706', '15606', '4186', '52758']"
"[3, 4]","[7, 22]","['9383', '35787', '11039', '20671', '23132']",23132,"['11039', '23132', '20671', '35787', '9383']"
"[19, 13]","[15, 21]","['26354', '43396', '43324', '35479', '3384']",3384,"['3384', '43324', '43396', '26354', '35479']"
"[19, 13]","[15, 21]","['26354', '42612', '43396', '37914', '3384']",3384,"['42612', '3384', '26354', '43396', '37914']"
"[19, 13]","[7, 20]","['37914', '43324', '26354', '35479', '54372']",54372,"['43324', '35479', '54372', '26354', '37914']"
"[4, 27]","[3, 26]","['12888', '70239', '5222', '77515', '18887']",18887,"['5222', '18887', '77515', '12888', '70239']"
"[3, 16]","[7, 22]","['56017', '63317', '177', '11746', '23132']",23132,"['63317', '177', '23132', '11746', '56017']"
"[14, 8]","[18, 25]","['46039', '28694', '39691', '28732', '3282']",3282,"['28732', '46039', '39691', '3282', '28694']"
"[4, 27]","[19, 18]","['70239', '12888', '77515', '5222', '36535']",36535,"['36535', '70239', '12888', '77515', '5222']"
"[18, 25]","[19, 13]","['25711', '62071', '73827', '4132', '35479']",35479,"['25711', '4132', '35479', '73827', '62071']"
"[0, 2]","[7, 1]","['67465', '60860', '63508', '32703', '53652']",53652,"['63508', '60860', '67465', '32703', '53652']"
"[5, 22]","[9, 4]","['57572', '77349', '48795', '40863', '64614']",64614,"['57572', '48795', '64614', '77349', '40863']"
"[3, 3]","[9, 4]","['22487', '994', '30004', '72700', '79413']",79413,"['22487', '72700', '79413', '994', '30004']"
"[17, 5]","[3, 12]","['72055', '33045', '7913', '50221', '20968']",20968,"['72055', '33045', '50221', '7913', '20968']"
"[14, 7]","[19, 28]","['77045', '38835', '67483', '25607', '23197']",23197,"['77045', '23197', '25607', '38835', '67483']"
"[0, 7]","[3, 28]","['10984', '66807', '65801', '15613', '73823']",73823,"['10984', '65801', '73823', '15613', '66807']"
"[3, 4]","[17, 21]","['11039', '35787', '20671', '9383', '62454']",62454,"['9383', '11039', '35787', '20671', '62454']"
"[9, 26]","[19, 8]","['23716', '6759', '50181', '7474', '71082']",71082,"['23716', '7474', '6759', '71082', '50181']"
"[14, 7]","[19, 13]","['51393', '38835', '67483', '77045', '26354']",26354,"['77045', '38835', '26354', '51393', '67483']"
"[9, 26]","[0, 0]","['6759', '23716', '7474', '50181', '14834']",14834,"['23716', '6759', '50181', '7474', '14834']"
"[19, 14]","[15, 28]","['26703', '64729', '72517', '26372', '10526']",10526,"['64729', '72517', '26372', '10526', '26703']"
"[14, 7]","[9, 3]","['67483', '38835', '51393', '77045', '9662']",9662,"['38835', '67483', '77045', '9662', '51393']"
"[3, 16]","[19, 13]","['56017', '63317', '11746', '177', '43324']",43324,"['56017', '11746', '63317', '43324', '177']"
"[14, 9]","[19, 10]","['40550', '39708', '14102', '26678', '55791']",55791,"['55791', '40550', '26678', '39708', '14102']"
"[0, 6]","[3, 16]","['41154', '43036', '25447', '59474', '56017']",56017,"['59474', '41154', '56017', '43036', '25447']"
"[15, 13]","[5, 19]","['53137', '24364', '42684', '20590', '35619']",35619,"['42684', '20590', '35619', '24364', '53137']"
"[4, 27]","[3, 28]","['12888', '5222', '70239', '77515', '8257']",8257,"['77515', '5222', '70239', '8257', '12888']"
"[18, 25]","[15, 13]","['25711', '73827', '4132', '62071', '20590']",20590,"['25711', '62071', '73827', '4132', '20590']"
"[19, 18]","[9, 26]","['58616', '74633', '35149', '55086', '7474']",7474,"['55086', '58616', '7474', '35149', '74633']"
"[9, 26]","[19, 10]","['50181', '7474', '23716', '6759', '25618']",25618,"['23716', '6759', '7474', '25618', '50181']"
"[19, 13]","[14, 8]","['26354', '37914', '35479', '43396', '28694']",28694,"['28694', '43396', '35479', '37914', '26354']"
"[0, 7]","[7, 22]","['15613', '65801', '10984', '72266', '79411']",79411,"['15613', '65801', '10984', '79411', '72266']"
"[14, 9]","[7, 20]","['14102', '26678', '39708', '6508', '55305']",55305,"['14102', '6508', '39708', '55305', '26678']"
"[3, 3]","[7, 22]","['10017', '22002', '994', '22487', '40679']",40679,"['22487', '994', '22002', '10017', '40679']"
"[19, 28]","[9, 11]","['40111', '52721', '23197', '42272', '78534']",78534,"['40111', '42272', '23197', '78534', '52721']"
"[0, 24]","[14, 8]","['31926', '48780', '74418', '37989', '28732']",28732,"['37989', '31926', '28732', '74418', '48780']"
"[19, 14]","[3, 16]","['64729', '26703', '26372', '72517', '63317']",63317,"['64729', '72517', '26703', '26372', '63317']"
"[3, 7]","[9, 11]","['73164', '37907', '19992', '30859', '61914']",61914,"['61914', '19992', '37907', '73164', '30859']"
"[5, 29]","[3, 16]","['55950', '57316', '51743', '21765', '177']",177,"['57316', '55950', '21765', '177', '51743']"
"[3, 12]","[14, 9]","['20968', '27821', '37955', '1181', '6508']",6508,"['27821', '6508', '1181', '20968', '37955']"
"[18, 25]","[3, 12]","['73827', '3282', '4132', '25711', '20968']",20968,"['25711', '20968', '73827', '3282', '4132']"
"[15, 21]","[7, 1]","['20839', '3384', '7489', '13497', '3536']",3536,"['20839', '13497', '3536', '7489', '3384']"
"[0, 6]","[3, 26]","['49395', '43036', '59474', '75880', '68096']",68096,"['59474', '43036', '75880', '49395', '68096']"
"[0, 2]","[3, 3]","['44802', '28242', '59390', '66847', '22487']",22487,"['66847', '28242', '59390', '44802', '22487']"
"[15, 13]","[0, 2]","['42684', '53137', '68970', '24364', '45218']",45218,"['45218', '68970', '24364', '42684', '53137']"
"[15, 28]","[19, 8]","['67905', '10526', '23274', '3258', '6777']",6777,"['6777', '10526', '3258', '23274', '67905']"
"[3, 12]","[5, 29]","['37955', '27821', '20968', '1181', '55950']",55950,"['20968', '55950', '37955', '27821', '1181']"
"[14, 8]","[7, 20]","['28732', '28694', '40877', '46039', '2277']",2277,"['28694', '46039', '2277', '40877', '28732']"
"[18, 23]","[3, 4]","['37360', '32105', '12104', '72978', '9383']",9383,"['72978', '12104', '32105', '9383', '37360']"
"[0, 6]","[7, 22]","['49395', '59474', '43375', '25447', '40679']",40679,"['43375', '59474', '25447', '49395', '40679']"
"[7, 3]","[19, 8]","['61767', '75828', '52457', '64781', '71082']",71082,"['61767', '75828', '52457', '64781', '71082']"
"[9, 26]","[19, 28]","['50181', '6759', '23716', '7474', '55589']",55589,"['23716', '6759', '55589', '50181', '7474']"
"[19, 25]","[3, 4]","['33749', '59747', '47247', '26994', '35787']",35787,"['33749', '47247', '35787', '59747', '26994']"
"[15, 17]","[7, 3]","['60915', '47834', '11908', '1225', '52457']",52457,"['60915', '47834', '1225', '11908', '52457']"
"[3, 28]","[0, 24]","['55090', '8257', '42226', '73823', '74418']",74418,"['73823', '8257', '42226', '74418', '55090']"
"[15, 13]","[5, 19]","['53137', '20590', '42684', '34763', '53655']",53655,"['53137', '34763', '53655', '42684', '20590']"
"[19, 18]","[3, 28]","['36535', '35149', '55086', '49556', '8257']",8257,"['55086', '36535', '49556', '35149', '8257']"
"[3, 17]","[0, 6]","['64047', '33084', '54792', '38478', '25447']",25447,"['64047', '54792', '25447', '33084', '38478']"
"[9, 26]","[19, 5]","['27788', '6759', '7474', '23716', '76431']",76431,"['76431', '7474', '6759', '27788', '23716']"
"[19, 25]","[0, 14]","['26994', '47247', '74532', '33749', '75707']",75707,"['75707', '33749', '47247', '26994', '74532']"
"[18, 23]","[14, 7]","['42151', '72365', '48306', '61353', '25607']",25607,"['25607', '48306', '42151', '61353', '72365']"
"[14, 7]","[18, 23]","['38835', '67483', '51393', '77045', '72365']",72365,"['38835', '51393', '77045', '72365', '67483']"
"[3, 21]","[19, 18]","['53064', '14038', '57272', '47060', '41277']",41277,"['53064', '57272', '41277', '47060', '14038']"
"[15, 28]","[9, 11]","['38548', '10526', '23274', '3258', '61914']",61914,"['10526', '23274', '61914', '3258', '38548']"
"[3, 12]","[5, 4]","['37955', '27821', '1181', '20968', '53032']",53032,"['1181', '27821', '37955', '53032', '20968']"
"[19, 13]","[5, 19]","['43396', '43324', '26354', '37914', '63077']",63077,"['43324', '63077', '37914', '43396', '26354']"
"[5, 22]","[19, 14]","['7217', '77349', '57572', '48795', '72517']",72517,"['77349', '7217', '72517', '57572', '48795']"
"[7, 22]","[0, 14]","['31113', '40679', '23132', '79411', '17291']",17291,"['17291', '40679', '23132', '31113', '79411']"
"[0, 0]","[7, 3]","['14834', '8176', '28082', '78009', '64781']",64781,"['64781', '78009', '8176', '28082', '14834']"
"[15, 13]","[0, 7]","['42684', '34763', '53137', '24364', '65801']",65801,"['53137', '24364', '34763', '42684', '65801']"
"[17, 21]","[15, 17]","['40487', '9795', '78147', '62454', '1225']",1225,"['9795', '40487', '1225', '78147', '62454']"
"[3, 17]","[19, 25]","['64047', '33084', '53579', '38478', '74532']",74532,"['38478', '74532', '64047', '53579', '33084']"
"[0, 14]","[5, 29]","['39894', '75707', '37963', '17291', '55950']",55950,"['39894', '37963', '17291', '75707', '55950']"
"[18, 23]","[7, 1]","['64247', '26052', '6216', '32105', '12421']",12421,"['32105', '12421', '26052', '64247', '6216']"
"[9, 26]","[18, 25]","['23716', '50181', '7474', '6759', '62071']",62071,"['7474', '50181', '62071', '23716', '6759']"
"[5, 4]","[15, 28]","['51114', '53032', '35725', '2004', '38548']",38548,"['35725', '51114', '53032', '38548', '2004']"
"[15, 13]","[19, 28]","['68970', '42684', '20590', '24364', '40111']",40111,"['68970', '24364', '40111', '42684', '20590']"
"[3, 5]","[19, 18]","['63514', '64', '12162', '74226', '36535']",36535,"['64', '63514', '74226', '36535', '12162']"
"[9, 11]","[0, 2]","['61914', '52758', '335', '4186', '43629']",43629,"['43629', '4186', '52758', '335', '61914']"
"[3, 5]","[5, 29]","['74226', '63514', '64', '12162', '51743']",51743,"['63514', '64', '12162', '74226', '51743']"
"[0, 2]","[19, 10]","['60860', '43629', '43995', '32703', '25168']",25168,"['43629', '43995', '25168', '60860', '32703']"
"[5, 22]","[0, 7]","['7217', '48795', '77349', '40863', '10984']",10984,"['40863', '10984', '7217', '77349', '48795']"
"[0, 24]","[3, 3]","['74418', '37989', '31926', '48780', '22002']",22002,"['22002', '74418', '37989', '48780', '31926']"
"[17, 5]","[5, 4]","['7913', '50221', '72055', '33045', '27706']",27706,"['50221', '27706', '33045', '72055', '7913']"
"[14, 8]","[0, 7]","['28694', '39691', '28732', '46039', '65801']",65801,"['46039', '28694', '28732', '39691', '65801']"
"[14, 7]","[0, 2]","['25607', '67483', '38835', '51393', '63508']",63508,"['67483', '38835', '25607', '63508', '51393']"
"[18, 25]","[7, 20]","['62071', '25711', '73827', '4132', '2425']",2425,"['25711', '2425', '4132', '73827', '62071']"
"[18, 23]","[3, 21]","['6216', '37360', '10433', '26755', '53064']",53064,"['26755', '6216', '53064', '37360', '10433']"
"[19, 5]","[18, 25]","['17017', '72346', '63902', '76431', '4132']",4132,"['72346', '76431', '63902', '4132', '17017']"
"[0, 14]","[19, 28]","['42604', '75707', '17291', '1261', '52721']",52721,"['17291', '1261', '52721', '42604', '75707']"
"[3, 21]","[19, 10]","['14038', '57272', '42206', '53064', '21540']",21540,"['21540', '57272', '42206', '53064', '14038']"
"[7, 22]","[18, 23]","['23132', '40679', '31113', '79411', '37360']",37360,"['23132', '79411', '40679', '31113', '37360']"
"[19, 25]","[17, 5]","['26994', '74532', '33749', '47247', '7913']",7913,"['74532', '47247', '33749', '26994', '7913']"
"[18, 23]","[15, 17]","['26755', '15451', '67584', '72365', '1225']",1225,"['72365', '1225', '15451', '67584', '26755']"
"[15, 17]","[19, 18]","['1225', '11908', '47834', '60915', '35149']",35149,"['60915', '1225', '47834', '11908', '35149']"
"[4, 27]","[19, 10]","['70239', '77515', '5222', '12888', '25618']",25618,"['5222', '77515', '70239', '25618', '12888']"
"[19, 14]","[15, 21]","['26372', '26703', '72517', '64729', '20839']",20839,"['26703', '72517', '64729', '20839', '26372']"
"[3, 12]","[17, 18]","['27821', '20968', '1181', '37955', '46660']",46660,"['27821', '46660', '37955', '20968', '1181']"
"[3, 12]","[9, 11]","['37955', '20968', '1181', '27821', '52758']",52758,"['1181', '37955', '52758', '27821', '20968']"
"[3, 3]","[0, 7]","['10017', '22002', '994', '30004', '15613']",15613,"['994', '22002', '30004', '10017', '15613']"
"[15, 17]","[14, 8]","['11908', '47834', '1225', '60915', '46039']",46039,"['11908', '47834', '60915', '1225', '46039']"
"[3, 26]","[17, 5]","['1064', '9147', '19246', '40031', '33045']",33045,"['40031', '1064', '19246', '9147', '33045']"
"[15, 21]","[9, 26]","['3384', '20839', '13497', '7489', '6759']",6759,"['3384', '6759', '20839', '13497', '7489']"
"[9, 11]","[0, 7]","['61914', '4186', '335', '15606', '72266']",72266,"['335', '15606', '72266', '4186', '61914']"
"[5, 4]","[15, 17]","['63485', '62609', '53032', '2004', '60915']",60915,"['53032', '62609', '60915', '63485', '2004']"
"[14, 9]","[3, 17]","['26678', '26506', '40550', '6508', '38478']",38478,"['38478', '26678', '40550', '26506', '6508']"
"[3, 21]","[17, 18]","['47060', '42206', '14038', '57272', '51240']",51240,"['47060', '14038', '51240', '42206', '57272']"
"[5, 4]","[19, 10]","['51114', '2004', '35725', '53032', '25618']",25618,"['53032', '35725', '2004', '25618', '51114']"
"[17, 5]","[0, 6]","['33045', '7913', '72055', '50221', '75880']",75880,"['75880', '50221', '72055', '7913', '33045']"
"[9, 11]","[17, 5]","['61914', '4186', '30907', '15606', '7913']",7913,"['7913', '4186', '61914', '15606', '30907']"
"[19, 28]","[4, 27]","['42272', '40111', '23197', '55589', '77515']",77515,"['55589', '42272', '77515', '23197', '40111']"
"[17, 18]","[5, 19]","['46660', '66316', '70105', '6955', '35619']",35619,"['35619', '6955', '70105', '46660', '66316']"
"[17, 21]","[19, 10]","['40487', '62454', '9795', '69704', '25618']",25618,"['62454', '40487', '9795', '69704', '25618']"
"[15, 17]","[19, 13]","['60915', '47834', '1225', '11908', '42612']",42612,"['42612', '1225', '60915', '47834', '11908']"
"[19, 18]","[3, 26]","['58616', '41277', '49556', '30721', '1064']",1064,"['30721', '58616', '1064', '49556', '41277']"
"[9, 26]","[3, 28]","['6759', '23716', '7474', '50181', '8257']",8257,"['23716', '50181', '8257', '7474', '6759']"
"[19, 28]","[5, 19]","['52721', '55589', '40111', '43363', '63077']",63077,"['52721', '40111', '63077', '55589', '43363']"
"[9, 4]","[5, 29]","['79413', '80219', '64614', '50510', '57316']",57316,"['57316', '80219', '50510', '64614', '79413']"
"[0, 24]","[4, 27]","['74418', '48780', '31926', '37989', '70239']",70239,"['37989', '31926', '70239', '74418', '48780']"
"[5, 4]","[19, 14]","['63485', '2004', '70560', '27706', '72517']",72517,"['70560', '27706', '72517', '63485', '2004']"
"[9, 26]","[3, 21]","['7474', '23716', '27788', '6759', '42206']",42206,"['7474', '42206', '6759', '27788', '23716']"
"[15, 28]","[0, 7]","['23274', '10526', '3258', '38548', '65801']",65801,"['3258', '65801', '38548', '10526', '23274']"
"[9, 4]","[19, 10]","['64614', '50510', '80219', '79413', '73023']",73023,"['73023', '50510', '64614', '79413', '80219']"
"[0, 14]","[3, 7]","['80522', '42604', '17291', '1261', '19992']",19992,"['42604', '1261', '17291', '80522', '19992']"
"[14, 9]","[3, 28]","['26506', '6508', '39708', '26678', '55090']",55090,"['26506', '6508', '26678', '55090', '39708']"
"[0, 0]","[15, 21]","['14834', '8176', '78009', '28082', '3384']",3384,"['8176', '14834', '28082', '78009', '3384']"
"[0, 14]","[19, 28]","['1261', '80522', '75707', '17291', '43363']",43363,"['17291', '43363', '1261', '80522', '75707']"
"[9, 4]","[15, 13]","['79413', '50510', '64614', '80219', '34763']",34763,"['34763', '80219', '50510', '79413', '64614']"
"[5, 19]","[19, 28]","['51211', '60473', '63077', '35619', '23197']",23197,"['63077', '23197', '60473', '51211', '35619']"
"[3, 7]","[17, 18]","['30859', '73164', '19796', '37907', '46660']",46660,"['30859', '19796', '37907', '46660', '73164']"
"[17, 5]","[5, 29]","['7913', '33045', '50221', '72055', '51743']",51743,"['7913', '72055', '50221', '33045', '51743']"
"[19, 10]","[15, 28]","['25168', '25618', '21540', '73023', '3258']",3258,"['73023', '21540', '25618', '25168', '3258']"
"[7, 20]","[19, 13]","['2425', '2277', '54372', '55305', '37914']",37914,"['2277', '37914', '2425', '54372', '55305']"
"[19, 8]","[15, 17]","['19346', '6777', '71082', '36396', '47834']",47834,"['47834', '36396', '19346', '71082', '6777']"
"[7, 3]","[3, 16]","['52457', '75828', '61767', '64781', '177']",177,"['61767', '52457', '64781', '177', '75828']"
"[19, 18]","[3, 3]","['29042', '74633', '30721', '41277', '22002']",22002,"['29042', '41277', '74633', '30721', '22002']"
"[15, 17]","[18, 23]","['1225', '11908', '60915', '47834', '20502']",20502,"['47834', '11908', '20502', '1225', '60915']"
"[3, 3]","[5, 4]","['30004', '22487', '22002', '994', '70560']",70560,"['22487', '994', '70560', '22002', '30004']"
"[3, 7]","[19, 10]","['19992', '73164', '30859', '19796', '55791']",55791,"['19796', '19992', '30859', '73164', '55791']"
"[3, 5]","[0, 14]","['74226', '12162', '64', '63514', '1261']",1261,"['64', '63514', '12162', '1261', '74226']"
"[15, 17]","[7, 22]","['60915', '1225', '11908', '47834', '31113']",31113,"['47834', '1225', '60915', '31113', '11908']"
"[5, 4]","[19, 13]","['70560', '35725', '27706', '51114', '42612']",42612,"['27706', '42612', '51114', '70560', '35725']"
"[5, 19]","[3, 12]","['35619', '54232', '49189', '53655', '20968']",20968,"['20968', '54232', '53655', '49189', '35619']"
"[14, 7]","[3, 4]","['25607', '51393', '77045', '38835', '20671']",20671,"['38835', '77045', '25607', '51393', '20671']"
"[0, 24]","[3, 12]","['31926', '37989', '74418', '48780', '1181']",1181,"['37989', '1181', '31926', '74418', '48780']"
"[0, 2]","[17, 5]","['44145', '28242', '63508', '60860', '50221']",50221,"['50221', '44145', '63508', '60860', '28242']"
"[0, 14]","[5, 19]","['80522', '75707', '37963', '39894', '10743']",10743,"['75707', '10743', '39894', '37963', '80522']"
"[3, 17]","[5, 19]","['53579', '54792', '33084', '38478', '35619']",35619,"['33084', '53579', '54792', '35619', '38478']"
"[15, 13]","[0, 2]","['68970', '34763', '20590', '24364', '59390']",59390,"['59390', '20590', '24364', '34763', '68970']"
"[0, 14]","[19, 25]","['75707', '80522', '17291', '42604', '33749']",33749,"['80522', '33749', '42604', '75707', '17291']"
"[3, 21]","[0, 2]","['47060', '57272', '14038', '53064', '9836']",9836,"['57272', '53064', '14038', '47060', '9836']"
"[19, 13]","[5, 22]","['43324', '37914', '35479', '42612', '77349']",77349,"['35479', '37914', '43324', '77349', '42612']"
"[19, 14]","[3, 21]","['64729', '26372', '72517', '26703', '42206']",42206,"['42206', '72517', '64729', '26372', '26703']"
"[9, 26]","[7, 20]","['6759', '7474', '27788', '50181', '54372']",54372,"['27788', '7474', '54372', '50181', '6759']"
"[17, 18]","[9, 26]","['21543', '31693', '6955', '66316', '6759']",6759,"['6955', '66316', '31693', '6759', '21543']"
"[15, 21]","[14, 8]","['7489', '3384', '13497', '20839', '46039']",46039,"['13497', '20839', '3384', '46039', '7489']"
"[0, 14]","[7, 1]","['37963', '42604', '1261', '17291', '16951']",16951,"['1261', '16951', '42604', '37963', '17291']"
"[9, 11]","[5, 29]","['4186', '335', '30907', '61914', '51743']",51743,"['335', '51743', '30907', '61914', '4186']"
"[3, 26]","[5, 29]","['40031', '68096', '34449', '9147', '21765']",21765,"['9147', '68096', '34449', '21765', '40031']"
"[4, 27]","[15, 21]","['77515', '70239', '12888', '5222', '7489']",7489,"['5222', '12888', '70239', '77515', '7489']"
"[14, 7]","[19, 8]","['51393', '67483', '38835', '77045', '19346']",19346,"['67483', '38835', '51393', '19346', '77045']"
"[3, 12]","[19, 28]","['20968', '27821', '1181', '37955', '52721']",52721,"['20968', '27821', '52721', '37955', '1181']"
"[15, 28]","[5, 29]","['67905', '38548', '10526', '3258', '57316']",57316,"['57316', '38548', '67905', '10526', '3258']"
"[15, 28]","[18, 25]","['10526', '38548', '67905', '3258', '62071']",62071,"['38548', '67905', '3258', '10526', '62071']"
"[5, 29]","[19, 14]","['52548', '18711', '55950', '51743', '72517']",72517,"['51743', '52548', '72517', '18711', '55950']"
"[4, 27]","[0, 6]","['70239', '12888', '5222', '77515', '59474']",59474,"['77515', '12888', '59474', '70239', '5222']"
"[14, 9]","[19, 28]","['14102', '26506', '39708', '26678', '40111']",40111,"['26506', '14102', '39708', '40111', '26678']"
"[5, 19]","[7, 1]","['51211', '53655', '35619', '77183', '17550']",17550,"['17550', '53655', '51211', '77183', '35619']"
"[15, 28]","[5, 4]","['38548', '67905', '3258', '23274', '27706']",27706,"['27706', '23274', '67905', '38548', '3258']"
"[0, 6]","[3, 16]","['25447', '75880', '43375', '43036', '177']",177,"['75880', '43036', '177', '25447', '43375']"
"[19, 5]","[15, 28]","['17017', '55314', '72346', '59952', '38548']",38548,"['55314', '17017', '38548', '72346', '59952']"
"[14, 8]","[17, 21]","['28732', '46039', '40877', '28694', '78147']",78147,"['28732', '40877', '78147', '28694', '46039']"
"[7, 3]","[0, 14]","['64781', '52457', '75828', '61767', '1261']",1261,"['64781', '75828', '61767', '52457', '1261']"
"[3, 21]","[19, 25]","['53064', '47060', '57272', '14038', '33749']",33749,"['33749', '53064', '47060', '57272', '14038']"
"[7, 1]","[5, 29]","['12376', '53652', '3536', '12421', '52548']",52548,"['12421', '52548', '53652', '3536', '12376']"
"[15, 13]","[0, 14]","['25079', '34763', '53137', '24364', '17291']",17291,"['53137', '25079', '34763', '24364', '17291']"
"[17, 18]","[9, 3]","['21408', '51240', '31693', '46660', '64671']",64671,"['64671', '51240', '31693', '21408', '46660']"
"[5, 22]","[3, 7]","['7217', '48795', '40863', '57572', '4286']",4286,"['7217', '48795', '40863', '4286', '57572']"
"[0, 0]","[5, 29]","['8176', '14834', '28082', '78009', '18711']",18711,"['14834', '8176', '18711', '28082', '78009']"
"[7, 22]","[9, 4]","['31113', '79411', '23132', '40679', '80219']",80219,"['79411', '23132', '40679', '31113', '80219']"
"[14, 7]","[7, 20]","['51393', '38835', '67483', '77045', '55305']",55305,"['67483', '38835', '77045', '55305', '51393']"
"[0, 2]","[3, 21]","['59390', '28242', '45218', '43629', '47060']",47060,"['47060', '43629', '59390', '28242', '45218']"
"[17, 21]","[5, 19]","['69704', '40487', '78147', '62454', '53655']",53655,"['40487', '69704', '62454', '53655', '78147']"
"[19, 14]","[18, 25]","['26372', '72517', '26703', '64729', '62071']",62071,"['26372', '26703', '62071', '64729', '72517']"
"[7, 22]","[3, 28]","['31113', '40679', '79411', '23132', '12683']",12683,"['31113', '40679', '23132', '12683', '79411']"
"[3, 17]","[19, 14]","['54792', '64047', '33084', '53579', '26703']",26703,"['54792', '26703', '64047', '33084', '53579']"
"[5, 22]","[0, 24]","['40863', '7217', '48795', '77349', '31926']",31926,"['31926', '40863', '7217', '77349', '48795']"
"[9, 11]","[19, 28]","['335', '52758', '15606', '61914', '40111']",40111,"['15606', '40111', '335', '61914', '52758']"
"[19, 18]","[7, 22]","['49556', '41277', '36535', '58616', '23132']",23132,"['36535', '41277', '58616', '23132', '49556']"
"[18, 25]","[3, 21]","['4132', '73827', '3282', '25711', '14038']",14038,"['14038', '3282', '73827', '4132', '25711']"
"[3, 5]","[19, 28]","['74226', '63514', '12162', '64', '52721']",52721,"['64', '63514', '12162', '74226', '52721']"
"[3, 12]","[19, 18]","['37955', '1181', '27821', '20968', '55086']",55086,"['55086', '1181', '20968', '27821', '37955']"
"[9, 26]","[3, 3]","['23716', '27788', '6759', '50181', '10131']",10131,"['27788', '6759', '50181', '23716', '10131']"
"[3, 21]","[5, 29]","['42206', '57272', '47060', '53064', '21765']",21765,"['57272', '53064', '21765', '47060', '42206']"
"[18, 25]","[19, 5]","['73827', '25711', '4132', '62071', '32569']",32569,"['32569', '62071', '25711', '73827', '4132']"
"[19, 10]","[18, 23]","['55791', '25168', '73023', '21540', '14167']",14167,"['14167', '25168', '21540', '55791', '73023']"
"[17, 5]","[5, 4]","['72055', '33045', '50221', '7913', '70560']",70560,"['50221', '70560', '33045', '7913', '72055']"
"[5, 4]","[0, 6]","['27706', '63485', '35725', '62609', '43375']",43375,"['62609', '43375', '63485', '27706', '35725']"
"[0, 7]","[19, 18]","['65801', '72266', '15613', '66807', '49556']",49556,"['15613', '65801', '66807', '49556', '72266']"
"[15, 21]","[19, 5]","['7489', '3384', '13497', '20839', '72346']",72346,"['13497', '3384', '20839', '72346', '7489']"
"[3, 3]","[17, 18]","['30004', '22487', '994', '10131', '21543']",21543,"['994', '22487', '10131', '21543', '30004']"
"[19, 8]","[3, 21]","['71082', '36396', '19346', '6777', '42206']",42206,"['6777', '19346', '71082', '42206', '36396']"
"[14, 8]","[3, 26]","['28694', '46039', '28732', '39691', '1064']",1064,"['46039', '28732', '28694', '39691', '1064']"
"[5, 22]","[3, 16]","['77349', '48795', '57572', '7217', '63317']",63317,"['63317', '7217', '57572', '48795', '77349']"
"[19, 13]","[4, 27]","['35479', '43396', '43324', '26354', '77515']",77515,"['43324', '43396', '77515', '26354', '35479']"
"[17, 18]","[0, 2]","['21543', '6955', '51240', '66316', '51831']",51831,"['66316', '51240', '21543', '6955', '51831']"
"[0, 6]","[9, 26]","['41154', '25447', '49395', '75880', '50181']",50181,"['49395', '25447', '41154', '75880', '50181']"
"[7, 1]","[19, 25]","['17550', '10825', '12421', '16951', '33749']",33749,"['10825', '12421', '16951', '17550', '33749']"
"[0, 7]","[5, 4]","['65801', '15613', '10984', '72266', '62609']",62609,"['72266', '10984', '15613', '62609', '65801']"
"[14, 9]","[15, 28]","['26678', '39708', '40550', '6508', '38548']",38548,"['26678', '39708', '40550', '38548', '6508']"
"[19, 8]","[14, 9]","['71082', '19346', '6777', '36396', '14102']",14102,"['6777', '14102', '36396', '19346', '71082']"
"[19, 28]","[5, 4]","['40111', '42272', '43363', '23197', '2004']",2004,"['2004', '43363', '40111', '42272', '23197']"
"[7, 20]","[15, 13]","['2425', '55305', '2277', '54372', '53137']",53137,"['54372', '2425', '55305', '53137', '2277']"
"[17, 5]","[3, 7]","['72055', '33045', '7913', '50221', '4286']",4286,"['7913', '72055', '4286', '33045', '50221']"
"[3, 21]","[19, 18]","['14038', '42206', '53064', '47060', '41277']",41277,"['14038', '53064', '47060', '42206', '41277']"
"[0, 6]","[5, 22]","['75880', '49395', '41154', '43036', '40863']",40863,"['75880', '41154', '40863', '43036', '49395']"
"[15, 13]","[9, 26]","['24364', '20590', '25079', '34763', '6759']",6759,"['34763', '24364', '25079', '20590', '6759']"
"[9, 3]","[18, 25]","['64671', '9662', '74662', '1268', '73827']",73827,"['1268', '74662', '64671', '9662', '73827']"
"[15, 13]","[19, 10]","['68970', '42684', '34763', '25079', '73023']",73023,"['42684', '25079', '68970', '34763', '73023']"
"[3, 7]","[0, 14]","['19992', '19796', '4286', '30859', '39894']",39894,"['19992', '19796', '30859', '39894', '4286']"
"[0, 2]","[3, 21]","['44145', '43995', '67842', '51831', '42206']",42206,"['43995', '51831', '67842', '42206', '44145']"
"[3, 3]","[0, 6]","['30004', '10131', '22487', '22002', '75880']",75880,"['22002', '30004', '10131', '22487', '75880']"
"[3, 5]","[19, 18]","['63514', '64', '12162', '74226', '29042']",29042,"['29042', '64', '12162', '74226', '63514']"
"[15, 13]","[17, 18]","['34763', '24364', '42684', '53137', '6955']",6955,"['6955', '24364', '42684', '53137', '34763']"
"[0, 0]","[4, 27]","['78009', '28082', '14834', '8176', '77515']",77515,"['8176', '28082', '14834', '77515', '78009']"
"[9, 3]","[4, 27]","['74662', '64671', '14914', '9662', '5222']",5222,"['64671', '74662', '9662', '14914', '5222']"
"[19, 25]","[0, 2]","['26994', '74532', '47247', '59747', '43995']",43995,"['74532', '47247', '43995', '59747', '26994']"
"[14, 8]","[18, 23]","['46039', '28732', '40877', '28694', '26755']",26755,"['28732', '40877', '46039', '28694', '26755']"
"[19, 13]","[7, 20]","['26354', '37914', '43396', '43324', '55305']",55305,"['43396', '37914', '43324', '55305', '26354']"
"[15, 21]","[7, 1]","['7489', '20839', '3384', '13497', '17550']",17550,"['7489', '20839', '3384', '17550', '13497']"
"[15, 28]","[0, 14]","['10526', '67905', '3258', '23274', '80522']",80522,"['10526', '3258', '67905', '23274', '80522']"
"[0, 7]","[3, 17]","['10984', '15613', '65801', '72266', '53579']",53579,"['10984', '53579', '72266', '15613', '65801']"
"[7, 22]","[19, 25]","['23132', '40679', '79411', '31113', '26994']",26994,"['31113', '26994', '79411', '23132', '40679']"
"[14, 9]","[15, 17]","['6508', '26678', '40550', '14102', '47834']",47834,"['40550', '14102', '47834', '26678', '6508']"
"[3, 26]","[7, 20]","['32729', '11033', '19246', '9147', '54372']",54372,"['11033', '19246', '54372', '32729', '9147']"
"[17, 18]","[3, 4]","['46660', '21543', '66935', '21408', '35787']",35787,"['21543', '46660', '21408', '35787', '66935']"
"[3, 5]","[5, 29]","['63514', '12162', '74226', '64', '52548']",52548,"['64', '52548', '63514', '74226', '12162']"
"[14, 8]","[0, 0]","['28694', '40877', '39691', '46039', '28082']",28082,"['28082', '40877', '28694', '46039', '39691']"
"[5, 19]","[4, 27]","['54232', '51211', '10743', '53655', '77515']",77515,"['77515', '10743', '54232', '53655', '51211']"
"[19, 10]","[9, 3]","['25618', '73023', '55791', '25168', '1268']",1268,"['73023', '25618', '55791', '25168', '1268']"
"[19, 13]","[5, 22]","['42612', '26354', '37914', '35479', '48795']",48795,"['26354', '37914', '42612', '48795', '35479']"
"[15, 13]","[14, 9]","['53137', '24364', '42684', '20590', '40550']",40550,"['40550', '42684', '24364', '20590', '53137']"
"[19, 14]","[9, 11]","['64729', '72517', '26703', '26372', '61914']",61914,"['26372', '72517', '26703', '64729', '61914']"
"[15, 17]","[9, 26]","['47834', '11908', '60915', '1225', '6759']",6759,"['47834', '11908', '6759', '1225', '60915']"
"[19, 13]","[3, 16]","['43396', '43324', '26354', '35479', '59100']",59100,"['43324', '59100', '43396', '35479', '26354']"
"[0, 2]","[7, 22]","['51831', '59390', '66847', '60860', '31113']",31113,"['59390', '51831', '31113', '66847', '60860']"
"[15, 21]","[19, 8]","['3384', '13497', '20839', '7489', '36396']",36396,"['3384', '13497', '7489', '20839', '36396']"
"[15, 21]","[0, 2]","['3384', '13497', '7489', '20839', '32703']",32703,"['20839', '3384', '7489', '32703', '13497']"
"[19, 25]","[7, 22]","['59747', '47247', '26994', '74532', '79411']",79411,"['79411', '59747', '74532', '47247', '26994']"
"[15, 28]","[0, 2]","['23274', '10526', '3258', '38548', '48095']",48095,"['10526', '3258', '48095', '23274', '38548']"
"[19, 13]","[5, 29]","['37914', '42612', '26354', '43396', '21765']",21765,"['43396', '21765', '26354', '42612', '37914']"
"[0, 2]","[14, 7]","['54867', '66847', '51831', '9836', '38835']",38835,"['66847', '9836', '54867', '51831', '38835']"
"[3, 21]","[19, 18]","['14038', '53064', '57272', '47060', '29042']",29042,"['29042', '47060', '53064', '14038', '57272']"
"[3, 26]","[0, 14]","['11033', '49864', '19246', '40031', '42604']",42604,"['49864', '42604', '19246', '11033', '40031']"
"[19, 5]","[9, 26]","['63902', '76431', '59952', '32569', '27788']",27788,"['59952', '63902', '27788', '76431', '32569']"
"[9, 4]","[15, 13]","['50510', '80219', '79413', '64614', '24364']",24364,"['80219', '24364', '50510', '64614', '79413']"
"[5, 4]","[17, 5]","['70560', '62609', '2004', '63485', '50221']",50221,"['2004', '70560', '62609', '50221', '63485']"
"[14, 7]","[0, 6]","['25607', '77045', '51393', '38835', '41154']",41154,"['77045', '51393', '38835', '25607', '41154']"
"[19, 10]","[15, 21]","['21540', '55791', '25618', '73023', '20839']",20839,"['25618', '20839', '21540', '55791', '73023']"
"[19, 10]","[9, 4]","['55791', '73023', '25618', '21540', '80219']",80219,"['55791', '73023', '25618', '21540', '80219']"
"[7, 3]","[5, 19]","['52457', '61767', '75828', '64781', '53655']",53655,"['64781', '75828', '53655', '52457', '61767']"
"[9, 3]","[0, 6]","['9662', '64671', '14914', '1268', '59474']",59474,"['1268', '64671', '59474', '14914', '9662']"
"[0, 2]","[9, 4]","['9836', '59390', '43995', '44145', '79413']",79413,"['9836', '44145', '43995', '59390', '79413']"
"[5, 29]","[3, 7]","['21765', '51743', '18711', '55950', '19992']",19992,"['19992', '18711', '21765', '55950', '51743']"
"[19, 25]","[3, 16]","['59747', '47247', '26994', '33749', '56017']",56017,"['59747', '26994', '33749', '56017', '47247']"
"[18, 23]","[4, 27]","['10433', '42151', '64148', '40817', '12888']",12888,"['64148', '40817', '10433', '42151', '12888']"
"[14, 8]","[3, 17]","['40877', '28732', '46039', '39691', '38478']",38478,"['38478', '40877', '39691', '46039', '28732']"
"[15, 28]","[19, 10]","['10526', '38548', '3258', '23274', '25618']",25618,"['38548', '3258', '10526', '25618', '23274']"
"[5, 22]","[17, 21]","['7217', '48795', '57572', '40863', '40487']",40487,"['57572', '7217', '40863', '40487', '48795']"
"[19, 25]","[0, 24]","['47247', '59747', '74532', '26994', '74418']",74418,"['59747', '47247', '74532', '26994', '74418']"
"[5, 29]","[0, 0]","['51743', '52548', '55950', '57316', '14834']",14834,"['57316', '51743', '52548', '55950', '14834']"
"[0, 6]","[15, 21]","['49395', '25447', '43375', '59474', '13497']",13497,"['59474', '49395', '25447', '43375', '13497']"
"[14, 7]","[4, 27]","['77045', '67483', '25607', '51393', '12888']",12888,"['67483', '12888', '51393', '77045', '25607']"
"[0, 7]","[19, 13]","['72266', '66807', '65801', '10984', '42612']",42612,"['66807', '65801', '42612', '72266', '10984']"
"[18, 25]","[5, 22]","['3282', '25711', '4132', '73827', '57572']",57572,"['57572', '73827', '4132', '3282', '25711']"
"[14, 7]","[0, 0]","['67483', '38835', '25607', '77045', '8176']",8176,"['8176', '77045', '25607', '38835', '67483']"
"[19, 25]","[14, 9]","['47247', '74532', '59747', '26994', '26506']",26506,"['26994', '59747', '47247', '74532', '26506']"
"[14, 7]","[9, 11]","['38835', '25607', '67483', '51393', '15606']",15606,"['67483', '51393', '25607', '15606', '38835']"
"[19, 10]","[17, 5]","['55791', '25618', '21540', '73023', '50221']",50221,"['55791', '21540', '50221', '25618', '73023']"
"[17, 18]","[0, 2]","['21543', '6955', '21408', '66935', '43995']",43995,"['21408', '21543', '6955', '66935', '43995']"
"[5, 22]","[17, 18]","['57572', '48795', '77349', '40863', '6955']",6955,"['57572', '77349', '6955', '48795', '40863']"
"[5, 19]","[3, 7]","['63077', '53655', '35619', '60473', '19992']",19992,"['60473', '63077', '19992', '53655', '35619']"
"[0, 14]","[15, 28]","['80522', '39894', '1261', '17291', '3258']",3258,"['39894', '17291', '3258', '1261', '80522']"
"[0, 6]","[15, 28]","['59474', '75880', '43375', '43036', '38548']",38548,"['38548', '59474', '75880', '43036', '43375']"
"[18, 25]","[14, 7]","['73827', '3282', '25711', '62071', '51393']",51393,"['25711', '73827', '62071', '51393', '3282']"
"[0, 7]","[7, 1]","['10984', '66807', '72266', '15613', '16951']",16951,"['66807', '10984', '16951', '72266', '15613']"
"[5, 22]","[9, 4]","['77349', '40863', '57572', '7217', '80219']",80219,"['77349', '40863', '7217', '57572', '80219']"
"[3, 21]","[19, 25]","['47060', '53064', '57272', '14038', '59747']",59747,"['53064', '14038', '57272', '47060', '59747']"
"[7, 20]","[19, 18]","['54372', '2425', '55305', '2277', '36535']",36535,"['2277', '55305', '36535', '2425', '54372']"
"[3, 16]","[7, 3]","['56017', '63317', '177', '59100', '64781']",64781,"['177', '56017', '64781', '63317', '59100']"
"[3, 21]","[19, 18]","['14038', '53064', '42206', '47060', '55086']",55086,"['47060', '55086', '53064', '42206', '14038']"
"[9, 3]","[19, 14]","['9662', '74662', '14914', '1268', '64729']",64729,"['1268', '9662', '14914', '74662', '64729']"
"[0, 6]","[19, 25]","['75880', '49395', '43036', '59474', '33749']",33749,"['33749', '49395', '59474', '75880', '43036']"
"[19, 10]","[17, 5]","['25168', '73023', '55791', '25618', '50221']",50221,"['25168', '73023', '55791', '25618', '50221']"
"[14, 8]","[17, 18]","['40877', '39691', '28732', '28694', '21408']",21408,"['40877', '39691', '28732', '28694', '21408']"
"[19, 10]","[7, 20]","['73023', '55791', '21540', '25618', '55305']",55305,"['55305', '25618', '55791', '21540', '73023']"
"[19, 18]","[14, 9]","['41277', '74633', '58616', '49556', '26678']",26678,"['49556', '41277', '58616', '26678', '74633']"
"[18, 25]","[5, 22]","['62071', '3282', '73827', '4132', '77349']",77349,"['4132', '77349', '73827', '62071', '3282']"
"[7, 20]","[18, 25]","['2277', '55305', '2425', '54372', '62071']",62071,"['55305', '62071', '2277', '2425', '54372']"
"[9, 11]","[3, 17]","['41897', '335', '30907', '61914', '12043']",12043,"['12043', '41897', '61914', '335', '30907']"
"[0, 0]","[7, 20]","['14834', '8176', '78009', '28082', '54372']",54372,"['28082', '78009', '14834', '8176', '54372']"
"[19, 10]","[3, 21]","['73023', '55791', '21540', '25168', '57272']",57272,"['55791', '21540', '25168', '73023', '57272']"
"[19, 5]","[9, 11]","['72346', '59952', '32569', '76431', '78534']",78534,"['32569', '78534', '72346', '76431', '59952']"
"[3, 21]","[7, 1]","['57272', '53064', '14038', '42206', '12376']",12376,"['42206', '12376', '57272', '14038', '53064']"
"[19, 28]","[17, 21]","['52721', '55589', '42272', '40111', '40487']",40487,"['40487', '55589', '52721', '40111', '42272']"
"[7, 22]","[9, 3]","['23132', '79411', '31113', '40679', '64671']",64671,"['31113', '23132', '40679', '64671', '79411']"
"[19, 8]","[3, 3]","['71082', '19346', '36396', '6777', '72700']",72700,"['19346', '71082', '6777', '36396', '72700']"
"[19, 18]","[0, 14]","['41277', '29042', '74633', '55086', '75707']",75707,"['29042', '75707', '74633', '55086', '41277']"
"[3, 17]","[14, 8]","['64047', '53579', '54792', '38478', '28694']",28694,"['38478', '28694', '54792', '64047', '53579']"
"[18, 23]","[19, 25]","['12104', '32105', '64148', '6216', '33749']",33749,"['6216', '12104', '64148', '33749', '32105']"
"[0, 7]","[3, 26]","['72266', '65801', '10984', '66807', '50906']",50906,"['50906', '66807', '72266', '65801', '10984']"
"[3, 7]","[9, 4]","['37907', '73164', '19992', '30859', '79413']",79413,"['37907', '73164', '30859', '19992', '79413']"
"[19, 10]","[3, 4]","['25168', '73023', '55791', '25618', '20671']",20671,"['73023', '25618', '25168', '55791', '20671']"
"[5, 4]","[3, 12]","['27706', '51114', '63485', '35725', '1181']",1181,"['1181', '27706', '51114', '35725', '63485']"
"[0, 2]","[3, 21]","['67465', '62759', '43995', '27625', '42206']",42206,"['42206', '62759', '43995', '27625', '67465']"
"[19, 8]","[17, 21]","['36396', '6777', '19346', '71082', '62454']",62454,"['36396', '71082', '6777', '19346', '62454']"
"[7, 20]","[4, 27]","['54372', '2277', '2425', '55305', '5222']",5222,"['5222', '2425', '2277', '54372', '55305']"
"[0, 24]","[19, 8]","['48780', '74418', '31926', '37989', '19346']",19346,"['19346', '74418', '37989', '31926', '48780']"
"[5, 4]","[15, 21]","['53032', '62609', '51114', '63485', '13497']",13497,"['62609', '51114', '63485', '13497', '53032']"
"[0, 6]","[17, 18]","['25447', '49395', '59474', '41154', '46660']",46660,"['59474', '25447', '49395', '46660', '41154']"
"[7, 3]","[3, 26]","['75828', '52457', '64781', '61767', '1064']",1064,"['61767', '64781', '75828', '52457', '1064']"
"[14, 7]","[3, 5]","['77045', '51393', '25607', '67483', '64']",64,"['51393', '25607', '67483', '64', '77045']"
"[19, 8]","[9, 4]","['36396', '71082', '6777', '19346', '79413']",79413,"['6777', '19346', '79413', '36396', '71082']"
"[5, 4]","[3, 17]","['53032', '2004', '70560', '62609', '38478']",38478,"['2004', '70560', '62609', '53032', '38478']"
"[3, 7]","[7, 1]","['19992', '19796', '4286', '30859', '12421']",12421,"['19796', '19992', '12421', '4286', '30859']"
"[19, 18]","[18, 23]","['49556', '74633', '35149', '30721', '59794']",59794,"['59794', '35149', '49556', '30721', '74633']"
"[14, 8]","[7, 22]","['40877', '28694', '46039', '28732', '23132']",23132,"['46039', '40877', '23132', '28694', '28732']"
"[18, 25]","[5, 22]","['62071', '73827', '25711', '3282', '57572']",57572,"['3282', '25711', '57572', '62071', '73827']"
"[14, 8]","[5, 22]","['40877', '28732', '39691', '28694', '7217']",7217,"['39691', '28694', '7217', '28732', '40877']"
"[19, 8]","[4, 27]","['71082', '19346', '36396', '6777', '5222']",5222,"['19346', '36396', '71082', '6777', '5222']"
"[5, 29]","[19, 5]","['55950', '57316', '52548', '21765', '32569']",32569,"['55950', '52548', '57316', '21765', '32569']"
"[18, 23]","[5, 19]","['72365', '25667', '42151', '64148', '51211']",51211,"['64148', '25667', '51211', '72365', '42151']"
"[5, 29]","[3, 16]","['55950', '51743', '18711', '57316', '11746']",11746,"['18711', '51743', '11746', '57316', '55950']"
"[19, 13]","[3, 12]","['43396', '43324', '37914', '26354', '20968']",20968,"['43396', '20968', '37914', '43324', '26354']"
"[5, 22]","[19, 14]","['48795', '57572', '7217', '77349', '26372']",26372,"['57572', '7217', '48795', '77349', '26372']"
"[0, 0]","[19, 5]","['14834', '8176', '78009', '28082', '59952']",59952,"['59952', '78009', '8176', '28082', '14834']"
"[3, 16]","[0, 7]","['63317', '177', '11746', '56017', '10984']",10984,"['11746', '10984', '63317', '177', '56017']"
"[0, 14]","[3, 16]","['39894', '75707', '42604', '37963', '56017']",56017,"['56017', '75707', '42604', '39894', '37963']"
"[19, 13]","[14, 8]","['37914', '26354', '35479', '43396', '46039']",46039,"['26354', '46039', '37914', '35479', '43396']"
"[19, 18]","[14, 8]","['55086', '30721', '36535', '74633', '28694']",28694,"['30721', '28694', '55086', '36535', '74633']"
"[0, 7]","[3, 17]","['15613', '66807', '10984', '72266', '38478']",38478,"['38478', '66807', '10984', '72266', '15613']"
"[15, 13]","[18, 23]","['42684', '68970', '25079', '53137', '26755']",26755,"['26755', '68970', '42684', '25079', '53137']"
"[3, 5]","[7, 3]","['64', '12162', '74226', '63514', '75828']",75828,"['63514', '12162', '74226', '75828', '64']"
"[3, 3]","[7, 20]","['10017', '72700', '10131', '22487', '2425']",2425,"['10131', '10017', '22487', '2425', '72700']"
"[4, 27]","[14, 9]","['5222', '77515', '12888', '70239', '6508']",6508,"['6508', '5222', '77515', '12888', '70239']"
"[19, 14]","[0, 2]","['72517', '64729', '26703', '26372', '70440']",70440,"['72517', '26703', '26372', '70440', '64729']"
"[3, 21]","[19, 14]","['53064', '42206', '14038', '57272', '64729']",64729,"['14038', '64729', '42206', '53064', '57272']"
"[19, 28]","[15, 21]","['40111', '52721', '23197', '42272', '13497']",13497,"['23197', '52721', '40111', '42272', '13497']"
"[3, 7]","[17, 18]","['19992', '37907', '4286', '30859', '21543']",21543,"['21543', '4286', '37907', '30859', '19992']"
"[9, 4]","[3, 7]","['79413', '80219', '50510', '64614', '73164']",73164,"['73164', '50510', '80219', '64614', '79413']"
"[15, 28]","[5, 19]","['23274', '3258', '10526', '38548', '35619']",35619,"['23274', '35619', '38548', '10526', '3258']"
"[3, 7]","[7, 3]","['19992', '73164', '37907', '4286', '75828']",75828,"['37907', '75828', '73164', '19992', '4286']"
"[3, 16]","[0, 14]","['59100', '11746', '177', '63317', '1261']",1261,"['59100', '1261', '11746', '177', '63317']"
"[0, 7]","[14, 9]","['72266', '65801', '66807', '10984', '26506']",26506,"['26506', '66807', '65801', '72266', '10984']"
"[15, 21]","[5, 19]","['20839', '13497', '3384', '7489', '49189']",49189,"['7489', '20839', '3384', '13497', '49189']"
"[19, 8]","[3, 21]","['71082', '19346', '36396', '6777', '47060']",47060,"['36396', '6777', '19346', '47060', '71082']"
"[5, 22]","[19, 14]","['48795', '77349', '40863', '57572', '72517']",72517,"['48795', '57572', '77349', '40863', '72517']"
"[0, 2]","[7, 1]","['9836', '9639', '51831', '45218', '17550']",17550,"['45218', '9639', '9836', '17550', '51831']"
"[3, 17]","[9, 26]","['53579', '33084', '64047', '54792', '23716']",23716,"['33084', '64047', '53579', '54792', '23716']"
"[0, 14]","[19, 5]","['17291', '39894', '42604', '75707', '72346']",72346,"['42604', '39894', '17291', '72346', '75707']"
"[19, 18]","[18, 23]","['55086', '35149', '49556', '74633', '42151']",42151,"['55086', '49556', '74633', '42151', '35149']"
"[7, 1]","[3, 12]","['12376', '8109', '10825', '12421', '20968']",20968,"['20968', '8109', '10825', '12421', '12376']"
"[0, 6]","[3, 16]","['49395', '59474', '25447', '43036', '56017']",56017,"['59474', '25447', '43036', '56017', '49395']"
"[18, 23]","[3, 4]","['6216', '72978', '26052', '78682', '35787']",35787,"['78682', '35787', '72978', '26052', '6216']"
"[5, 4]","[3, 26]","['62609', '63485', '70560', '27706', '32729']",32729,"['27706', '63485', '70560', '32729', '62609']"
"[5, 4]","[15, 17]","['70560', '53032', '63485', '51114', '1225']",1225,"['53032', '63485', '51114', '1225', '70560']"
"[3, 28]","[9, 3]","['42226', '73823', '8257', '55090', '9662']",9662,"['42226', '9662', '8257', '73823', '55090']"
"[0, 7]","[19, 28]","['66807', '72266', '15613', '10984', '55589']",55589,"['10984', '72266', '15613', '66807', '55589']"
"[19, 18]","[0, 0]","['29042', '41277', '58616', '35149', '78009']",78009,"['58616', '78009', '29042', '41277', '35149']"
"[3, 28]","[0, 6]","['55090', '12683', '73823', '42226', '59474']",59474,"['42226', '59474', '12683', '73823', '55090']"
"[0, 14]","[19, 18]","['1261', '37963', '75707', '80522', '35149']",35149,"['80522', '37963', '75707', '35149', '1261']"
"[0, 14]","[7, 20]","['80522', '75707', '42604', '37963', '54372']",54372,"['80522', '75707', '42604', '54372', '37963']"
"[14, 8]","[3, 16]","['28732', '46039', '40877', '28694', '59100']",59100,"['40877', '59100', '46039', '28694', '28732']"
"[0, 14]","[15, 13]","['37963', '17291', '39894', '42604', '34763']",34763,"['37963', '42604', '39894', '34763', '17291']"
"[3, 3]","[0, 14]","['10131', '22002', '30004', '72700', '1261']",1261,"['10131', '30004', '1261', '72700', '22002']"
"[9, 3]","[19, 28]","['64671', '9662', '1268', '74662', '23197']",23197,"['1268', '9662', '23197', '64671', '74662']"
"[19, 10]","[18, 25]","['25618', '73023', '21540', '25168', '62071']",62071,"['73023', '25168', '21540', '62071', '25618']"
"[7, 3]","[9, 11]","['52457', '64781', '61767', '75828', '61914']",61914,"['75828', '64781', '52457', '61914', '61767']"
"[0, 14]","[3, 28]","['17291', '80522', '42604', '1261', '12683']",12683,"['12683', '17291', '80522', '1261', '42604']"
"[0, 24]","[14, 9]","['48780', '74418', '37989', '31926', '14102']",14102,"['14102', '48780', '31926', '37989', '74418']"
"[14, 7]","[7, 1]","['67483', '77045', '38835', '51393', '3536']",3536,"['3536', '67483', '38835', '77045', '51393']"
"[9, 4]","[0, 2]","['50510', '80219', '64614', '79413', '67465']",67465,"['50510', '79413', '67465', '64614', '80219']"
"[19, 18]","[5, 4]","['29042', '58616', '30721', '35149', '35725']",35725,"['35725', '58616', '30721', '35149', '29042']"
"[17, 21]","[9, 11]","['62549', '9795', '40487', '62454', '61914']",61914,"['62454', '62549', '40487', '9795', '61914']"
"[19, 18]","[7, 3]","['35149', '58616', '29042', '55086', '64781']",64781,"['64781', '29042', '55086', '35149', '58616']"
"[19, 5]","[0, 24]","['72346', '32569', '76431', '63902', '31926']",31926,"['72346', '32569', '63902', '31926', '76431']"
"[7, 3]","[3, 28]","['52457', '61767', '75828', '64781', '73823']",73823,"['75828', '73823', '52457', '64781', '61767']"
"[7, 22]","[9, 11]","['40679', '79411', '23132', '31113', '61914']",61914,"['23132', '31113', '79411', '61914', '40679']"
"[14, 9]","[17, 21]","['39708', '14102', '26678', '26506', '9795']",9795,"['39708', '26506', '26678', '14102', '9795']"
"[3, 4]","[7, 20]","['11039', '9383', '20671', '35787', '2425']",2425,"['2425', '35787', '20671', '9383', '11039']"
"[3, 3]","[9, 4]","['30004', '22002', '72700', '22487', '79413']",79413,"['79413', '72700', '22487', '30004', '22002']"
"[19, 28]","[7, 22]","['42272', '40111', '43363', '55589', '79411']",79411,"['55589', '43363', '40111', '79411', '42272']"
"[0, 24]","[19, 14]","['74418', '37989', '31926', '48780', '26372']",26372,"['48780', '26372', '74418', '31926', '37989']"
"[3, 16]","[17, 21]","['59100', '63317', '177', '56017', '62549']",62549,"['63317', '59100', '56017', '177', '62549']"
"[9, 11]","[0, 6]","['4186', '30907', '335', '52758', '75880']",75880,"['75880', '4186', '30907', '335', '52758']"
"[15, 28]","[5, 22]","['38548', '10526', '3258', '23274', '48795']",48795,"['38548', '10526', '3258', '23274', '48795']"
"[17, 21]","[19, 14]","['69704', '62454', '78147', '9795', '26372']",26372,"['26372', '78147', '9795', '69704', '62454']"
"[9, 26]","[7, 20]","['6759', '50181', '7474', '27788', '2277']",2277,"['27788', '6759', '50181', '2277', '7474']"
"[3, 28]","[9, 26]","['42226', '73823', '55090', '12683', '27788']",27788,"['12683', '55090', '27788', '42226', '73823']"
"[3, 4]","[7, 22]","['11039', '9383', '35787', '20671', '79411']",79411,"['9383', '11039', '79411', '20671', '35787']"
"[0, 2]","[19, 18]","['28242', '67842', '80744', '9639', '30721']",30721,"['67842', '80744', '30721', '28242', '9639']"
"[9, 4]","[15, 28]","['80219', '64614', '50510', '79413', '23274']",23274,"['23274', '64614', '50510', '80219', '79413']"
"[19, 28]","[17, 18]","['40111', '43363', '52721', '55589', '46660']",46660,"['55589', '43363', '52721', '46660', '40111']"
"[3, 7]","[18, 25]","['19796', '4286', '19992', '30859', '62071']",62071,"['30859', '62071', '4286', '19992', '19796']"
"[5, 29]","[19, 28]","['51743', '55950', '57316', '21765', '43363']",43363,"['55950', '51743', '57316', '43363', '21765']"
"[19, 25]","[3, 3]","['59747', '26994', '74532', '47247', '72700']",72700,"['26994', '74532', '59747', '47247', '72700']"
"[3, 21]","[14, 8]","['53064', '57272', '14038', '47060', '40877']",40877,"['53064', '57272', '40877', '14038', '47060']"
"[0, 24]","[17, 18]","['48780', '37989', '31926', '74418', '70105']",70105,"['70105', '31926', '37989', '48780', '74418']"
"[19, 13]","[3, 28]","['26354', '43324', '37914', '42612', '12683']",12683,"['42612', '12683', '43324', '26354', '37914']"
"[15, 21]","[7, 3]","['3384', '13497', '7489', '20839', '64781']",64781,"['64781', '20839', '3384', '7489', '13497']"
"[9, 3]","[7, 1]","['14914', '64671', '1268', '74662', '16951']",16951,"['1268', '16951', '74662', '64671', '14914']"
"[0, 2]","[3, 17]","['9836', '70440', '80744', '48095', '33084']",33084,"['48095', '80744', '33084', '70440', '9836']"
"[9, 4]","[3, 16]","['80219', '64614', '79413', '50510', '59100']",59100,"['79413', '50510', '59100', '64614', '80219']"
"[14, 7]","[9, 3]","['51393', '38835', '25607', '77045', '64671']",64671,"['64671', '25607', '77045', '38835', '51393']"
"[19, 5]","[5, 22]","['59952', '72346', '63902', '76431', '77349']",77349,"['63902', '77349', '59952', '72346', '76431']"
"[9, 4]","[3, 12]","['64614', '80219', '50510', '79413', '37955']",37955,"['50510', '37955', '79413', '64614', '80219']"
"[3, 26]","[7, 20]","['40031', '1064', '19246', '50906', '2425']",2425,"['1064', '19246', '40031', '2425', '50906']"
"[5, 29]","[3, 5]","['57316', '18711', '52548', '55950', '12162']",12162,"['52548', '18711', '55950', '57316', '12162']"
"[9, 26]","[7, 1]","['6759', '7474', '27788', '50181', '8109']",8109,"['6759', '50181', '8109', '7474', '27788']"
"[3, 26]","[18, 23]","['72586', '18887', '9147', '68096', '48306']",48306,"['9147', '68096', '72586', '48306', '18887']"
"[3, 7]","[4, 27]","['19796', '4286', '19992', '30859', '5222']",5222,"['4286', '19796', '5222', '19992', '30859']"
"[18, 23]","[3, 5]","['26755', '6216', '72365', '72978', '12162']",12162,"['12162', '6216', '72365', '72978', '26755']"
"[3, 12]","[14, 9]","['37955', '20968', '1181', '27821', '14102']",14102,"['37955', '14102', '1181', '20968', '27821']"
"[5, 29]","[19, 14]","['57316', '18711', '55950', '21765', '26372']",26372,"['21765', '18711', '57316', '55950', '26372']"
"[17, 21]","[5, 4]","['62549', '62454', '9795', '69704', '2004']",2004,"['2004', '62549', '69704', '9795', '62454']"
"[0, 14]","[15, 13]","['39894', '42604', '80522', '37963', '68970']",68970,"['42604', '37963', '80522', '39894', '68970']"
"[9, 26]","[17, 18]","['50181', '27788', '6759', '23716', '51240']",51240,"['6759', '23716', '51240', '50181', '27788']"
"[7, 3]","[14, 7]","['75828', '64781', '52457', '61767', '38835']",38835,"['64781', '38835', '75828', '61767', '52457']"
"[19, 18]","[9, 3]","['74633', '30721', '41277', '29042', '1268']",1268,"['74633', '1268', '29042', '41277', '30721']"
"[17, 21]","[19, 10]","['62454', '62549', '40487', '78147', '25168']",25168,"['25168', '62454', '78147', '40487', '62549']"
"[19, 10]","[3, 3]","['25168', '73023', '55791', '25618', '10017']",10017,"['25618', '73023', '10017', '55791', '25168']"
"[19, 25]","[15, 21]","['59747', '33749', '26994', '74532', '3384']",3384,"['33749', '3384', '59747', '26994', '74532']"
"[0, 24]","[3, 21]","['37989', '31926', '74418', '48780', '14038']",14038,"['48780', '37989', '14038', '74418', '31926']"
"[19, 28]","[3, 17]","['52721', '40111', '43363', '23197', '54792']",54792,"['54792', '52721', '23197', '43363', '40111']"
"[0, 6]","[19, 5]","['43036', '49395', '43375', '41154', '63902']",63902,"['49395', '41154', '43375', '43036', '63902']"
"[3, 26]","[14, 9]","['19246', '9147', '18887', '72586', '6508']",6508,"['18887', '6508', '19246', '72586', '9147']"
"[19, 10]","[3, 17]","['73023', '21540', '25168', '55791', '64047']",64047,"['73023', '25168', '55791', '21540', '64047']"
"[19, 13]","[3, 28]","['43396', '37914', '26354', '35479', '73823']",73823,"['43396', '35479', '37914', '26354', '73823']"
"[3, 3]","[7, 1]","['22487', '72700', '10131', '994', '8109']",8109,"['22487', '8109', '994', '72700', '10131']"
"[15, 28]","[0, 7]","['38548', '10526', '3258', '67905', '65801']",65801,"['67905', '38548', '3258', '10526', '65801']"
"[18, 25]","[15, 21]","['25711', '3282', '4132', '73827', '7489']",7489,"['73827', '4132', '3282', '7489', '25711']"
"[3, 5]","[7, 22]","['74226', '64', '12162', '63514', '40679']",40679,"['74226', '40679', '64', '12162', '63514']"
"[5, 4]","[9, 11]","['51114', '27706', '2004', '70560', '15606']",15606,"['70560', '2004', '51114', '27706', '15606']"
"[9, 11]","[15, 17]","['30907', '335', '78534', '41897', '1225']",1225,"['30907', '1225', '41897', '78534', '335']"
"[19, 25]","[15, 21]","['59747', '47247', '26994', '74532', '7489']",7489,"['26994', '74532', '47247', '59747', '7489']"
"[0, 0]","[3, 7]","['28082', '8176', '78009', '14834', '30859']",30859,"['14834', '30859', '28082', '78009', '8176']"
"[19, 8]","[3, 12]","['6777', '71082', '36396', '19346', '27821']",27821,"['19346', '6777', '27821', '36396', '71082']"
"[19, 18]","[7, 20]","['41277', '29042', '36535', '35149', '2277']",2277,"['29042', '36535', '35149', '2277', '41277']"
"[19, 13]","[3, 26]","['26354', '37914', '35479', '43396', '49864']",49864,"['43396', '26354', '49864', '37914', '35479']"
"[15, 21]","[7, 3]","['20839', '13497', '7489', '3384', '52457']",52457,"['13497', '7489', '20839', '3384', '52457']"
"[19, 13]","[0, 24]","['26354', '43324', '42612', '37914', '37989']",37989,"['43324', '37989', '26354', '37914', '42612']"
"[14, 9]","[18, 25]","['40550', '6508', '14102', '26678', '73827']",73827,"['6508', '26678', '14102', '73827', '40550']"
"[5, 22]","[19, 5]","['48795', '7217', '40863', '77349', '59952']",59952,"['77349', '40863', '48795', '7217', '59952']"
"[15, 17]","[9, 4]","['11908', '60915', '47834', '1225', '64614']",64614,"['1225', '47834', '11908', '60915', '64614']"
"[17, 21]","[9, 4]","['69704', '78147', '62549', '40487', '64614']",64614,"['62549', '64614', '40487', '69704', '78147']"
"[5, 4]","[17, 18]","['2004', '62609', '63485', '51114', '21408']",21408,"['2004', '62609', '21408', '63485', '51114']"
"[3, 26]","[9, 4]","['1064', '49864', '18887', '32729', '80219']",80219,"['80219', '32729', '1064', '18887', '49864']"
"[3, 16]","[7, 1]","['59100', '177', '11746', '63317', '53652']",53652,"['11746', '53652', '177', '59100', '63317']"
"[19, 14]","[7, 20]","['72517', '26703', '26372', '64729', '54372']",54372,"['72517', '26372', '54372', '26703', '64729']"
"[3, 5]","[5, 4]","['63514', '64', '12162', '74226', '62609']",62609,"['12162', '63514', '64', '74226', '62609']"
"[0, 0]","[19, 14]","['8176', '78009', '28082', '14834', '26372']",26372,"['26372', '14834', '28082', '8176', '78009']"
"[19, 10]","[5, 22]","['25168', '73023', '25618', '55791', '7217']",7217,"['7217', '55791', '73023', '25168', '25618']"
"[9, 11]","[3, 5]","['52758', '78534', '30907', '4186', '12162']",12162,"['78534', '52758', '4186', '12162', '30907']"
"[19, 18]","[9, 11]","['30721', '41277', '36535', '49556', '4186']",4186,"['49556', '41277', '30721', '4186', '36535']"
"[9, 3]","[19, 18]","['64671', '1268', '74662', '9662', '29042']",29042,"['64671', '9662', '74662', '29042', '1268']"
"[0, 14]","[19, 5]","['75707', '80522', '39894', '1261', '63902']",63902,"['39894', '80522', '75707', '63902', '1261']"
"[3, 7]","[4, 27]","['19796', '4286', '19992', '73164', '77515']",77515,"['4286', '19796', '19992', '73164', '77515']"
"[14, 7]","[3, 3]","['38835', '51393', '25607', '77045', '22002']",22002,"['22002', '25607', '38835', '51393', '77045']"
"[19, 18]","[0, 2]","['36535', '30721', '29042', '58616', '43995']",43995,"['29042', '30721', '58616', '43995', '36535']"
"[17, 18]","[3, 21]","['66316', '21408', '46660', '31693', '14038']",14038,"['46660', '14038', '31693', '21408', '66316']"
"[7, 3]","[0, 7]","['61767', '75828', '52457', '64781', '65801']",65801,"['61767', '52457', '64781', '75828', '65801']"
"[14, 8]","[15, 28]","['40877', '46039', '39691', '28694', '3258']",3258,"['40877', '28694', '3258', '46039', '39691']"
"[3, 26]","[0, 2]","['18887', '72586', '19246', '9147', '63508']",63508,"['19246', '72586', '9147', '18887', '63508']"
"[19, 8]","[0, 0]","['19346', '71082', '6777', '36396', '8176']",8176,"['36396', '8176', '19346', '6777', '71082']"
"[0, 7]","[17, 18]","['72266', '15613', '10984', '65801', '31693']",31693,"['15613', '10984', '72266', '31693', '65801']"
"[0, 7]","[9, 11]","['10984', '15613', '72266', '65801', '41897']",41897,"['15613', '72266', '10984', '65801', '41897']"
"[3, 7]","[18, 23]","['30859', '4286', '73164', '19992', '64148']",64148,"['30859', '73164', '64148', '4286', '19992']"
"[0, 7]","[19, 28]","['10984', '65801', '15613', '72266', '55589']",55589,"['10984', '65801', '72266', '55589', '15613']"
"[9, 26]","[19, 14]","['23716', '50181', '27788', '7474', '72517']",72517,"['72517', '50181', '27788', '7474', '23716']"
"[0, 0]","[7, 22]","['78009', '28082', '14834', '8176', '40679']",40679,"['40679', '8176', '78009', '28082', '14834']"
"[9, 26]","[15, 28]","['27788', '23716', '50181', '7474', '3258']",3258,"['7474', '50181', '27788', '3258', '23716']"
"[5, 29]","[0, 6]","['21765', '52548', '51743', '18711', '49395']",49395,"['52548', '51743', '49395', '21765', '18711']"
"[14, 7]","[19, 5]","['38835', '25607', '51393', '67483', '76431']",76431,"['25607', '38835', '67483', '51393', '76431']"
"[3, 4]","[19, 18]","['9383', '20671', '35787', '11039', '29042']",29042,"['35787', '29042', '20671', '11039', '9383']"
"[3, 26]","[19, 14]","['68096', '40031', '49864', '19246', '72517']",72517,"['49864', '72517', '40031', '68096', '19246']"
"[0, 7]","[5, 22]","['15613', '72266', '10984', '66807', '40863']",40863,"['66807', '10984', '40863', '15613', '72266']"
"[15, 13]","[0, 2]","['24364', '42684', '25079', '53137', '60860']",60860,"['53137', '25079', '24364', '42684', '60860']"
"[9, 11]","[0, 6]","['335', '15606', '41897', '78534', '41154']",41154,"['41897', '335', '15606', '41154', '78534']"
"[5, 19]","[15, 17]","['53655', '77183', '49189', '10743', '60915']",60915,"['53655', '49189', '10743', '77183', '60915']"
"[15, 13]","[7, 20]","['25079', '20590', '42684', '53137', '2277']",2277,"['42684', '25079', '53137', '20590', '2277']"
"[5, 22]","[7, 3]","['48795', '57572', '40863', '77349', '75828']",75828,"['40863', '48795', '57572', '75828', '77349']"
"[14, 8]","[15, 13]","['40877', '28732', '46039', '39691', '20590']",20590,"['46039', '20590', '39691', '40877', '28732']"
"[5, 4]","[19, 8]","['35725', '2004', '53032', '27706', '19346']",19346,"['19346', '53032', '2004', '35725', '27706']"
"[19, 10]","[3, 3]","['21540', '25168', '25618', '55791', '72700']",72700,"['72700', '55791', '25618', '21540', '25168']"
"[3, 26]","[19, 10]","['49864', '34449', '11033', '19246', '25618']",25618,"['19246', '11033', '25618', '49864', '34449']"
"[17, 5]","[19, 8]","['7913', '72055', '50221', '33045', '19346']",19346,"['50221', '72055', '7913', '33045', '19346']"
"[9, 11]","[3, 4]","['52758', '15606', '61914', '4186', '20671']",20671,"['20671', '15606', '52758', '61914', '4186']"
"[15, 17]","[18, 23]","['60915', '1225', '47834', '11908', '78682']",78682,"['60915', '1225', '78682', '47834', '11908']"
"[15, 17]","[14, 9]","['11908', '1225', '47834', '60915', '39708']",39708,"['39708', '47834', '11908', '1225', '60915']"
"[7, 22]","[14, 7]","['31113', '79411', '40679', '23132', '25607']",25607,"['23132', '79411', '31113', '25607', '40679']"
"[18, 25]","[19, 10]","['73827', '3282', '62071', '4132', '25168']",25168,"['62071', '4132', '73827', '25168', '3282']"
"[17, 21]","[4, 27]","['62454', '78147', '40487', '9795', '5222']",5222,"['78147', '40487', '5222', '62454', '9795']"
"[0, 24]","[17, 18]","['31926', '48780', '74418', '37989', '31693']",31693,"['31693', '31926', '74418', '48780', '37989']"
"[14, 9]","[7, 1]","['40550', '14102', '26506', '6508', '3536']",3536,"['6508', '26506', '40550', '14102', '3536']"
"[17, 21]","[3, 26]","['9795', '62454', '62549', '40487', '34449']",34449,"['40487', '34449', '62454', '9795', '62549']"
"[5, 19]","[19, 14]","['49189', '63077', '53655', '54232', '72517']",72517,"['72517', '63077', '54232', '49189', '53655']"
"[3, 4]","[19, 13]","['20671', '11039', '35787', '9383', '43324']",43324,"['11039', '20671', '9383', '43324', '35787']"
"[15, 17]","[14, 7]","['1225', '47834', '60915', '11908', '38835']",38835,"['47834', '1225', '38835', '60915', '11908']"
"[0, 14]","[19, 10]","['37963', '75707', '39894', '80522', '55791']",55791,"['55791', '37963', '39894', '75707', '80522']"
"[17, 5]","[19, 25]","['72055', '33045', '7913', '50221', '47247']",47247,"['47247', '33045', '72055', '7913', '50221']"
"[9, 26]","[15, 28]","['50181', '23716', '7474', '6759', '67905']",67905,"['6759', '50181', '67905', '23716', '7474']"
"[19, 14]","[17, 18]","['26703', '64729', '72517', '26372', '6955']",6955,"['6955', '72517', '26372', '64729', '26703']"
"[3, 26]","[19, 25]","['49864', '9147', '34449', '1064', '26994']",26994,"['34449', '49864', '9147', '26994', '1064']"
"[3, 28]","[17, 18]","['12683', '42226', '73823', '55090', '66935']",66935,"['73823', '55090', '12683', '66935', '42226']"
"[19, 28]","[3, 17]","['52721', '40111', '42272', '23197', '12043']",12043,"['23197', '42272', '52721', '12043', '40111']"
"[9, 4]","[15, 28]","['64614', '79413', '50510', '80219', '67905']",67905,"['67905', '79413', '50510', '80219', '64614']"
"[19, 10]","[15, 13]","['21540', '25168', '73023', '55791', '53137']",53137,"['73023', '25168', '53137', '55791', '21540']"
"[14, 7]","[9, 3]","['38835', '51393', '77045', '25607', '14914']",14914,"['51393', '14914', '38835', '77045', '25607']"
"[0, 2]","[15, 13]","['27625', '28242', '59390', '44145', '68970']",68970,"['27625', '28242', '59390', '68970', '44145']"
"[15, 13]","[5, 22]","['53137', '34763', '24364', '68970', '48795']",48795,"['53137', '68970', '34763', '24364', '48795']"
"[17, 18]","[3, 21]","['6955', '21543', '21408', '66935', '14038']",14038,"['14038', '21408', '66935', '21543', '6955']"
"[0, 2]","[14, 7]","['67465', '43629', '43995', '27625', '25607']",25607,"['43629', '27625', '43995', '67465', '25607']"
"[7, 20]","[3, 21]","['2425', '55305', '54372', '2277', '53064']",53064,"['2425', '2277', '55305', '53064', '54372']"
"[7, 22]","[3, 3]","['31113', '23132', '40679', '79411', '22002']",22002,"['23132', '22002', '40679', '31113', '79411']"
"[19, 14]","[17, 21]","['26703', '72517', '26372', '64729', '69704']",69704,"['69704', '72517', '26703', '26372', '64729']"
"[5, 4]","[3, 28]","['62609', '35725', '63485', '53032', '42226']",42226,"['35725', '62609', '42226', '53032', '63485']"
"[0, 24]","[3, 28]","['48780', '74418', '37989', '31926', '42226']",42226,"['74418', '37989', '48780', '42226', '31926']"
"[5, 22]","[3, 26]","['57572', '48795', '7217', '40863', '50906']",50906,"['7217', '40863', '50906', '48795', '57572']"
"[19, 10]","[15, 17]","['73023', '25168', '55791', '21540', '11908']",11908,"['25168', '55791', '11908', '21540', '73023']"
"[0, 14]","[17, 18]","['37963', '39894', '1261', '75707', '51240']",51240,"['51240', '75707', '39894', '37963', '1261']"
"[0, 2]","[17, 5]","['67465', '60860', '62759', '70440', '72055']",72055,"['60860', '72055', '70440', '62759', '67465']"
"[7, 1]","[14, 9]","['16951', '8109', '3536', '10825', '39708']",39708,"['39708', '8109', '3536', '16951', '10825']"
"[3, 4]","[5, 22]","['11039', '35787', '9383', '20671', '57572']",57572,"['35787', '20671', '57572', '11039', '9383']"
"[7, 22]","[19, 5]","['31113', '23132', '79411', '40679', '17017']",17017,"['17017', '31113', '79411', '23132', '40679']"
"[15, 28]","[7, 1]","['10526', '3258', '38548', '23274', '12376']",12376,"['10526', '38548', '3258', '12376', '23274']"
"[7, 22]","[19, 28]","['40679', '31113', '79411', '23132', '40111']",40111,"['79411', '31113', '23132', '40679', '40111']"
"[7, 20]","[3, 5]","['54372', '55305', '2425', '2277', '74226']",74226,"['2425', '74226', '54372', '55305', '2277']"
"[3, 21]","[19, 5]","['57272', '53064', '42206', '47060', '32569']",32569,"['47060', '42206', '57272', '32569', '53064']"
"[7, 1]","[0, 24]","['12376', '17550', '3536', '53652', '37989']",37989,"['17550', '3536', '53652', '37989', '12376']"
"[3, 3]","[0, 7]","['994', '22002', '10017', '72700', '10984']",10984,"['10984', '72700', '994', '10017', '22002']"
"[3, 4]","[0, 14]","['11039', '9383', '20671', '35787', '37963']",37963,"['37963', '35787', '20671', '9383', '11039']"
"[19, 13]","[7, 22]","['43324', '35479', '42612', '43396', '79411']",79411,"['43396', '43324', '42612', '35479', '79411']"
"[0, 14]","[3, 7]","['37963', '42604', '17291', '75707', '19796']",19796,"['42604', '19796', '37963', '17291', '75707']"
"[5, 29]","[0, 6]","['18711', '21765', '57316', '55950', '75880']",75880,"['18711', '75880', '21765', '57316', '55950']"
"[0, 6]","[15, 13]","['75880', '49395', '43375', '41154', '25079']",25079,"['41154', '43375', '49395', '75880', '25079']"
"[7, 22]","[15, 13]","['23132', '31113', '40679', '79411', '25079']",25079,"['25079', '31113', '40679', '23132', '79411']"
"[3, 7]","[0, 14]","['4286', '30859', '19992', '37907', '37963']",37963,"['4286', '37963', '37907', '30859', '19992']"
"[3, 7]","[5, 19]","['19992', '30859', '4286', '37907', '49189']",49189,"['49189', '37907', '4286', '19992', '30859']"
"[0, 6]","[3, 3]","['43375', '25447', '43036', '59474', '22487']",22487,"['59474', '43375', '25447', '43036', '22487']"
"[17, 21]","[0, 6]","['40487', '62454', '78147', '62549', '43375']",43375,"['62454', '78147', '62549', '40487', '43375']"
"[17, 21]","[19, 28]","['69704', '9795', '78147', '62549', '42272']",42272,"['42272', '62549', '78147', '69704', '9795']"
"[3, 16]","[18, 23]","['177', '11746', '56017', '59100', '26052']",26052,"['56017', '177', '26052', '59100', '11746']"
"[15, 21]","[0, 7]","['13497', '3384', '7489', '20839', '65801']",65801,"['7489', '65801', '20839', '3384', '13497']"
"[7, 3]","[18, 25]","['52457', '64781', '61767', '75828', '3282']",3282,"['61767', '52457', '75828', '64781', '3282']"
"[0, 2]","[15, 17]","['43629', '9836', '66847', '70440', '47834']",47834,"['70440', '43629', '9836', '47834', '66847']"
"[14, 8]","[5, 22]","['40877', '46039', '39691', '28732', '7217']",7217,"['40877', '28732', '39691', '46039', '7217']"
"[5, 29]","[7, 1]","['57316', '51743', '52548', '55950', '12376']",12376,"['55950', '52548', '12376', '57316', '51743']"
"[0, 7]","[14, 8]","['10984', '72266', '15613', '66807', '28694']",28694,"['15613', '66807', '72266', '28694', '10984']"
"[5, 29]","[17, 5]","['52548', '21765', '57316', '51743', '72055']",72055,"['51743', '57316', '72055', '52548', '21765']"
"[7, 1]","[9, 26]","['8109', '10825', '53652', '12376', '50181']",50181,"['12376', '53652', '50181', '10825', '8109']"
"[3, 5]","[19, 14]","['12162', '63514', '74226', '64', '26703']",26703,"['12162', '63514', '74226', '26703', '64']"
"[15, 28]","[5, 19]","['38548', '10526', '3258', '67905', '49189']",49189,"['3258', '67905', '49189', '10526', '38548']"
"[3, 7]","[7, 1]","['4286', '37907', '30859', '19796', '12376']",12376,"['12376', '37907', '4286', '19796', '30859']"
"[3, 17]","[19, 14]","['33084', '12043', '54792', '53579', '26703']",26703,"['33084', '54792', '53579', '26703', '12043']"
"[5, 4]","[19, 25]","['2004', '63485', '62609', '35725', '33749']",33749,"['35725', '62609', '33749', '2004', '63485']"
"[3, 7]","[14, 9]","['73164', '4286', '30859', '19992', '26678']",26678,"['26678', '19992', '73164', '4286', '30859']"
"[7, 22]","[3, 21]","['23132', '79411', '31113', '40679', '42206']",42206,"['31113', '79411', '40679', '42206', '23132']"
"[15, 13]","[9, 11]","['34763', '68970', '20590', '53137', '61914']",61914,"['34763', '53137', '20590', '61914', '68970']"
"[5, 22]","[18, 25]","['57572', '77349', '40863', '48795', '73827']",73827,"['40863', '77349', '73827', '48795', '57572']"
"[9, 26]","[18, 25]","['6759', '23716', '50181', '27788', '73827']",73827,"['50181', '27788', '6759', '73827', '23716']"
"[17, 18]","[3, 17]","['70105', '21543', '31693', '66935', '54792']",54792,"['54792', '70105', '31693', '66935', '21543']"
"[3, 17]","[7, 1]","['12043', '64047', '54792', '33084', '12421']",12421,"['54792', '64047', '12043', '33084', '12421']"
"[19, 13]","[3, 5]","['43324', '37914', '42612', '26354', '64']",64,"['43324', '42612', '64', '26354', '37914']"
"[15, 17]","[5, 19]","['11908', '47834', '60915', '1225', '60473']",60473,"['60473', '60915', '1225', '11908', '47834']"
"[14, 7]","[9, 26]","['38835', '67483', '77045', '51393', '50181']",50181,"['67483', '50181', '38835', '51393', '77045']"
"[17, 21]","[9, 11]","['9795', '62454', '40487', '62549', '4186']",4186,"['40487', '9795', '4186', '62454', '62549']"
"[15, 28]","[7, 20]","['67905', '3258', '23274', '38548', '55305']",55305,"['55305', '3258', '67905', '23274', '38548']"
"[3, 12]","[7, 3]","['37955', '27821', '1181', '20968', '64781']",64781,"['1181', '20968', '37955', '64781', '27821']"
"[0, 7]","[7, 3]","['66807', '65801', '72266', '10984', '61767']",61767,"['72266', '61767', '65801', '10984', '66807']"
"[0, 14]","[19, 25]","['37963', '42604', '1261', '80522', '26994']",26994,"['26994', '80522', '1261', '42604', '37963']"
"[3, 12]","[19, 28]","['27821', '20968', '37955', '1181', '42272']",42272,"['20968', '42272', '27821', '1181', '37955']"
"[19, 25]","[14, 9]","['47247', '74532', '26994', '59747', '40550']",40550,"['47247', '74532', '26994', '59747', '40550']"
"[0, 14]","[3, 21]","['42604', '17291', '80522', '37963', '42206']",42206,"['42206', '17291', '37963', '42604', '80522']"
"[3, 21]","[14, 9]","['14038', '42206', '53064', '47060', '6508']",6508,"['42206', '14038', '47060', '6508', '53064']"
"[0, 6]","[14, 7]","['75880', '59474', '25447', '43036', '38835']",38835,"['25447', '43036', '75880', '38835', '59474']"
"[0, 2]","[5, 4]","['62759', '80744', '43995', '54867', '62609']",62609,"['80744', '54867', '43995', '62759', '62609']"
"[9, 11]","[18, 23]","['4186', '335', '30907', '15606', '64247']",64247,"['64247', '4186', '30907', '335', '15606']"
"[9, 4]","[19, 5]","['50510', '80219', '64614', '79413', '63902']",63902,"['80219', '50510', '64614', '63902', '79413']"
"[9, 11]","[5, 22]","['335', '78534', '30907', '52758', '40863']",40863,"['30907', '335', '52758', '78534', '40863']"
"[17, 5]","[3, 16]","['33045', '7913', '50221', '72055', '11746']",11746,"['50221', '72055', '33045', '11746', '7913']"
"[18, 23]","[3, 17]","['72365', '12104', '65195', '64148', '38478']",38478,"['12104', '65195', '64148', '38478', '72365']"
"[17, 21]","[3, 3]","['69704', '62549', '62454', '40487', '72700']",72700,"['62549', '40487', '69704', '62454', '72700']"
"[15, 13]","[9, 3]","['24364', '42684', '53137', '34763', '9662']",9662,"['53137', '24364', '42684', '34763', '9662']"
"[7, 20]","[9, 11]","['55305', '54372', '2277', '2425', '15606']",15606,"['2277', '55305', '54372', '2425', '15606']"
"[17, 5]","[14, 9]","['50221', '7913', '72055', '33045', '26678']",26678,"['50221', '72055', '7913', '33045', '26678']"
"[19, 10]","[9, 3]","['25168', '21540', '25618', '55791', '9662']",9662,"['25168', '9662', '21540', '55791', '25618']"
"[0, 14]","[19, 28]","['42604', '80522', '39894', '75707', '55589']",55589,"['42604', '39894', '80522', '75707', '55589']"
"[0, 14]","[9, 4]","['1261', '75707', '42604', '17291', '64614']",64614,"['64614', '75707', '1261', '17291', '42604']"
"[17, 21]","[3, 28]","['40487', '62454', '69704', '62549', '42226']",42226,"['40487', '42226', '69704', '62549', '62454']"
"[3, 21]","[18, 23]","['14038', '47060', '53064', '42206', '64247']",64247,"['53064', '47060', '42206', '64247', '14038']"
"[15, 21]","[5, 4]","['3384', '20839', '7489', '13497', '70560']",70560,"['70560', '13497', '3384', '20839', '7489']"
"[19, 10]","[3, 4]","['55791', '25618', '73023', '25168', '11039']",11039,"['55791', '25618', '11039', '25168', '73023']"
"[19, 10]","[7, 1]","['73023', '21540', '25168', '25618', '10825']",10825,"['25168', '25618', '21540', '10825', '73023']"
"[15, 28]","[0, 7]","['10526', '38548', '3258', '67905', '66807']",66807,"['38548', '10526', '67905', '66807', '3258']"
"[3, 12]","[19, 5]","['20968', '27821', '1181', '37955', '72346']",72346,"['27821', '20968', '37955', '1181', '72346']"
"[17, 21]","[0, 14]","['40487', '69704', '78147', '62454', '75707']",75707,"['78147', '69704', '62454', '75707', '40487']"
"[4, 27]","[17, 5]","['12888', '77515', '70239', '5222', '50221']",50221,"['50221', '77515', '5222', '12888', '70239']"
"[19, 14]","[18, 23]","['72517', '64729', '26372', '26703', '25667']",25667,"['72517', '64729', '26372', '26703', '25667']"
"[0, 24]","[17, 18]","['37989', '31926', '74418', '48780', '66316']",66316,"['48780', '31926', '74418', '37989', '66316']"
"[15, 13]","[0, 7]","['24364', '53137', '34763', '20590', '65801']",65801,"['20590', '24364', '53137', '34763', '65801']"
"[3, 26]","[18, 23]","['72586', '19246', '18887', '34449', '42151']",42151,"['72586', '34449', '18887', '42151', '19246']"
"[0, 14]","[7, 22]","['80522', '75707', '37963', '42604', '23132']",23132,"['42604', '80522', '75707', '23132', '37963']"
"[18, 25]","[3, 17]","['3282', '73827', '25711', '62071', '38478']",38478,"['62071', '3282', '73827', '38478', '25711']"
"[0, 24]","[17, 18]","['31926', '74418', '48780', '37989', '46660']",46660,"['31926', '46660', '74418', '37989', '48780']"
"[14, 9]","[7, 1]","['6508', '26678', '40550', '39708', '17550']",17550,"['6508', '39708', '17550', '26678', '40550']"
"[3, 17]","[9, 26]","['12043', '38478', '54792', '33084', '6759']",6759,"['54792', '33084', '38478', '6759', '12043']"
"[18, 23]","[17, 18]","['40817', '72365', '72978', '6216', '70105']",70105,"['6216', '72978', '40817', '70105', '72365']"
"[0, 7]","[14, 9]","['65801', '15613', '72266', '10984', '39708']",39708,"['65801', '10984', '39708', '72266', '15613']"
"[18, 23]","[9, 11]","['64148', '26755', '48306', '10433', '78534']",78534,"['64148', '48306', '26755', '10433', '78534']"
"[3, 28]","[14, 7]","['12683', '8257', '42226', '73823', '77045']",77045,"['12683', '73823', '8257', '42226', '77045']"
"[7, 3]","[19, 14]","['75828', '61767', '52457', '64781', '26703']",26703,"['64781', '52457', '26703', '61767', '75828']"
"[9, 4]","[7, 22]","['50510', '64614', '80219', '79413', '23132']",23132,"['50510', '23132', '80219', '64614', '79413']"
"[19, 10]","[15, 17]","['21540', '25618', '73023', '25168', '60915']",60915,"['60915', '73023', '25168', '25618', '21540']"
"[17, 21]","[14, 7]","['40487', '69704', '62454', '78147', '25607']",25607,"['25607', '40487', '62454', '78147', '69704']"
"[7, 3]","[9, 11]","['61767', '52457', '75828', '64781', '78534']",78534,"['78534', '61767', '64781', '75828', '52457']"
"[19, 25]","[7, 20]","['33749', '26994', '47247', '74532', '2277']",2277,"['74532', '33749', '47247', '26994', '2277']"
"[14, 7]","[9, 11]","['77045', '25607', '38835', '51393', '52758']",52758,"['25607', '52758', '77045', '51393', '38835']"
"[5, 29]","[19, 8]","['52548', '55950', '57316', '18711', '71082']",71082,"['52548', '57316', '55950', '71082', '18711']"
"[19, 5]","[15, 13]","['55314', '72346', '17017', '63902', '68970']",68970,"['72346', '68970', '17017', '63902', '55314']"
"[5, 29]","[17, 18]","['57316', '51743', '21765', '52548', '21543']",21543,"['21543', '21765', '51743', '57316', '52548']"
"[0, 0]","[19, 10]","['14834', '8176', '78009', '28082', '55791']",55791,"['28082', '14834', '8176', '55791', '78009']"
"[3, 3]","[18, 23]","['30004', '10017', '22002', '72700', '40817']",40817,"['22002', '72700', '40817', '30004', '10017']"
"[19, 28]","[9, 4]","['23197', '52721', '42272', '43363', '79413']",79413,"['42272', '23197', '52721', '43363', '79413']"
"[3, 5]","[7, 1]","['74226', '64', '63514', '12162', '12421']",12421,"['64', '63514', '74226', '12421', '12162']"
"[9, 3]","[15, 13]","['14914', '64671', '74662', '9662', '42684']",42684,"['9662', '14914', '42684', '64671', '74662']"
"[0, 24]","[15, 28]","['74418', '37989', '48780', '31926', '23274']",23274,"['74418', '23274', '48780', '31926', '37989']"
"[3, 21]","[7, 20]","['42206', '47060', '57272', '53064', '55305']",55305,"['47060', '42206', '57272', '55305', '53064']"
"[3, 7]","[4, 27]","['73164', '4286', '30859', '37907', '77515']",77515,"['73164', '4286', '77515', '30859', '37907']"
"[19, 5]","[9, 3]","['72346', '76431', '59952', '63902', '9662']",9662,"['72346', '63902', '76431', '9662', '59952']"
"[3, 4]","[14, 7]","['35787', '20671', '11039', '9383', '51393']",51393,"['51393', '11039', '9383', '20671', '35787']"
"[15, 28]","[0, 6]","['38548', '67905', '10526', '23274', '49395']",49395,"['49395', '10526', '67905', '38548', '23274']"
"[9, 4]","[3, 16]","['64614', '80219', '79413', '50510', '56017']",56017,"['79413', '50510', '64614', '56017', '80219']"
"[9, 11]","[3, 16]","['30907', '61914', '15606', '52758', '177']",177,"['52758', '177', '30907', '61914', '15606']"
"[17, 21]","[0, 2]","['9795', '78147', '69704', '62549', '67842']",67842,"['69704', '78147', '67842', '62549', '9795']"
"[5, 4]","[18, 23]","['2004', '62609', '53032', '35725', '15451']",15451,"['53032', '2004', '15451', '35725', '62609']"
"[9, 11]","[15, 13]","['78534', '30907', '61914', '52758', '68970']",68970,"['30907', '61914', '68970', '52758', '78534']"
"[7, 22]","[3, 3]","['31113', '23132', '40679', '79411', '10017']",10017,"['79411', '10017', '23132', '31113', '40679']"
"[15, 17]","[0, 6]","['47834', '60915', '1225', '11908', '43375']",43375,"['11908', '60915', '43375', '1225', '47834']"
"[14, 9]","[15, 13]","['6508', '39708', '26678', '14102', '34763']",34763,"['26678', '34763', '6508', '39708', '14102']"
"[9, 26]","[17, 21]","['7474', '27788', '50181', '6759', '40487']",40487,"['7474', '40487', '6759', '27788', '50181']"
"[3, 28]","[19, 25]","['42226', '12683', '8257', '55090', '33749']",33749,"['8257', '12683', '42226', '33749', '55090']"
"[9, 11]","[3, 5]","['78534', '30907', '335', '52758', '63514']",63514,"['78534', '30907', '52758', '63514', '335']"
"[9, 3]","[15, 28]","['74662', '1268', '64671', '9662', '3258']",3258,"['9662', '1268', '64671', '74662', '3258']"
"[17, 18]","[15, 28]","['21543', '66316', '66935', '6955', '23274']",23274,"['66316', '21543', '23274', '6955', '66935']"
"[7, 3]","[0, 7]","['64781', '75828', '52457', '61767', '15613']",15613,"['61767', '52457', '64781', '15613', '75828']"
"[9, 4]","[3, 26]","['79413', '64614', '50510', '80219', '49864']",49864,"['80219', '79413', '49864', '50510', '64614']"
"[7, 22]","[4, 27]","['23132', '31113', '79411', '40679', '77515']",77515,"['31113', '23132', '79411', '77515', '40679']"
"[9, 26]","[0, 7]","['27788', '50181', '6759', '7474', '72266']",72266,"['27788', '72266', '50181', '6759', '7474']"
"[14, 9]","[3, 4]","['6508', '14102', '26678', '26506', '11039']",11039,"['26506', '11039', '6508', '14102', '26678']"
"[18, 23]","[7, 22]","['40817', '15451', '67584', '42151', '23132']",23132,"['67584', '42151', '40817', '23132', '15451']"
"[5, 22]","[17, 21]","['7217', '57572', '77349', '40863', '69704']",69704,"['69704', '7217', '40863', '57572', '77349']"
"[3, 17]","[19, 25]","['33084', '64047', '12043', '38478', '59747']",59747,"['33084', '12043', '59747', '38478', '64047']"
"[5, 19]","[0, 14]","['54232', '51211', '60473', '63077', '75707']",75707,"['75707', '63077', '54232', '51211', '60473']"
"[19, 13]","[14, 8]","['35479', '43396', '43324', '26354', '46039']",46039,"['35479', '43396', '46039', '26354', '43324']"
"[3, 7]","[19, 25]","['19796', '37907', '4286', '30859', '26994']",26994,"['30859', '37907', '19796', '26994', '4286']"
"[19, 5]","[3, 26]","['76431', '59952', '32569', '55314', '19246']",19246,"['19246', '32569', '59952', '76431', '55314']"
"[0, 7]","[19, 18]","['10984', '66807', '65801', '72266', '29042']",29042,"['29042', '72266', '65801', '66807', '10984']"
"[3, 7]","[9, 4]","['19796', '37907', '30859', '73164', '80219']",80219,"['19796', '80219', '30859', '73164', '37907']"
"[18, 25]","[3, 28]","['73827', '62071', '4132', '3282', '73823']",73823,"['73823', '62071', '3282', '4132', '73827']"
"[0, 7]","[4, 27]","['66807', '65801', '15613', '10984', '12888']",12888,"['12888', '66807', '10984', '65801', '15613']"
"[9, 3]","[19, 25]","['64671', '14914', '9662', '74662', '26994']",26994,"['26994', '64671', '14914', '74662', '9662']"
"[3, 7]","[18, 25]","['30859', '19992', '37907', '19796', '25711']",25711,"['19796', '19992', '37907', '25711', '30859']"
"[7, 3]","[19, 5]","['64781', '61767', '52457', '75828', '55314']",55314,"['64781', '75828', '61767', '52457', '55314']"
"[3, 12]","[7, 22]","['37955', '27821', '20968', '1181', '79411']",79411,"['27821', '20968', '37955', '79411', '1181']"
"[0, 24]","[19, 5]","['74418', '48780', '31926', '37989', '32569']",32569,"['32569', '31926', '37989', '74418', '48780']"
"[19, 8]","[9, 3]","['19346', '6777', '36396', '71082', '9662']",9662,"['19346', '71082', '9662', '6777', '36396']"
"[19, 14]","[17, 18]","['26372', '72517', '26703', '64729', '46660']",46660,"['26703', '46660', '64729', '26372', '72517']"
"[3, 21]","[18, 25]","['53064', '47060', '57272', '14038', '73827']",73827,"['57272', '47060', '53064', '73827', '14038']"
"[0, 6]","[3, 4]","['43036', '41154', '43375', '49395', '11039']",11039,"['49395', '43036', '43375', '41154', '11039']"
"[7, 22]","[18, 25]","['23132', '31113', '40679', '79411', '3282']",3282,"['23132', '40679', '31113', '79411', '3282']"
"[7, 1]","[3, 28]","['16951', '8109', '3536', '53652', '55090']",55090,"['55090', '3536', '8109', '53652', '16951']"
"[3, 3]","[17, 21]","['22487', '72700', '22002', '10131', '9795']",9795,"['10131', '9795', '22002', '72700', '22487']"
"[17, 21]","[15, 13]","['9795', '69704', '62549', '78147', '25079']",25079,"['62549', '25079', '9795', '69704', '78147']"
"[18, 25]","[14, 8]","['62071', '4132', '3282', '73827', '28694']",28694,"['3282', '4132', '73827', '62071', '28694']"
"[3, 3]","[19, 14]","['22002', '994', '10131', '10017', '64729']",64729,"['10017', '22002', '994', '64729', '10131']"
"[19, 8]","[18, 23]","['71082', '19346', '6777', '36396', '65195']",65195,"['65195', '36396', '71082', '6777', '19346']"
"[0, 7]","[3, 21]","['15613', '10984', '66807', '65801', '47060']",47060,"['66807', '65801', '47060', '10984', '15613']"
"[7, 1]","[14, 9]","['12421', '53652', '8109', '17550', '26678']",26678,"['17550', '8109', '53652', '26678', '12421']"
"[9, 11]","[0, 2]","['30907', '15606', '335', '61914', '48095']",48095,"['15606', '48095', '30907', '335', '61914']"
"[19, 5]","[5, 19]","['63902', '32569', '59952', '72346', '51211']",51211,"['59952', '63902', '72346', '51211', '32569']"
"[14, 7]","[3, 21]","['67483', '77045', '25607', '51393', '14038']",14038,"['51393', '25607', '77045', '67483', '14038']"
"[3, 17]","[17, 5]","['53579', '64047', '54792', '33084', '50221']",50221,"['64047', '33084', '54792', '53579', '50221']"
"[17, 21]","[18, 23]","['9795', '78147', '69704', '62549', '72978']",72978,"['69704', '9795', '78147', '72978', '62549']"
"[7, 1]","[4, 27]","['53652', '17550', '16951', '3536', '70239']",70239,"['53652', '17550', '3536', '70239', '16951']"
"[7, 1]","[9, 11]","['8109', '16951', '12376', '10825', '61914']",61914,"['12376', '8109', '16951', '10825', '61914']"
"[3, 21]","[0, 0]","['53064', '57272', '42206', '14038', '28082']",28082,"['53064', '28082', '42206', '14038', '57272']"
"[19, 25]","[0, 6]","['26994', '47247', '74532', '59747', '25447']",25447,"['47247', '74532', '25447', '59747', '26994']"
"[15, 13]","[5, 4]","['53137', '24364', '25079', '68970', '51114']",51114,"['51114', '53137', '25079', '68970', '24364']"
"[17, 5]","[0, 24]","['33045', '7913', '50221', '72055', '74418']",74418,"['50221', '74418', '33045', '72055', '7913']"
"[4, 27]","[7, 20]","['5222', '12888', '77515', '70239', '2425']",2425,"['70239', '2425', '5222', '77515', '12888']"
"[0, 0]","[19, 8]","['28082', '78009', '8176', '14834', '71082']",71082,"['28082', '14834', '78009', '71082', '8176']"
"[0, 24]","[3, 3]","['37989', '74418', '31926', '48780', '72700']",72700,"['37989', '31926', '72700', '48780', '74418']"
"[3, 4]","[19, 18]","['35787', '9383', '11039', '20671', '36535']",36535,"['35787', '9383', '36535', '11039', '20671']"
"[19, 8]","[15, 17]","['36396', '71082', '19346', '6777', '11908']",11908,"['36396', '6777', '11908', '71082', '19346']"
"[3, 26]","[19, 25]","['34449', '9147', '32729', '72586', '59747']",59747,"['34449', '72586', '32729', '9147', '59747']"
"[17, 18]","[9, 11]","['51240', '31693', '66316', '6955', '4186']",4186,"['6955', '4186', '51240', '66316', '31693']"
"[14, 8]","[4, 27]","['39691', '28732', '40877', '28694', '12888']",12888,"['28732', '28694', '39691', '40877', '12888']"
"[17, 21]","[3, 28]","['9795', '62454', '40487', '69704', '42226']",42226,"['42226', '62454', '69704', '9795', '40487']"
"[7, 3]","[5, 4]","['75828', '64781', '61767', '52457', '35725']",35725,"['75828', '35725', '61767', '52457', '64781']"
"[5, 29]","[17, 5]","['55950', '52548', '18711', '57316', '50221']",50221,"['57316', '52548', '55950', '18711', '50221']"
"[5, 29]","[0, 6]","['57316', '21765', '52548', '18711', '43036']",43036,"['21765', '57316', '18711', '52548', '43036']"
"[0, 7]","[5, 22]","['65801', '10984', '72266', '15613', '48795']",48795,"['72266', '15613', '65801', '48795', '10984']"
"[7, 1]","[19, 14]","['3536', '17550', '8109', '12376', '26372']",26372,"['17550', '26372', '3536', '8109', '12376']"
"[7, 1]","[3, 3]","['8109', '17550', '12421', '10825', '10131']",10131,"['8109', '17550', '10825', '12421', '10131']"
"[4, 27]","[0, 2]","['70239', '12888', '5222', '77515', '66847']",66847,"['66847', '12888', '70239', '77515', '5222']"
"[19, 8]","[0, 6]","['36396', '71082', '19346', '6777', '49395']",49395,"['19346', '6777', '49395', '36396', '71082']"
"[14, 7]","[17, 21]","['67483', '38835', '77045', '51393', '62454']",62454,"['38835', '77045', '67483', '51393', '62454']"
"[15, 13]","[17, 5]","['34763', '42684', '20590', '24364', '7913']",7913,"['34763', '24364', '42684', '20590', '7913']"
"[3, 7]","[19, 18]","['19992', '4286', '30859', '37907', '36535']",36535,"['19992', '4286', '36535', '37907', '30859']"
"[17, 18]","[19, 25]","['31693', '6955', '21543', '66935', '47247']",47247,"['6955', '47247', '31693', '21543', '66935']"
"[5, 22]","[17, 5]","['48795', '57572', '7217', '40863', '50221']",50221,"['57572', '48795', '7217', '40863', '50221']"
"[3, 7]","[19, 25]","['73164', '19992', '19796', '30859', '33749']",33749,"['19796', '30859', '19992', '33749', '73164']"
"[18, 23]","[15, 17]","['48306', '10433', '61353', '40817', '60915']",60915,"['60915', '40817', '48306', '61353', '10433']"
"[17, 5]","[15, 28]","['72055', '33045', '50221', '7913', '67905']",67905,"['33045', '67905', '72055', '7913', '50221']"
"[17, 21]","[0, 14]","['9795', '69704', '78147', '62549', '37963']",37963,"['9795', '37963', '78147', '62549', '69704']"
"[14, 8]","[7, 22]","['40877', '28732', '28694', '39691', '79411']",79411,"['79411', '28732', '39691', '28694', '40877']"
"[3, 5]","[18, 25]","['63514', '12162', '74226', '64', '25711']",25711,"['64', '63514', '74226', '12162', '25711']"
"[0, 14]","[3, 4]","['75707', '80522', '17291', '37963', '11039']",11039,"['17291', '37963', '80522', '11039', '75707']"
"[9, 4]","[7, 1]","['80219', '50510', '64614', '79413', '12376']",12376,"['80219', '79413', '64614', '12376', '50510']"
"[17, 21]","[18, 23]","['62549', '9795', '69704', '62454', '20502']",20502,"['69704', '20502', '9795', '62454', '62549']"
"[9, 11]","[4, 27]","['30907', '61914', '15606', '335', '5222']",5222,"['15606', '30907', '61914', '335', '5222']"
"[0, 24]","[19, 14]","['31926', '37989', '48780', '74418', '64729']",64729,"['48780', '37989', '64729', '31926', '74418']"
"[14, 7]","[3, 28]","['51393', '25607', '67483', '38835', '55090']",55090,"['67483', '51393', '38835', '25607', '55090']"
"[5, 4]","[14, 8]","['53032', '27706', '70560', '35725', '28694']",28694,"['27706', '53032', '28694', '70560', '35725']"
"[3, 17]","[0, 24]","['12043', '54792', '53579', '64047', '74418']",74418,"['74418', '53579', '12043', '54792', '64047']"
"[9, 26]","[3, 7]","['7474', '27788', '23716', '50181', '30859']",30859,"['23716', '27788', '30859', '50181', '7474']"
"[3, 21]","[19, 5]","['47060', '53064', '42206', '57272', '72346']",72346,"['42206', '47060', '72346', '53064', '57272']"
"[15, 13]","[9, 26]","['20590', '68970', '34763', '25079', '6759']",6759,"['34763', '20590', '25079', '6759', '68970']"
"[0, 2]","[7, 20]","['27625', '28242', '67465', '48095', '54372']",54372,"['48095', '27625', '28242', '54372', '67465']"
"[17, 18]","[5, 22]","['6955', '31693', '66935', '70105', '48795']",48795,"['31693', '66935', '6955', '48795', '70105']"
"[19, 28]","[3, 17]","['23197', '43363', '55589', '52721', '53579']",53579,"['43363', '55589', '52721', '23197', '53579']"
"[14, 8]","[3, 4]","['40877', '28732', '28694', '46039', '9383']",9383,"['40877', '28694', '28732', '46039', '9383']"
"[14, 7]","[3, 26]","['38835', '51393', '77045', '67483', '9147']",9147,"['77045', '9147', '38835', '51393', '67483']"
"[19, 8]","[14, 9]","['19346', '6777', '36396', '71082', '6508']",6508,"['36396', '71082', '19346', '6508', '6777']"
"[5, 29]","[18, 23]","['18711', '21765', '55950', '51743', '72365']",72365,"['18711', '21765', '72365', '51743', '55950']"
"[14, 7]","[5, 19]","['77045', '51393', '38835', '67483', '35619']",35619,"['77045', '38835', '67483', '35619', '51393']"
"[9, 11]","[15, 17]","['78534', '61914', '335', '15606', '47834']",47834,"['61914', '78534', '47834', '335', '15606']"
"[15, 13]","[7, 20]","['24364', '25079', '42684', '68970', '55305']",55305,"['55305', '68970', '25079', '42684', '24364']"
"[15, 28]","[14, 9]","['10526', '38548', '3258', '67905', '26678']",26678,"['38548', '26678', '3258', '10526', '67905']"
"[3, 17]","[14, 8]","['54792', '53579', '64047', '12043', '28732']",28732,"['53579', '12043', '64047', '54792', '28732']"
"[3, 5]","[19, 8]","['63514', '12162', '64', '74226', '19346']",19346,"['74226', '64', '19346', '12162', '63514']"
"[19, 28]","[15, 13]","['55589', '52721', '43363', '23197', '34763']",34763,"['55589', '52721', '43363', '34763', '23197']"
"[19, 14]","[7, 22]","['26372', '72517', '64729', '26703', '79411']",79411,"['26372', '72517', '79411', '64729', '26703']"
"[5, 29]","[17, 18]","['21765', '57316', '52548', '18711', '31693']",31693,"['21765', '52548', '57316', '31693', '18711']"
"[3, 3]","[14, 7]","['30004', '22487', '22002', '10131', '67483']",67483,"['10131', '67483', '22487', '22002', '30004']"
"[0, 24]","[17, 5]","['74418', '31926', '48780', '37989', '72055']",72055,"['74418', '72055', '31926', '37989', '48780']"
"[19, 10]","[5, 4]","['25168', '25618', '55791', '73023', '35725']",35725,"['55791', '73023', '35725', '25168', '25618']"
"[19, 28]","[9, 11]","['40111', '43363', '42272', '23197', '61914']",61914,"['42272', '61914', '43363', '40111', '23197']"
"[3, 3]","[17, 5]","['10131', '22002', '72700', '30004', '33045']",33045,"['22002', '33045', '10131', '72700', '30004']"
"[3, 21]","[5, 4]","['53064', '14038', '47060', '42206', '70560']",70560,"['42206', '53064', '47060', '14038', '70560']"
"[5, 29]","[15, 28]","['57316', '18711', '52548', '21765', '3258']",3258,"['21765', '52548', '57316', '3258', '18711']"
"[7, 3]","[19, 28]","['64781', '75828', '61767', '52457', '42272']",42272,"['64781', '75828', '42272', '52457', '61767']"
"[3, 16]","[5, 29]","['63317', '56017', '59100', '177', '21765']",21765,"['63317', '21765', '177', '56017', '59100']"
"[5, 29]","[3, 28]","['55950', '21765', '52548', '51743', '8257']",8257,"['8257', '52548', '21765', '51743', '55950']"
"[3, 4]","[0, 24]","['11039', '20671', '9383', '35787', '74418']",74418,"['9383', '11039', '35787', '20671', '74418']"
"[18, 23]","[4, 27]","['14167', '25667', '72365', '32105', '12888']",12888,"['14167', '12888', '25667', '32105', '72365']"
"[9, 4]","[0, 14]","['64614', '80219', '79413', '50510', '42604']",42604,"['64614', '80219', '79413', '50510', '42604']"
"[19, 14]","[14, 9]","['26372', '72517', '64729', '26703', '14102']",14102,"['72517', '14102', '64729', '26703', '26372']"
"[7, 1]","[18, 25]","['53652', '8109', '17550', '3536', '73827']",73827,"['8109', '53652', '3536', '17550', '73827']"
"[3, 3]","[19, 18]","['10017', '22002', '72700', '30004', '35149']",35149,"['10017', '30004', '72700', '35149', '22002']"
"[18, 25]","[9, 11]","['25711', '73827', '4132', '3282', '61914']",61914,"['4132', '25711', '73827', '61914', '3282']"
"[7, 1]","[18, 25]","['8109', '3536', '12376', '12421', '73827']",73827,"['73827', '12376', '3536', '12421', '8109']"
"[7, 1]","[18, 25]","['12421', '12376', '16951', '3536', '73827']",73827,"['12376', '73827', '12421', '3536', '16951']"
"[5, 22]","[14, 9]","['77349', '57572', '40863', '7217', '6508']",6508,"['7217', '40863', '57572', '77349', '6508']"
"[9, 3]","[19, 25]","['74662', '14914', '1268', '9662', '33749']",33749,"['1268', '9662', '33749', '14914', '74662']"
"[18, 25]","[9, 3]","['25711', '73827', '62071', '3282', '1268']",1268,"['3282', '62071', '25711', '73827', '1268']"
"[5, 29]","[7, 3]","['52548', '21765', '51743', '55950', '64781']",64781,"['64781', '21765', '52548', '55950', '51743']"
"[3, 21]","[5, 19]","['42206', '14038', '57272', '53064', '35619']",35619,"['57272', '42206', '53064', '35619', '14038']"
"[19, 13]","[3, 26]","['43396', '43324', '35479', '42612', '50906']",50906,"['43324', '42612', '35479', '50906', '43396']"
"[3, 4]","[5, 29]","['11039', '9383', '35787', '20671', '52548']",52548,"['11039', '35787', '20671', '9383', '52548']"
"[3, 12]","[19, 25]","['20968', '37955', '1181', '27821', '59747']",59747,"['37955', '59747', '1181', '20968', '27821']"
"[5, 4]","[17, 18]","['2004', '35725', '53032', '51114', '70105']",70105,"['70105', '35725', '51114', '53032', '2004']"
"[7, 1]","[5, 22]","['12421', '17550', '8109', '12376', '48795']",48795,"['48795', '8109', '17550', '12421', '12376']"
"[3, 16]","[19, 28]","['59100', '63317', '56017', '11746', '43363']",43363,"['56017', '59100', '11746', '43363', '63317']"
"[15, 13]","[9, 4]","['68970', '25079', '53137', '24364', '79413']",79413,"['53137', '79413', '24364', '68970', '25079']"
"[19, 18]","[7, 1]","['74633', '30721', '36535', '58616', '12376']",12376,"['30721', '74633', '58616', '36535', '12376']"
"[7, 20]","[3, 12]","['2277', '54372', '2425', '55305', '1181']",1181,"['54372', '1181', '55305', '2277', '2425']"
"[0, 7]","[7, 20]","['66807', '10984', '72266', '65801', '2277']",2277,"['65801', '10984', '66807', '2277', '72266']"
"[3, 28]","[0, 2]","['12683', '55090', '73823', '8257', '9639']",9639,"['12683', '9639', '55090', '73823', '8257']"
"[3, 21]","[9, 11]","['14038', '57272', '47060', '53064', '335']",335,"['335', '14038', '57272', '53064', '47060']"
"[3, 17]","[0, 0]","['12043', '38478', '54792', '64047', '78009']",78009,"['78009', '64047', '38478', '12043', '54792']"
"[19, 28]","[0, 6]","['55589', '23197', '43363', '40111', '43375']",43375,"['43375', '40111', '55589', '43363', '23197']"
"[15, 17]","[5, 19]","['1225', '60915', '47834', '11908', '77183']",77183,"['60915', '1225', '47834', '77183', '11908']"
"[18, 23]","[3, 17]","['37360', '78682', '65195', '48306', '64047']",64047,"['64047', '65195', '37360', '48306', '78682']"
"[5, 4]","[19, 28]","['27706', '35725', '53032', '63485', '52721']",52721,"['35725', '27706', '52721', '53032', '63485']"
"[9, 26]","[15, 17]","['7474', '23716', '6759', '27788', '1225']",1225,"['7474', '6759', '1225', '27788', '23716']"
"[7, 1]","[0, 2]","['16951', '10825', '12376', '12421', '80744']",80744,"['16951', '12376', '80744', '10825', '12421']"
"[3, 16]","[17, 18]","['56017', '59100', '177', '11746', '70105']",70105,"['56017', '11746', '70105', '177', '59100']"
"[0, 2]","[15, 28]","['63508', '9836', '51831', '9639', '23274']",23274,"['51831', '9836', '9639', '63508', '23274']"
"[0, 6]","[17, 18]","['41154', '43036', '43375', '49395', '51240']",51240,"['43036', '41154', '43375', '51240', '49395']"
"[7, 22]","[0, 6]","['23132', '31113', '79411', '40679', '43036']",43036,"['40679', '23132', '79411', '31113', '43036']"
"[15, 17]","[19, 5]","['47834', '11908', '60915', '1225', '55314']",55314,"['47834', '11908', '60915', '1225', '55314']"
"[14, 8]","[9, 3]","['39691', '46039', '40877', '28694', '9662']",9662,"['9662', '40877', '28694', '39691', '46039']"
"[15, 13]","[5, 19]","['20590', '24364', '68970', '53137', '35619']",35619,"['68970', '35619', '53137', '20590', '24364']"
"[19, 18]","[0, 24]","['58616', '36535', '49556', '35149', '74418']",74418,"['35149', '36535', '74418', '49556', '58616']"
"[3, 17]","[0, 24]","['33084', '54792', '53579', '64047', '37989']",37989,"['53579', '37989', '54792', '33084', '64047']"
"[7, 1]","[0, 7]","['10825', '53652', '12376', '8109', '10984']",10984,"['10984', '53652', '8109', '12376', '10825']"
"[19, 13]","[3, 16]","['42612', '37914', '43324', '35479', '59100']",59100,"['43324', '59100', '42612', '35479', '37914']"
"[19, 5]","[3, 26]","['55314', '59952', '76431', '72346', '40031']",40031,"['76431', '40031', '59952', '55314', '72346']"
"[7, 1]","[18, 25]","['12421', '16951', '8109', '17550', '73827']",73827,"['16951', '73827', '8109', '12421', '17550']"
"[5, 19]","[15, 13]","['54232', '35619', '63077', '51211', '53137']",53137,"['54232', '35619', '63077', '51211', '53137']"
"[7, 3]","[3, 28]","['64781', '75828', '52457', '61767', '8257']",8257,"['8257', '61767', '75828', '64781', '52457']"
"[0, 6]","[3, 3]","['75880', '41154', '43375', '49395', '10017']",10017,"['10017', '43375', '41154', '49395', '75880']"
"[17, 18]","[14, 7]","['46660', '6955', '21408', '66935', '51393']",51393,"['66935', '51393', '46660', '21408', '6955']"
"[0, 6]","[3, 7]","['49395', '59474', '43036', '41154', '37907']",37907,"['43036', '37907', '41154', '59474', '49395']"
"[18, 23]","[5, 19]","['14167', '6216', '40817', '64247', '53655']",53655,"['14167', '64247', '6216', '40817', '53655']"
"[0, 6]","[3, 21]","['41154', '59474', '43036', '49395', '42206']",42206,"['43036', '41154', '42206', '59474', '49395']"
"[0, 0]","[3, 3]","['8176', '28082', '14834', '78009', '22487']",22487,"['14834', '78009', '22487', '8176', '28082']"
"[15, 28]","[0, 24]","['23274', '10526', '67905', '38548', '74418']",74418,"['67905', '38548', '74418', '10526', '23274']"
"[18, 23]","[5, 19]","['67584', '26052', '12104', '78682', '49189']",49189,"['26052', '67584', '78682', '49189', '12104']"
"[17, 5]","[19, 8]","['72055', '7913', '50221', '33045', '71082']",71082,"['50221', '71082', '72055', '7913', '33045']"
"[18, 23]","[9, 11]","['65195', '67584', '48306', '32105', '30907']",30907,"['67584', '30907', '48306', '32105', '65195']"
"[3, 3]","[0, 2]","['72700', '10017', '994', '30004', '44802']",44802,"['10017', '72700', '994', '30004', '44802']"
"[3, 4]","[9, 3]","['35787', '20671', '11039', '9383', '64671']",64671,"['20671', '11039', '9383', '64671', '35787']"
"[0, 0]","[14, 8]","['78009', '8176', '28082', '14834', '28694']",28694,"['28082', '14834', '78009', '28694', '8176']"
"[0, 14]","[19, 28]","['1261', '37963', '75707', '39894', '43363']",43363,"['39894', '37963', '1261', '43363', '75707']"
"[17, 21]","[19, 14]","['40487', '62549', '9795', '69704', '72517']",72517,"['9795', '69704', '62549', '72517', '40487']"
"[3, 28]","[5, 22]","['8257', '12683', '73823', '55090', '77349']",77349,"['55090', '77349', '12683', '8257', '73823']"
"[7, 3]","[3, 7]","['61767', '75828', '64781', '52457', '37907']",37907,"['61767', '75828', '52457', '37907', '64781']"
"[9, 3]","[18, 25]","['14914', '74662', '9662', '64671', '3282']",3282,"['14914', '3282', '9662', '64671', '74662']"
"[0, 6]","[3, 4]","['59474', '25447', '49395', '43375', '9383']",9383,"['43375', '49395', '59474', '9383', '25447']"
"[19, 5]","[0, 14]","['55314', '76431', '32569', '17017', '42604']",42604,"['17017', '55314', '76431', '42604', '32569']"
"[3, 17]","[0, 14]","['38478', '54792', '33084', '64047', '39894']",39894,"['38478', '54792', '33084', '39894', '64047']"
"[17, 21]","[0, 6]","['69704', '9795', '40487', '62549', '49395']",49395,"['9795', '49395', '62549', '69704', '40487']"
"[5, 19]","[14, 8]","['51211', '35619', '53655', '54232', '40877']",40877,"['35619', '51211', '40877', '53655', '54232']"
"[19, 13]","[7, 20]","['42612', '35479', '43396', '37914', '55305']",55305,"['35479', '42612', '55305', '37914', '43396']"
"[14, 8]","[15, 13]","['28694', '28732', '39691', '40877', '53137']",53137,"['40877', '28694', '39691', '53137', '28732']"
"[3, 28]","[18, 25]","['55090', '73823', '8257', '12683', '25711']",25711,"['8257', '73823', '12683', '25711', '55090']"
"[17, 21]","[15, 28]","['62549', '9795', '78147', '40487', '38548']",38548,"['78147', '38548', '62549', '40487', '9795']"
"[7, 3]","[19, 5]","['75828', '61767', '52457', '64781', '63902']",63902,"['52457', '75828', '64781', '63902', '61767']"
"[9, 11]","[3, 3]","['52758', '61914', '41897', '30907', '10131']",10131,"['61914', '41897', '52758', '30907', '10131']"
"[3, 26]","[0, 6]","['11033', '1064', '18887', '32729', '75880']",75880,"['11033', '75880', '32729', '18887', '1064']"
"[0, 6]","[14, 7]","['41154', '49395', '75880', '59474', '25607']",25607,"['59474', '49395', '75880', '41154', '25607']"
"[3, 4]","[19, 18]","['20671', '11039', '35787', '9383', '30721']",30721,"['35787', '9383', '20671', '30721', '11039']"
"[17, 21]","[14, 9]","['9795', '62454', '40487', '78147', '40550']",40550,"['40487', '9795', '40550', '62454', '78147']"
"[17, 18]","[19, 5]","['51240', '21543', '70105', '46660', '63902']",63902,"['63902', '46660', '70105', '21543', '51240']"
"[0, 14]","[15, 21]","['39894', '75707', '80522', '42604', '3384']",3384,"['42604', '39894', '80522', '3384', '75707']"
"[17, 18]","[9, 26]","['66316', '51240', '21408', '46660', '50181']",50181,"['50181', '21408', '51240', '46660', '66316']"
"[3, 17]","[14, 7]","['64047', '12043', '38478', '33084', '67483']",67483,"['38478', '67483', '33084', '64047', '12043']"
"[0, 7]","[15, 13]","['72266', '65801', '66807', '15613', '53137']",53137,"['72266', '53137', '15613', '66807', '65801']"
"[15, 17]","[14, 7]","['1225', '47834', '60915', '11908', '77045']",77045,"['77045', '11908', '47834', '1225', '60915']"
"[18, 23]","[5, 29]","['65195', '37360', '64247', '40817', '52548']",52548,"['65195', '40817', '52548', '64247', '37360']"
"[9, 26]","[14, 7]","['27788', '50181', '7474', '23716', '67483']",67483,"['7474', '27788', '67483', '23716', '50181']"
"[18, 25]","[3, 28]","['62071', '3282', '4132', '73827', '12683']",12683,"['4132', '12683', '62071', '73827', '3282']"
"[18, 25]","[15, 17]","['3282', '4132', '25711', '73827', '11908']",11908,"['25711', '73827', '11908', '4132', '3282']"
"[3, 21]","[18, 25]","['53064', '57272', '47060', '14038', '3282']",3282,"['3282', '53064', '47060', '14038', '57272']"
"[0, 14]","[9, 4]","['17291', '80522', '42604', '39894', '79413']",79413,"['17291', '42604', '80522', '39894', '79413']"
"[4, 27]","[3, 16]","['5222', '12888', '77515', '70239', '56017']",56017,"['70239', '12888', '56017', '5222', '77515']"
"[9, 4]","[5, 19]","['79413', '50510', '64614', '80219', '49189']",49189,"['64614', '49189', '80219', '79413', '50510']"
"[19, 5]","[0, 2]","['63902', '17017', '76431', '59952', '44802']",44802,"['76431', '44802', '59952', '63902', '17017']"
"[19, 25]","[0, 6]","['59747', '33749', '47247', '74532', '59474']",59474,"['33749', '74532', '59474', '59747', '47247']"
"[17, 5]","[3, 26]","['33045', '72055', '50221', '7913', '34449']",34449,"['50221', '34449', '33045', '7913', '72055']"
"[15, 21]","[17, 5]","['13497', '7489', '3384', '20839', '50221']",50221,"['3384', '13497', '20839', '7489', '50221']"
"[9, 4]","[0, 0]","['64614', '50510', '80219', '79413', '14834']",14834,"['50510', '64614', '79413', '80219', '14834']"
"[3, 16]","[9, 26]","['11746', '63317', '177', '59100', '27788']",27788,"['59100', '27788', '177', '63317', '11746']"
"[18, 25]","[3, 12]","['73827', '62071', '3282', '25711', '1181']",1181,"['1181', '73827', '62071', '25711', '3282']"
"[18, 23]","[3, 28]","['72978', '14167', '61353', '67584', '12683']",12683,"['72978', '12683', '61353', '14167', '67584']"
"[0, 6]","[19, 8]","['25447', '49395', '75880', '41154', '36396']",36396,"['75880', '41154', '36396', '25447', '49395']"
"[7, 3]","[0, 2]","['61767', '75828', '52457', '64781', '43629']",43629,"['43629', '61767', '75828', '64781', '52457']"
"[5, 4]","[3, 26]","['2004', '27706', '62609', '51114', '11033']",11033,"['51114', '27706', '11033', '2004', '62609']"
"[17, 21]","[0, 0]","['78147', '69704', '62454', '40487', '8176']",8176,"['69704', '78147', '40487', '8176', '62454']"
"[14, 7]","[19, 28]","['51393', '25607', '38835', '67483', '55589']",55589,"['55589', '51393', '67483', '25607', '38835']"
"[3, 3]","[5, 19]","['10131', '72700', '30004', '10017', '53655']",53655,"['10017', '10131', '53655', '30004', '72700']"
"[3, 16]","[9, 3]","['177', '63317', '11746', '56017', '64671']",64671,"['64671', '56017', '11746', '63317', '177']"
"[15, 17]","[7, 1]","['47834', '60915', '11908', '1225', '12421']",12421,"['11908', '1225', '47834', '60915', '12421']"
"[7, 3]","[3, 4]","['64781', '61767', '75828', '52457', '35787']",35787,"['61767', '35787', '52457', '75828', '64781']"
"[9, 3]","[5, 22]","['9662', '14914', '64671', '74662', '57572']",57572,"['57572', '9662', '64671', '14914', '74662']"
"[19, 10]","[5, 29]","['25168', '21540', '55791', '25618', '57316']",57316,"['21540', '25618', '55791', '25168', '57316']"
"[14, 7]","[3, 21]","['38835', '77045', '67483', '25607', '42206']",42206,"['38835', '25607', '77045', '67483', '42206']"
"[5, 4]","[3, 16]","['53032', '2004', '35725', '63485', '59100']",59100,"['2004', '35725', '59100', '53032', '63485']"
"[4, 27]","[9, 3]","['12888', '77515', '70239', '5222', '1268']",1268,"['12888', '5222', '1268', '77515', '70239']"
"[5, 19]","[7, 20]","['49189', '35619', '54232', '53655', '55305']",55305,"['49189', '54232', '35619', '55305', '53655']"
"[14, 8]","[0, 0]","['28732', '46039', '40877', '28694', '28082']",28082,"['28732', '28694', '40877', '46039', '28082']"
"[3, 26]","[19, 5]","['68096', '1064', '11033', '40031', '32569']",32569,"['68096', '1064', '11033', '32569', '40031']"
"[5, 29]","[3, 17]","['57316', '21765', '55950', '52548', '53579']",53579,"['21765', '53579', '57316', '52548', '55950']"
"[5, 19]","[19, 5]","['49189', '63077', '77183', '54232', '76431']",76431,"['63077', '49189', '76431', '54232', '77183']"
"[3, 21]","[0, 14]","['47060', '53064', '57272', '14038', '37963']",37963,"['37963', '47060', '14038', '53064', '57272']"
"[19, 28]","[15, 13]","['55589', '43363', '40111', '52721', '20590']",20590,"['55589', '52721', '40111', '43363', '20590']"
"[5, 19]","[3, 5]","['60473', '10743', '35619', '53655', '12162']",12162,"['35619', '10743', '12162', '60473', '53655']"
"[19, 18]","[3, 12]","['41277', '58616', '55086', '30721', '27821']",27821,"['55086', '30721', '58616', '27821', '41277']"
"[9, 3]","[14, 7]","['9662', '1268', '14914', '64671', '25607']",25607,"['64671', '25607', '9662', '1268', '14914']"
"[0, 0]","[9, 3]","['8176', '28082', '78009', '14834', '1268']",1268,"['78009', '8176', '28082', '14834', '1268']"
"[3, 7]","[18, 25]","['30859', '73164', '37907', '19796', '73827']",73827,"['19796', '73164', '37907', '73827', '30859']"
"[9, 26]","[0, 14]","['23716', '50181', '7474', '27788', '17291']",17291,"['23716', '7474', '50181', '27788', '17291']"
"[0, 24]","[17, 5]","['48780', '31926', '37989', '74418', '33045']",33045,"['74418', '37989', '31926', '33045', '48780']"
"[9, 4]","[19, 28]","['80219', '79413', '64614', '50510', '52721']",52721,"['64614', '79413', '80219', '50510', '52721']"
"[3, 28]","[14, 7]","['12683', '42226', '73823', '8257', '38835']",38835,"['42226', '12683', '8257', '73823', '38835']"
"[19, 13]","[3, 17]","['35479', '37914', '42612', '26354', '64047']",64047,"['26354', '42612', '35479', '37914', '64047']"
"[19, 8]","[3, 21]","['6777', '19346', '71082', '36396', '53064']",53064,"['6777', '71082', '19346', '36396', '53064']"
"[0, 2]","[7, 3]","['44125', '70440', '44802', '80744', '75828']",75828,"['75828', '44125', '44802', '80744', '70440']"
"[0, 14]","[17, 5]","['17291', '1261', '37963', '75707', '72055']",72055,"['75707', '72055', '17291', '37963', '1261']"
"[5, 4]","[17, 21]","['2004', '70560', '35725', '27706', '62454']",62454,"['70560', '62454', '27706', '2004', '35725']"
"[4, 27]","[7, 20]","['5222', '77515', '70239', '12888', '55305']",55305,"['12888', '77515', '5222', '70239', '55305']"
"[15, 17]","[17, 18]","['1225', '60915', '11908', '47834', '46660']",46660,"['46660', '1225', '11908', '47834', '60915']"
"[0, 0]","[3, 3]","['8176', '78009', '14834', '28082', '72700']",72700,"['78009', '72700', '8176', '28082', '14834']"
"[3, 21]","[7, 22]","['42206', '57272', '53064', '14038', '23132']",23132,"['53064', '23132', '42206', '14038', '57272']"
"[18, 23]","[3, 3]","['12104', '72978', '25667', '64148', '30004']",30004,"['12104', '64148', '30004', '72978', '25667']"
"[17, 18]","[3, 3]","['21408', '6955', '66316', '70105', '994']",994,"['70105', '994', '66316', '21408', '6955']"
"[18, 25]","[3, 7]","['4132', '25711', '62071', '3282', '73164']",73164,"['3282', '62071', '73164', '4132', '25711']"
"[19, 13]","[7, 1]","['43324', '26354', '42612', '43396', '3536']",3536,"['43324', '3536', '43396', '26354', '42612']"
"[0, 24]","[9, 11]","['37989', '74418', '48780', '31926', '78534']",78534,"['74418', '48780', '31926', '37989', '78534']"
"[0, 7]","[3, 4]","['65801', '15613', '72266', '66807', '35787']",35787,"['15613', '72266', '35787', '65801', '66807']"
"[3, 26]","[7, 3]","['68096', '34449', '49864', '1064', '75828']",75828,"['49864', '68096', '1064', '75828', '34449']"
"[14, 7]","[3, 17]","['38835', '25607', '51393', '77045', '33084']",33084,"['33084', '51393', '25607', '38835', '77045']"
"[19, 25]","[0, 0]","['74532', '59747', '26994', '33749', '28082']",28082,"['33749', '59747', '74532', '26994', '28082']"
"[0, 6]","[9, 4]","['49395', '25447', '43036', '43375', '50510']",50510,"['43375', '49395', '25447', '50510', '43036']"
"[3, 26]","[19, 28]","['19246', '34449', '50906', '32729', '52721']",52721,"['50906', '52721', '19246', '32729', '34449']"
"[3, 12]","[5, 19]","['1181', '20968', '27821', '37955', '53655']",53655,"['53655', '20968', '1181', '37955', '27821']"
"[15, 13]","[0, 24]","['24364', '20590', '53137', '68970', '74418']",74418,"['68970', '74418', '24364', '53137', '20590']"
"[14, 9]","[3, 4]","['6508', '26678', '40550', '26506', '9383']",9383,"['26678', '9383', '40550', '6508', '26506']"
"[7, 1]","[3, 12]","['17550', '12376', '10825', '12421', '1181']",1181,"['12421', '10825', '1181', '12376', '17550']"
"[19, 13]","[7, 1]","['43324', '26354', '35479', '37914', '10825']",10825,"['37914', '35479', '43324', '26354', '10825']"
"[15, 17]","[9, 11]","['1225', '60915', '47834', '11908', '15606']",15606,"['1225', '15606', '60915', '47834', '11908']"
"[0, 6]","[4, 27]","['41154', '43375', '43036', '59474', '77515']",77515,"['77515', '59474', '43036', '41154', '43375']"
"[14, 7]","[5, 19]","['51393', '25607', '77045', '67483', '35619']",35619,"['25607', '67483', '35619', '77045', '51393']"
"[17, 5]","[19, 25]","['7913', '72055', '50221', '33045', '33749']",33749,"['7913', '33045', '50221', '72055', '33749']"
"[7, 1]","[9, 3]","['8109', '17550', '12376', '12421', '1268']",1268,"['8109', '17550', '1268', '12376', '12421']"
"[4, 27]","[17, 5]","['12888', '70239', '77515', '5222', '72055']",72055,"['72055', '5222', '70239', '12888', '77515']"
"[19, 18]","[9, 26]","['74633', '30721', '58616', '41277', '50181']",50181,"['58616', '41277', '30721', '74633', '50181']"
"[14, 7]","[3, 26]","['38835', '51393', '67483', '77045', '49864']",49864,"['38835', '49864', '77045', '67483', '51393']"
"[3, 17]","[7, 1]","['54792', '53579', '38478', '12043', '8109']",8109,"['8109', '53579', '38478', '54792', '12043']"
"[14, 9]","[5, 19]","['26678', '40550', '14102', '6508', '49189']",49189,"['26678', '49189', '40550', '14102', '6508']"
"[15, 21]","[18, 25]","['13497', '3384', '7489', '20839', '4132']",4132,"['20839', '13497', '3384', '4132', '7489']"
"[19, 13]","[3, 28]","['37914', '42612', '35479', '43324', '12683']",12683,"['37914', '35479', '42612', '43324', '12683']"
"[0, 2]","[19, 28]","['51831', '80744', '54867', '45218', '23197']",23197,"['23197', '45218', '51831', '80744', '54867']"
"[7, 1]","[0, 2]","['17550', '10825', '8109', '3536', '67465']",67465,"['67465', '3536', '8109', '10825', '17550']"
"[0, 2]","[19, 13]","['70440', '80744', '44145', '9836', '43324']",43324,"['43324', '80744', '9836', '44145', '70440']"
"[4, 27]","[5, 4]","['12888', '77515', '5222', '70239', '2004']",2004,"['5222', '2004', '77515', '70239', '12888']"
"[19, 8]","[18, 23]","['19346', '6777', '71082', '36396', '64148']",64148,"['36396', '71082', '19346', '6777', '64148']"
"[3, 4]","[17, 21]","['11039', '35787', '9383', '20671', '78147']",78147,"['78147', '9383', '35787', '20671', '11039']"
"[0, 14]","[14, 8]","['1261', '17291', '75707', '39894', '46039']",46039,"['46039', '1261', '75707', '17291', '39894']"
"[7, 1]","[3, 3]","['16951', '10825', '17550', '12421', '22002']",22002,"['10825', '12421', '17550', '22002', '16951']"
"[9, 4]","[19, 5]","['64614', '79413', '80219', '50510', '76431']",76431,"['80219', '76431', '79413', '64614', '50510']"
"[7, 1]","[18, 25]","['8109', '17550', '12376', '53652', '4132']",4132,"['8109', '17550', '4132', '53652', '12376']"
"[9, 11]","[5, 22]","['78534', '41897', '4186', '15606', '40863']",40863,"['4186', '40863', '78534', '41897', '15606']"
"[19, 28]","[3, 7]","['55589', '42272', '52721', '40111', '4286']",4286,"['55589', '42272', '40111', '52721', '4286']"
"[14, 9]","[9, 3]","['14102', '40550', '26506', '39708', '1268']",1268,"['40550', '39708', '1268', '26506', '14102']"
"[19, 25]","[0, 6]","['26994', '74532', '33749', '59747', '59474']",59474,"['59474', '74532', '59747', '33749', '26994']"
"[5, 4]","[15, 17]","['51114', '53032', '70560', '35725', '60915']",60915,"['51114', '70560', '53032', '60915', '35725']"
"[4, 27]","[5, 19]","['77515', '5222', '70239', '12888', '60473']",60473,"['5222', '60473', '77515', '70239', '12888']"
"[19, 18]","[9, 11]","['41277', '29042', '35149', '30721', '41897']",41897,"['29042', '41277', '30721', '35149', '41897']"
"[15, 21]","[5, 19]","['7489', '13497', '3384', '20839', '35619']",35619,"['7489', '35619', '3384', '20839', '13497']"
"[3, 28]","[14, 9]","['12683', '73823', '8257', '42226', '39708']",39708,"['39708', '8257', '73823', '12683', '42226']"
"[18, 25]","[5, 4]","['73827', '4132', '3282', '62071', '35725']",35725,"['3282', '35725', '4132', '73827', '62071']"
"[14, 9]","[19, 5]","['14102', '26678', '39708', '6508', '55314']",55314,"['26678', '6508', '39708', '55314', '14102']"
"[19, 5]","[14, 8]","['32569', '63902', '17017', '76431', '28694']",28694,"['28694', '17017', '76431', '63902', '32569']"
"[5, 4]","[0, 2]","['62609', '35725', '63485', '2004', '70440']",70440,"['62609', '63485', '35725', '2004', '70440']"
"[15, 28]","[19, 10]","['10526', '67905', '3258', '23274', '73023']",73023,"['73023', '23274', '67905', '10526', '3258']"
"[9, 26]","[19, 25]","['23716', '27788', '6759', '50181', '26994']",26994,"['6759', '23716', '50181', '27788', '26994']"
"[5, 29]","[3, 17]","['52548', '55950', '18711', '51743', '12043']",12043,"['18711', '12043', '51743', '52548', '55950']"
"[3, 21]","[5, 4]","['53064', '14038', '57272', '42206', '70560']",70560,"['14038', '70560', '53064', '57272', '42206']"
"[3, 4]","[0, 7]","['35787', '9383', '11039', '20671', '72266']",72266,"['9383', '11039', '20671', '72266', '35787']"
"[5, 19]","[3, 17]","['63077', '51211', '49189', '60473', '64047']",64047,"['64047', '63077', '49189', '51211', '60473']"
"[3, 17]","[17, 5]","['38478', '12043', '53579', '64047', '33045']",33045,"['12043', '33045', '64047', '38478', '53579']"
"[18, 25]","[19, 18]","['4132', '3282', '62071', '25711', '30721']",30721,"['3282', '62071', '4132', '25711', '30721']"
"[14, 9]","[19, 14]","['6508', '26678', '14102', '26506', '26372']",26372,"['26372', '14102', '6508', '26506', '26678']"
"[15, 28]","[14, 9]","['10526', '3258', '67905', '38548', '40550']",40550,"['3258', '40550', '10526', '38548', '67905']"
"[5, 29]","[3, 5]","['52548', '51743', '57316', '21765', '63514']",63514,"['52548', '51743', '21765', '57316', '63514']"
"[0, 2]","[19, 28]","['63508', '67465', '43629', '54867', '55589']",55589,"['55589', '67465', '43629', '54867', '63508']"
"[0, 14]","[19, 8]","['37963', '80522', '42604', '17291', '71082']",71082,"['71082', '17291', '42604', '37963', '80522']"
"[0, 14]","[19, 8]","['1261', '75707', '39894', '42604', '6777']",6777,"['6777', '42604', '75707', '39894', '1261']"
"[0, 0]","[17, 5]","['8176', '78009', '28082', '14834', '72055']",72055,"['8176', '28082', '72055', '78009', '14834']"
"[19, 25]","[3, 7]","['74532', '59747', '33749', '47247', '30859']",30859,"['33749', '74532', '59747', '47247', '30859']"
"[3, 3]","[9, 11]","['22002', '72700', '10017', '994', '30907']",30907,"['10017', '30907', '22002', '72700', '994']"
"[3, 5]","[17, 18]","['64', '63514', '12162', '74226', '66935']",66935,"['63514', '66935', '64', '74226', '12162']"
"[9, 3]","[19, 8]","['14914', '1268', '9662', '74662', '71082']",71082,"['74662', '14914', '9662', '1268', '71082']"
"[14, 7]","[19, 14]","['25607', '38835', '51393', '77045', '26703']",26703,"['38835', '51393', '26703', '25607', '77045']"
"[14, 9]","[3, 26]","['40550', '6508', '39708', '14102', '1064']",1064,"['39708', '40550', '6508', '14102', '1064']"
"[19, 25]","[14, 9]","['47247', '74532', '33749', '59747', '6508']",6508,"['74532', '59747', '47247', '33749', '6508']"
"[14, 7]","[15, 28]","['51393', '38835', '25607', '77045', '10526']",10526,"['51393', '38835', '77045', '25607', '10526']"
"[3, 12]","[19, 13]","['27821', '37955', '20968', '1181', '43396']",43396,"['27821', '43396', '1181', '37955', '20968']"
"[0, 7]","[15, 13]","['15613', '10984', '65801', '66807', '25079']",25079,"['25079', '15613', '66807', '65801', '10984']"
"[7, 22]","[0, 7]","['31113', '40679', '79411', '23132', '66807']",66807,"['79411', '23132', '40679', '31113', '66807']"
"[9, 3]","[5, 22]","['1268', '74662', '14914', '9662', '48795']",48795,"['1268', '48795', '14914', '74662', '9662']"
"[0, 14]","[19, 5]","['1261', '37963', '75707', '39894', '55314']",55314,"['37963', '75707', '1261', '55314', '39894']"
"[3, 16]","[19, 13]","['177', '11746', '59100', '63317', '26354']",26354,"['26354', '11746', '177', '63317', '59100']"
"[19, 10]","[15, 13]","['25168', '73023', '25618', '21540', '42684']",42684,"['73023', '21540', '25168', '25618', '42684']"
"[14, 7]","[19, 25]","['77045', '38835', '51393', '67483', '47247']",47247,"['51393', '38835', '77045', '67483', '47247']"
"[7, 20]","[18, 23]","['2425', '2277', '54372', '55305', '10433']",10433,"['54372', '2425', '2277', '10433', '55305']"
"[3, 21]","[18, 23]","['53064', '42206', '14038', '57272', '6216']",6216,"['53064', '42206', '14038', '6216', '57272']"
"[3, 12]","[5, 19]","['27821', '37955', '1181', '20968', '51211']",51211,"['37955', '51211', '27821', '1181', '20968']"
"[3, 7]","[14, 9]","['37907', '73164', '19992', '4286', '6508']",6508,"['73164', '19992', '37907', '6508', '4286']"
"[17, 18]","[3, 3]","['6955', '31693', '21543', '66935', '10131']",10131,"['10131', '21543', '31693', '66935', '6955']"
"[0, 7]","[19, 10]","['66807', '65801', '15613', '10984', '25618']",25618,"['25618', '65801', '15613', '66807', '10984']"
"[4, 27]","[19, 8]","['12888', '77515', '5222', '70239', '36396']",36396,"['12888', '70239', '77515', '5222', '36396']"
"[0, 7]","[7, 3]","['10984', '72266', '65801', '66807', '64781']",64781,"['64781', '66807', '10984', '65801', '72266']"
"[0, 7]","[3, 3]","['72266', '65801', '66807', '15613', '72700']",72700,"['65801', '15613', '66807', '72700', '72266']"
"[19, 14]","[0, 6]","['26703', '64729', '72517', '26372', '25447']",25447,"['72517', '64729', '26703', '25447', '26372']"
"[19, 5]","[9, 4]","['63902', '72346', '55314', '17017', '80219']",80219,"['80219', '17017', '55314', '63902', '72346']"
"[3, 17]","[5, 19]","['12043', '54792', '38478', '53579', '60473']",60473,"['54792', '53579', '38478', '60473', '12043']"
"[19, 13]","[0, 7]","['43324', '42612', '43396', '35479', '15613']",15613,"['15613', '35479', '42612', '43324', '43396']"
"[3, 17]","[4, 27]","['38478', '64047', '53579', '54792', '70239']",70239,"['64047', '54792', '70239', '38478', '53579']"
"[7, 3]","[19, 10]","['52457', '64781', '75828', '61767', '73023']",73023,"['75828', '73023', '61767', '52457', '64781']"
"[15, 17]","[7, 1]","['60915', '47834', '11908', '1225', '16951']",16951,"['1225', '60915', '16951', '47834', '11908']"
"[7, 22]","[9, 4]","['31113', '79411', '23132', '40679', '79413']",79413,"['79413', '23132', '79411', '40679', '31113']"
"[9, 11]","[15, 21]","['15606', '30907', '335', '41897', '20839']",20839,"['15606', '30907', '20839', '41897', '335']"
"[9, 11]","[14, 7]","['61914', '4186', '15606', '41897', '77045']",77045,"['77045', '61914', '41897', '15606', '4186']"
"[7, 22]","[9, 11]","['79411', '31113', '40679', '23132', '15606']",15606,"['31113', '23132', '15606', '79411', '40679']"
"[17, 21]","[19, 25]","['69704', '9795', '62454', '78147', '33749']",33749,"['78147', '9795', '33749', '69704', '62454']"
"[5, 4]","[19, 8]","['51114', '2004', '70560', '53032', '19346']",19346,"['2004', '53032', '51114', '70560', '19346']"
"[0, 7]","[3, 16]","['66807', '15613', '10984', '72266', '59100']",59100,"['15613', '59100', '66807', '10984', '72266']"
"[0, 7]","[17, 21]","['66807', '65801', '15613', '72266', '62454']",62454,"['65801', '62454', '72266', '15613', '66807']"
"[3, 3]","[0, 14]","['22002', '72700', '22487', '994', '1261']",1261,"['22002', '22487', '72700', '994', '1261']"
"[19, 14]","[0, 6]","['26703', '72517', '26372', '64729', '43375']",43375,"['43375', '26703', '64729', '26372', '72517']"
"[18, 23]","[17, 5]","['72365', '5909', '12104', '72978', '7913']",7913,"['12104', '5909', '7913', '72365', '72978']"
"[19, 5]","[0, 0]","['55314', '76431', '63902', '17017', '8176']",8176,"['55314', '63902', '8176', '17017', '76431']"
"[0, 0]","[7, 20]","['14834', '28082', '8176', '78009', '55305']",55305,"['28082', '55305', '8176', '78009', '14834']"
"[0, 24]","[19, 8]","['74418', '31926', '37989', '48780', '71082']",71082,"['74418', '71082', '48780', '31926', '37989']"
"[17, 5]","[9, 26]","['72055', '7913', '50221', '33045', '27788']",27788,"['7913', '33045', '72055', '27788', '50221']"
"[19, 8]","[3, 7]","['19346', '36396', '6777', '71082', '19796']",19796,"['6777', '19346', '71082', '36396', '19796']"
"[18, 25]","[9, 4]","['25711', '4132', '3282', '73827', '64614']",64614,"['4132', '64614', '73827', '25711', '3282']"
"[14, 9]","[18, 25]","['26506', '6508', '39708', '40550', '25711']",25711,"['26506', '39708', '25711', '40550', '6508']"
"[19, 10]","[5, 29]","['21540', '55791', '73023', '25168', '52548']",52548,"['73023', '55791', '25168', '21540', '52548']"
"[3, 17]","[18, 25]","['54792', '64047', '38478', '53579', '3282']",3282,"['54792', '3282', '38478', '53579', '64047']"
"[15, 21]","[9, 26]","['3384', '7489', '20839', '13497', '7474']",7474,"['20839', '7489', '13497', '3384', '7474']"
"[0, 7]","[15, 13]","['65801', '15613', '72266', '10984', '68970']",68970,"['72266', '10984', '15613', '65801', '68970']"
"[19, 13]","[15, 21]","['43396', '37914', '42612', '26354', '7489']",7489,"['7489', '42612', '37914', '26354', '43396']"
"[3, 5]","[9, 3]","['64', '12162', '63514', '74226', '64671']",64671,"['63514', '74226', '12162', '64', '64671']"
"[19, 5]","[7, 22]","['76431', '17017', '55314', '32569', '40679']",40679,"['17017', '55314', '76431', '40679', '32569']"
"[14, 9]","[15, 21]","['26678', '40550', '39708', '26506', '20839']",20839,"['40550', '26506', '26678', '39708', '20839']"
"[3, 21]","[0, 7]","['53064', '42206', '57272', '14038', '72266']",72266,"['72266', '42206', '57272', '14038', '53064']"
"[14, 7]","[15, 17]","['67483', '25607', '51393', '77045', '60915']",60915,"['25607', '60915', '77045', '67483', '51393']"
"[3, 16]","[0, 7]","['63317', '177', '11746', '56017', '66807']",66807,"['66807', '177', '63317', '56017', '11746']"
"[3, 26]","[0, 24]","['68096', '1064', '50906', '40031', '48780']",48780,"['40031', '48780', '50906', '1064', '68096']"
"[5, 4]","[18, 23]","['70560', '62609', '53032', '35725', '6216']",6216,"['53032', '70560', '35725', '62609', '6216']"
"[9, 3]","[19, 18]","['74662', '9662', '14914', '1268', '49556']",49556,"['49556', '9662', '74662', '1268', '14914']"
"[7, 1]","[3, 3]","['17550', '8109', '10825', '16951', '22487']",22487,"['22487', '17550', '8109', '16951', '10825']"
"[3, 16]","[7, 1]","['56017', '63317', '11746', '177', '12421']",12421,"['56017', '11746', '12421', '177', '63317']"
"[14, 9]","[19, 25]","['14102', '6508', '26678', '40550', '26994']",26994,"['40550', '6508', '26678', '14102', '26994']"
"[18, 23]","[15, 21]","['64148', '48306', '40817', '5909', '20839']",20839,"['40817', '20839', '64148', '48306', '5909']"
"[19, 8]","[15, 13]","['19346', '6777', '36396', '71082', '42684']",42684,"['6777', '19346', '71082', '36396', '42684']"
"[19, 5]","[3, 12]","['59952', '55314', '63902', '32569', '37955']",37955,"['63902', '37955', '59952', '55314', '32569']"
"[15, 13]","[14, 7]","['25079', '42684', '53137', '20590', '51393']",51393,"['42684', '25079', '51393', '20590', '53137']"
"[18, 23]","[5, 4]","['78682', '61353', '65195', '59794', '27706']",27706,"['59794', '27706', '78682', '61353', '65195']"
"[19, 8]","[3, 4]","['19346', '71082', '6777', '36396', '11039']",11039,"['36396', '6777', '11039', '71082', '19346']"
"[7, 20]","[9, 26]","['2277', '55305', '2425', '54372', '27788']",27788,"['55305', '54372', '2425', '27788', '2277']"
"[15, 28]","[18, 25]","['38548', '23274', '3258', '10526', '3282']",3282,"['3258', '10526', '23274', '3282', '38548']"
"[9, 26]","[18, 23]","['6759', '50181', '27788', '7474', '10433']",10433,"['27788', '10433', '50181', '6759', '7474']"
"[5, 19]","[3, 28]","['54232', '49189', '60473', '63077', '12683']",12683,"['60473', '49189', '63077', '54232', '12683']"
"[9, 11]","[7, 3]","['52758', '335', '78534', '30907', '64781']",64781,"['78534', '64781', '30907', '335', '52758']"
"[3, 28]","[4, 27]","['73823', '42226', '8257', '55090', '12888']",12888,"['12888', '55090', '8257', '42226', '73823']"
"[9, 3]","[5, 29]","['9662', '1268', '74662', '64671', '18711']",18711,"['64671', '1268', '74662', '18711', '9662']"
"[19, 8]","[5, 22]","['19346', '71082', '36396', '6777', '48795']",48795,"['19346', '6777', '36396', '48795', '71082']"
"[17, 21]","[3, 16]","['40487', '62549', '62454', '78147', '63317']",63317,"['40487', '63317', '62549', '62454', '78147']"
"[5, 4]","[0, 2]","['63485', '53032', '27706', '35725', '48095']",48095,"['53032', '48095', '35725', '27706', '63485']"
"[18, 23]","[3, 17]","['14167', '26755', '32105', '65195', '12043']",12043,"['26755', '12043', '32105', '14167', '65195']"
"[9, 26]","[17, 18]","['7474', '23716', '27788', '6759', '31693']",31693,"['23716', '27788', '31693', '6759', '7474']"
"[5, 22]","[14, 8]","['40863', '57572', '48795', '77349', '28694']",28694,"['48795', '77349', '57572', '28694', '40863']"
"[3, 17]","[5, 29]","['53579', '64047', '33084', '38478', '51743']",51743,"['38478', '51743', '33084', '64047', '53579']"
"[19, 14]","[14, 8]","['64729', '26703', '26372', '72517', '28732']",28732,"['26372', '72517', '26703', '28732', '64729']"
"[9, 26]","[17, 21]","['23716', '27788', '6759', '50181', '40487']",40487,"['50181', '27788', '23716', '6759', '40487']"
"[19, 14]","[9, 26]","['72517', '26372', '26703', '64729', '23716']",23716,"['26703', '64729', '26372', '23716', '72517']"
"[0, 6]","[15, 13]","['41154', '59474', '43375', '49395', '25079']",25079,"['25079', '49395', '43375', '59474', '41154']"
"[0, 6]","[15, 21]","['43036', '41154', '43375', '75880', '13497']",13497,"['75880', '13497', '41154', '43375', '43036']"
"[14, 7]","[15, 28]","['67483', '38835', '25607', '51393', '23274']",23274,"['25607', '23274', '67483', '51393', '38835']"
"[15, 17]","[18, 25]","['11908', '47834', '60915', '1225', '4132']",4132,"['60915', '1225', '11908', '47834', '4132']"
"[19, 18]","[7, 1]","['55086', '74633', '35149', '29042', '12376']",12376,"['35149', '55086', '74633', '29042', '12376']"
"[18, 23]","[9, 4]","['5909', '67584', '40817', '72978', '64614']",64614,"['40817', '64614', '72978', '5909', '67584']"
"[14, 7]","[19, 18]","['25607', '67483', '51393', '38835', '29042']",29042,"['38835', '67483', '51393', '25607', '29042']"
"[9, 4]","[18, 23]","['79413', '50510', '80219', '64614', '65195']",65195,"['50510', '65195', '80219', '64614', '79413']"
"[17, 18]","[14, 7]","['21408', '66316', '66935', '51240', '38835']",38835,"['66316', '66935', '38835', '51240', '21408']"
"[14, 9]","[7, 1]","['6508', '26506', '40550', '39708', '3536']",3536,"['39708', '40550', '6508', '26506', '3536']"
"[5, 19]","[0, 0]","['60473', '53655', '51211', '54232', '78009']",78009,"['54232', '78009', '60473', '51211', '53655']"
"[0, 24]","[3, 7]","['48780', '31926', '74418', '37989', '37907']",37907,"['37907', '37989', '74418', '48780', '31926']"
"[19, 25]","[3, 21]","['33749', '59747', '26994', '74532', '47060']",47060,"['74532', '47060', '26994', '33749', '59747']"
"[3, 4]","[0, 24]","['35787', '11039', '20671', '9383', '37989']",37989,"['9383', '20671', '37989', '35787', '11039']"
"[19, 18]","[17, 5]","['49556', '74633', '29042', '36535', '72055']",72055,"['36535', '49556', '29042', '74633', '72055']"
"[7, 22]","[9, 3]","['40679', '79411', '23132', '31113', '1268']",1268,"['23132', '1268', '31113', '79411', '40679']"
"[0, 0]","[17, 21]","['28082', '8176', '14834', '78009', '69704']",69704,"['78009', '28082', '14834', '69704', '8176']"
"[3, 28]","[0, 2]","['8257', '42226', '12683', '55090', '51831']",51831,"['42226', '12683', '8257', '51831', '55090']"
"[0, 14]","[19, 28]","['75707', '1261', '17291', '39894', '40111']",40111,"['40111', '17291', '75707', '1261', '39894']"
"[14, 9]","[5, 19]","['39708', '26506', '6508', '14102', '54232']",54232,"['26506', '14102', '39708', '6508', '54232']"
"[17, 21]","[15, 28]","['62454', '9795', '69704', '40487', '38548']",38548,"['62454', '9795', '40487', '69704', '38548']"
"[19, 5]","[15, 28]","['72346', '55314', '76431', '32569', '38548']",38548,"['72346', '76431', '55314', '38548', '32569']"
"[5, 4]","[18, 23]","['2004', '63485', '35725', '70560', '12104']",12104,"['35725', '70560', '12104', '2004', '63485']"
"[0, 14]","[17, 18]","['42604', '75707', '1261', '39894', '70105']",70105,"['1261', '70105', '75707', '39894', '42604']"
"[19, 14]","[17, 21]","['26372', '26703', '64729', '72517', '40487']",40487,"['64729', '40487', '26372', '72517', '26703']"
"[18, 25]","[4, 27]","['3282', '73827', '25711', '62071', '77515']",77515,"['73827', '3282', '62071', '77515', '25711']"
"[3, 7]","[0, 6]","['19796', '4286', '30859', '19992', '49395']",49395,"['49395', '4286', '30859', '19796', '19992']"
"[17, 5]","[0, 24]","['33045', '50221', '7913', '72055', '48780']",48780,"['72055', '50221', '48780', '33045', '7913']"
"[19, 25]","[3, 21]","['59747', '33749', '26994', '74532', '53064']",53064,"['26994', '59747', '53064', '74532', '33749']"
"[5, 4]","[17, 5]","['35725', '27706', '51114', '53032', '7913']",7913,"['7913', '53032', '35725', '27706', '51114']"
"[19, 14]","[15, 13]","['72517', '26372', '26703', '64729', '42684']",42684,"['26703', '72517', '42684', '64729', '26372']"
"[0, 14]","[15, 28]","['75707', '1261', '37963', '42604', '23274']",23274,"['42604', '75707', '1261', '37963', '23274']"
"[9, 26]","[7, 20]","['23716', '50181', '27788', '7474', '2425']",2425,"['27788', '7474', '50181', '23716', '2425']"
"[17, 18]","[18, 25]","['66935', '21543', '70105', '66316', '62071']",62071,"['62071', '21543', '66316', '66935', '70105']"
"[15, 13]","[0, 6]","['68970', '42684', '34763', '53137', '43375']",43375,"['53137', '34763', '42684', '43375', '68970']"
"[3, 16]","[0, 24]","['177', '59100', '11746', '63317', '48780']",48780,"['63317', '11746', '177', '48780', '59100']"
"[3, 28]","[0, 14]","['12683', '8257', '42226', '73823', '37963']",37963,"['73823', '37963', '12683', '42226', '8257']"
"[3, 26]","[19, 8]","['34449', '40031', '1064', '49864', '6777']",6777,"['49864', '40031', '1064', '34449', '6777']"
"[14, 9]","[19, 13]","['6508', '39708', '26678', '26506', '43396']",43396,"['26506', '43396', '26678', '6508', '39708']"
"[3, 21]","[0, 7]","['14038', '42206', '53064', '57272', '10984']",10984,"['57272', '10984', '53064', '42206', '14038']"
"[0, 24]","[3, 21]","['37989', '48780', '31926', '74418', '57272']",57272,"['74418', '57272', '37989', '31926', '48780']"
"[9, 3]","[5, 19]","['9662', '1268', '64671', '14914', '54232']",54232,"['1268', '64671', '9662', '54232', '14914']"
"[19, 14]","[3, 3]","['64729', '26703', '26372', '72517', '30004']",30004,"['30004', '64729', '72517', '26372', '26703']"
"[0, 14]","[9, 11]","['1261', '39894', '42604', '80522', '61914']",61914,"['42604', '39894', '1261', '61914', '80522']"
"[5, 4]","[0, 6]","['53032', '35725', '2004', '27706', '41154']",41154,"['2004', '41154', '53032', '27706', '35725']"
"[7, 3]","[5, 29]","['61767', '75828', '52457', '64781', '52548']",52548,"['52457', '52548', '64781', '75828', '61767']"
"[17, 5]","[19, 28]","['7913', '72055', '50221', '33045', '40111']",40111,"['72055', '40111', '50221', '7913', '33045']"
"[0, 0]","[7, 1]","['28082', '14834', '78009', '8176', '12421']",12421,"['78009', '14834', '12421', '28082', '8176']"
"[18, 23]","[7, 20]","['6216', '59794', '20502', '15451', '55305']",55305,"['55305', '59794', '20502', '6216', '15451']"
"[3, 5]","[5, 22]","['12162', '63514', '64', '74226', '40863']",40863,"['64', '40863', '12162', '74226', '63514']"
"[18, 23]","[7, 3]","['72365', '25667', '12104', '59794', '64781']",64781,"['25667', '59794', '12104', '64781', '72365']"
"[0, 14]","[15, 13]","['42604', '17291', '80522', '37963', '42684']",42684,"['42684', '42604', '80522', '37963', '17291']"
"[19, 14]","[7, 20]","['26703', '64729', '26372', '72517', '2425']",2425,"['72517', '2425', '26703', '26372', '64729']"
"[17, 18]","[0, 24]","['21543', '66316', '6955', '31693', '74418']",74418,"['66316', '6955', '31693', '74418', '21543']"
"[3, 16]","[19, 14]","['59100', '11746', '63317', '177', '26372']",26372,"['177', '59100', '26372', '63317', '11746']"
"[3, 28]","[19, 14]","['12683', '73823', '55090', '42226', '26703']",26703,"['12683', '73823', '55090', '26703', '42226']"
"[14, 7]","[7, 1]","['25607', '38835', '67483', '51393', '8109']",8109,"['38835', '8109', '67483', '51393', '25607']"
"[3, 17]","[0, 7]","['53579', '54792', '38478', '12043', '72266']",72266,"['72266', '54792', '38478', '53579', '12043']"
"[0, 6]","[3, 28]","['43375', '41154', '75880', '43036', '55090']",55090,"['43375', '41154', '55090', '75880', '43036']"
"[19, 14]","[3, 21]","['26703', '64729', '26372', '72517', '57272']",57272,"['26372', '26703', '57272', '72517', '64729']"
"[0, 6]","[14, 9]","['75880', '43036', '59474', '41154', '40550']",40550,"['41154', '40550', '43036', '75880', '59474']"
"[3, 7]","[9, 26]","['4286', '37907', '19992', '30859', '23716']",23716,"['37907', '4286', '23716', '30859', '19992']"
"[0, 14]","[19, 13]","['39894', '42604', '37963', '1261', '35479']",35479,"['35479', '1261', '37963', '39894', '42604']"
"[3, 17]","[19, 8]","['12043', '64047', '53579', '38478', '36396']",36396,"['38478', '12043', '36396', '53579', '64047']"
"[0, 0]","[19, 18]","['14834', '8176', '28082', '78009', '30721']",30721,"['30721', '8176', '14834', '28082', '78009']"
"[14, 8]","[3, 26]","['28732', '39691', '46039', '28694', '49864']",49864,"['28694', '46039', '28732', '39691', '49864']"
"[15, 28]","[14, 7]","['3258', '38548', '67905', '23274', '77045']",77045,"['67905', '23274', '3258', '77045', '38548']"
"[18, 23]","[19, 18]","['65195', '61353', '25667', '78682', '36535']",36535,"['25667', '78682', '36535', '65195', '61353']"
"[0, 24]","[14, 9]","['31926', '74418', '37989', '48780', '26506']",26506,"['48780', '74418', '26506', '31926', '37989']"
"[3, 3]","[7, 20]","['30004', '10017', '994', '22487', '2277']",2277,"['22487', '994', '30004', '10017', '2277']"
"[19, 10]","[17, 5]","['73023', '25168', '55791', '21540', '33045']",33045,"['21540', '73023', '33045', '25168', '55791']"
"[14, 8]","[3, 4]","['40877', '28732', '28694', '46039', '20671']",20671,"['40877', '28732', '20671', '28694', '46039']"
"[9, 11]","[19, 28]","['61914', '41897', '30907', '52758', '42272']",42272,"['61914', '52758', '30907', '41897', '42272']"
"[3, 17]","[5, 19]","['54792', '64047', '53579', '33084', '63077']",63077,"['64047', '53579', '33084', '54792', '63077']"
"[3, 7]","[18, 23]","['4286', '30859', '19992', '19796', '26755']",26755,"['30859', '19796', '26755', '19992', '4286']"
"[14, 7]","[4, 27]","['38835', '25607', '51393', '67483', '70239']",70239,"['51393', '38835', '70239', '67483', '25607']"
"[17, 21]","[3, 3]","['62549', '40487', '9795', '69704', '10017']",10017,"['62549', '9795', '40487', '10017', '69704']"
"[19, 8]","[18, 25]","['6777', '71082', '19346', '36396', '73827']",73827,"['6777', '71082', '36396', '19346', '73827']"
"[17, 18]","[14, 8]","['70105', '21408', '51240', '6955', '46039']",46039,"['51240', '21408', '70105', '6955', '46039']"
"[9, 3]","[3, 16]","['9662', '14914', '64671', '1268', '63317']",63317,"['9662', '14914', '1268', '63317', '64671']"
"[7, 1]","[3, 26]","['12376', '3536', '53652', '16951', '32729']",32729,"['32729', '53652', '3536', '12376', '16951']"
"[3, 28]","[19, 13]","['55090', '8257', '73823', '42226', '43396']",43396,"['73823', '55090', '43396', '8257', '42226']"
"[19, 5]","[9, 4]","['55314', '63902', '76431', '32569', '80219']",80219,"['76431', '32569', '63902', '55314', '80219']"
"[3, 28]","[0, 7]","['73823', '42226', '12683', '55090', '10984']",10984,"['55090', '12683', '10984', '42226', '73823']"
"[9, 4]","[3, 7]","['79413', '64614', '80219', '50510', '37907']",37907,"['50510', '37907', '64614', '80219', '79413']"
"[3, 28]","[17, 5]","['8257', '12683', '55090', '42226', '50221']",50221,"['8257', '50221', '42226', '55090', '12683']"
"[0, 2]","[19, 25]","['48095', '43995', '63508', '9836', '74532']",74532,"['43995', '63508', '48095', '74532', '9836']"
"[5, 29]","[9, 3]","['57316', '55950', '21765', '52548', '14914']",14914,"['52548', '55950', '14914', '57316', '21765']"
"[3, 16]","[9, 26]","['63317', '11746', '56017', '177', '27788']",27788,"['56017', '177', '11746', '63317', '27788']"
"[7, 22]","[14, 8]","['23132', '31113', '79411', '40679', '39691']",39691,"['39691', '40679', '23132', '31113', '79411']"
"[4, 27]","[14, 7]","['77515', '70239', '12888', '5222', '38835']",38835,"['77515', '38835', '12888', '5222', '70239']"
"[18, 25]","[5, 22]","['3282', '62071', '25711', '73827', '7217']",7217,"['3282', '7217', '25711', '62071', '73827']"
"[3, 17]","[7, 22]","['12043', '53579', '33084', '38478', '31113']",31113,"['31113', '53579', '33084', '12043', '38478']"
"[17, 18]","[19, 13]","['66935', '31693', '6955', '21408', '35479']",35479,"['66935', '31693', '6955', '21408', '35479']"
"[19, 10]","[3, 16]","['21540', '73023', '55791', '25618', '59100']",59100,"['55791', '25618', '21540', '73023', '59100']"
"[0, 6]","[5, 29]","['25447', '49395', '41154', '43375', '52548']",52548,"['52548', '43375', '41154', '49395', '25447']"
"[9, 3]","[17, 21]","['74662', '9662', '1268', '14914', '40487']",40487,"['14914', '40487', '74662', '1268', '9662']"
"[3, 7]","[5, 22]","['4286', '37907', '19992', '19796', '7217']",7217,"['7217', '19796', '19992', '4286', '37907']"
"[5, 29]","[17, 5]","['52548', '51743', '18711', '55950', '50221']",50221,"['50221', '55950', '52548', '18711', '51743']"
"[19, 28]","[5, 4]","['40111', '23197', '42272', '52721', '53032']",53032,"['53032', '42272', '40111', '23197', '52721']"
"[14, 7]","[17, 18]","['51393', '67483', '77045', '38835', '6955']",6955,"['51393', '38835', '6955', '67483', '77045']"
"[14, 8]","[3, 26]","['46039', '40877', '39691', '28732', '19246']",19246,"['39691', '28732', '40877', '46039', '19246']"
"[19, 8]","[3, 17]","['71082', '36396', '19346', '6777', '12043']",12043,"['19346', '71082', '12043', '36396', '6777']"
"[3, 4]","[0, 24]","['11039', '9383', '35787', '20671', '31926']",31926,"['20671', '11039', '9383', '35787', '31926']"
"[15, 28]","[14, 9]","['10526', '38548', '67905', '3258', '6508']",6508,"['38548', '6508', '3258', '67905', '10526']"
"[7, 3]","[0, 2]","['52457', '75828', '64781', '61767', '9639']",9639,"['9639', '61767', '64781', '75828', '52457']"
"[7, 3]","[19, 8]","['64781', '52457', '75828', '61767', '6777']",6777,"['61767', '64781', '6777', '75828', '52457']"
"[17, 18]","[3, 16]","['46660', '66935', '70105', '21408', '59100']",59100,"['66935', '46660', '59100', '21408', '70105']"
"[3, 21]","[5, 4]","['53064', '42206', '14038', '57272', '62609']",62609,"['62609', '14038', '57272', '42206', '53064']"
"[3, 4]","[9, 26]","['35787', '11039', '9383', '20671', '27788']",27788,"['9383', '35787', '11039', '27788', '20671']"
"[18, 25]","[3, 17]","['25711', '62071', '3282', '4132', '38478']",38478,"['62071', '25711', '4132', '3282', '38478']"
"[15, 28]","[14, 7]","['23274', '67905', '3258', '38548', '67483']",67483,"['3258', '38548', '67905', '23274', '67483']"
"[14, 7]","[3, 16]","['77045', '67483', '51393', '38835', '56017']",56017,"['67483', '38835', '51393', '77045', '56017']"
"[15, 17]","[7, 1]","['47834', '11908', '60915', '1225', '10825']",10825,"['10825', '47834', '11908', '1225', '60915']"
"[19, 10]","[15, 17]","['73023', '25618', '25168', '55791', '11908']",11908,"['25168', '55791', '25618', '73023', '11908']"
"[7, 20]","[3, 26]","['2425', '2277', '55305', '54372', '19246']",19246,"['2277', '19246', '54372', '2425', '55305']"
"[7, 1]","[19, 28]","['12421', '10825', '12376', '17550', '42272']",42272,"['10825', '12376', '42272', '12421', '17550']"
"[3, 26]","[19, 25]","['40031', '1064', '49864', '68096', '47247']",47247,"['47247', '49864', '68096', '40031', '1064']"
"[3, 17]","[19, 18]","['33084', '54792', '53579', '12043', '55086']",55086,"['12043', '53579', '55086', '54792', '33084']"
"[5, 4]","[19, 8]","['70560', '27706', '63485', '2004', '19346']",19346,"['19346', '63485', '27706', '2004', '70560']"
"[18, 25]","[15, 21]","['62071', '25711', '73827', '4132', '13497']",13497,"['25711', '4132', '73827', '13497', '62071']"
"[19, 28]","[0, 6]","['55589', '40111', '42272', '23197', '43375']",43375,"['40111', '23197', '55589', '43375', '42272']"
"[3, 21]","[7, 20]","['42206', '57272', '14038', '47060', '54372']",54372,"['14038', '42206', '54372', '47060', '57272']"
"[9, 3]","[18, 23]","['1268', '9662', '64671', '74662', '10433']",10433,"['64671', '1268', '74662', '9662', '10433']"
"[5, 22]","[7, 20]","['57572', '48795', '40863', '77349', '2277']",2277,"['2277', '57572', '48795', '77349', '40863']"
"[3, 17]","[5, 4]","['12043', '64047', '54792', '38478', '62609']",62609,"['64047', '54792', '12043', '38478', '62609']"
"[0, 6]","[5, 22]","['25447', '75880', '43036', '43375', '77349']",77349,"['43375', '43036', '77349', '25447', '75880']"
"[3, 21]","[18, 23]","['42206', '14038', '53064', '47060', '37360']",37360,"['37360', '14038', '53064', '42206', '47060']"
"[14, 8]","[19, 10]","['40877', '46039', '28694', '28732', '73023']",73023,"['28732', '28694', '40877', '73023', '46039']"
"[19, 25]","[3, 21]","['74532', '26994', '33749', '47247', '14038']",14038,"['33749', '74532', '47247', '14038', '26994']"
"[3, 7]","[0, 0]","['4286', '19796', '30859', '19992', '78009']",78009,"['4286', '19992', '19796', '30859', '78009']"
"[5, 22]","[0, 0]","['48795', '7217', '77349', '57572', '8176']",8176,"['57572', '48795', '7217', '8176', '77349']"
"[0, 0]","[19, 13]","['78009', '28082', '14834', '8176', '42612']",42612,"['78009', '14834', '8176', '28082', '42612']"
"[3, 12]","[19, 18]","['27821', '37955', '20968', '1181', '30721']",30721,"['27821', '1181', '30721', '20968', '37955']"
"[3, 5]","[19, 14]","['12162', '64', '74226', '63514', '64729']",64729,"['64', '63514', '64729', '12162', '74226']"
"[5, 29]","[19, 8]","['51743', '18711', '57316', '55950', '6777']",6777,"['55950', '18711', '51743', '6777', '57316']"
"[14, 7]","[7, 22]","['38835', '25607', '51393', '77045', '23132']",23132,"['38835', '23132', '51393', '77045', '25607']"
"[5, 22]","[19, 8]","['77349', '57572', '7217', '48795', '36396']",36396,"['77349', '36396', '7217', '57572', '48795']"
"[5, 29]","[14, 9]","['57316', '52548', '55950', '21765', '14102']",14102,"['52548', '21765', '57316', '14102', '55950']"
"[19, 8]","[3, 17]","['19346', '71082', '36396', '6777', '54792']",54792,"['54792', '36396', '6777', '19346', '71082']"
"[3, 17]","[17, 5]","['33084', '54792', '38478', '53579', '72055']",72055,"['53579', '54792', '38478', '33084', '72055']"
"[3, 12]","[5, 29]","['20968', '27821', '1181', '37955', '21765']",21765,"['27821', '20968', '37955', '1181', '21765']"
"[0, 2]","[14, 8]","['9639', '54867', '48095', '28242', '28732']",28732,"['54867', '48095', '9639', '28732', '28242']"
"[5, 22]","[3, 12]","['57572', '77349', '40863', '48795', '37955']",37955,"['77349', '37955', '57572', '40863', '48795']"
"[19, 5]","[9, 4]","['63902', '76431', '32569', '17017', '80219']",80219,"['80219', '32569', '76431', '17017', '63902']"
"[3, 3]","[5, 29]","['10017', '22002', '22487', '30004', '21765']",21765,"['10017', '22002', '30004', '21765', '22487']"
"[5, 4]","[7, 22]","['2004', '62609', '53032', '63485', '79411']",79411,"['63485', '2004', '62609', '79411', '53032']"
"[0, 7]","[3, 16]","['15613', '10984', '65801', '66807', '177']",177,"['10984', '15613', '66807', '177', '65801']"
"[19, 14]","[9, 3]","['64729', '72517', '26703', '26372', '9662']",9662,"['26703', '64729', '9662', '72517', '26372']"
"[3, 4]","[9, 3]","['9383', '11039', '35787', '20671', '74662']",74662,"['20671', '74662', '11039', '35787', '9383']"
"[3, 4]","[0, 0]","['9383', '11039', '20671', '35787', '78009']",78009,"['9383', '78009', '35787', '11039', '20671']"
"[9, 3]","[15, 17]","['64671', '74662', '1268', '14914', '1225']",1225,"['1268', '1225', '64671', '14914', '74662']"
"[9, 11]","[3, 21]","['41897', '78534', '15606', '52758', '42206']",42206,"['41897', '52758', '15606', '42206', '78534']"
"[19, 10]","[9, 26]","['73023', '55791', '25168', '25618', '27788']",27788,"['55791', '27788', '25168', '73023', '25618']"
"[19, 5]","[5, 22]","['63902', '76431', '59952', '32569', '77349']",77349,"['77349', '59952', '63902', '32569', '76431']"
"[18, 23]","[3, 16]","['32105', '48306', '67584', '14167', '56017']",56017,"['56017', '32105', '67584', '14167', '48306']"
"[17, 18]","[14, 7]","['6955', '46660', '70105', '21543', '67483']",67483,"['67483', '46660', '70105', '21543', '6955']"
"[19, 18]","[0, 14]","['35149', '41277', '30721', '58616', '17291']",17291,"['58616', '17291', '30721', '35149', '41277']"
"[0, 14]","[3, 3]","['80522', '1261', '75707', '17291', '994']",994,"['17291', '994', '75707', '80522', '1261']"
"[14, 8]","[19, 5]","['28694', '39691', '40877', '28732', '17017']",17017,"['17017', '28732', '39691', '40877', '28694']"
"[15, 28]","[9, 3]","['38548', '3258', '23274', '67905', '14914']",14914,"['14914', '23274', '38548', '67905', '3258']"
"[19, 14]","[3, 12]","['72517', '26703', '64729', '26372', '20968']",20968,"['20968', '64729', '26372', '72517', '26703']"
"[18, 23]","[7, 22]","['40817', '26052', '37360', '78682', '31113']",31113,"['40817', '78682', '31113', '26052', '37360']"
"[0, 14]","[3, 28]","['42604', '37963', '1261', '39894', '12683']",12683,"['12683', '39894', '42604', '37963', '1261']"
"[19, 10]","[0, 6]","['21540', '25618', '25168', '55791', '43036']",43036,"['55791', '43036', '21540', '25168', '25618']"
"[7, 3]","[0, 14]","['64781', '61767', '75828', '52457', '75707']",75707,"['75707', '61767', '75828', '64781', '52457']"
"[0, 7]","[15, 17]","['10984', '15613', '72266', '66807', '11908']",11908,"['11908', '66807', '72266', '10984', '15613']"
"[14, 9]","[18, 23]","['6508', '14102', '39708', '40550', '40817']",40817,"['39708', '40550', '40817', '14102', '6508']"
"[14, 7]","[19, 10]","['67483', '25607', '77045', '51393', '21540']",21540,"['21540', '67483', '51393', '25607', '77045']"
"[18, 25]","[17, 18]","['25711', '62071', '73827', '3282', '66316']",66316,"['62071', '3282', '66316', '73827', '25711']"
"[7, 22]","[3, 17]","['31113', '40679', '79411', '23132', '33084']",33084,"['79411', '33084', '31113', '40679', '23132']"
"[3, 17]","[17, 18]","['33084', '38478', '12043', '54792', '6955']",6955,"['6955', '54792', '33084', '38478', '12043']"
"[0, 7]","[19, 10]","['72266', '66807', '65801', '15613', '73023']",73023,"['15613', '73023', '66807', '72266', '65801']"
"[3, 4]","[19, 25]","['11039', '35787', '20671', '9383', '33749']",33749,"['11039', '33749', '20671', '35787', '9383']"
"[5, 22]","[19, 18]","['40863', '7217', '77349', '57572', '29042']",29042,"['77349', '40863', '7217', '29042', '57572']"
"[0, 2]","[14, 9]","['9836', '32703', '45218', '67465', '39708']",39708,"['45218', '9836', '39708', '32703', '67465']"
"[15, 13]","[14, 7]","['53137', '68970', '25079', '34763', '67483']",67483,"['68970', '25079', '53137', '67483', '34763']"
"[0, 24]","[15, 13]","['48780', '31926', '74418', '37989', '42684']",42684,"['37989', '74418', '48780', '42684', '31926']"
"[0, 6]","[15, 28]","['43375', '75880', '49395', '25447', '3258']",3258,"['3258', '43375', '75880', '49395', '25447']"
"[15, 28]","[19, 13]","['67905', '3258', '23274', '10526', '37914']",37914,"['23274', '37914', '10526', '67905', '3258']"
"[3, 3]","[5, 22]","['72700', '22487', '994', '30004', '57572']",57572,"['72700', '30004', '994', '22487', '57572']"
"[14, 9]","[19, 8]","['40550', '26678', '6508', '39708', '19346']",19346,"['19346', '39708', '40550', '6508', '26678']"
"[0, 7]","[9, 26]","['72266', '66807', '65801', '15613', '6759']",6759,"['15613', '66807', '65801', '72266', '6759']"
"[9, 3]","[3, 16]","['1268', '9662', '74662', '14914', '59100']",59100,"['74662', '9662', '59100', '1268', '14914']"
"[3, 5]","[19, 18]","['74226', '63514', '12162', '64', '30721']",30721,"['74226', '30721', '64', '12162', '63514']"
"[15, 17]","[19, 5]","['1225', '11908', '60915', '47834', '76431']",76431,"['11908', '76431', '60915', '47834', '1225']"
"[3, 4]","[19, 13]","['9383', '35787', '11039', '20671', '35479']",35479,"['35479', '20671', '9383', '11039', '35787']"
"[5, 4]","[17, 5]","['70560', '62609', '35725', '2004', '50221']",50221,"['50221', '2004', '62609', '35725', '70560']"
"[14, 9]","[3, 5]","['40550', '26506', '39708', '14102', '63514']",63514,"['26506', '40550', '39708', '14102', '63514']"
"[19, 25]","[0, 2]","['26994', '74532', '33749', '59747', '59390']",59390,"['33749', '26994', '74532', '59747', '59390']"
"[9, 3]","[5, 19]","['14914', '1268', '64671', '9662', '60473']",60473,"['60473', '9662', '14914', '64671', '1268']"
"[9, 4]","[4, 27]","['79413', '50510', '64614', '80219', '77515']",77515,"['79413', '50510', '80219', '77515', '64614']"
"[19, 14]","[9, 4]","['64729', '26703', '72517', '26372', '50510']",50510,"['50510', '26703', '72517', '64729', '26372']"
"[9, 3]","[5, 4]","['74662', '14914', '9662', '1268', '62609']",62609,"['74662', '14914', '62609', '1268', '9662']"
"[17, 5]","[15, 28]","['72055', '7913', '50221', '33045', '10526']",10526,"['72055', '33045', '50221', '10526', '7913']"
"[0, 7]","[7, 1]","['15613', '65801', '72266', '66807', '10825']",10825,"['66807', '10825', '65801', '72266', '15613']"
"[15, 17]","[0, 24]","['11908', '47834', '60915', '1225', '31926']",31926,"['1225', '31926', '47834', '11908', '60915']"
"[19, 18]","[3, 17]","['41277', '58616', '55086', '35149', '38478']",38478,"['58616', '55086', '41277', '38478', '35149']"
"[5, 19]","[7, 1]","['53655', '63077', '60473', '35619', '10825']",10825,"['35619', '10825', '63077', '53655', '60473']"
"[14, 7]","[3, 3]","['38835', '51393', '25607', '67483', '22487']",22487,"['38835', '22487', '67483', '25607', '51393']"
"[7, 3]","[14, 9]","['52457', '75828', '64781', '61767', '26506']",26506,"['64781', '26506', '75828', '61767', '52457']"
"[15, 13]","[17, 5]","['53137', '34763', '20590', '25079', '7913']",7913,"['7913', '25079', '20590', '34763', '53137']"
"[7, 20]","[19, 28]","['2425', '55305', '54372', '2277', '52721']",52721,"['2425', '52721', '55305', '2277', '54372']"
"[9, 4]","[3, 26]","['79413', '64614', '80219', '50510', '40031']",40031,"['40031', '64614', '79413', '80219', '50510']"
"[9, 3]","[3, 17]","['14914', '64671', '74662', '1268', '53579']",53579,"['64671', '53579', '74662', '14914', '1268']"
"[19, 14]","[5, 22]","['26703', '72517', '64729', '26372', '7217']",7217,"['72517', '26703', '64729', '26372', '7217']"
"[9, 11]","[7, 22]","['41897', '61914', '4186', '78534', '79411']",79411,"['4186', '41897', '78534', '61914', '79411']"
"[3, 16]","[7, 1]","['59100', '11746', '56017', '177', '12376']",12376,"['11746', '59100', '177', '56017', '12376']"
"[19, 13]","[3, 28]","['43396', '37914', '43324', '35479', '42226']",42226,"['37914', '42226', '35479', '43396', '43324']"
"[7, 1]","[3, 16]","['16951', '3536', '12376', '8109', '11746']",11746,"['11746', '8109', '16951', '3536', '12376']"
"[7, 22]","[3, 12]","['31113', '23132', '79411', '40679', '37955']",37955,"['79411', '23132', '40679', '37955', '31113']"
"[3, 12]","[19, 25]","['20968', '37955', '27821', '1181', '74532']",74532,"['27821', '20968', '37955', '1181', '74532']"
"[3, 3]","[17, 18]","['30004', '994', '10017', '22487', '31693']",31693,"['994', '22487', '30004', '31693', '10017']"
"[14, 9]","[3, 12]","['14102', '6508', '26506', '40550', '37955']",37955,"['14102', '40550', '37955', '26506', '6508']"
"[3, 5]","[7, 20]","['74226', '63514', '12162', '64', '55305']",55305,"['55305', '63514', '64', '12162', '74226']"
"[3, 4]","[7, 3]","['11039', '9383', '35787', '20671', '52457']",52457,"['20671', '9383', '11039', '35787', '52457']"
"[18, 23]","[9, 11]","['78682', '26755', '6216', '10433', '61914']",61914,"['26755', '10433', '6216', '78682', '61914']"
"[15, 17]","[18, 25]","['1225', '47834', '60915', '11908', '62071']",62071,"['60915', '1225', '47834', '62071', '11908']"
"[18, 25]","[14, 7]","['73827', '4132', '62071', '25711', '51393']",51393,"['73827', '4132', '62071', '25711', '51393']"
"[19, 13]","[0, 14]","['42612', '26354', '35479', '43396', '42604']",42604,"['35479', '43396', '26354', '42612', '42604']"
"[5, 4]","[9, 3]","['53032', '27706', '62609', '2004', '1268']",1268,"['2004', '53032', '62609', '27706', '1268']"
"[14, 7]","[0, 14]","['67483', '25607', '77045', '38835', '39894']",39894,"['39894', '67483', '77045', '25607', '38835']"
"[5, 4]","[15, 28]","['51114', '2004', '35725', '63485', '3258']",3258,"['2004', '51114', '35725', '63485', '3258']"
"[17, 5]","[14, 7]","['72055', '50221', '33045', '7913', '51393']",51393,"['50221', '72055', '33045', '51393', '7913']"
"[7, 20]","[19, 14]","['55305', '54372', '2425', '2277', '26372']",26372,"['2425', '55305', '54372', '26372', '2277']"
"[5, 19]","[7, 20]","['54232', '60473', '77183', '51211', '55305']",55305,"['77183', '51211', '60473', '54232', '55305']"
"[5, 22]","[7, 3]","['57572', '40863', '77349', '48795', '52457']",52457,"['57572', '48795', '77349', '40863', '52457']"
"[15, 28]","[19, 10]","['67905', '38548', '23274', '10526', '25618']",25618,"['23274', '38548', '25618', '10526', '67905']"
"[5, 19]","[0, 2]","['54232', '35619', '53655', '10743', '59390']",59390,"['10743', '53655', '59390', '35619', '54232']"
"[3, 3]","[19, 5]","['22487', '72700', '22002', '994', '72346']",72346,"['72700', '994', '22002', '72346', '22487']"
"[5, 29]","[4, 27]","['57316', '18711', '55950', '21765', '5222']",5222,"['55950', '57316', '21765', '18711', '5222']"
"[9, 11]","[15, 28]","['335', '4186', '78534', '30907', '10526']",10526,"['78534', '4186', '10526', '30907', '335']"
"[9, 26]","[3, 28]","['50181', '7474', '27788', '6759', '8257']",8257,"['50181', '27788', '7474', '6759', '8257']"
"[0, 6]","[19, 14]","['49395', '43375', '59474', '75880', '26703']",26703,"['43375', '75880', '59474', '26703', '49395']"
"[17, 5]","[5, 19]","['50221', '72055', '7913', '33045', '77183']",77183,"['50221', '77183', '7913', '72055', '33045']"
"[0, 14]","[17, 18]","['42604', '1261', '17291', '39894', '21408']",21408,"['39894', '42604', '17291', '21408', '1261']"
"[0, 7]","[3, 5]","['65801', '66807', '15613', '10984', '63514']",63514,"['66807', '15613', '10984', '65801', '63514']"
"[9, 26]","[5, 19]","['23716', '27788', '7474', '6759', '51211']",51211,"['27788', '23716', '51211', '6759', '7474']"
"[15, 13]","[9, 11]","['34763', '20590', '42684', '53137', '15606']",15606,"['53137', '42684', '20590', '34763', '15606']"
"[3, 3]","[19, 13]","['10017', '72700', '30004', '10131', '37914']",37914,"['10017', '30004', '72700', '10131', '37914']"
"[19, 28]","[17, 21]","['43363', '40111', '23197', '42272', '78147']",78147,"['23197', '42272', '78147', '40111', '43363']"
"[14, 8]","[3, 12]","['28732', '40877', '46039', '28694', '1181']",1181,"['46039', '1181', '28694', '40877', '28732']"
"[18, 25]","[7, 20]","['3282', '4132', '62071', '73827', '54372']",54372,"['3282', '62071', '54372', '73827', '4132']"
"[19, 25]","[5, 19]","['59747', '47247', '33749', '74532', '63077']",63077,"['47247', '33749', '63077', '74532', '59747']"
"[9, 11]","[19, 18]","['78534', '4186', '30907', '15606', '30721']",30721,"['30907', '4186', '30721', '15606', '78534']"
"[0, 24]","[17, 21]","['37989', '74418', '31926', '48780', '62549']",62549,"['48780', '62549', '31926', '74418', '37989']"
"[19, 10]","[0, 24]","['21540', '55791', '25618', '25168', '48780']",48780,"['55791', '25618', '21540', '48780', '25168']"
"[17, 18]","[4, 27]","['66935', '46660', '21543', '70105', '5222']",5222,"['5222', '66935', '46660', '21543', '70105']"
"[7, 20]","[3, 26]","['54372', '55305', '2425', '2277', '68096']",68096,"['2425', '68096', '55305', '2277', '54372']"
"[15, 13]","[4, 27]","['24364', '42684', '34763', '20590', '77515']",77515,"['34763', '42684', '77515', '20590', '24364']"
"[15, 13]","[5, 29]","['68970', '42684', '53137', '20590', '57316']",57316,"['68970', '20590', '53137', '57316', '42684']"
"[7, 1]","[3, 5]","['12421', '10825', '3536', '53652', '74226']",74226,"['53652', '10825', '12421', '74226', '3536']"
"[3, 7]","[17, 21]","['30859', '19992', '73164', '19796', '40487']",40487,"['19992', '19796', '40487', '73164', '30859']"
"[5, 22]","[19, 8]","['7217', '77349', '48795', '57572', '71082']",71082,"['57572', '7217', '48795', '71082', '77349']"
"[3, 17]","[19, 25]","['64047', '53579', '33084', '54792', '74532']",74532,"['64047', '33084', '53579', '74532', '54792']"
"[3, 21]","[0, 6]","['47060', '42206', '14038', '53064', '43375']",43375,"['53064', '42206', '47060', '43375', '14038']"
"[5, 29]","[19, 10]","['52548', '55950', '21765', '57316', '21540']",21540,"['21765', '57316', '21540', '52548', '55950']"
"[9, 4]","[3, 5]","['50510', '79413', '64614', '80219', '63514']",63514,"['79413', '50510', '64614', '80219', '63514']"
"[19, 5]","[5, 29]","['76431', '55314', '17017', '59952', '51743']",51743,"['59952', '76431', '17017', '51743', '55314']"
"[14, 7]","[19, 28]","['51393', '25607', '38835', '77045', '43363']",43363,"['51393', '38835', '43363', '25607', '77045']"
"[19, 8]","[9, 11]","['71082', '36396', '19346', '6777', '4186']",4186,"['4186', '36396', '19346', '6777', '71082']"
"[5, 29]","[0, 14]","['51743', '18711', '52548', '21765', '42604']",42604,"['42604', '21765', '18711', '51743', '52548']"
"[19, 13]","[7, 1]","['43396', '35479', '37914', '42612', '12376']",12376,"['37914', '12376', '42612', '35479', '43396']"
"[19, 13]","[7, 22]","['35479', '43396', '26354', '42612', '23132']",23132,"['35479', '26354', '23132', '42612', '43396']"
"[15, 13]","[9, 3]","['34763', '24364', '53137', '68970', '9662']",9662,"['24364', '53137', '34763', '68970', '9662']"
"[3, 21]","[19, 18]","['53064', '47060', '42206', '14038', '35149']",35149,"['42206', '53064', '35149', '47060', '14038']"
"[3, 12]","[19, 28]","['1181', '27821', '20968', '37955', '43363']",43363,"['37955', '20968', '1181', '27821', '43363']"
"[3, 12]","[19, 13]","['27821', '1181', '37955', '20968', '42612']",42612,"['1181', '37955', '42612', '27821', '20968']"
"[0, 6]","[7, 20]","['41154', '75880', '43036', '59474', '54372']",54372,"['54372', '41154', '75880', '59474', '43036']"
"[19, 18]","[4, 27]","['29042', '30721', '74633', '49556', '12888']",12888,"['29042', '12888', '74633', '30721', '49556']"
"[3, 7]","[5, 22]","['4286', '73164', '30859', '19796', '40863']",40863,"['19796', '40863', '73164', '30859', '4286']"
"[5, 22]","[19, 13]","['77349', '48795', '57572', '7217', '37914']",37914,"['57572', '37914', '77349', '7217', '48795']"
"[19, 28]","[0, 24]","['55589', '40111', '42272', '23197', '48780']",48780,"['42272', '48780', '55589', '40111', '23197']"
"[3, 21]","[0, 24]","['47060', '57272', '14038', '42206', '48780']",48780,"['14038', '57272', '47060', '48780', '42206']"
"[19, 5]","[7, 1]","['76431', '55314', '32569', '72346', '8109']",8109,"['55314', '76431', '72346', '32569', '8109']"
"[7, 22]","[9, 11]","['40679', '23132', '31113', '79411', '4186']",4186,"['31113', '79411', '40679', '23132', '4186']"
"[5, 4]","[3, 7]","['27706', '35725', '53032', '70560', '73164']",73164,"['27706', '53032', '70560', '35725', '73164']"
"[3, 21]","[0, 0]","['42206', '53064', '47060', '57272', '8176']",8176,"['8176', '42206', '47060', '53064', '57272']"
"[18, 23]","[17, 18]","['32105', '10433', '78682', '5909', '31693']",31693,"['10433', '31693', '78682', '5909', '32105']"
"[9, 11]","[19, 18]","['41897', '30907', '61914', '52758', '35149']",35149,"['61914', '30907', '52758', '41897', '35149']"
"[17, 5]","[18, 23]","['50221', '72055', '7913', '33045', '64148']",64148,"['64148', '72055', '50221', '33045', '7913']"
"[17, 21]","[0, 2]","['62454', '40487', '78147', '9795', '27625']",27625,"['40487', '27625', '9795', '62454', '78147']"
"[5, 22]","[0, 14]","['48795', '7217', '40863', '77349', '80522']",80522,"['40863', '80522', '7217', '48795', '77349']"
"[5, 19]","[0, 14]","['35619', '51211', '54232', '53655', '80522']",80522,"['80522', '35619', '53655', '51211', '54232']"
"[14, 7]","[19, 18]","['67483', '77045', '51393', '25607', '36535']",36535,"['77045', '51393', '67483', '36535', '25607']"
"[19, 8]","[17, 5]","['19346', '71082', '6777', '36396', '50221']",50221,"['19346', '71082', '6777', '36396', '50221']"
"[0, 7]","[3, 17]","['15613', '65801', '72266', '10984', '38478']",38478,"['10984', '65801', '15613', '72266', '38478']"
"[0, 14]","[3, 28]","['75707', '39894', '17291', '37963', '55090']",55090,"['39894', '55090', '17291', '37963', '75707']"
"[5, 19]","[0, 24]","['35619', '77183', '60473', '51211', '48780']",48780,"['77183', '60473', '51211', '48780', '35619']"
"[3, 3]","[9, 11]","['994', '10131', '72700', '22002', '61914']",61914,"['22002', '72700', '61914', '994', '10131']"
"[0, 14]","[19, 28]","['42604', '80522', '75707', '17291', '43363']",43363,"['17291', '75707', '42604', '43363', '80522']"
"[3, 17]","[19, 13]","['12043', '53579', '54792', '38478', '42612']",42612,"['54792', '42612', '38478', '12043', '53579']"
"[19, 25]","[7, 22]","['47247', '59747', '33749', '26994', '79411']",79411,"['59747', '26994', '47247', '79411', '33749']"
"[3, 12]","[18, 23]","['27821', '1181', '20968', '37955', '64247']",64247,"['64247', '37955', '1181', '20968', '27821']"
"[14, 8]","[19, 10]","['28694', '40877', '28732', '39691', '25618']",25618,"['28694', '25618', '39691', '28732', '40877']"
"[18, 25]","[9, 4]","['62071', '25711', '73827', '4132', '80219']",80219,"['80219', '4132', '73827', '62071', '25711']"
"[0, 14]","[3, 4]","['80522', '39894', '37963', '42604', '11039']",11039,"['39894', '11039', '42604', '37963', '80522']"
"[14, 8]","[3, 17]","['39691', '28694', '28732', '46039', '33084']",33084,"['28732', '33084', '28694', '46039', '39691']"
"[7, 1]","[19, 5]","['3536', '16951', '12376', '10825', '17017']",17017,"['3536', '10825', '12376', '16951', '17017']"
"[19, 8]","[0, 14]","['6777', '19346', '36396', '71082', '17291']",17291,"['17291', '71082', '36396', '6777', '19346']"
"[15, 21]","[9, 26]","['13497', '7489', '3384', '20839', '27788']",27788,"['7489', '13497', '27788', '3384', '20839']"
"[19, 5]","[9, 4]","['59952', '55314', '76431', '63902', '80219']",80219,"['59952', '76431', '55314', '63902', '80219']"
"[9, 4]","[3, 26]","['80219', '79413', '50510', '64614', '9147']",9147,"['64614', '50510', '79413', '80219', '9147']"
"[19, 28]","[0, 2]","['23197', '40111', '55589', '42272', '80744']",80744,"['23197', '42272', '40111', '80744', '55589']"
"[9, 26]","[17, 5]","['7474', '50181', '6759', '27788', '33045']",33045,"['33045', '27788', '6759', '50181', '7474']"
"[9, 11]","[3, 28]","['78534', '335', '30907', '41897', '42226']",42226,"['30907', '41897', '335', '42226', '78534']"
"[17, 18]","[15, 28]","['46660', '6955', '21408', '70105', '10526']",10526,"['70105', '46660', '10526', '6955', '21408']"
"[0, 24]","[19, 28]","['74418', '48780', '31926', '37989', '52721']",52721,"['48780', '52721', '74418', '37989', '31926']"
"[19, 25]","[17, 21]","['74532', '59747', '47247', '26994', '9795']",9795,"['9795', '74532', '59747', '26994', '47247']"
"[15, 21]","[7, 22]","['13497', '20839', '7489', '3384', '79411']",79411,"['3384', '79411', '20839', '13497', '7489']"
"[3, 12]","[14, 9]","['20968', '1181', '37955', '27821', '26506']",26506,"['27821', '26506', '37955', '1181', '20968']"
"[9, 26]","[15, 28]","['27788', '50181', '23716', '6759', '23274']",23274,"['23274', '6759', '50181', '23716', '27788']"
"[5, 29]","[7, 3]","['21765', '18711', '51743', '57316', '61767']",61767,"['51743', '57316', '21765', '18711', '61767']"
"[9, 26]","[19, 14]","['27788', '23716', '7474', '50181', '26703']",26703,"['50181', '23716', '26703', '7474', '27788']"
"[14, 8]","[15, 17]","['40877', '39691', '28694', '46039', '11908']",11908,"['28694', '11908', '39691', '46039', '40877']"
"[15, 21]","[9, 3]","['7489', '3384', '20839', '13497', '1268']",1268,"['7489', '20839', '13497', '1268', '3384']"
"[18, 25]","[17, 21]","['4132', '62071', '73827', '25711', '62549']",62549,"['62549', '25711', '73827', '62071', '4132']"
"[14, 9]","[7, 3]","['14102', '26506', '26678', '6508', '75828']",75828,"['6508', '14102', '26506', '26678', '75828']"
"[3, 4]","[0, 14]","['35787', '11039', '9383', '20671', '1261']",1261,"['11039', '20671', '35787', '9383', '1261']"
"[19, 28]","[7, 3]","['52721', '42272', '23197', '55589', '64781']",64781,"['55589', '23197', '64781', '42272', '52721']"
"[19, 28]","[17, 5]","['42272', '52721', '43363', '55589', '50221']",50221,"['52721', '42272', '55589', '50221', '43363']"
"[19, 28]","[0, 24]","['43363', '55589', '52721', '23197', '37989']",37989,"['55589', '23197', '52721', '37989', '43363']"
"[14, 8]","[15, 13]","['39691', '28694', '46039', '40877', '68970']",68970,"['39691', '40877', '46039', '68970', '28694']"
"[3, 28]","[18, 23]","['42226', '12683', '73823', '8257', '32105']",32105,"['12683', '8257', '32105', '42226', '73823']"
"[0, 2]","[7, 22]","['63508', '66847', '9639', '70440', '40679']",40679,"['70440', '9639', '66847', '40679', '63508']"
"[19, 13]","[15, 17]","['37914', '43324', '42612', '43396', '1225']",1225,"['43396', '43324', '37914', '1225', '42612']"
"[5, 22]","[0, 14]","['77349', '48795', '7217', '57572', '80522']",80522,"['77349', '57572', '7217', '48795', '80522']"
"[14, 8]","[3, 16]","['28732', '40877', '46039', '28694', '11746']",11746,"['28732', '46039', '11746', '40877', '28694']"
"[7, 1]","[3, 17]","['3536', '16951', '17550', '10825', '38478']",38478,"['3536', '38478', '10825', '17550', '16951']"
"[7, 1]","[3, 4]","['12421', '12376', '17550', '53652', '20671']",20671,"['12376', '12421', '17550', '20671', '53652']"
"[9, 3]","[3, 17]","['9662', '74662', '14914', '1268', '53579']",53579,"['14914', '9662', '74662', '1268', '53579']"
"[15, 28]","[0, 0]","['67905', '10526', '38548', '3258', '78009']",78009,"['10526', '3258', '38548', '78009', '67905']"
"[3, 16]","[5, 29]","['63317', '177', '59100', '56017', '52548']",52548,"['59100', '56017', '52548', '177', '63317']"
"[0, 7]","[5, 4]","['66807', '10984', '15613', '72266', '70560']",70560,"['66807', '10984', '70560', '15613', '72266']"
"[7, 20]","[19, 25]","['2277', '55305', '54372', '2425', '59747']",59747,"['54372', '2277', '55305', '59747', '2425']"
"[17, 21]","[19, 18]","['62549', '40487', '78147', '62454', '30721']",30721,"['62549', '78147', '30721', '62454', '40487']"
"[19, 25]","[9, 11]","['47247', '26994', '33749', '74532', '335']",335,"['335', '74532', '33749', '26994', '47247']"
"[3, 3]","[0, 0]","['994', '10131', '22487', '72700', '14834']",14834,"['994', '22487', '72700', '10131', '14834']"
"[5, 19]","[15, 28]","['77183', '35619', '10743', '60473', '38548']",38548,"['35619', '77183', '10743', '38548', '60473']"
"[9, 11]","[3, 26]","['52758', '335', '30907', '4186', '18887']",18887,"['4186', '52758', '335', '30907', '18887']"
"[3, 12]","[17, 18]","['1181', '27821', '37955', '20968', '6955']",6955,"['20968', '1181', '27821', '6955', '37955']"
"[3, 28]","[4, 27]","['55090', '8257', '73823', '12683', '5222']",5222,"['8257', '12683', '5222', '55090', '73823']"
"[19, 8]","[3, 4]","['6777', '71082', '19346', '36396', '9383']",9383,"['19346', '71082', '9383', '36396', '6777']"
"[3, 26]","[19, 14]","['40031', '50906', '68096', '32729', '26703']",26703,"['40031', '32729', '26703', '50906', '68096']"
"[9, 3]","[7, 1]","['64671', '9662', '1268', '74662', '3536']",3536,"['64671', '9662', '3536', '74662', '1268']"
"[3, 7]","[17, 21]","['30859', '4286', '73164', '19796', '62549']",62549,"['19796', '73164', '30859', '62549', '4286']"
"[3, 5]","[9, 3]","['12162', '74226', '63514', '64', '1268']",1268,"['74226', '1268', '12162', '64', '63514']"
"[18, 23]","[17, 5]","['20502', '72365', '59794', '6216', '50221']",50221,"['50221', '72365', '20502', '59794', '6216']"
"[17, 21]","[19, 25]","['69704', '62549', '40487', '9795', '59747']",59747,"['62549', '69704', '9795', '40487', '59747']"
"[3, 3]","[19, 10]","['10017', '22002', '72700', '10131', '25168']",25168,"['25168', '72700', '10131', '22002', '10017']"
"[0, 0]","[3, 4]","['78009', '14834', '28082', '8176', '11039']",11039,"['28082', '11039', '78009', '14834', '8176']"
"[5, 22]","[0, 6]","['77349', '57572', '7217', '40863', '75880']",75880,"['40863', '75880', '57572', '77349', '7217']"
"[7, 20]","[15, 17]","['55305', '54372', '2425', '2277', '11908']",11908,"['11908', '2277', '54372', '2425', '55305']"
"[18, 25]","[3, 3]","['3282', '4132', '73827', '25711', '30004']",30004,"['25711', '30004', '3282', '4132', '73827']"
"[3, 12]","[4, 27]","['1181', '20968', '27821', '37955', '5222']",5222,"['1181', '20968', '5222', '27821', '37955']"
"[9, 4]","[0, 7]","['79413', '64614', '50510', '80219', '15613']",15613,"['80219', '64614', '15613', '79413', '50510']"
"[3, 3]","[4, 27]","['72700', '22002', '10131', '30004', '12888']",12888,"['72700', '22002', '12888', '10131', '30004']"
"[19, 10]","[14, 9]","['25618', '73023', '25168', '55791', '26678']",26678,"['73023', '26678', '55791', '25618', '25168']"
"[5, 19]","[15, 17]","['51211', '63077', '60473', '54232', '1225']",1225,"['1225', '60473', '54232', '63077', '51211']"
"[7, 1]","[0, 0]","['16951', '12376', '53652', '10825', '28082']",28082,"['10825', '16951', '12376', '53652', '28082']"
"[14, 9]","[19, 5]","['26506', '14102', '39708', '26678', '76431']",76431,"['39708', '14102', '76431', '26678', '26506']"
"[0, 14]","[14, 8]","['42604', '39894', '80522', '75707', '39691']",39691,"['39894', '39691', '80522', '75707', '42604']"
"[5, 22]","[0, 6]","['48795', '40863', '57572', '7217', '59474']",59474,"['40863', '57572', '59474', '48795', '7217']"
"[18, 25]","[3, 4]","['4132', '73827', '62071', '3282', '11039']",11039,"['4132', '73827', '62071', '3282', '11039']"
"[5, 29]","[14, 7]","['55950', '51743', '21765', '52548', '25607']",25607,"['51743', '55950', '21765', '52548', '25607']"
"[0, 14]","[3, 17]","['75707', '42604', '37963', '1261', '53579']",53579,"['37963', '42604', '1261', '53579', '75707']"
"[19, 13]","[7, 1]","['43324', '26354', '42612', '35479', '3536']",3536,"['3536', '43324', '35479', '26354', '42612']"
"[19, 18]","[18, 23]","['41277', '49556', '58616', '55086', '64148']",64148,"['55086', '41277', '64148', '58616', '49556']"
"[19, 14]","[14, 7]","['26703', '72517', '26372', '64729', '38835']",38835,"['26703', '38835', '64729', '26372', '72517']"
"[9, 11]","[19, 10]","['335', '30907', '52758', '61914', '73023']",73023,"['73023', '61914', '335', '52758', '30907']"
"[9, 11]","[4, 27]","['61914', '15606', '78534', '52758', '12888']",12888,"['15606', '52758', '78534', '12888', '61914']"
"[19, 28]","[3, 5]","['52721', '43363', '42272', '40111', '63514']",63514,"['52721', '40111', '63514', '43363', '42272']"
"[18, 25]","[9, 26]","['62071', '25711', '3282', '4132', '23716']",23716,"['62071', '23716', '25711', '3282', '4132']"
"[18, 23]","[17, 5]","['59794', '72365', '64148', '37360', '50221']",50221,"['59794', '37360', '64148', '72365', '50221']"
"[15, 17]","[9, 4]","['47834', '11908', '60915', '1225', '80219']",80219,"['60915', '47834', '1225', '11908', '80219']"
"[19, 10]","[17, 18]","['73023', '25618', '21540', '25168', '70105']",70105,"['73023', '21540', '70105', '25618', '25168']"
"[18, 25]","[15, 21]","['3282', '73827', '25711', '62071', '7489']",7489,"['3282', '7489', '25711', '62071', '73827']"
"[7, 1]","[0, 24]","['12376', '8109', '17550', '3536', '74418']",74418,"['17550', '12376', '74418', '8109', '3536']"
"[19, 5]","[5, 22]","['17017', '72346', '63902', '32569', '77349']",77349,"['72346', '63902', '17017', '32569', '77349']"
"[3, 26]","[19, 14]","['11033', '40031', '50906', '9147', '26372']",26372,"['50906', '9147', '26372', '40031', '11033']"
"[9, 4]","[19, 25]","['80219', '64614', '79413', '50510', '74532']",74532,"['80219', '50510', '74532', '79413', '64614']"
"[18, 23]","[3, 3]","['64247', '20502', '67584', '59794', '72700']",72700,"['67584', '59794', '64247', '72700', '20502']"
"[0, 6]","[3, 28]","['43036', '41154', '43375', '25447', '12683']",12683,"['43036', '43375', '41154', '12683', '25447']"
"[14, 9]","[5, 4]","['6508', '26678', '40550', '26506', '27706']",27706,"['26678', '27706', '26506', '6508', '40550']"
"[3, 16]","[17, 5]","['11746', '63317', '59100', '56017', '33045']",33045,"['11746', '56017', '33045', '59100', '63317']"
"[14, 9]","[18, 23]","['26678', '6508', '14102', '40550', '37360']",37360,"['14102', '37360', '6508', '26678', '40550']"
"[18, 25]","[7, 20]","['62071', '4132', '3282', '73827', '2425']",2425,"['4132', '62071', '3282', '2425', '73827']"
"[3, 7]","[7, 3]","['19796', '73164', '30859', '37907', '61767']",61767,"['73164', '30859', '19796', '37907', '61767']"
"[0, 6]","[14, 9]","['59474', '43375', '43036', '75880', '6508']",6508,"['43036', '43375', '75880', '6508', '59474']"
"[0, 24]","[5, 4]","['31926', '37989', '74418', '48780', '53032']",53032,"['31926', '74418', '48780', '37989', '53032']"
"[15, 21]","[5, 29]","['20839', '3384', '13497', '7489', '18711']",18711,"['13497', '7489', '20839', '3384', '18711']"
"[3, 3]","[5, 22]","['994', '22487', '30004', '22002', '7217']",7217,"['22002', '994', '7217', '22487', '30004']"
"[5, 22]","[9, 11]","['7217', '77349', '40863', '57572', '335']",335,"['40863', '7217', '57572', '77349', '335']"
"[19, 13]","[14, 9]","['26354', '35479', '42612', '43396', '26678']",26678,"['42612', '35479', '43396', '26678', '26354']"
"[0, 14]","[3, 3]","['42604', '39894', '17291', '75707', '22002']",22002,"['75707', '17291', '42604', '39894', '22002']"
"[15, 28]","[19, 8]","['10526', '3258', '67905', '38548', '6777']",6777,"['38548', '67905', '6777', '3258', '10526']"
"[0, 24]","[3, 12]","['48780', '37989', '31926', '74418', '20968']",20968,"['20968', '74418', '31926', '48780', '37989']"
"[14, 7]","[0, 6]","['38835', '51393', '77045', '67483', '43036']",43036,"['77045', '38835', '51393', '67483', '43036']"
"[14, 9]","[19, 28]","['26506', '14102', '40550', '26678', '40111']",40111,"['26506', '14102', '26678', '40111', '40550']"
"[15, 17]","[0, 7]","['11908', '1225', '60915', '47834', '10984']",10984,"['11908', '10984', '47834', '60915', '1225']"
"[0, 2]","[17, 21]","['51831', '67465', '48095', '9639', '9795']",9795,"['48095', '9795', '9639', '51831', '67465']"
"[9, 3]","[19, 28]","['64671', '9662', '1268', '74662', '42272']",42272,"['9662', '64671', '74662', '42272', '1268']"
"[3, 28]","[7, 1]","['55090', '8257', '42226', '73823', '53652']",53652,"['53652', '8257', '55090', '73823', '42226']"
"[15, 28]","[19, 25]","['10526', '67905', '3258', '23274', '59747']",59747,"['59747', '67905', '3258', '23274', '10526']"
"[19, 28]","[9, 3]","['42272', '55589', '23197', '52721', '64671']",64671,"['42272', '64671', '23197', '55589', '52721']"
"[3, 21]","[7, 20]","['47060', '53064', '14038', '57272', '55305']",55305,"['14038', '55305', '47060', '57272', '53064']"
"[19, 18]","[14, 9]","['49556', '74633', '55086', '58616', '6508']",6508,"['6508', '49556', '74633', '55086', '58616']"
"[17, 18]","[19, 25]","['31693', '66316', '21408', '46660', '26994']",26994,"['26994', '21408', '46660', '66316', '31693']"
"[0, 0]","[9, 11]","['78009', '8176', '14834', '28082', '52758']",52758,"['52758', '78009', '14834', '28082', '8176']"
"[0, 2]","[17, 21]","['66847', '45218', '27625', '59390', '9795']",9795,"['59390', '27625', '66847', '9795', '45218']"
"[14, 7]","[15, 21]","['51393', '77045', '67483', '25607', '13497']",13497,"['77045', '67483', '51393', '13497', '25607']"
"[0, 0]","[4, 27]","['28082', '78009', '8176', '14834', '70239']",70239,"['78009', '14834', '8176', '70239', '28082']"
"[19, 25]","[5, 19]","['59747', '74532', '47247', '26994', '60473']",60473,"['74532', '59747', '26994', '60473', '47247']"
"[5, 29]","[3, 26]","['51743', '18711', '55950', '57316', '32729']",32729,"['55950', '51743', '57316', '32729', '18711']"
"[5, 29]","[15, 13]","['55950', '18711', '51743', '57316', '42684']",42684,"['42684', '57316', '18711', '51743', '55950']"
"[19, 13]","[14, 8]","['37914', '43396', '26354', '42612', '28694']",28694,"['28694', '37914', '42612', '26354', '43396']"
"[14, 8]","[19, 5]","['40877', '46039', '39691', '28732', '63902']",63902,"['39691', '63902', '40877', '46039', '28732']"
"[5, 4]","[14, 8]","['51114', '27706', '63485', '70560', '39691']",39691,"['27706', '63485', '51114', '70560', '39691']"
"[14, 8]","[18, 23]","['39691', '28694', '28732', '46039', '61353']",61353,"['28732', '39691', '61353', '46039', '28694']"
"[7, 20]","[9, 26]","['55305', '2277', '2425', '54372', '50181']",50181,"['2277', '2425', '55305', '50181', '54372']"
"[14, 9]","[19, 28]","['26678', '40550', '39708', '6508', '42272']",42272,"['26678', '42272', '6508', '40550', '39708']"
"[3, 16]","[17, 21]","['63317', '56017', '11746', '177', '62549']",62549,"['177', '56017', '63317', '62549', '11746']"
"[17, 21]","[5, 4]","['62454', '40487', '62549', '9795', '35725']",35725,"['35725', '62454', '40487', '62549', '9795']"
"[17, 5]","[0, 0]","['7913', '50221', '33045', '72055', '14834']",14834,"['7913', '72055', '14834', '33045', '50221']"
"[19, 13]","[9, 3]","['43396', '26354', '37914', '43324', '1268']",1268,"['43396', '37914', '26354', '1268', '43324']"
"[3, 21]","[0, 14]","['42206', '57272', '47060', '14038', '80522']",80522,"['57272', '47060', '14038', '42206', '80522']"
"[7, 22]","[3, 17]","['23132', '40679', '31113', '79411', '53579']",53579,"['23132', '79411', '31113', '40679', '53579']"
"[19, 25]","[7, 22]","['74532', '47247', '26994', '59747', '40679']",40679,"['74532', '59747', '26994', '47247', '40679']"
"[19, 18]","[14, 9]","['29042', '74633', '55086', '41277', '40550']",40550,"['74633', '41277', '40550', '29042', '55086']"
"[0, 6]","[7, 1]","['75880', '43036', '25447', '49395', '16951']",16951,"['49395', '25447', '16951', '75880', '43036']"
"[14, 7]","[0, 0]","['38835', '51393', '25607', '77045', '14834']",14834,"['25607', '51393', '38835', '77045', '14834']"
"[19, 8]","[5, 4]","['6777', '71082', '19346', '36396', '2004']",2004,"['6777', '36396', '2004', '71082', '19346']"
"[3, 21]","[17, 18]","['53064', '14038', '42206', '47060', '21543']",21543,"['53064', '14038', '47060', '42206', '21543']"
"[3, 17]","[14, 7]","['54792', '38478', '64047', '33084', '77045']",77045,"['38478', '77045', '54792', '64047', '33084']"
"[19, 25]","[3, 12]","['26994', '33749', '74532', '47247', '37955']",37955,"['33749', '47247', '26994', '74532', '37955']"
"[19, 10]","[0, 7]","['55791', '21540', '25618', '73023', '15613']",15613,"['55791', '25618', '15613', '73023', '21540']"
"[14, 9]","[19, 14]","['40550', '6508', '26678', '39708', '26703']",26703,"['39708', '26678', '26703', '6508', '40550']"
"[17, 18]","[15, 21]","['21543', '66316', '70105', '46660', '7489']",7489,"['70105', '66316', '46660', '7489', '21543']"
"[3, 21]","[9, 4]","['53064', '42206', '14038', '57272', '80219']",80219,"['80219', '57272', '53064', '42206', '14038']"
"[3, 17]","[5, 22]","['64047', '53579', '54792', '33084', '48795']",48795,"['53579', '54792', '64047', '33084', '48795']"
"[5, 4]","[19, 28]","['63485', '35725', '62609', '2004', '42272']",42272,"['35725', '63485', '42272', '62609', '2004']"
"[19, 5]","[5, 22]","['55314', '59952', '72346', '63902', '7217']",7217,"['63902', '7217', '59952', '55314', '72346']"
"[18, 25]","[14, 7]","['62071', '25711', '73827', '3282', '77045']",77045,"['3282', '73827', '25711', '62071', '77045']"
"[19, 14]","[0, 2]","['72517', '26372', '26703', '64729', '59390']",59390,"['72517', '26372', '64729', '59390', '26703']"
"[19, 18]","[7, 1]","['36535', '41277', '29042', '30721', '12421']",12421,"['41277', '36535', '29042', '12421', '30721']"
"[3, 17]","[5, 22]","['54792', '64047', '38478', '12043', '7217']",7217,"['7217', '12043', '38478', '54792', '64047']"
"[5, 4]","[19, 28]","['53032', '2004', '35725', '51114', '23197']",23197,"['35725', '2004', '23197', '51114', '53032']"
"[19, 10]","[0, 7]","['21540', '25618', '25168', '73023', '15613']",15613,"['15613', '25618', '21540', '25168', '73023']"
"[15, 21]","[17, 18]","['13497', '3384', '20839', '7489', '66935']",66935,"['7489', '13497', '66935', '20839', '3384']"
"[19, 13]","[3, 17]","['43396', '37914', '26354', '43324', '54792']",54792,"['43396', '26354', '43324', '54792', '37914']"
"[3, 26]","[17, 5]","['11033', '34449', '72586', '32729', '7913']",7913,"['32729', '11033', '34449', '7913', '72586']"
"[14, 9]","[19, 14]","['26678', '26506', '6508', '40550', '64729']",64729,"['26678', '40550', '26506', '64729', '6508']"
"[14, 8]","[0, 2]","['39691', '40877', '28694', '46039', '70440']",70440,"['28694', '40877', '70440', '46039', '39691']"
"[4, 27]","[9, 3]","['5222', '12888', '77515', '70239', '74662']",74662,"['77515', '70239', '74662', '12888', '5222']"
"[0, 14]","[14, 7]","['80522', '37963', '17291', '1261', '38835']",38835,"['1261', '80522', '37963', '38835', '17291']"
"[19, 28]","[17, 21]","['23197', '52721', '55589', '43363', '40487']",40487,"['55589', '43363', '52721', '40487', '23197']"
"[3, 3]","[19, 25]","['10017', '22487', '30004', '994', '47247']",47247,"['22487', '47247', '994', '30004', '10017']"
"[19, 28]","[0, 2]","['43363', '42272', '55589', '40111', '44125']",44125,"['43363', '40111', '44125', '42272', '55589']"
"[14, 7]","[19, 18]","['77045', '38835', '51393', '25607', '30721']",30721,"['30721', '38835', '77045', '51393', '25607']"
"[7, 3]","[15, 13]","['75828', '52457', '61767', '64781', '68970']",68970,"['68970', '61767', '75828', '64781', '52457']"
"[0, 14]","[9, 4]","['75707', '17291', '80522', '1261', '64614']",64614,"['1261', '80522', '75707', '17291', '64614']"
"[9, 11]","[15, 13]","['4186', '335', '15606', '41897', '42684']",42684,"['4186', '42684', '335', '15606', '41897']"
"[17, 18]","[3, 7]","['21408', '70105', '66316', '31693', '19796']",19796,"['31693', '21408', '66316', '19796', '70105']"
"[0, 14]","[19, 5]","['80522', '17291', '1261', '39894', '32569']",32569,"['80522', '17291', '32569', '1261', '39894']"
"[3, 17]","[17, 18]","['38478', '64047', '54792', '53579', '21543']",21543,"['64047', '54792', '53579', '38478', '21543']"
"[5, 29]","[14, 9]","['51743', '52548', '21765', '18711', '6508']",6508,"['21765', '52548', '51743', '6508', '18711']"
"[9, 26]","[19, 28]","['23716', '50181', '7474', '27788', '23197']",23197,"['23716', '23197', '27788', '7474', '50181']"
"[3, 12]","[14, 8]","['1181', '37955', '27821', '20968', '39691']",39691,"['1181', '37955', '27821', '20968', '39691']"
"[14, 8]","[5, 4]","['28732', '40877', '28694', '39691', '35725']",35725,"['39691', '40877', '28694', '35725', '28732']"
"[3, 7]","[18, 25]","['73164', '30859', '37907', '4286', '62071']",62071,"['30859', '62071', '73164', '37907', '4286']"
"[7, 3]","[5, 22]","['52457', '75828', '61767', '64781', '57572']",57572,"['75828', '52457', '61767', '64781', '57572']"
"[5, 4]","[3, 26]","['51114', '63485', '27706', '2004', '49864']",49864,"['63485', '51114', '49864', '27706', '2004']"
"[9, 26]","[5, 29]","['27788', '23716', '7474', '50181', '57316']",57316,"['23716', '57316', '27788', '7474', '50181']"
"[19, 5]","[3, 28]","['17017', '59952', '63902', '32569', '42226']",42226,"['17017', '42226', '32569', '63902', '59952']"
"[0, 6]","[17, 18]","['59474', '49395', '25447', '43036', '6955']",6955,"['25447', '49395', '59474', '43036', '6955']"
"[9, 11]","[19, 13]","['335', '15606', '41897', '52758', '42612']",42612,"['52758', '42612', '15606', '335', '41897']"
"[0, 14]","[17, 5]","['42604', '75707', '37963', '80522', '72055']",72055,"['37963', '72055', '75707', '42604', '80522']"
"[15, 17]","[5, 22]","['11908', '47834', '1225', '60915', '77349']",77349,"['47834', '60915', '77349', '11908', '1225']"
"[0, 6]","[3, 3]","['75880', '49395', '43375', '59474', '10017']",10017,"['49395', '75880', '10017', '59474', '43375']"
"[0, 6]","[19, 14]","['25447', '43036', '41154', '59474', '26703']",26703,"['25447', '41154', '26703', '43036', '59474']"
"[19, 8]","[7, 22]","['71082', '19346', '6777', '36396', '79411']",79411,"['19346', '71082', '6777', '79411', '36396']"
"[5, 4]","[14, 9]","['63485', '2004', '35725', '51114', '26678']",26678,"['2004', '35725', '63485', '26678', '51114']"
"[9, 26]","[3, 21]","['23716', '27788', '7474', '50181', '47060']",47060,"['7474', '23716', '27788', '50181', '47060']"
"[3, 12]","[14, 9]","['20968', '37955', '1181', '27821', '40550']",40550,"['40550', '1181', '37955', '20968', '27821']"
"[19, 28]","[14, 7]","['52721', '23197', '43363', '40111', '38835']",38835,"['38835', '52721', '23197', '40111', '43363']"
"[14, 9]","[0, 24]","['26506', '40550', '6508', '39708', '31926']",31926,"['26506', '39708', '31926', '40550', '6508']"
"[17, 18]","[19, 13]","['21408', '31693', '46660', '66316', '43396']",43396,"['46660', '31693', '66316', '21408', '43396']"
"[14, 9]","[5, 19]","['40550', '26678', '14102', '26506', '49189']",49189,"['26506', '40550', '14102', '49189', '26678']"
"[7, 1]","[3, 3]","['10825', '12376', '17550', '3536', '72700']",72700,"['3536', '72700', '12376', '17550', '10825']"
"[4, 27]","[15, 17]","['12888', '77515', '70239', '5222', '11908']",11908,"['12888', '70239', '5222', '11908', '77515']"
"[7, 22]","[19, 18]","['23132', '40679', '31113', '79411', '55086']",55086,"['79411', '31113', '23132', '40679', '55086']"
"[19, 13]","[4, 27]","['43324', '42612', '35479', '37914', '77515']",77515,"['77515', '43324', '35479', '37914', '42612']"
"[7, 20]","[3, 7]","['54372', '2425', '55305', '2277', '4286']",4286,"['54372', '2277', '2425', '4286', '55305']"
"[3, 26]","[14, 8]","['50906', '68096', '32729', '9147', '28694']",28694,"['9147', '28694', '50906', '32729', '68096']"
"[3, 4]","[14, 8]","['9383', '35787', '20671', '11039', '28694']",28694,"['20671', '35787', '9383', '11039', '28694']"
"[3, 3]","[0, 14]","['10131', '994', '10017', '72700', '1261']",1261,"['1261', '72700', '994', '10131', '10017']"
"[4, 27]","[9, 26]","['70239', '12888', '77515', '5222', '7474']",7474,"['12888', '5222', '70239', '77515', '7474']"
"[3, 3]","[7, 1]","['994', '10017', '22487', '72700', '3536']",3536,"['22487', '72700', '10017', '994', '3536']"
"[19, 28]","[17, 21]","['40111', '55589', '43363', '23197', '62454']",62454,"['43363', '40111', '23197', '62454', '55589']"
"[19, 25]","[7, 3]","['59747', '33749', '26994', '47247', '52457']",52457,"['33749', '47247', '52457', '26994', '59747']"
"[9, 11]","[3, 7]","['15606', '61914', '335', '4186', '30859']",30859,"['4186', '335', '30859', '61914', '15606']"
"[18, 25]","[17, 18]","['3282', '4132', '25711', '73827', '70105']",70105,"['73827', '4132', '25711', '70105', '3282']"
"[5, 19]","[19, 10]","['60473', '51211', '49189', '54232', '55791']",55791,"['55791', '51211', '49189', '60473', '54232']"
"[3, 3]","[14, 8]","['10131', '30004', '72700', '22002', '28694']",28694,"['22002', '72700', '28694', '10131', '30004']"
"[17, 18]","[0, 0]","['51240', '21408', '66316', '21543', '78009']",78009,"['51240', '21408', '78009', '66316', '21543']"
"[3, 7]","[19, 10]","['4286', '37907', '19796', '30859', '55791']",55791,"['37907', '30859', '55791', '4286', '19796']"
"[3, 4]","[19, 13]","['35787', '20671', '9383', '11039', '43396']",43396,"['35787', '9383', '20671', '11039', '43396']"
"[14, 8]","[19, 14]","['46039', '28694', '28732', '39691', '26703']",26703,"['28732', '26703', '28694', '39691', '46039']"
"[0, 14]","[17, 5]","['39894', '80522', '17291', '75707', '50221']",50221,"['50221', '17291', '75707', '80522', '39894']"
"[18, 25]","[15, 28]","['62071', '3282', '4132', '73827', '38548']",38548,"['3282', '62071', '4132', '73827', '38548']"
"[19, 5]","[15, 13]","['76431', '63902', '72346', '17017', '20590']",20590,"['63902', '17017', '76431', '72346', '20590']"
"[19, 28]","[0, 2]","['52721', '23197', '42272', '40111', '67842']",67842,"['23197', '40111', '42272', '67842', '52721']"
"[19, 8]","[4, 27]","['71082', '6777', '36396', '19346', '77515']",77515,"['71082', '77515', '36396', '6777', '19346']"
"[19, 8]","[0, 6]","['6777', '19346', '36396', '71082', '25447']",25447,"['36396', '19346', '6777', '25447', '71082']"
"[15, 13]","[7, 1]","['53137', '68970', '42684', '25079', '3536']",3536,"['68970', '53137', '3536', '42684', '25079']"
"[19, 5]","[14, 7]","['59952', '55314', '76431', '72346', '77045']",77045,"['59952', '77045', '76431', '55314', '72346']"
"[3, 3]","[19, 8]","['72700', '10131', '10017', '30004', '36396']",36396,"['36396', '72700', '10017', '30004', '10131']"
"[14, 9]","[7, 3]","['39708', '14102', '26678', '40550', '61767']",61767,"['40550', '14102', '61767', '39708', '26678']"
"[19, 5]","[5, 29]","['17017', '72346', '55314', '59952', '55950']",55950,"['55950', '17017', '59952', '72346', '55314']"
"[7, 22]","[3, 4]","['31113', '40679', '79411', '23132', '9383']",9383,"['40679', '9383', '23132', '31113', '79411']"
"[15, 28]","[0, 14]","['67905', '10526', '3258', '23274', '42604']",42604,"['10526', '23274', '3258', '42604', '67905']"
"[19, 18]","[14, 9]","['74633', '58616', '41277', '36535', '26506']",26506,"['58616', '74633', '36535', '41277', '26506']"
"[15, 13]","[5, 29]","['42684', '34763', '24364', '53137', '18711']",18711,"['34763', '24364', '18711', '42684', '53137']"
"[0, 0]","[17, 18]","['8176', '28082', '78009', '14834', '6955']",6955,"['14834', '8176', '28082', '78009', '6955']"
"[3, 5]","[17, 21]","['63514', '64', '74226', '12162', '9795']",9795,"['12162', '64', '63514', '74226', '9795']"
"[0, 6]","[9, 26]","['59474', '43036', '49395', '25447', '7474']",7474,"['43036', '25447', '7474', '59474', '49395']"
"[7, 1]","[19, 18]","['8109', '53652', '12376', '17550', '29042']",29042,"['12376', '53652', '8109', '17550', '29042']"
"[3, 16]","[14, 7]","['56017', '11746', '59100', '63317', '51393']",51393,"['56017', '59100', '63317', '51393', '11746']"
"[15, 13]","[17, 21]","['53137', '24364', '34763', '42684', '40487']",40487,"['34763', '40487', '24364', '53137', '42684']"
"[0, 24]","[9, 26]","['74418', '37989', '31926', '48780', '23716']",23716,"['31926', '48780', '23716', '37989', '74418']"
"[3, 17]","[0, 7]","['12043', '64047', '33084', '38478', '66807']",66807,"['38478', '33084', '64047', '66807', '12043']"
"[7, 22]","[19, 18]","['79411', '23132', '31113', '40679', '29042']",29042,"['31113', '23132', '79411', '29042', '40679']"
"[3, 4]","[19, 5]","['9383', '20671', '11039', '35787', '17017']",17017,"['20671', '9383', '35787', '17017', '11039']"
"[9, 26]","[0, 6]","['7474', '27788', '50181', '23716', '49395']",49395,"['7474', '27788', '49395', '50181', '23716']"
"[7, 22]","[0, 0]","['79411', '40679', '23132', '31113', '28082']",28082,"['23132', '40679', '31113', '28082', '79411']"
"[15, 28]","[0, 14]","['67905', '3258', '23274', '38548', '37963']",37963,"['67905', '38548', '37963', '3258', '23274']"
"[3, 3]","[9, 4]","['22002', '30004', '10131', '72700', '50510']",50510,"['50510', '30004', '10131', '72700', '22002']"
"[15, 28]","[0, 14]","['23274', '67905', '38548', '10526', '37963']",37963,"['67905', '37963', '10526', '38548', '23274']"
"[19, 5]","[0, 24]","['55314', '72346', '17017', '63902', '31926']",31926,"['17017', '31926', '55314', '63902', '72346']"
"[4, 27]","[15, 21]","['70239', '5222', '77515', '12888', '3384']",3384,"['3384', '12888', '5222', '70239', '77515']"
"[3, 5]","[18, 25]","['74226', '63514', '12162', '64', '73827']",73827,"['73827', '74226', '64', '63514', '12162']"
"[0, 14]","[3, 4]","['1261', '75707', '42604', '37963', '11039']",11039,"['37963', '42604', '1261', '11039', '75707']"
"[5, 4]","[19, 5]","['62609', '51114', '70560', '53032', '76431']",76431,"['51114', '76431', '62609', '53032', '70560']"
"[7, 3]","[5, 29]","['52457', '61767', '75828', '64781', '21765']",21765,"['52457', '75828', '21765', '61767', '64781']"
"[0, 14]","[5, 19]","['17291', '42604', '37963', '75707', '54232']",54232,"['37963', '42604', '17291', '75707', '54232']"
"[18, 23]","[7, 20]","['61353', '20502', '48306', '25667', '54372']",54372,"['20502', '61353', '54372', '48306', '25667']"
"[3, 16]","[14, 8]","['56017', '177', '59100', '11746', '46039']",46039,"['46039', '177', '59100', '56017', '11746']"
"[9, 3]","[7, 1]","['1268', '14914', '74662', '64671', '10825']",10825,"['64671', '1268', '10825', '14914', '74662']"
"[7, 3]","[19, 14]","['52457', '61767', '64781', '75828', '64729']",64729,"['52457', '64781', '64729', '75828', '61767']"
"[19, 25]","[15, 21]","['33749', '74532', '26994', '59747', '20839']",20839,"['33749', '74532', '20839', '59747', '26994']"
"[3, 7]","[5, 19]","['19796', '73164', '30859', '37907', '53655']",53655,"['53655', '73164', '19796', '37907', '30859']"
"[3, 26]","[9, 4]","['34449', '50906', '49864', '68096', '79413']",79413,"['68096', '49864', '34449', '50906', '79413']"
"[5, 4]","[15, 17]","['51114', '63485', '35725', '70560', '47834']",47834,"['47834', '51114', '63485', '70560', '35725']"
"[3, 16]","[5, 22]","['177', '59100', '63317', '11746', '40863']",40863,"['177', '63317', '59100', '11746', '40863']"
"[3, 3]","[14, 8]","['22002', '994', '10017', '22487', '40877']",40877,"['10017', '22002', '994', '22487', '40877']"
"[17, 21]","[19, 13]","['78147', '62454', '69704', '40487', '37914']",37914,"['37914', '78147', '69704', '62454', '40487']"
"[9, 11]","[0, 6]","['41897', '15606', '61914', '30907', '43036']",43036,"['15606', '41897', '61914', '30907', '43036']"
"[3, 16]","[14, 8]","['63317', '56017', '59100', '11746', '28694']",28694,"['28694', '63317', '11746', '56017', '59100']"
"[9, 11]","[0, 6]","['4186', '61914', '30907', '52758', '43375']",43375,"['43375', '52758', '61914', '30907', '4186']"
"[7, 20]","[19, 14]","['2277', '54372', '2425', '55305', '26703']",26703,"['2277', '54372', '2425', '55305', '26703']"
"[0, 14]","[19, 25]","['17291', '1261', '39894', '37963', '47247']",47247,"['39894', '17291', '1261', '47247', '37963']"
"[14, 7]","[0, 6]","['38835', '67483', '25607', '51393', '49395']",49395,"['51393', '67483', '25607', '38835', '49395']"
"[19, 14]","[17, 5]","['26372', '64729', '72517', '26703', '33045']",33045,"['33045', '64729', '72517', '26703', '26372']"
"[3, 3]","[5, 4]","['10131', '10017', '72700', '994', '2004']",2004,"['72700', '10017', '2004', '10131', '994']"
"[19, 10]","[0, 0]","['25168', '73023', '55791', '21540', '14834']",14834,"['25168', '55791', '21540', '14834', '73023']"
"[18, 25]","[7, 20]","['25711', '4132', '73827', '3282', '2277']",2277,"['4132', '3282', '2277', '73827', '25711']"
"[0, 7]","[19, 13]","['66807', '15613', '72266', '65801', '43324']",43324,"['72266', '65801', '66807', '43324', '15613']"
"[15, 13]","[9, 3]","['53137', '24364', '25079', '42684', '1268']",1268,"['53137', '25079', '42684', '1268', '24364']"
"[19, 18]","[9, 3]","['35149', '49556', '41277', '74633', '64671']",64671,"['41277', '74633', '49556', '64671', '35149']"
"[3, 26]","[9, 3]","['1064', '11033', '9147', '34449', '1268']",1268,"['34449', '1268', '9147', '11033', '1064']"
"[15, 28]","[0, 2]","['23274', '67905', '3258', '10526', '44145']",44145,"['10526', '44145', '67905', '23274', '3258']"
"[7, 22]","[5, 4]","['79411', '40679', '31113', '23132', '53032']",53032,"['23132', '31113', '40679', '79411', '53032']"
"[19, 14]","[3, 17]","['26372', '72517', '64729', '26703', '12043']",12043,"['64729', '26372', '72517', '12043', '26703']"
"[0, 7]","[3, 26]","['10984', '72266', '65801', '66807', '1064']",1064,"['65801', '10984', '66807', '72266', '1064']"
"[19, 5]","[0, 24]","['55314', '63902', '59952', '17017', '74418']",74418,"['17017', '59952', '74418', '63902', '55314']"
"[18, 23]","[4, 27]","['65195', '48306', '40817', '26755', '70239']",70239,"['40817', '70239', '65195', '48306', '26755']"
"[0, 14]","[3, 26]","['37963', '80522', '17291', '1261', '68096']",68096,"['37963', '1261', '17291', '68096', '80522']"
"[7, 22]","[3, 21]","['31113', '40679', '23132', '79411', '47060']",47060,"['47060', '31113', '79411', '40679', '23132']"
"[0, 7]","[3, 5]","['15613', '72266', '10984', '66807', '63514']",63514,"['10984', '72266', '15613', '63514', '66807']"
"[3, 17]","[19, 25]","['64047', '53579', '54792', '33084', '26994']",26994,"['33084', '54792', '26994', '53579', '64047']"
"[9, 3]","[17, 21]","['64671', '74662', '9662', '1268', '62454']",62454,"['62454', '1268', '9662', '74662', '64671']"
"[18, 23]","[4, 27]","['78682', '6216', '26755', '37360', '12888']",12888,"['78682', '6216', '37360', '26755', '12888']"
"[0, 0]","[9, 26]","['78009', '14834', '28082', '8176', '7474']",7474,"['14834', '28082', '7474', '78009', '8176']"
"[15, 17]","[9, 11]","['47834', '60915', '1225', '11908', '61914']",61914,"['47834', '61914', '11908', '1225', '60915']"
"[9, 11]","[0, 7]","['15606', '41897', '61914', '30907', '10984']",10984,"['30907', '15606', '10984', '61914', '41897']"
"[4, 27]","[17, 18]","['77515', '12888', '70239', '5222', '21543']",21543,"['5222', '77515', '21543', '70239', '12888']"
"[19, 5]","[4, 27]","['76431', '55314', '72346', '32569', '77515']",77515,"['76431', '32569', '77515', '55314', '72346']"
"[5, 29]","[3, 3]","['21765', '52548', '18711', '57316', '22002']",22002,"['57316', '21765', '22002', '52548', '18711']"
"[18, 23]","[14, 8]","['10433', '72978', '32105', '12104', '46039']",46039,"['46039', '10433', '32105', '12104', '72978']"
"[9, 26]","[17, 18]","['7474', '50181', '27788', '23716', '46660']",46660,"['50181', '46660', '27788', '7474', '23716']"
"[3, 12]","[0, 6]","['27821', '1181', '20968', '37955', '75880']",75880,"['27821', '20968', '75880', '1181', '37955']"
"[9, 4]","[5, 19]","['80219', '64614', '50510', '79413', '51211']",51211,"['50510', '79413', '80219', '51211', '64614']"
"[9, 4]","[3, 12]","['80219', '50510', '64614', '79413', '20968']",20968,"['20968', '50510', '64614', '79413', '80219']"
"[15, 28]","[19, 18]","['3258', '23274', '38548', '67905', '35149']",35149,"['3258', '23274', '67905', '38548', '35149']"
"[17, 18]","[3, 7]","['66935', '21543', '66316', '21408', '73164']",73164,"['21543', '21408', '66935', '73164', '66316']"
"[7, 1]","[0, 14]","['16951', '8109', '3536', '10825', '80522']",80522,"['80522', '3536', '16951', '8109', '10825']"
"[7, 20]","[0, 6]","['55305', '2425', '54372', '2277', '25447']",25447,"['54372', '55305', '2277', '2425', '25447']"
"[0, 7]","[19, 8]","['65801', '72266', '10984', '15613', '6777']",6777,"['10984', '6777', '72266', '15613', '65801']"
"[3, 26]","[5, 4]","['19246', '9147', '50906', '34449', '62609']",62609,"['62609', '50906', '34449', '19246', '9147']"
"[17, 5]","[0, 2]","['33045', '50221', '72055', '7913', '9639']",9639,"['72055', '9639', '33045', '7913', '50221']"
"[3, 3]","[19, 5]","['10131', '30004', '10017', '994', '32569']",32569,"['32569', '10017', '30004', '994', '10131']"
"[3, 17]","[7, 20]","['12043', '54792', '33084', '64047', '2425']",2425,"['12043', '2425', '64047', '54792', '33084']"
"[5, 19]","[19, 14]","['54232', '60473', '51211', '63077', '26372']",26372,"['26372', '63077', '60473', '54232', '51211']"
"[15, 17]","[19, 8]","['11908', '60915', '47834', '1225', '36396']",36396,"['1225', '11908', '47834', '36396', '60915']"
"[17, 18]","[15, 28]","['66316', '66935', '21543', '70105', '38548']",38548,"['66316', '38548', '21543', '70105', '66935']"
"[5, 19]","[15, 28]","['60473', '53655', '63077', '49189', '3258']",3258,"['60473', '49189', '3258', '63077', '53655']"
"[3, 7]","[18, 23]","['30859', '73164', '19796', '4286', '26755']",26755,"['73164', '4286', '19796', '30859', '26755']"
"[5, 22]","[19, 28]","['40863', '48795', '77349', '57572', '23197']",23197,"['40863', '57572', '48795', '77349', '23197']"
"[5, 29]","[18, 25]","['51743', '55950', '57316', '18711', '73827']",73827,"['73827', '57316', '55950', '51743', '18711']"
"[3, 7]","[9, 11]","['37907', '19992', '30859', '4286', '52758']",52758,"['19992', '37907', '30859', '4286', '52758']"
"[9, 11]","[5, 4]","['61914', '30907', '335', '15606', '62609']",62609,"['61914', '62609', '30907', '15606', '335']"
"[15, 13]","[7, 22]","['24364', '53137', '68970', '34763', '31113']",31113,"['34763', '53137', '68970', '24364', '31113']"
"[3, 26]","[0, 0]","['1064', '49864', '11033', '9147', '78009']",78009,"['49864', '78009', '1064', '11033', '9147']"
"[3, 17]","[7, 20]","['12043', '33084', '64047', '54792', '2277']",2277,"['2277', '54792', '33084', '64047', '12043']"
"[15, 28]","[19, 8]","['3258', '67905', '23274', '38548', '6777']",6777,"['38548', '23274', '6777', '67905', '3258']"
"[7, 22]","[3, 7]","['40679', '23132', '79411', '31113', '37907']",37907,"['40679', '37907', '23132', '79411', '31113']"
"[9, 11]","[0, 6]","['15606', '41897', '335', '30907', '43375']",43375,"['30907', '43375', '335', '41897', '15606']"
"[7, 22]","[19, 28]","['40679', '31113', '23132', '79411', '43363']",43363,"['79411', '43363', '31113', '23132', '40679']"
"[7, 1]","[9, 3]","['3536', '12421', '16951', '17550', '9662']",9662,"['16951', '3536', '12421', '17550', '9662']"
"[3, 21]","[7, 1]","['14038', '42206', '53064', '47060', '8109']",8109,"['8109', '42206', '53064', '47060', '14038']"
"[19, 13]","[15, 28]","['43396', '43324', '42612', '26354', '38548']",38548,"['38548', '43324', '26354', '43396', '42612']"
"[19, 13]","[5, 29]","['43324', '35479', '43396', '37914', '55950']",55950,"['43396', '35479', '55950', '43324', '37914']"
"[7, 1]","[19, 8]","['3536', '10825', '12421', '53652', '71082']",71082,"['71082', '10825', '53652', '12421', '3536']"
"[7, 1]","[19, 28]","['10825', '8109', '3536', '12421', '55589']",55589,"['10825', '12421', '3536', '8109', '55589']"
"[19, 13]","[3, 16]","['37914', '26354', '42612', '43324', '177']",177,"['26354', '37914', '42612', '43324', '177']"
"[3, 17]","[19, 28]","['33084', '54792', '53579', '38478', '42272']",42272,"['54792', '42272', '33084', '38478', '53579']"
"[14, 7]","[19, 25]","['25607', '77045', '51393', '67483', '26994']",26994,"['51393', '67483', '77045', '26994', '25607']"
"[18, 25]","[3, 5]","['4132', '25711', '62071', '3282', '74226']",74226,"['3282', '25711', '62071', '4132', '74226']"
"[14, 9]","[7, 20]","['26506', '39708', '6508', '40550', '2425']",2425,"['39708', '6508', '40550', '26506', '2425']"
"[0, 7]","[3, 28]","['72266', '15613', '65801', '66807', '55090']",55090,"['72266', '55090', '65801', '66807', '15613']"
"[17, 5]","[15, 28]","['72055', '50221', '7913', '33045', '38548']",38548,"['72055', '50221', '33045', '7913', '38548']"
"[15, 28]","[0, 7]","['23274', '3258', '67905', '38548', '65801']",65801,"['67905', '23274', '38548', '65801', '3258']"
"[5, 4]","[3, 26]","['70560', '51114', '62609', '2004', '19246']",19246,"['62609', '19246', '51114', '2004', '70560']"
"[19, 8]","[15, 13]","['36396', '6777', '71082', '19346', '20590']",20590,"['71082', '19346', '6777', '36396', '20590']"
"[0, 14]","[17, 18]","['42604', '39894', '75707', '1261', '51240']",51240,"['39894', '51240', '1261', '42604', '75707']"
"[17, 21]","[14, 8]","['62454', '9795', '62549', '69704', '39691']",39691,"['69704', '62549', '39691', '9795', '62454']"
"[3, 21]","[19, 10]","['14038', '57272', '47060', '42206', '25168']",25168,"['14038', '47060', '25168', '42206', '57272']"
"[0, 6]","[19, 14]","['49395', '25447', '75880', '43375', '72517']",72517,"['49395', '72517', '25447', '75880', '43375']"
"[0, 6]","[5, 22]","['49395', '75880', '25447', '43036', '77349']",77349,"['77349', '25447', '49395', '43036', '75880']"
"[3, 16]","[19, 13]","['59100', '177', '11746', '56017', '37914']",37914,"['177', '59100', '11746', '37914', '56017']"
"[9, 11]","[19, 8]","['15606', '4186', '41897', '30907', '6777']",6777,"['15606', '6777', '4186', '41897', '30907']"
"[9, 11]","[0, 2]","['15606', '61914', '41897', '78534', '51831']",51831,"['51831', '78534', '15606', '61914', '41897']"
"[19, 28]","[18, 23]","['55589', '40111', '42272', '43363', '59794']",59794,"['40111', '59794', '42272', '43363', '55589']"
"[19, 14]","[7, 20]","['72517', '26372', '64729', '26703', '2277']",2277,"['26372', '64729', '72517', '2277', '26703']"
"[18, 23]","[19, 8]","['64247', '25667', '72365', '72978', '6777']",6777,"['25667', '6777', '72978', '64247', '72365']"
"[9, 26]","[5, 29]","['7474', '23716', '6759', '50181', '21765']",21765,"['23716', '6759', '21765', '7474', '50181']"
"[3, 12]","[17, 21]","['1181', '20968', '27821', '37955', '62454']",62454,"['20968', '37955', '1181', '27821', '62454']"
"[7, 22]","[5, 29]","['79411', '23132', '31113', '40679', '57316']",57316,"['40679', '23132', '79411', '57316', '31113']"
"[19, 14]","[14, 8]","['26372', '26703', '64729', '72517', '28694']",28694,"['72517', '26703', '64729', '28694', '26372']"
"[3, 4]","[19, 10]","['20671', '9383', '35787', '11039', '73023']",73023,"['73023', '9383', '11039', '20671', '35787']"
"[3, 17]","[5, 22]","['64047', '53579', '33084', '12043', '7217']",7217,"['64047', '33084', '7217', '12043', '53579']"
"[0, 24]","[7, 20]","['74418', '48780', '31926', '37989', '54372']",54372,"['54372', '37989', '48780', '31926', '74418']"
"[3, 26]","[14, 8]","['32729', '68096', '11033', '50906', '28732']",28732,"['32729', '50906', '11033', '28732', '68096']"
"[5, 29]","[3, 4]","['57316', '52548', '21765', '55950', '9383']",9383,"['52548', '9383', '57316', '21765', '55950']"
"[3, 21]","[7, 20]","['42206', '57272', '14038', '47060', '55305']",55305,"['57272', '42206', '14038', '55305', '47060']"
"[19, 25]","[4, 27]","['47247', '74532', '59747', '26994', '70239']",70239,"['47247', '59747', '74532', '70239', '26994']"
"[18, 25]","[3, 28]","['3282', '62071', '25711', '4132', '73823']",73823,"['3282', '73823', '4132', '62071', '25711']"
"[3, 26]","[5, 22]","['32729', '9147', '49864', '68096', '7217']",7217,"['9147', '49864', '7217', '68096', '32729']"
"[5, 4]","[3, 17]","['62609', '27706', '53032', '35725', '64047']",64047,"['64047', '35725', '27706', '62609', '53032']"
"[5, 22]","[9, 3]","['40863', '57572', '48795', '77349', '74662']",74662,"['77349', '40863', '57572', '48795', '74662']"
"[3, 3]","[17, 21]","['30004', '22002', '72700', '994', '62549']",62549,"['62549', '30004', '22002', '994', '72700']"
"[7, 22]","[19, 28]","['79411', '23132', '31113', '40679', '52721']",52721,"['40679', '23132', '79411', '31113', '52721']"
"[9, 26]","[3, 28]","['50181', '6759', '23716', '27788', '42226']",42226,"['27788', '23716', '50181', '42226', '6759']"
"[5, 22]","[0, 6]","['40863', '77349', '7217', '57572', '43036']",43036,"['57572', '40863', '77349', '7217', '43036']"
"[3, 17]","[0, 6]","['53579', '54792', '64047', '12043', '75880']",75880,"['53579', '12043', '75880', '64047', '54792']"
"[7, 22]","[3, 28]","['31113', '79411', '40679', '23132', '55090']",55090,"['31113', '23132', '55090', '79411', '40679']"
"[18, 23]","[3, 17]","['32105', '67584', '5909', '14167', '33084']",33084,"['14167', '67584', '32105', '33084', '5909']"
"[3, 16]","[18, 23]","['11746', '63317', '177', '56017', '25667']",25667,"['177', '11746', '63317', '56017', '25667']"
"[3, 26]","[7, 22]","['40031', '11033', '32729', '49864', '23132']",23132,"['11033', '49864', '40031', '32729', '23132']"
"[0, 14]","[17, 18]","['75707', '80522', '17291', '37963', '46660']",46660,"['37963', '46660', '17291', '75707', '80522']"
"[7, 20]","[15, 21]","['54372', '2425', '55305', '2277', '7489']",7489,"['54372', '55305', '2277', '2425', '7489']"
"[19, 18]","[14, 8]","['74633', '36535', '30721', '41277', '39691']",39691,"['41277', '30721', '39691', '36535', '74633']"
"[3, 28]","[19, 10]","['55090', '8257', '73823', '12683', '25168']",25168,"['12683', '25168', '73823', '8257', '55090']"
"[3, 17]","[7, 20]","['53579', '33084', '54792', '38478', '54372']",54372,"['54372', '54792', '38478', '53579', '33084']"
"[0, 24]","[3, 26]","['74418', '48780', '31926', '37989', '50906']",50906,"['31926', '74418', '48780', '37989', '50906']"
"[5, 4]","[19, 18]","['2004', '62609', '70560', '51114', '58616']",58616,"['51114', '2004', '70560', '58616', '62609']"
"[0, 6]","[3, 17]","['59474', '43036', '49395', '25447', '12043']",12043,"['49395', '59474', '43036', '25447', '12043']"
"[19, 25]","[5, 19]","['74532', '33749', '26994', '59747', '54232']",54232,"['33749', '59747', '54232', '26994', '74532']"
"[18, 25]","[17, 18]","['3282', '73827', '25711', '62071', '66935']",66935,"['73827', '62071', '25711', '3282', '66935']"
"[0, 2]","[15, 17]","['60860', '9836', '44125', '43995', '11908']",11908,"['60860', '11908', '43995', '44125', '9836']"
"[9, 4]","[19, 28]","['50510', '80219', '79413', '64614', '55589']",55589,"['50510', '64614', '55589', '80219', '79413']"
"[7, 3]","[0, 14]","['64781', '75828', '52457', '61767', '17291']",17291,"['61767', '52457', '75828', '64781', '17291']"
"[7, 3]","[0, 6]","['64781', '52457', '61767', '75828', '59474']",59474,"['64781', '52457', '75828', '59474', '61767']"
"[18, 25]","[9, 4]","['73827', '25711', '4132', '62071', '79413']",79413,"['4132', '73827', '62071', '25711', '79413']"
"[14, 7]","[19, 8]","['38835', '67483', '51393', '77045', '71082']",71082,"['38835', '77045', '71082', '67483', '51393']"
"[9, 4]","[0, 2]","['79413', '80219', '50510', '64614', '80744']",80744,"['79413', '64614', '50510', '80744', '80219']"
"[19, 13]","[7, 22]","['42612', '26354', '37914', '35479', '79411']",79411,"['42612', '26354', '35479', '79411', '37914']"
"[19, 13]","[0, 0]","['43396', '35479', '43324', '37914', '78009']",78009,"['43396', '78009', '37914', '43324', '35479']"
"[7, 1]","[3, 16]","['10825', '17550', '53652', '8109', '11746']",11746,"['10825', '53652', '8109', '17550', '11746']"
"[5, 4]","[3, 17]","['53032', '63485', '2004', '51114', '12043']",12043,"['2004', '12043', '51114', '53032', '63485']"
"[14, 7]","[15, 21]","['38835', '51393', '77045', '67483', '3384']",3384,"['67483', '77045', '3384', '38835', '51393']"
"[9, 26]","[19, 13]","['23716', '7474', '6759', '27788', '35479']",35479,"['23716', '7474', '27788', '35479', '6759']"
"[9, 4]","[19, 13]","['80219', '50510', '64614', '79413', '43396']",43396,"['64614', '43396', '80219', '50510', '79413']"
"[9, 26]","[0, 7]","['6759', '27788', '50181', '7474', '65801']",65801,"['50181', '65801', '27788', '6759', '7474']"
"[15, 13]","[5, 4]","['42684', '68970', '24364', '20590', '62609']",62609,"['24364', '20590', '62609', '68970', '42684']"
"[9, 26]","[3, 4]","['50181', '6759', '7474', '27788', '35787']",35787,"['6759', '50181', '35787', '27788', '7474']"
"[3, 4]","[5, 29]","['20671', '35787', '9383', '11039', '51743']",51743,"['11039', '20671', '35787', '9383', '51743']"
"[19, 5]","[0, 2]","['32569', '76431', '72346', '17017', '27625']",27625,"['17017', '27625', '76431', '72346', '32569']"
"[3, 16]","[19, 18]","['56017', '11746', '63317', '59100', '55086']",55086,"['56017', '11746', '55086', '59100', '63317']"
"[14, 7]","[3, 21]","['51393', '25607', '38835', '77045', '53064']",53064,"['25607', '38835', '77045', '53064', '51393']"
"[17, 18]","[3, 26]","['31693', '46660', '21408', '66935', '72586']",72586,"['66935', '31693', '72586', '21408', '46660']"
"[0, 14]","[3, 28]","['37963', '17291', '39894', '80522', '8257']",8257,"['80522', '37963', '8257', '17291', '39894']"
"[0, 14]","[5, 22]","['39894', '37963', '80522', '42604', '77349']",77349,"['42604', '80522', '37963', '39894', '77349']"
"[15, 13]","[9, 4]","['20590', '34763', '25079', '53137', '80219']",80219,"['20590', '53137', '80219', '34763', '25079']"
"[0, 24]","[19, 25]","['37989', '31926', '74418', '48780', '74532']",74532,"['48780', '74532', '74418', '31926', '37989']"
"[3, 5]","[0, 2]","['12162', '74226', '64', '63514', '9836']",9836,"['12162', '74226', '64', '63514', '9836']"
"[3, 12]","[7, 3]","['20968', '27821', '37955', '1181', '75828']",75828,"['27821', '75828', '37955', '20968', '1181']"
"[17, 21]","[3, 3]","['62549', '9795', '69704', '78147', '994']",994,"['78147', '69704', '994', '9795', '62549']"
"[3, 16]","[19, 10]","['56017', '11746', '177', '59100', '21540']",21540,"['59100', '11746', '56017', '177', '21540']"
"[17, 18]","[0, 2]","['21543', '66935', '21408', '6955', '51831']",51831,"['21408', '6955', '51831', '21543', '66935']"
"[0, 2]","[9, 3]","['66847', '9836', '67842', '9639', '74662']",74662,"['9836', '9639', '74662', '67842', '66847']"
"[18, 23]","[19, 18]","['67584', '5909', '48306', '26755', '29042']",29042,"['29042', '5909', '26755', '48306', '67584']"
"[18, 25]","[19, 28]","['3282', '25711', '62071', '73827', '55589']",55589,"['73827', '55589', '25711', '62071', '3282']"
"[15, 13]","[17, 21]","['25079', '34763', '20590', '68970', '40487']",40487,"['25079', '40487', '20590', '34763', '68970']"
"[19, 8]","[18, 23]","['6777', '36396', '71082', '19346', '26052']",26052,"['26052', '19346', '36396', '6777', '71082']"
"[19, 14]","[0, 6]","['64729', '72517', '26372', '26703', '49395']",49395,"['26703', '49395', '64729', '72517', '26372']"
"[3, 3]","[19, 25]","['10131', '10017', '72700', '994', '74532']",74532,"['10131', '10017', '74532', '994', '72700']"
"[3, 17]","[14, 7]","['12043', '33084', '38478', '54792', '25607']",25607,"['38478', '25607', '12043', '54792', '33084']"
"[19, 10]","[3, 12]","['25168', '55791', '25618', '73023', '20968']",20968,"['73023', '55791', '20968', '25168', '25618']"
"[9, 26]","[19, 25]","['6759', '23716', '7474', '50181', '33749']",33749,"['23716', '7474', '33749', '50181', '6759']"
"[3, 28]","[17, 5]","['8257', '12683', '73823', '42226', '33045']",33045,"['42226', '12683', '33045', '8257', '73823']"
"[0, 2]","[7, 1]","['63508', '60860', '44802', '48095', '16951']",16951,"['48095', '60860', '16951', '44802', '63508']"
"[0, 0]","[17, 21]","['8176', '14834', '78009', '28082', '62454']",62454,"['14834', '62454', '78009', '8176', '28082']"
"[3, 7]","[17, 18]","['19796', '30859', '37907', '4286', '31693']",31693,"['4286', '31693', '37907', '30859', '19796']"
"[14, 9]","[5, 4]","['40550', '26678', '14102', '6508', '51114']",51114,"['6508', '26678', '51114', '14102', '40550']"
"[19, 13]","[17, 18]","['43324', '35479', '26354', '37914', '70105']",70105,"['43324', '26354', '37914', '70105', '35479']"
"[3, 7]","[0, 6]","['19992', '19796', '30859', '37907', '59474']",59474,"['19796', '59474', '37907', '30859', '19992']"
"[15, 28]","[14, 8]","['38548', '23274', '67905', '10526', '46039']",46039,"['10526', '67905', '38548', '46039', '23274']"
"[18, 25]","[5, 22]","['25711', '4132', '3282', '73827', '48795']",48795,"['48795', '4132', '73827', '25711', '3282']"
"[17, 18]","[0, 24]","['46660', '66935', '21543', '6955', '74418']",74418,"['74418', '46660', '66935', '6955', '21543']"
"[19, 28]","[0, 0]","['43363', '52721', '55589', '23197', '14834']",14834,"['55589', '23197', '43363', '14834', '52721']"
"[3, 17]","[14, 8]","['54792', '33084', '38478', '53579', '46039']",46039,"['46039', '53579', '33084', '54792', '38478']"
"[19, 14]","[7, 1]","['64729', '72517', '26372', '26703', '53652']",53652,"['64729', '72517', '26703', '53652', '26372']"
"[9, 4]","[3, 3]","['80219', '64614', '50510', '79413', '22487']",22487,"['64614', '79413', '80219', '22487', '50510']"
"[18, 25]","[5, 22]","['73827', '3282', '62071', '4132', '40863']",40863,"['40863', '4132', '62071', '3282', '73827']"
"[0, 0]","[17, 21]","['28082', '8176', '14834', '78009', '78147']",78147,"['28082', '8176', '14834', '78147', '78009']"
"[5, 22]","[9, 4]","['57572', '77349', '48795', '40863', '50510']",50510,"['77349', '57572', '40863', '50510', '48795']"
"[19, 5]","[17, 18]","['59952', '63902', '32569', '76431', '31693']",31693,"['59952', '31693', '76431', '32569', '63902']"
"[19, 10]","[0, 24]","['55791', '21540', '73023', '25168', '37989']",37989,"['55791', '73023', '21540', '25168', '37989']"
"[18, 23]","[3, 7]","['12104', '20502', '10433', '61353', '37907']",37907,"['12104', '10433', '61353', '37907', '20502']"
"[9, 26]","[19, 14]","['23716', '6759', '50181', '7474', '26703']",26703,"['23716', '6759', '50181', '26703', '7474']"
"[0, 2]","[15, 13]","['27625', '32703', '60860', '67842', '25079']",25079,"['25079', '32703', '27625', '60860', '67842']"
"[18, 25]","[15, 13]","['62071', '4132', '73827', '25711', '24364']",24364,"['73827', '24364', '4132', '25711', '62071']"
"[3, 26]","[19, 5]","['18887', '19246', '40031', '34449', '72346']",72346,"['40031', '72346', '19246', '34449', '18887']"
"[9, 11]","[7, 20]","['15606', '52758', '30907', '4186', '55305']",55305,"['55305', '52758', '4186', '15606', '30907']"
"[3, 21]","[18, 25]","['42206', '53064', '47060', '57272', '62071']",62071,"['57272', '42206', '62071', '53064', '47060']"
"[7, 22]","[0, 7]","['23132', '40679', '79411', '31113', '65801']",65801,"['31113', '40679', '79411', '23132', '65801']"
"[9, 11]","[0, 0]","['335', '15606', '30907', '61914', '28082']",28082,"['335', '30907', '28082', '15606', '61914']"
"[5, 22]","[19, 10]","['77349', '57572', '48795', '40863', '25168']",25168,"['48795', '77349', '40863', '25168', '57572']"
"[15, 13]","[18, 25]","['34763', '20590', '25079', '68970', '62071']",62071,"['62071', '34763', '20590', '68970', '25079']"
"[3, 21]","[5, 22]","['14038', '57272', '47060', '53064', '48795']",48795,"['48795', '14038', '47060', '57272', '53064']"
"[19, 5]","[3, 12]","['72346', '59952', '32569', '63902', '27821']",27821,"['72346', '63902', '59952', '27821', '32569']"
"[0, 7]","[5, 19]","['65801', '15613', '66807', '10984', '49189']",49189,"['10984', '49189', '66807', '65801', '15613']"
"[7, 1]","[5, 4]","['16951', '10825', '3536', '17550', '62609']",62609,"['10825', '62609', '17550', '16951', '3536']"
"[3, 16]","[9, 11]","['11746', '59100', '177', '56017', '30907']",30907,"['59100', '56017', '177', '11746', '30907']"
"[15, 17]","[18, 23]","['11908', '60915', '47834', '1225', '32105']",32105,"['11908', '1225', '32105', '60915', '47834']"
"[7, 20]","[5, 29]","['55305', '2425', '2277', '54372', '18711']",18711,"['2277', '55305', '54372', '2425', '18711']"
"[7, 1]","[19, 10]","['8109', '53652', '16951', '10825', '25168']",25168,"['16951', '8109', '53652', '10825', '25168']"
"[19, 25]","[7, 22]","['26994', '33749', '74532', '59747', '40679']",40679,"['33749', '40679', '74532', '59747', '26994']"
"[19, 10]","[3, 3]","['25168', '25618', '21540', '73023', '30004']",30004,"['21540', '25168', '73023', '25618', '30004']"
"[19, 13]","[0, 24]","['42612', '43324', '37914', '35479', '37989']",37989,"['42612', '37989', '43324', '35479', '37914']"
"[3, 21]","[4, 27]","['14038', '42206', '57272', '53064', '77515']",77515,"['77515', '57272', '14038', '53064', '42206']"
"[0, 7]","[3, 3]","['66807', '10984', '72266', '65801', '72700']",72700,"['10984', '66807', '65801', '72266', '72700']"
"[3, 21]","[9, 3]","['47060', '53064', '57272', '14038', '1268']",1268,"['1268', '57272', '14038', '53064', '47060']"
"[19, 8]","[0, 14]","['6777', '36396', '71082', '19346', '75707']",75707,"['71082', '36396', '19346', '6777', '75707']"
"[19, 14]","[7, 1]","['26372', '26703', '64729', '72517', '8109']",8109,"['26372', '26703', '8109', '72517', '64729']"
"[19, 28]","[17, 5]","['52721', '42272', '55589', '40111', '33045']",33045,"['42272', '52721', '33045', '55589', '40111']"
"[14, 8]","[3, 3]","['40877', '46039', '28694', '28732', '30004']",30004,"['28732', '28694', '40877', '30004', '46039']"
"[9, 3]","[18, 23]","['14914', '9662', '1268', '74662', '15451']",15451,"['1268', '9662', '74662', '15451', '14914']"
"[0, 6]","[5, 4]","['43036', '25447', '43375', '75880', '53032']",53032,"['43375', '75880', '25447', '53032', '43036']"
"[3, 28]","[19, 25]","['73823', '55090', '8257', '42226', '26994']",26994,"['42226', '26994', '73823', '8257', '55090']"
"[3, 17]","[9, 26]","['64047', '33084', '12043', '54792', '23716']",23716,"['54792', '23716', '64047', '12043', '33084']"
"[3, 21]","[0, 14]","['42206', '53064', '57272', '47060', '17291']",17291,"['53064', '42206', '17291', '57272', '47060']"
"[3, 12]","[17, 5]","['20968', '27821', '37955', '1181', '50221']",50221,"['37955', '50221', '1181', '27821', '20968']"
"[15, 28]","[17, 18]","['10526', '67905', '38548', '23274', '21408']",21408,"['23274', '21408', '10526', '67905', '38548']"
"[3, 5]","[19, 28]","['63514', '64', '74226', '12162', '42272']",42272,"['12162', '63514', '74226', '42272', '64']"
"[3, 28]","[18, 25]","['8257', '73823', '55090', '12683', '73827']",73827,"['73823', '55090', '12683', '8257', '73827']"
"[7, 20]","[19, 14]","['2277', '2425', '55305', '54372', '64729']",64729,"['54372', '55305', '2425', '2277', '64729']"
"[0, 0]","[3, 26]","['28082', '14834', '8176', '78009', '9147']",9147,"['9147', '14834', '78009', '8176', '28082']"
"[3, 7]","[19, 10]","['19796', '19992', '4286', '37907', '25618']",25618,"['37907', '4286', '19796', '19992', '25618']"
"[3, 17]","[9, 26]","['53579', '33084', '54792', '38478', '50181']",50181,"['38478', '54792', '53579', '33084', '50181']"
"[0, 0]","[17, 21]","['8176', '78009', '14834', '28082', '62549']",62549,"['8176', '62549', '28082', '78009', '14834']"
"[0, 14]","[4, 27]","['1261', '75707', '17291', '80522', '5222']",5222,"['1261', '17291', '75707', '80522', '5222']"
"[7, 3]","[19, 5]","['61767', '75828', '52457', '64781', '32569']",32569,"['64781', '32569', '75828', '52457', '61767']"
"[19, 5]","[4, 27]","['76431', '32569', '72346', '55314', '70239']",70239,"['32569', '72346', '76431', '70239', '55314']"
"[15, 28]","[14, 8]","['23274', '10526', '3258', '38548', '28694']",28694,"['3258', '28694', '38548', '23274', '10526']"
"[17, 18]","[5, 29]","['70105', '31693', '21408', '6955', '21765']",21765,"['31693', '21765', '6955', '70105', '21408']"
"[9, 26]","[3, 7]","['7474', '27788', '6759', '50181', '19992']",19992,"['19992', '27788', '50181', '6759', '7474']"
"[7, 22]","[5, 19]","['79411', '31113', '23132', '40679', '51211']",51211,"['79411', '23132', '31113', '40679', '51211']"
"[5, 29]","[4, 27]","['55950', '52548', '51743', '21765', '70239']",70239,"['21765', '55950', '52548', '70239', '51743']"
"[15, 13]","[5, 22]","['53137', '68970', '25079', '42684', '7217']",7217,"['7217', '25079', '68970', '53137', '42684']"
"[3, 26]","[9, 3]","['9147', '72586', '18887', '1064', '9662']",9662,"['9147', '72586', '18887', '9662', '1064']"
"[19, 5]","[3, 4]","['59952', '76431', '63902', '55314', '20671']",20671,"['20671', '63902', '76431', '55314', '59952']"
"[3, 7]","[19, 10]","['19992', '19796', '30859', '4286', '25168']",25168,"['19796', '25168', '19992', '4286', '30859']"
"[19, 25]","[3, 4]","['26994', '59747', '47247', '74532', '20671']",20671,"['47247', '26994', '74532', '59747', '20671']"
"[3, 26]","[5, 22]","['11033', '50906', '9147', '19246', '77349']",77349,"['19246', '11033', '9147', '77349', '50906']"
"[18, 25]","[19, 28]","['73827', '4132', '25711', '62071', '42272']",42272,"['42272', '25711', '4132', '62071', '73827']"
"[9, 3]","[5, 22]","['9662', '1268', '14914', '74662', '57572']",57572,"['14914', '74662', '57572', '9662', '1268']"
"[17, 18]","[3, 16]","['66935', '6955', '51240', '21543', '59100']",59100,"['21543', '59100', '51240', '66935', '6955']"
"[3, 4]","[19, 8]","['35787', '11039', '20671', '9383', '36396']",36396,"['35787', '11039', '20671', '9383', '36396']"
"[0, 24]","[15, 28]","['37989', '74418', '31926', '48780', '67905']",67905,"['31926', '67905', '37989', '48780', '74418']"
"[5, 22]","[0, 0]","['57572', '40863', '7217', '77349', '8176']",8176,"['77349', '57572', '40863', '7217', '8176']"
"[17, 5]","[9, 11]","['72055', '50221', '7913', '33045', '335']",335,"['50221', '335', '33045', '7913', '72055']"
"[15, 13]","[19, 25]","['25079', '42684', '20590', '24364', '59747']",59747,"['25079', '42684', '24364', '59747', '20590']"
"[14, 7]","[17, 18]","['25607', '38835', '51393', '67483', '21408']",21408,"['21408', '67483', '51393', '38835', '25607']"
"[15, 28]","[0, 2]","['3258', '67905', '10526', '23274', '44802']",44802,"['67905', '3258', '44802', '23274', '10526']"
"[0, 2]","[3, 7]","['62759', '9836', '67842', '54867', '30859']",30859,"['9836', '67842', '62759', '54867', '30859']"
"[9, 11]","[0, 6]","['15606', '52758', '78534', '61914', '43375']",43375,"['52758', '61914', '78534', '43375', '15606']"
"[5, 19]","[9, 4]","['63077', '51211', '49189', '53655', '79413']",79413,"['49189', '53655', '63077', '79413', '51211']"
"[5, 29]","[19, 25]","['57316', '21765', '51743', '52548', '59747']",59747,"['57316', '21765', '51743', '59747', '52548']"
"[9, 3]","[7, 1]","['64671', '74662', '9662', '14914', '16951']",16951,"['9662', '16951', '64671', '74662', '14914']"
"[9, 11]","[3, 4]","['335', '4186', '61914', '52758', '9383']",9383,"['335', '61914', '4186', '9383', '52758']"
"[19, 25]","[18, 23]","['33749', '74532', '59747', '26994', '65195']",65195,"['74532', '59747', '65195', '26994', '33749']"
"[9, 4]","[17, 18]","['79413', '64614', '50510', '80219', '31693']",31693,"['64614', '79413', '80219', '50510', '31693']"
"[19, 10]","[15, 21]","['21540', '55791', '73023', '25168', '13497']",13497,"['73023', '55791', '25168', '21540', '13497']"
"[19, 28]","[15, 17]","['23197', '52721', '42272', '40111', '11908']",11908,"['52721', '42272', '40111', '23197', '11908']"
"[9, 4]","[18, 23]","['50510', '64614', '79413', '80219', '20502']",20502,"['80219', '79413', '20502', '64614', '50510']"
"[0, 24]","[19, 10]","['74418', '48780', '37989', '31926', '73023']",73023,"['37989', '31926', '74418', '73023', '48780']"
"[15, 21]","[14, 8]","['3384', '20839', '7489', '13497', '39691']",39691,"['39691', '3384', '20839', '13497', '7489']"
"[4, 27]","[15, 13]","['70239', '5222', '77515', '12888', '20590']",20590,"['77515', '5222', '12888', '20590', '70239']"
"[15, 17]","[0, 2]","['1225', '11908', '60915', '47834', '48095']",48095,"['47834', '48095', '11908', '1225', '60915']"
"[5, 4]","[0, 24]","['27706', '53032', '35725', '63485', '37989']",37989,"['53032', '37989', '35725', '63485', '27706']"
"[19, 18]","[18, 25]","['36535', '58616', '49556', '55086', '3282']",3282,"['58616', '55086', '36535', '49556', '3282']"
"[3, 16]","[7, 22]","['11746', '56017', '59100', '63317', '31113']",31113,"['11746', '31113', '63317', '59100', '56017']"
"[0, 0]","[19, 13]","['14834', '8176', '78009', '28082', '26354']",26354,"['8176', '14834', '28082', '26354', '78009']"
"[17, 18]","[19, 28]","['6955', '51240', '66935', '21543', '52721']",52721,"['52721', '66935', '6955', '21543', '51240']"
"[17, 18]","[14, 9]","['66316', '21543', '21408', '70105', '40550']",40550,"['21408', '70105', '66316', '40550', '21543']"
"[19, 5]","[5, 29]","['32569', '72346', '63902', '17017', '51743']",51743,"['63902', '51743', '32569', '17017', '72346']"
"[19, 14]","[3, 16]","['26372', '64729', '72517', '26703', '56017']",56017,"['26372', '64729', '56017', '72517', '26703']"
"[14, 9]","[3, 4]","['39708', '26506', '40550', '6508', '20671']",20671,"['26506', '6508', '20671', '39708', '40550']"
"[18, 23]","[19, 14]","['25667', '26755', '78682', '65195', '64729']",64729,"['25667', '64729', '26755', '65195', '78682']"
"[0, 2]","[15, 17]","['63508', '43629', '54867', '67465', '47834']",47834,"['67465', '47834', '63508', '54867', '43629']"
"[14, 7]","[5, 29]","['51393', '38835', '67483', '25607', '51743']",51743,"['25607', '67483', '38835', '51393', '51743']"
"[14, 8]","[7, 3]","['28694', '40877', '46039', '28732', '75828']",75828,"['75828', '28732', '28694', '46039', '40877']"
"[14, 8]","[3, 17]","['28732', '40877', '39691', '46039', '53579']",53579,"['28732', '53579', '39691', '46039', '40877']"
"[0, 2]","[9, 26]","['60860', '43995', '59390', '70440', '27788']",27788,"['27788', '43995', '60860', '70440', '59390']"
"[3, 4]","[19, 25]","['20671', '11039', '9383', '35787', '59747']",59747,"['11039', '9383', '35787', '20671', '59747']"
"[5, 4]","[3, 12]","['62609', '63485', '27706', '2004', '27821']",27821,"['27706', '62609', '2004', '27821', '63485']"
"[5, 19]","[3, 5]","['49189', '35619', '60473', '53655', '63514']",63514,"['35619', '49189', '60473', '63514', '53655']"
"[15, 13]","[7, 20]","['25079', '68970', '34763', '53137', '55305']",55305,"['53137', '68970', '25079', '55305', '34763']"
"[19, 5]","[5, 22]","['72346', '55314', '32569', '59952', '40863']",40863,"['55314', '59952', '32569', '40863', '72346']"
"[14, 9]","[3, 16]","['6508', '39708', '26506', '26678', '56017']",56017,"['26678', '26506', '39708', '56017', '6508']"
"[19, 18]","[7, 1]","['55086', '58616', '49556', '74633', '53652']",53652,"['53652', '58616', '74633', '49556', '55086']"
"[3, 4]","[0, 6]","['20671', '35787', '9383', '11039', '41154']",41154,"['35787', '11039', '41154', '9383', '20671']"
"[17, 18]","[19, 14]","['21543', '66316', '46660', '51240', '26372']",26372,"['46660', '66316', '21543', '26372', '51240']"
"[19, 5]","[5, 19]","['63902', '76431', '59952', '17017', '63077']",63077,"['76431', '59952', '63077', '17017', '63902']"
"[19, 28]","[14, 7]","['43363', '23197', '40111', '42272', '67483']",67483,"['40111', '67483', '23197', '43363', '42272']"
"[19, 5]","[3, 4]","['17017', '72346', '59952', '63902', '11039']",11039,"['17017', '11039', '72346', '63902', '59952']"
"[14, 8]","[3, 17]","['40877', '28694', '39691', '28732', '54792']",54792,"['40877', '28694', '39691', '28732', '54792']"
"[19, 25]","[7, 22]","['74532', '47247', '26994', '33749', '79411']",79411,"['47247', '79411', '33749', '74532', '26994']"
"[19, 10]","[14, 7]","['55791', '25168', '21540', '73023', '38835']",38835,"['25168', '21540', '38835', '55791', '73023']"
"[9, 3]","[0, 0]","['74662', '64671', '14914', '1268', '78009']",78009,"['1268', '14914', '74662', '64671', '78009']"
"[14, 9]","[3, 17]","['26678', '40550', '6508', '39708', '33084']",33084,"['33084', '26678', '40550', '39708', '6508']"
"[3, 17]","[19, 5]","['12043', '64047', '38478', '54792', '17017']",17017,"['12043', '17017', '54792', '64047', '38478']"
"[3, 17]","[19, 25]","['12043', '53579', '33084', '38478', '33749']",33749,"['53579', '33749', '38478', '12043', '33084']"
"[17, 18]","[0, 24]","['51240', '46660', '31693', '6955', '74418']",74418,"['46660', '74418', '31693', '6955', '51240']"
"[18, 23]","[15, 17]","['25667', '40817', '20502', '61353', '47834']",47834,"['47834', '40817', '61353', '20502', '25667']"
"[14, 9]","[19, 13]","['39708', '40550', '26506', '14102', '43396']",43396,"['43396', '39708', '14102', '40550', '26506']"
"[14, 9]","[3, 21]","['14102', '6508', '26678', '40550', '53064']",53064,"['40550', '6508', '26678', '53064', '14102']"
"[3, 17]","[9, 26]","['12043', '54792', '33084', '53579', '50181']",50181,"['50181', '33084', '12043', '54792', '53579']"
"[0, 6]","[19, 13]","['43036', '25447', '43375', '75880', '43396']",43396,"['43375', '43396', '43036', '25447', '75880']"
"[3, 17]","[18, 25]","['33084', '38478', '54792', '12043', '4132']",4132,"['33084', '12043', '38478', '54792', '4132']"
"[19, 13]","[7, 1]","['43324', '37914', '42612', '43396', '8109']",8109,"['43396', '8109', '42612', '37914', '43324']"
"[4, 27]","[18, 25]","['5222', '77515', '70239', '12888', '25711']",25711,"['77515', '12888', '25711', '5222', '70239']"
"[5, 22]","[0, 2]","['40863', '7217', '57572', '48795', '67465']",67465,"['67465', '7217', '57572', '48795', '40863']"
"[5, 19]","[0, 0]","['10743', '63077', '49189', '77183', '28082']",28082,"['10743', '49189', '28082', '63077', '77183']"
"[5, 19]","[15, 21]","['77183', '63077', '53655', '60473', '7489']",7489,"['7489', '60473', '77183', '63077', '53655']"
"[3, 16]","[17, 5]","['56017', '63317', '177', '11746', '72055']",72055,"['11746', '177', '63317', '56017', '72055']"
"[9, 3]","[5, 4]","['14914', '64671', '1268', '9662', '51114']",51114,"['64671', '9662', '51114', '1268', '14914']"
"[19, 8]","[3, 17]","['19346', '6777', '71082', '36396', '53579']",53579,"['19346', '6777', '53579', '71082', '36396']"
"[9, 4]","[7, 20]","['50510', '80219', '79413', '64614', '55305']",55305,"['64614', '55305', '80219', '50510', '79413']"
"[0, 14]","[7, 22]","['1261', '42604', '80522', '75707', '23132']",23132,"['75707', '1261', '80522', '23132', '42604']"
"[5, 22]","[3, 28]","['57572', '48795', '77349', '7217', '12683']",12683,"['48795', '12683', '57572', '7217', '77349']"
"[5, 22]","[14, 9]","['57572', '7217', '77349', '40863', '26678']",26678,"['57572', '77349', '7217', '26678', '40863']"
"[19, 10]","[5, 19]","['73023', '25168', '55791', '21540', '63077']",63077,"['21540', '63077', '25168', '55791', '73023']"
"[3, 26]","[5, 19]","['9147', '50906', '34449', '49864', '10743']",10743,"['9147', '10743', '50906', '34449', '49864']"
"[9, 4]","[3, 26]","['79413', '64614', '80219', '50510', '11033']",11033,"['11033', '64614', '80219', '79413', '50510']"
"[17, 18]","[9, 26]","['66316', '51240', '31693', '70105', '6759']",6759,"['66316', '51240', '31693', '70105', '6759']"
"[5, 29]","[0, 0]","['55950', '52548', '21765', '57316', '8176']",8176,"['21765', '8176', '52548', '55950', '57316']"
"[7, 20]","[9, 26]","['55305', '54372', '2425', '2277', '6759']",6759,"['55305', '54372', '2277', '2425', '6759']"
"[15, 28]","[18, 25]","['38548', '23274', '10526', '67905', '4132']",4132,"['38548', '4132', '10526', '23274', '67905']"
"[19, 13]","[0, 0]","['26354', '42612', '43396', '35479', '14834']",14834,"['42612', '43396', '35479', '26354', '14834']"
"[3, 26]","[0, 2]","['49864', '32729', '18887', '50906', '9639']",9639,"['49864', '50906', '32729', '18887', '9639']"
"[3, 26]","[9, 4]","['18887', '1064', '40031', '11033', '50510']",50510,"['11033', '50510', '40031', '1064', '18887']"
"[5, 4]","[18, 25]","['53032', '27706', '35725', '70560', '3282']",3282,"['27706', '3282', '35725', '70560', '53032']"
"[19, 10]","[15, 13]","['21540', '73023', '55791', '25168', '42684']",42684,"['42684', '21540', '55791', '25168', '73023']"
"[3, 16]","[7, 3]","['11746', '56017', '177', '59100', '61767']",61767,"['61767', '177', '56017', '11746', '59100']"
"[5, 22]","[3, 17]","['7217', '77349', '48795', '57572', '53579']",53579,"['57572', '7217', '48795', '53579', '77349']"
"[15, 17]","[7, 20]","['60915', '47834', '1225', '11908', '55305']",55305,"['47834', '55305', '1225', '11908', '60915']"
"[3, 21]","[9, 3]","['14038', '47060', '42206', '53064', '9662']",9662,"['9662', '47060', '53064', '42206', '14038']"
"[7, 20]","[3, 16]","['55305', '2425', '2277', '54372', '63317']",63317,"['54372', '55305', '63317', '2425', '2277']"
"[15, 13]","[0, 14]","['53137', '20590', '34763', '24364', '17291']",17291,"['20590', '53137', '17291', '34763', '24364']"
"[7, 20]","[19, 8]","['2277', '2425', '55305', '54372', '6777']",6777,"['54372', '55305', '6777', '2425', '2277']"
"[18, 23]","[7, 22]","['5909', '42151', '37360', '15451', '23132']",23132,"['42151', '15451', '23132', '5909', '37360']"
"[4, 27]","[5, 29]","['70239', '12888', '5222', '77515', '52548']",52548,"['12888', '77515', '5222', '52548', '70239']"
"[19, 18]","[7, 20]","['41277', '55086', '35149', '29042', '55305']",55305,"['41277', '29042', '55305', '55086', '35149']"
"[17, 18]","[3, 7]","['21408', '21543', '70105', '51240', '4286']",4286,"['70105', '21543', '51240', '4286', '21408']"
"[0, 14]","[5, 19]","['75707', '39894', '1261', '17291', '10743']",10743,"['75707', '17291', '39894', '1261', '10743']"
"[0, 14]","[15, 28]","['1261', '42604', '80522', '75707', '23274']",23274,"['1261', '75707', '23274', '80522', '42604']"
"[7, 22]","[19, 10]","['31113', '40679', '23132', '79411', '55791']",55791,"['79411', '55791', '31113', '40679', '23132']"
"[0, 14]","[14, 9]","['37963', '39894', '17291', '80522', '40550']",40550,"['40550', '39894', '80522', '37963', '17291']"
"[7, 1]","[9, 11]","['8109', '16951', '12421', '10825', '335']",335,"['8109', '12421', '16951', '335', '10825']"
"[3, 7]","[19, 25]","['37907', '19992', '4286', '30859', '26994']",26994,"['30859', '4286', '37907', '19992', '26994']"
"[7, 20]","[18, 23]","['2425', '2277', '54372', '55305', '6216']",6216,"['55305', '2277', '54372', '6216', '2425']"
"[5, 22]","[3, 28]","['77349', '57572', '7217', '48795', '73823']",73823,"['48795', '57572', '77349', '73823', '7217']"
"[3, 28]","[18, 23]","['55090', '8257', '12683', '42226', '61353']",61353,"['61353', '8257', '12683', '55090', '42226']"
"[15, 13]","[7, 22]","['24364', '34763', '25079', '20590', '79411']",79411,"['34763', '79411', '25079', '20590', '24364']"
"[3, 12]","[0, 0]","['1181', '20968', '37955', '27821', '28082']",28082,"['37955', '27821', '20968', '28082', '1181']"
"[4, 27]","[19, 8]","['12888', '5222', '70239', '77515', '71082']",71082,"['5222', '12888', '70239', '71082', '77515']"
"[9, 26]","[3, 7]","['7474', '27788', '50181', '23716', '37907']",37907,"['27788', '23716', '7474', '50181', '37907']"
"[19, 8]","[9, 4]","['36396', '6777', '71082', '19346', '80219']",80219,"['6777', '19346', '71082', '36396', '80219']"
"[17, 21]","[3, 16]","['62454', '69704', '40487', '78147', '59100']",59100,"['62454', '59100', '78147', '69704', '40487']"
"[4, 27]","[5, 19]","['5222', '70239', '77515', '12888', '63077']",63077,"['5222', '12888', '70239', '77515', '63077']"
"[7, 1]","[0, 2]","['12376', '8109', '12421', '16951', '45218']",45218,"['45218', '12376', '16951', '12421', '8109']"
"[15, 13]","[7, 22]","['42684', '20590', '24364', '68970', '40679']",40679,"['40679', '24364', '42684', '68970', '20590']"
"[19, 10]","[5, 19]","['25618', '55791', '73023', '25168', '49189']",49189,"['73023', '49189', '25168', '55791', '25618']"
"[3, 16]","[9, 4]","['63317', '11746', '177', '59100', '64614']",64614,"['177', '11746', '59100', '64614', '63317']"
"[19, 8]","[5, 22]","['71082', '6777', '36396', '19346', '57572']",57572,"['57572', '36396', '71082', '6777', '19346']"
"[14, 8]","[3, 17]","['46039', '28694', '40877', '28732', '54792']",54792,"['28732', '54792', '46039', '40877', '28694']"
"[19, 18]","[7, 20]","['49556', '58616', '35149', '29042', '55305']",55305,"['58616', '55305', '49556', '35149', '29042']"
"[5, 22]","[19, 10]","['77349', '40863', '57572', '7217', '25168']",25168,"['40863', '77349', '57572', '7217', '25168']"
"[3, 26]","[7, 1]","['18887', '49864', '34449', '19246', '3536']",3536,"['18887', '3536', '34449', '19246', '49864']"
"[19, 8]","[3, 3]","['6777', '19346', '36396', '71082', '22002']",22002,"['22002', '36396', '71082', '6777', '19346']"
"[3, 5]","[9, 3]","['12162', '64', '74226', '63514', '14914']",14914,"['74226', '64', '14914', '12162', '63514']"
"[19, 13]","[0, 7]","['26354', '35479', '43396', '42612', '66807']",66807,"['43396', '42612', '26354', '35479', '66807']"
"[9, 26]","[3, 17]","['50181', '6759', '27788', '7474', '54792']",54792,"['27788', '6759', '54792', '50181', '7474']"
"[9, 3]","[3, 17]","['1268', '74662', '64671', '9662', '12043']",12043,"['74662', '9662', '12043', '1268', '64671']"
"[3, 7]","[19, 10]","['30859', '37907', '19796', '73164', '73023']",73023,"['73164', '73023', '30859', '37907', '19796']"
"[3, 4]","[5, 22]","['20671', '9383', '35787', '11039', '7217']",7217,"['9383', '11039', '7217', '20671', '35787']"
"[0, 24]","[5, 19]","['74418', '37989', '31926', '48780', '60473']",60473,"['31926', '48780', '74418', '60473', '37989']"
"[0, 7]","[9, 26]","['66807', '15613', '72266', '10984', '6759']",6759,"['15613', '72266', '66807', '6759', '10984']"
"[7, 3]","[18, 23]","['64781', '52457', '75828', '61767', '65195']",65195,"['75828', '61767', '64781', '52457', '65195']"
"[5, 22]","[3, 16]","['7217', '40863', '48795', '77349', '63317']",63317,"['7217', '77349', '40863', '48795', '63317']"
"[17, 21]","[19, 13]","['69704', '62454', '9795', '62549', '43324']",43324,"['9795', '43324', '62454', '62549', '69704']"
"[3, 3]","[17, 5]","['72700', '22487', '10131', '10017', '33045']",33045,"['22487', '33045', '10017', '10131', '72700']"
"[19, 25]","[9, 26]","['59747', '74532', '33749', '26994', '50181']",50181,"['59747', '26994', '33749', '50181', '74532']"
"[19, 18]","[3, 26]","['41277', '35149', '55086', '74633', '49864']",49864,"['35149', '41277', '49864', '55086', '74633']"
"[19, 14]","[0, 2]","['26372', '64729', '72517', '26703', '9639']",9639,"['26703', '64729', '72517', '9639', '26372']"
"[17, 5]","[0, 14]","['50221', '33045', '72055', '7913', '42604']",42604,"['7913', '72055', '33045', '50221', '42604']"
"[0, 7]","[3, 4]","['72266', '15613', '66807', '10984', '20671']",20671,"['20671', '66807', '15613', '72266', '10984']"
"[0, 2]","[19, 14]","['66847', '9639', '54867', '9836', '72517']",72517,"['9836', '54867', '66847', '72517', '9639']"
"[19, 28]","[0, 24]","['23197', '42272', '52721', '55589', '37989']",37989,"['37989', '52721', '55589', '23197', '42272']"
"[14, 9]","[3, 16]","['40550', '6508', '26506', '39708', '59100']",59100,"['39708', '40550', '6508', '59100', '26506']"
"[19, 25]","[7, 22]","['59747', '74532', '33749', '26994', '23132']",23132,"['33749', '26994', '23132', '74532', '59747']"
"[7, 1]","[0, 0]","['3536', '8109', '16951', '12376', '28082']",28082,"['28082', '3536', '16951', '12376', '8109']"
"[18, 25]","[9, 11]","['73827', '62071', '3282', '4132', '78534']",78534,"['78534', '73827', '4132', '62071', '3282']"
"[15, 21]","[0, 0]","['13497', '7489', '20839', '3384', '14834']",14834,"['7489', '20839', '14834', '3384', '13497']"
"[17, 18]","[9, 11]","['6955', '31693', '70105', '66316', '78534']",78534,"['70105', '31693', '66316', '78534', '6955']"
"[19, 28]","[9, 11]","['23197', '52721', '40111', '42272', '15606']",15606,"['52721', '15606', '40111', '42272', '23197']"
"[15, 28]","[14, 8]","['3258', '10526', '23274', '38548', '40877']",40877,"['23274', '3258', '40877', '38548', '10526']"
"[15, 13]","[18, 23]","['24364', '42684', '20590', '34763', '5909']",5909,"['24364', '34763', '5909', '42684', '20590']"
"[19, 10]","[3, 4]","['73023', '55791', '25168', '25618', '9383']",9383,"['9383', '55791', '25168', '25618', '73023']"
"[9, 11]","[19, 10]","['4186', '61914', '30907', '15606', '25618']",25618,"['4186', '15606', '25618', '61914', '30907']"
"[19, 25]","[0, 24]","['74532', '26994', '33749', '59747', '48780']",48780,"['26994', '48780', '59747', '74532', '33749']"
"[15, 28]","[0, 0]","['38548', '67905', '23274', '3258', '28082']",28082,"['38548', '23274', '28082', '67905', '3258']"
"[14, 8]","[19, 18]","['28694', '28732', '39691', '46039', '74633']",74633,"['28694', '39691', '74633', '46039', '28732']"
"[9, 26]","[5, 4]","['23716', '7474', '6759', '27788', '35725']",35725,"['35725', '23716', '7474', '27788', '6759']"
"[3, 21]","[7, 1]","['14038', '42206', '57272', '53064', '12421']",12421,"['53064', '12421', '57272', '14038', '42206']"
"[3, 26]","[19, 14]","['11033', '32729', '18887', '34449', '26372']",26372,"['18887', '11033', '32729', '26372', '34449']"
"[0, 0]","[3, 21]","['78009', '28082', '8176', '14834', '14038']",14038,"['78009', '14834', '8176', '14038', '28082']"
"[9, 4]","[7, 3]","['64614', '80219', '79413', '50510', '52457']",52457,"['80219', '64614', '52457', '50510', '79413']"
"[0, 0]","[19, 28]","['14834', '28082', '78009', '8176', '55589']",55589,"['28082', '55589', '8176', '78009', '14834']"
"[9, 4]","[3, 17]","['79413', '64614', '50510', '80219', '53579']",53579,"['53579', '79413', '50510', '80219', '64614']"
"[9, 11]","[3, 5]","['15606', '30907', '52758', '41897', '63514']",63514,"['52758', '30907', '41897', '15606', '63514']"
"[9, 11]","[0, 2]","['335', '61914', '4186', '52758', '80744']",80744,"['52758', '80744', '4186', '335', '61914']"
"[9, 26]","[3, 5]","['6759', '50181', '27788', '7474', '74226']",74226,"['6759', '50181', '7474', '27788', '74226']"
"[5, 19]","[3, 21]","['60473', '53655', '10743', '35619', '53064']",53064,"['53655', '53064', '60473', '10743', '35619']"
"[5, 19]","[3, 5]","['35619', '77183', '51211', '60473', '64']",64,"['64', '77183', '51211', '60473', '35619']"
"[14, 7]","[15, 28]","['51393', '77045', '67483', '25607', '10526']",10526,"['25607', '67483', '77045', '10526', '51393']"
"[19, 28]","[5, 22]","['23197', '40111', '42272', '55589', '7217']",7217,"['42272', '23197', '7217', '55589', '40111']"
"[3, 3]","[9, 11]","['30004', '994', '10131', '10017', '61914']",61914,"['10017', '10131', '994', '30004', '61914']"
"[9, 4]","[14, 9]","['64614', '80219', '50510', '79413', '39708']",39708,"['79413', '50510', '39708', '80219', '64614']"
"[9, 4]","[3, 17]","['79413', '64614', '80219', '50510', '33084']",33084,"['79413', '33084', '50510', '64614', '80219']"
"[18, 23]","[3, 4]","['64148', '72978', '67584', '10433', '9383']",9383,"['67584', '64148', '9383', '72978', '10433']"
"[19, 25]","[9, 3]","['47247', '59747', '26994', '33749', '9662']",9662,"['47247', '26994', '9662', '59747', '33749']"
"[3, 28]","[7, 20]","['42226', '12683', '73823', '8257', '54372']",54372,"['12683', '42226', '8257', '54372', '73823']"
"[7, 3]","[3, 16]","['64781', '52457', '75828', '61767', '63317']",63317,"['63317', '75828', '61767', '52457', '64781']"
"[0, 7]","[9, 4]","['15613', '10984', '72266', '66807', '80219']",80219,"['80219', '15613', '10984', '72266', '66807']"
"[5, 4]","[0, 7]","['70560', '2004', '35725', '63485', '15613']",15613,"['2004', '15613', '35725', '63485', '70560']"
"[5, 29]","[17, 18]","['55950', '57316', '51743', '21765', '51240']",51240,"['21765', '57316', '51240', '51743', '55950']"
"[19, 28]","[9, 4]","['40111', '42272', '52721', '55589', '50510']",50510,"['40111', '42272', '50510', '52721', '55589']"
"[5, 19]","[7, 22]","['10743', '60473', '54232', '49189', '31113']",31113,"['31113', '10743', '54232', '49189', '60473']"
"[9, 3]","[19, 25]","['14914', '74662', '9662', '1268', '26994']",26994,"['9662', '26994', '74662', '14914', '1268']"
"[0, 2]","[19, 28]","['60860', '44145', '67842', '67465', '40111']",40111,"['40111', '67465', '44145', '60860', '67842']"
"[3, 28]","[19, 25]","['12683', '55090', '73823', '42226', '33749']",33749,"['12683', '55090', '42226', '33749', '73823']"
"[9, 4]","[17, 18]","['64614', '79413', '50510', '80219', '46660']",46660,"['64614', '50510', '79413', '80219', '46660']"
"[0, 6]","[5, 19]","['59474', '75880', '41154', '49395', '54232']",54232,"['49395', '41154', '75880', '54232', '59474']"
"[15, 17]","[7, 3]","['60915', '1225', '11908', '47834', '75828']",75828,"['60915', '47834', '1225', '11908', '75828']"
"[17, 18]","[19, 28]","['51240', '70105', '21408', '66935', '23197']",23197,"['23197', '51240', '21408', '66935', '70105']"
"[17, 21]","[4, 27]","['78147', '9795', '62549', '62454', '77515']",77515,"['78147', '62549', '9795', '77515', '62454']"
"[14, 7]","[19, 13]","['38835', '67483', '25607', '51393', '43324']",43324,"['43324', '38835', '67483', '51393', '25607']"
"[17, 21]","[14, 9]","['62454', '62549', '69704', '40487', '40550']",40550,"['40487', '69704', '40550', '62549', '62454']"
"[0, 14]","[3, 21]","['39894', '1261', '37963', '17291', '42206']",42206,"['17291', '1261', '42206', '39894', '37963']"
"[5, 22]","[3, 28]","['48795', '57572', '77349', '40863', '55090']",55090,"['57572', '55090', '40863', '48795', '77349']"
"[18, 23]","[3, 26]","['32105', '26755', '6216', '10433', '68096']",68096,"['10433', '26755', '6216', '68096', '32105']"
"[9, 11]","[7, 22]","['15606', '52758', '41897', '4186', '40679']",40679,"['41897', '15606', '52758', '40679', '4186']"
"[7, 1]","[18, 25]","['17550', '53652', '8109', '10825', '25711']",25711,"['53652', '8109', '25711', '17550', '10825']"
"[19, 18]","[5, 29]","['55086', '29042', '30721', '58616', '57316']",57316,"['29042', '58616', '30721', '55086', '57316']"
"[14, 8]","[19, 25]","['40877', '28694', '46039', '28732', '33749']",33749,"['33749', '40877', '28694', '46039', '28732']"
"[19, 5]","[15, 13]","['17017', '32569', '72346', '76431', '42684']",42684,"['72346', '17017', '32569', '76431', '42684']"
"[18, 25]","[19, 5]","['73827', '62071', '25711', '3282', '32569']",32569,"['62071', '3282', '73827', '25711', '32569']"
"[0, 14]","[7, 22]","['80522', '17291', '1261', '42604', '31113']",31113,"['42604', '31113', '1261', '17291', '80522']"
"[0, 7]","[9, 26]","['65801', '15613', '10984', '66807', '23716']",23716,"['15613', '65801', '23716', '10984', '66807']"
"[15, 21]","[19, 25]","['20839', '7489', '3384', '13497', '59747']",59747,"['13497', '3384', '59747', '7489', '20839']"
"[19, 28]","[9, 4]","['55589', '40111', '23197', '42272', '64614']",64614,"['42272', '40111', '23197', '64614', '55589']"
"[9, 4]","[3, 28]","['80219', '64614', '79413', '50510', '12683']",12683,"['50510', '79413', '80219', '64614', '12683']"
"[19, 18]","[3, 16]","['41277', '49556', '30721', '29042', '56017']",56017,"['49556', '29042', '30721', '41277', '56017']"
"[14, 8]","[9, 3]","['28732', '46039', '40877', '39691', '1268']",1268,"['1268', '46039', '28732', '40877', '39691']"
"[0, 0]","[9, 11]","['28082', '78009', '8176', '14834', '41897']",41897,"['28082', '78009', '41897', '8176', '14834']"
"[3, 7]","[18, 23]","['37907', '19992', '19796', '30859', '64247']",64247,"['19992', '64247', '19796', '37907', '30859']"
"[0, 0]","[9, 3]","['8176', '14834', '78009', '28082', '74662']",74662,"['8176', '28082', '74662', '14834', '78009']"
"[3, 3]","[18, 25]","['994', '22487', '72700', '30004', '25711']",25711,"['72700', '25711', '30004', '994', '22487']"
"[14, 8]","[4, 27]","['39691', '28694', '40877', '28732', '77515']",77515,"['28694', '39691', '40877', '28732', '77515']"
"[9, 3]","[4, 27]","['74662', '9662', '64671', '1268', '77515']",77515,"['77515', '64671', '74662', '1268', '9662']"
"[3, 26]","[17, 18]","['49864', '1064', '9147', '50906', '6955']",6955,"['6955', '1064', '49864', '9147', '50906']"
"[18, 25]","[17, 18]","['25711', '3282', '62071', '73827', '6955']",6955,"['62071', '6955', '3282', '73827', '25711']"
"[3, 16]","[0, 14]","['177', '59100', '56017', '63317', '39894']",39894,"['59100', '39894', '56017', '63317', '177']"
"[19, 25]","[15, 17]","['74532', '26994', '59747', '47247', '1225']",1225,"['26994', '1225', '47247', '59747', '74532']"
"[17, 5]","[3, 21]","['50221', '72055', '33045', '7913', '57272']",57272,"['57272', '7913', '50221', '33045', '72055']"
"[5, 19]","[18, 25]","['35619', '53655', '60473', '51211', '4132']",4132,"['4132', '51211', '35619', '53655', '60473']"
"[3, 12]","[7, 22]","['37955', '1181', '27821', '20968', '40679']",40679,"['37955', '27821', '1181', '40679', '20968']"
"[18, 23]","[15, 28]","['32105', '78682', '10433', '5909', '67905']",67905,"['67905', '32105', '5909', '78682', '10433']"
"[19, 14]","[3, 3]","['26703', '72517', '64729', '26372', '994']",994,"['26703', '64729', '72517', '26372', '994']"
"[3, 12]","[14, 7]","['27821', '1181', '20968', '37955', '38835']",38835,"['27821', '20968', '37955', '1181', '38835']"
"[9, 11]","[14, 8]","['41897', '78534', '52758', '15606', '39691']",39691,"['39691', '52758', '15606', '78534', '41897']"
"[18, 23]","[15, 21]","['64148', '48306', '72978', '42151', '3384']",3384,"['3384', '64148', '42151', '48306', '72978']"
"[5, 22]","[3, 4]","['77349', '7217', '40863', '48795', '9383']",9383,"['7217', '48795', '9383', '40863', '77349']"
"[19, 10]","[7, 3]","['55791', '25618', '25168', '21540', '64781']",64781,"['21540', '64781', '55791', '25618', '25168']"
"[3, 3]","[7, 22]","['72700', '22487', '22002', '30004', '40679']",40679,"['22487', '72700', '30004', '22002', '40679']"
"[7, 3]","[3, 7]","['61767', '75828', '52457', '64781', '19992']",19992,"['52457', '61767', '64781', '19992', '75828']"
"[7, 1]","[19, 8]","['53652', '12421', '8109', '12376', '19346']",19346,"['19346', '12421', '53652', '12376', '8109']"
"[9, 4]","[3, 16]","['79413', '64614', '50510', '80219', '11746']",11746,"['50510', '11746', '80219', '79413', '64614']"
"[19, 28]","[5, 29]","['52721', '40111', '55589', '43363', '57316']",57316,"['57316', '43363', '52721', '55589', '40111']"
"[0, 14]","[15, 13]","['37963', '75707', '17291', '42604', '53137']",53137,"['42604', '53137', '75707', '17291', '37963']"
"[3, 28]","[19, 13]","['12683', '42226', '55090', '8257', '26354']",26354,"['12683', '55090', '42226', '26354', '8257']"
"[3, 28]","[7, 1]","['55090', '8257', '73823', '12683', '17550']",17550,"['55090', '17550', '73823', '8257', '12683']"
"[14, 9]","[4, 27]","['6508', '39708', '14102', '26678', '12888']",12888,"['14102', '39708', '26678', '12888', '6508']"
"[5, 19]","[19, 14]","['35619', '53655', '54232', '63077', '64729']",64729,"['35619', '53655', '54232', '63077', '64729']"
"[7, 1]","[19, 18]","['12376', '10825', '12421', '17550', '30721']",30721,"['30721', '12421', '10825', '17550', '12376']"
"[5, 22]","[0, 6]","['48795', '57572', '40863', '7217', '49395']",49395,"['57572', '7217', '40863', '49395', '48795']"
"[0, 24]","[9, 11]","['74418', '31926', '48780', '37989', '61914']",61914,"['74418', '61914', '48780', '37989', '31926']"
"[7, 3]","[14, 8]","['75828', '52457', '61767', '64781', '46039']",46039,"['52457', '75828', '64781', '61767', '46039']"
"[5, 4]","[0, 2]","['53032', '63485', '35725', '51114', '32703']",32703,"['53032', '51114', '35725', '32703', '63485']"
"[9, 3]","[18, 25]","['64671', '1268', '14914', '74662', '73827']",73827,"['1268', '73827', '74662', '14914', '64671']"
"[9, 3]","[19, 13]","['9662', '14914', '1268', '64671', '26354']",26354,"['26354', '64671', '9662', '14914', '1268']"
"[5, 4]","[0, 14]","['27706', '35725', '53032', '2004', '42604']",42604,"['27706', '53032', '35725', '42604', '2004']"
"[0, 6]","[3, 26]","['43375', '43036', '75880', '25447', '50906']",50906,"['50906', '43036', '25447', '43375', '75880']"
"[7, 3]","[19, 14]","['75828', '52457', '64781', '61767', '72517']",72517,"['61767', '72517', '75828', '52457', '64781']"
"[19, 10]","[18, 23]","['73023', '21540', '55791', '25618', '78682']",78682,"['55791', '78682', '25618', '21540', '73023']"
"[18, 25]","[15, 13]","['73827', '3282', '25711', '4132', '25079']",25079,"['25711', '3282', '73827', '25079', '4132']"
"[17, 21]","[15, 13]","['69704', '78147', '40487', '62549', '53137']",53137,"['78147', '53137', '40487', '69704', '62549']"
"[5, 29]","[18, 25]","['57316', '21765', '18711', '52548', '25711']",25711,"['18711', '52548', '57316', '25711', '21765']"
"[3, 16]","[9, 11]","['56017', '59100', '177', '63317', '52758']",52758,"['52758', '56017', '59100', '177', '63317']"
"[19, 10]","[15, 28]","['55791', '25168', '25618', '21540', '67905']",67905,"['67905', '25168', '25618', '55791', '21540']"
"[15, 13]","[14, 7]","['25079', '20590', '53137', '68970', '25607']",25607,"['25079', '68970', '53137', '20590', '25607']"
"[17, 21]","[9, 11]","['62454', '40487', '69704', '78147', '30907']",30907,"['69704', '40487', '78147', '30907', '62454']"
"[18, 23]","[19, 14]","['78682', '14167', '10433', '40817', '72517']",72517,"['10433', '72517', '78682', '14167', '40817']"
"[4, 27]","[0, 6]","['77515', '70239', '12888', '5222', '75880']",75880,"['75880', '77515', '12888', '70239', '5222']"
"[19, 28]","[15, 21]","['42272', '40111', '55589', '52721', '3384']",3384,"['52721', '40111', '3384', '55589', '42272']"
"[3, 21]","[9, 4]","['14038', '53064', '57272', '47060', '64614']",64614,"['64614', '14038', '47060', '57272', '53064']"
"[0, 2]","[3, 16]","['67842', '48095', '54867', '60860', '59100']",59100,"['67842', '60860', '48095', '54867', '59100']"
"[19, 5]","[3, 28]","['17017', '59952', '63902', '55314', '8257']",8257,"['8257', '59952', '17017', '63902', '55314']"
"[17, 18]","[15, 17]","['21543', '70105', '6955', '31693', '11908']",11908,"['70105', '31693', '21543', '11908', '6955']"
"[14, 8]","[5, 29]","['39691', '28694', '46039', '28732', '21765']",21765,"['28732', '46039', '39691', '21765', '28694']"
"[9, 26]","[7, 3]","['23716', '6759', '7474', '50181', '61767']",61767,"['61767', '6759', '50181', '23716', '7474']"
"[17, 21]","[5, 4]","['9795', '40487', '78147', '62549', '63485']",63485,"['62549', '40487', '9795', '78147', '63485']"
"[4, 27]","[9, 26]","['77515', '70239', '5222', '12888', '27788']",27788,"['12888', '70239', '77515', '5222', '27788']"
"[15, 21]","[9, 11]","['13497', '20839', '7489', '3384', '41897']",41897,"['3384', '41897', '7489', '13497', '20839']"
"[3, 7]","[7, 3]","['73164', '37907', '19992', '19796', '75828']",75828,"['19796', '75828', '19992', '73164', '37907']"
"[15, 13]","[5, 4]","['42684', '53137', '24364', '20590', '63485']",63485,"['53137', '20590', '42684', '63485', '24364']"
"[15, 13]","[19, 14]","['34763', '24364', '42684', '68970', '64729']",64729,"['68970', '24364', '34763', '64729', '42684']"
"[3, 17]","[0, 6]","['54792', '33084', '64047', '53579', '41154']",41154,"['64047', '54792', '41154', '33084', '53579']"
"[5, 29]","[3, 12]","['51743', '21765', '52548', '55950', '1181']",1181,"['21765', '52548', '51743', '55950', '1181']"
"[19, 5]","[5, 22]","['63902', '59952', '17017', '76431', '77349']",77349,"['17017', '59952', '77349', '63902', '76431']"
"[17, 21]","[18, 25]","['69704', '9795', '62549', '62454', '4132']",4132,"['69704', '9795', '62454', '4132', '62549']"
"[5, 29]","[15, 13]","['21765', '52548', '57316', '18711', '42684']",42684,"['21765', '52548', '42684', '57316', '18711']"
"[19, 10]","[0, 6]","['25168', '73023', '55791', '21540', '59474']",59474,"['73023', '59474', '55791', '21540', '25168']"
"[17, 5]","[9, 26]","['72055', '7913', '33045', '50221', '6759']",6759,"['50221', '33045', '6759', '72055', '7913']"
"[19, 8]","[3, 7]","['36396', '71082', '19346', '6777', '73164']",73164,"['6777', '71082', '36396', '19346', '73164']"
"[19, 28]","[3, 21]","['23197', '52721', '55589', '42272', '42206']",42206,"['42206', '55589', '42272', '52721', '23197']"
"[3, 17]","[19, 5]","['64047', '53579', '54792', '12043', '55314']",55314,"['55314', '12043', '64047', '54792', '53579']"
"[3, 28]","[5, 19]","['8257', '73823', '42226', '55090', '49189']",49189,"['73823', '49189', '55090', '42226', '8257']"
"[3, 3]","[0, 7]","['22002', '72700', '30004', '994', '15613']",15613,"['15613', '30004', '994', '22002', '72700']"
"[3, 26]","[19, 10]","['19246', '1064', '18887', '11033', '55791']",55791,"['1064', '19246', '55791', '11033', '18887']"
"[3, 26]","[18, 25]","['9147', '32729', '50906', '49864', '73827']",73827,"['73827', '50906', '32729', '49864', '9147']"
"[7, 22]","[18, 25]","['23132', '40679', '79411', '31113', '4132']",4132,"['40679', '23132', '79411', '31113', '4132']"
"[7, 20]","[9, 11]","['55305', '2277', '54372', '2425', '61914']",61914,"['2277', '54372', '61914', '2425', '55305']"
"[9, 3]","[5, 19]","['14914', '9662', '74662', '64671', '49189']",49189,"['14914', '9662', '74662', '49189', '64671']"
"[15, 13]","[5, 19]","['20590', '25079', '24364', '53137', '10743']",10743,"['53137', '24364', '10743', '20590', '25079']"
"[5, 29]","[7, 3]","['51743', '52548', '57316', '18711', '61767']",61767,"['61767', '51743', '52548', '18711', '57316']"
"[3, 21]","[0, 6]","['14038', '53064', '42206', '57272', '49395']",49395,"['53064', '49395', '42206', '14038', '57272']"
"[3, 3]","[5, 19]","['30004', '22487', '994', '10017', '54232']",54232,"['30004', '22487', '54232', '994', '10017']"
"[9, 3]","[17, 21]","['1268', '9662', '14914', '64671', '40487']",40487,"['14914', '9662', '1268', '64671', '40487']"
"[5, 19]","[0, 6]","['49189', '60473', '51211', '35619', '59474']",59474,"['60473', '51211', '35619', '59474', '49189']"
"[9, 3]","[3, 4]","['14914', '9662', '74662', '1268', '11039']",11039,"['11039', '1268', '14914', '74662', '9662']"
"[9, 3]","[15, 21]","['14914', '9662', '1268', '74662', '20839']",20839,"['20839', '14914', '9662', '74662', '1268']"
"[15, 13]","[0, 2]","['68970', '42684', '25079', '53137', '32703']",32703,"['53137', '42684', '68970', '25079', '32703']"
"[9, 3]","[3, 5]","['14914', '9662', '64671', '74662', '74226']",74226,"['74662', '74226', '64671', '14914', '9662']"
"[5, 4]","[14, 8]","['62609', '63485', '2004', '51114', '40877']",40877,"['2004', '40877', '51114', '63485', '62609']"
"[0, 0]","[17, 5]","['14834', '28082', '78009', '8176', '7913']",7913,"['8176', '28082', '78009', '7913', '14834']"
"[0, 6]","[5, 22]","['25447', '43036', '59474', '49395', '77349']",77349,"['25447', '43036', '59474', '77349', '49395']"
"[15, 28]","[0, 0]","['38548', '3258', '10526', '67905', '28082']",28082,"['10526', '3258', '67905', '28082', '38548']"
"[7, 3]","[0, 7]","['75828', '52457', '64781', '61767', '66807']",66807,"['52457', '64781', '75828', '61767', '66807']"
"[18, 23]","[5, 29]","['78682', '12104', '26755', '72978', '18711']",18711,"['72978', '26755', '78682', '18711', '12104']"
"[5, 29]","[15, 21]","['57316', '52548', '18711', '55950', '20839']",20839,"['57316', '18711', '55950', '52548', '20839']"
"[9, 26]","[3, 28]","['50181', '6759', '23716', '27788', '73823']",73823,"['50181', '73823', '6759', '23716', '27788']"
"[18, 23]","[17, 18]","['72365', '32105', '15451', '64148', '51240']",51240,"['15451', '32105', '51240', '72365', '64148']"
"[14, 9]","[19, 25]","['14102', '6508', '26506', '40550', '59747']",59747,"['14102', '6508', '26506', '59747', '40550']"
"[18, 25]","[9, 3]","['4132', '25711', '3282', '62071', '1268']",1268,"['1268', '3282', '4132', '25711', '62071']"
"[3, 4]","[0, 0]","['20671', '35787', '11039', '9383', '8176']",8176,"['11039', '9383', '20671', '8176', '35787']"
"[3, 7]","[7, 22]","['73164', '30859', '4286', '19992', '79411']",79411,"['73164', '30859', '4286', '79411', '19992']"
"[3, 21]","[0, 0]","['53064', '14038', '57272', '42206', '14834']",14834,"['42206', '14038', '14834', '57272', '53064']"
"[0, 2]","[14, 9]","['43995', '66847', '51831', '28242', '6508']",6508,"['43995', '28242', '6508', '66847', '51831']"
"[19, 25]","[0, 6]","['74532', '59747', '26994', '47247', '75880']",75880,"['47247', '59747', '26994', '75880', '74532']"
"[5, 19]","[7, 1]","['10743', '54232', '49189', '51211', '16951']",16951,"['51211', '16951', '54232', '10743', '49189']"
"[5, 19]","[3, 4]","['10743', '77183', '53655', '63077', '11039']",11039,"['53655', '11039', '63077', '77183', '10743']"
"[17, 5]","[19, 8]","['50221', '7913', '72055', '33045', '36396']",36396,"['7913', '36396', '33045', '72055', '50221']"
"[0, 7]","[7, 3]","['72266', '10984', '66807', '15613', '52457']",52457,"['66807', '72266', '15613', '52457', '10984']"
"[0, 14]","[19, 8]","['80522', '42604', '1261', '75707', '71082']",71082,"['80522', '42604', '71082', '1261', '75707']"
"[5, 4]","[9, 3]","['2004', '27706', '62609', '35725', '74662']",74662,"['27706', '62609', '2004', '74662', '35725']"
"[0, 14]","[19, 5]","['75707', '1261', '17291', '80522', '59952']",59952,"['59952', '80522', '75707', '1261', '17291']"
"[5, 19]","[3, 16]","['77183', '35619', '51211', '60473', '56017']",56017,"['51211', '56017', '35619', '77183', '60473']"
"[3, 28]","[19, 10]","['8257', '55090', '73823', '12683', '73023']",73023,"['8257', '73023', '73823', '12683', '55090']"
"[9, 4]","[14, 9]","['80219', '64614', '50510', '79413', '40550']",40550,"['79413', '80219', '64614', '50510', '40550']"
"[14, 8]","[3, 17]","['46039', '28732', '39691', '40877', '33084']",33084,"['33084', '46039', '39691', '40877', '28732']"
"[9, 26]","[3, 21]","['23716', '27788', '50181', '6759', '53064']",53064,"['53064', '27788', '50181', '23716', '6759']"
"[19, 18]","[15, 13]","['55086', '30721', '74633', '29042', '34763']",34763,"['34763', '30721', '74633', '55086', '29042']"
"[15, 13]","[9, 11]","['34763', '20590', '24364', '25079', '30907']",30907,"['34763', '20590', '30907', '24364', '25079']"
"[0, 2]","[5, 19]","['54867', '51831', '44145', '63508', '53655']",53655,"['54867', '53655', '51831', '44145', '63508']"
"[3, 7]","[9, 26]","['19796', '30859', '73164', '37907', '6759']",6759,"['6759', '37907', '73164', '30859', '19796']"
"[19, 25]","[7, 1]","['26994', '74532', '33749', '59747', '3536']",3536,"['33749', '3536', '26994', '74532', '59747']"
"[3, 3]","[18, 25]","['22002', '10017', '30004', '72700', '4132']",4132,"['72700', '4132', '10017', '22002', '30004']"
"[14, 7]","[9, 4]","['38835', '25607', '67483', '51393', '50510']",50510,"['25607', '67483', '50510', '51393', '38835']"
"[5, 29]","[7, 22]","['55950', '51743', '57316', '52548', '79411']",79411,"['79411', '52548', '55950', '51743', '57316']"
"[3, 21]","[0, 0]","['47060', '57272', '14038', '42206', '28082']",28082,"['14038', '57272', '47060', '42206', '28082']"
"[5, 19]","[3, 16]","['10743', '63077', '51211', '54232', '56017']",56017,"['63077', '56017', '51211', '10743', '54232']"
"[0, 0]","[19, 18]","['28082', '14834', '8176', '78009', '29042']",29042,"['29042', '28082', '8176', '14834', '78009']"
"[5, 4]","[0, 7]","['62609', '2004', '51114', '63485', '72266']",72266,"['51114', '63485', '62609', '72266', '2004']"
"[3, 26]","[18, 23]","['34449', '19246', '1064', '18887', '25667']",25667,"['25667', '1064', '18887', '19246', '34449']"
"[3, 21]","[19, 25]","['53064', '42206', '47060', '14038', '59747']",59747,"['42206', '14038', '59747', '53064', '47060']"
"[19, 13]","[5, 19]","['42612', '43396', '35479', '43324', '54232']",54232,"['35479', '43396', '54232', '42612', '43324']"
"[7, 1]","[15, 17]","['3536', '12421', '17550', '10825', '1225']",1225,"['1225', '12421', '3536', '10825', '17550']"
"[7, 22]","[5, 19]","['40679', '23132', '31113', '79411', '54232']",54232,"['31113', '23132', '40679', '79411', '54232']"
"[0, 7]","[5, 19]","['10984', '66807', '65801', '15613', '53655']",53655,"['65801', '10984', '15613', '66807', '53655']"
"[19, 10]","[3, 3]","['25618', '21540', '55791', '25168', '30004']",30004,"['25168', '25618', '30004', '21540', '55791']"
"[9, 4]","[5, 19]","['79413', '80219', '64614', '50510', '53655']",53655,"['64614', '53655', '80219', '79413', '50510']"
"[18, 25]","[19, 13]","['25711', '73827', '3282', '4132', '43396']",43396,"['25711', '3282', '43396', '4132', '73827']"
"[15, 21]","[19, 13]","['3384', '20839', '13497', '7489', '37914']",37914,"['13497', '7489', '20839', '3384', '37914']"
"[0, 7]","[3, 3]","['65801', '72266', '66807', '10984', '22002']",22002,"['22002', '10984', '65801', '72266', '66807']"
"[9, 11]","[17, 21]","['335', '52758', '30907', '15606', '62549']",62549,"['15606', '52758', '30907', '62549', '335']"
"[7, 1]","[3, 28]","['53652', '8109', '3536', '12376', '42226']",42226,"['12376', '53652', '8109', '42226', '3536']"
"[19, 25]","[9, 3]","['74532', '26994', '59747', '33749', '1268']",1268,"['33749', '74532', '1268', '26994', '59747']"
"[9, 11]","[0, 14]","['335', '41897', '15606', '52758', '75707']",75707,"['15606', '75707', '52758', '335', '41897']"
"[7, 22]","[3, 7]","['40679', '79411', '31113', '23132', '30859']",30859,"['40679', '31113', '79411', '23132', '30859']"
"[3, 26]","[14, 9]","['34449', '72586', '32729', '19246', '6508']",6508,"['72586', '34449', '32729', '6508', '19246']"
"[18, 25]","[4, 27]","['4132', '25711', '62071', '73827', '5222']",5222,"['73827', '25711', '4132', '5222', '62071']"
"[9, 11]","[15, 17]","['78534', '61914', '41897', '4186', '60915']",60915,"['78534', '61914', '41897', '4186', '60915']"
"[19, 13]","[3, 26]","['35479', '43324', '26354', '42612', '40031']",40031,"['43324', '40031', '35479', '26354', '42612']"
"[0, 2]","[9, 4]","['28242', '62759', '51831', '27625', '79413']",79413,"['28242', '51831', '79413', '27625', '62759']"
"[3, 21]","[18, 25]","['14038', '47060', '57272', '53064', '25711']",25711,"['25711', '57272', '14038', '47060', '53064']"
"[3, 28]","[9, 4]","['55090', '73823', '42226', '8257', '79413']",79413,"['55090', '73823', '79413', '42226', '8257']"
"[17, 18]","[9, 26]","['46660', '51240', '6955', '31693', '23716']",23716,"['51240', '46660', '31693', '23716', '6955']"
"[5, 29]","[3, 16]","['55950', '21765', '57316', '18711', '177']",177,"['55950', '21765', '57316', '177', '18711']"
"[3, 28]","[14, 8]","['12683', '73823', '42226', '55090', '39691']",39691,"['73823', '12683', '55090', '42226', '39691']"
"[19, 25]","[9, 26]","['33749', '47247', '74532', '59747', '7474']",7474,"['59747', '47247', '74532', '33749', '7474']"
"[19, 10]","[7, 20]","['25618', '73023', '25168', '21540', '54372']",54372,"['25168', '25618', '54372', '21540', '73023']"
"[19, 10]","[17, 18]","['25618', '55791', '21540', '73023', '66935']",66935,"['25618', '21540', '73023', '66935', '55791']"
"[19, 14]","[0, 2]","['72517', '64729', '26372', '26703', '60860']",60860,"['26372', '72517', '64729', '26703', '60860']"
"[17, 21]","[0, 2]","['69704', '62454', '62549', '9795', '60860']",60860,"['9795', '62454', '62549', '60860', '69704']"
"[9, 4]","[5, 22]","['80219', '79413', '64614', '50510', '7217']",7217,"['80219', '50510', '7217', '64614', '79413']"
"[3, 7]","[0, 24]","['19992', '30859', '4286', '19796', '74418']",74418,"['19796', '19992', '74418', '30859', '4286']"
"[0, 7]","[9, 3]","['65801', '10984', '66807', '15613', '74662']",74662,"['15613', '66807', '74662', '65801', '10984']"
"[3, 7]","[7, 3]","['30859', '19992', '19796', '4286', '75828']",75828,"['19992', '4286', '19796', '75828', '30859']"
"[3, 17]","[14, 7]","['64047', '38478', '53579', '54792', '67483']",67483,"['54792', '53579', '64047', '38478', '67483']"
